AMKA,FirstName,LastName,FatherName,BirthDate,Gender,Weight,Height,Address,Email,Profession,Nationality,isActive,InsuranceProviderName
30000000000,Petros,Georgiou,Georgios,1970-04-21,M,108.0,91.8,Larisa 83,pgeorgiou1@mail.gr,Teacher,Italian,1,StudentFund
30000000001,Panagiotis,Nikolaou,Georgios,1992-07-27,M,42.1,77.2,Volos 91,pnikolaou2@mail.gr,Student,Greek,1,EFKA
30000000002,Ioanna,Vasiliou,Panagiotis,2018-08-08,F,66.5,83.9,Volos 148,ivasiliou3@mail.gr,Driver,Cypriot,1,EFKA
30000000003,Marios,Kostopoulos,Ioannis,1996-01-18,M,29.6,173.1,Piraeus 66,mkostopoulos4@mail.gr,Lawyer,Romanian,1,Uninsured
30000000004,Katerina,Nikolaou,Georgios,1969-06-07,F,89.4,178.6,Athens 18,knikolaou5@mail.gr,Technician,Bulgarian,1,EFKA
30000000005,Eleni,Papadopoulos,Panagiotis,2001-05-25,F,112.1,160.8,Patras 52,epapadopoulos6@mail.gr,Driver,Bulgarian,1,PrivateHealth
30000000006,Natalia,Sotiriou,Dimitrios,1944-02-16,F,108.4,90.8,Patras 71,nsotiriou7@mail.gr,Clerk,Albanian,1,EFKA
30000000007,Katerina,Athanasiou,Christos,2010-11-06,F,50.2,119.0,Patras 35,kathanasiou8@mail.gr,Lawyer,Romanian,1,EFKA
30000000008,Dimitra,Dimitriou,Georgios,2008-03-08,F,76.1,180.5,Larisa 105,ddimitriou9@mail.gr,Retired,Italian,1,EFKA
30000000009,Panagiotis,Pavlidis,Konstantinos,2007-04-12,M,115.5,136.7,Athens 43,ppavlidis10@mail.gr,Farmer,Albanian,1,Uninsured
30000000010,Kostas,Theodorou,Dimitrios,2024-03-01,M,44.6,183.5,Larisa 36,ktheodorou11@mail.gr,Teacher,Italian,1,Uninsured
30000000011,Vasilis,Papadopoulos,Panagiotis,1985-02-13,M,58.3,72.6,Athens 85,vpapadopoulos12@mail.gr,Farmer,Bulgarian,1,EFKA
30000000012,Maria,Sotiriou,Panagiotis,1961-10-06,F,100.0,161.2,Volos 78,msotiriou13@mail.gr,Student,Albanian,1,PrivateHealth
30000000013,Nikos,Dimitriou,Dimitrios,2020-01-17,M,43.1,186.7,Athens 26,ndimitriou14@mail.gr,Retired,German,1,Uninsured
30000000014,Ioanna,Athanasiou,Christos,1952-09-18,F,89.2,161.8,Volos 91,iathanasiou15@mail.gr,Technician,Albanian,1,ArmyFund
30000000015,Petros,Alexiou,Panagiotis,2007-12-12,M,58.9,110.3,Patras 134,palexiou16@mail.gr,Lawyer,Romanian,1,PrivateHealth
30000000016,Spyros,Theodorou,Konstantinos,1989-01-16,M,59.4,191.5,Patras 41,stheodorou17@mail.gr,Lawyer,Albanian,1,EFKA
30000000017,Anastasia,Papadopoulos,Nikolaos,1958-12-28,F,82.2,112.9,Larisa 95,apapadopoulos18@mail.gr,Lawyer,Romanian,1,EFKA
30000000018,Andreas,Lazarou,Nikolaos,2008-05-13,M,21.8,93.6,Patras 26,alazarou19@mail.gr,Clerk,Greek,1,EFKA
30000000019,Petros,Alexiou,Georgios,1951-01-15,M,107.6,82.8,Athens 53,palexiou20@mail.gr,Teacher,Albanian,1,EFKA
30000000020,Katerina,Vasiliou,Christos,2020-02-07,F,106.4,72.4,Patras 71,kvasiliou21@mail.gr,Farmer,Romanian,1,StudentFund
30000000021,Vasilis,Vasiliou,Konstantinos,1944-12-03,M,67.5,165.9,Patras 68,vvasiliou22@mail.gr,Lawyer,Bulgarian,1,StudentFund
30000000022,Nikos,Sotiriou,Nikolaos,1976-06-19,M,59.1,152.6,Patras 125,nsotiriou23@mail.gr,Farmer,Romanian,1,EFKA
30000000023,Natalia,Athanasiou,Panagiotis,1990-10-04,F,45.8,111.7,Volos 20,nathanasiou24@mail.gr,Farmer,Italian,1,EFKA
30000000024,Giannis,Pavlidis,Christos,1996-09-12,M,68.3,121.7,Volos 53,gpavlidis25@mail.gr,Teacher,Cypriot,1,EFKA
30000000025,Chrysa,Nikolaou,Christos,1973-09-14,F,58.4,114.5,Athens 24,cnikolaou26@mail.gr,Student,Cypriot,1,EFKA
30000000026,Marios,Papadopoulos,Georgios,1997-09-03,M,16.4,155.7,Larisa 105,mpapadopoulos27@mail.gr,Teacher,Bulgarian,1,StudentFund
30000000027,Natalia,Pavlidis,Nikolaos,1990-12-18,F,29.3,122.3,Volos 93,npavlidis28@mail.gr,Lawyer,Italian,1,PrivateHealth
30000000028,Katerina,Georgiou,Konstantinos,1961-09-27,F,29.1,186.6,Larisa 57,kgeorgiou29@mail.gr,Farmer,Cypriot,1,EFKA
30000000029,Christos,Pavlidis,Georgios,1979-07-04,M,71.3,174.7,Athens 14,cpavlidis30@mail.gr,Engineer,German,1,ArmyFund
30000000030,Vasilis,Petrou,Georgios,1956-11-01,M,23.5,135.9,Athens 147,vpetrou31@mail.gr,Retired,German,1,EFKA
30000000031,Panagiota,Vasiliou,Georgios,1938-07-16,F,97.1,146.8,Piraeus 71,pvasiliou32@mail.gr,Clerk,Romanian,1,Uninsured
30000000032,Katerina,Dimitriou,Nikolaos,1999-01-15,F,109.7,148.2,Volos 40,kdimitriou33@mail.gr,Lawyer,Greek,1,EFKA
30000000033,Eleni,Athanasiou,Dimitrios,2011-05-22,F,16.5,186.4,Patras 42,eathanasiou34@mail.gr,Retired,Albanian,1,EFKA
30000000034,Spyros,Alexiou,Ioannis,2005-10-15,M,78.5,147.6,Patras 65,salexiou35@mail.gr,Teacher,Greek,1,EFKA
30000000035,Dimitra,Theodorou,Christos,2024-04-09,F,101.3,81.5,Larisa 84,dtheodorou36@mail.gr,Driver,Greek,1,EFKA
30000000036,Evangelia,Papadopoulos,Dimitrios,1994-01-17,F,111.4,95.6,Piraeus 7,epapadopoulos37@mail.gr,Lawyer,Greek,1,StudentFund
30000000037,Michalis,Lazarou,Nikolaos,2001-01-16,M,93.7,123.2,Athens 12,mlazarou38@mail.gr,Retired,Italian,1,Uninsured
30000000038,Evangelia,Vasiliou,Georgios,1940-09-25,F,116.7,83.8,Volos 107,evasiliou39@mail.gr,Retired,Bulgarian,1,StudentFund
30000000039,Kostas,Georgiou,Ioannis,1968-01-16,M,61.0,180.9,Athens 132,kgeorgiou40@mail.gr,Student,Italian,1,EFKA
30000000040,Anna,Dimitriou,Konstantinos,1998-01-22,F,94.2,141.7,Larisa 3,adimitriou41@mail.gr,Clerk,Romanian,1,PrivateHealth
30000000041,Kostas,Theodorou,Nikolaos,1959-10-11,M,49.4,137.8,Volos 100,ktheodorou42@mail.gr,Student,Bulgarian,1,StudentFund
30000000042,Kostas,Petrou,Konstantinos,1971-09-03,M,36.3,71.2,Athens 7,kpetrou43@mail.gr,Farmer,German,1,ArmyFund
30000000043,Stavros,Nikolaou,Ioannis,2013-07-05,M,62.4,77.7,Volos 78,snikolaou44@mail.gr,Retired,Albanian,1,PrivateHealth
30000000044,Marios,Ioannou,Panagiotis,1944-04-16,M,106.6,113.9,Larisa 73,mioannou45@mail.gr,Retired,German,1,Uninsured
30000000045,Marios,Papadopoulos,Konstantinos,1955-11-08,M,110.5,191.6,Volos 91,mpapadopoulos46@mail.gr,Lawyer,Albanian,1,EFKA
30000000046,Andreas,Alexiou,Christos,1973-07-05,M,68.4,176.5,Athens 27,aalexiou47@mail.gr,Clerk,Albanian,1,Uninsured
30000000047,Katerina,Theodorou,Dimitrios,2012-06-03,F,74.1,121.0,Athens 34,ktheodorou48@mail.gr,Farmer,Greek,1,EFKA
30000000048,Katerina,Papadopoulos,Nikolaos,1976-03-21,F,99.6,120.8,Patras 148,kpapadopoulos49@mail.gr,Clerk,German,1,EFKA
30000000049,Michalis,Petrou,Nikolaos,2014-06-26,M,26.5,72.6,Larisa 41,mpetrou50@mail.gr,Teacher,German,1,PrivateHealth
30000000050,Stavros,Kostopoulos,Nikolaos,1998-11-14,M,93.4,95.2,Piraeus 20,skostopoulos51@mail.gr,Lawyer,Bulgarian,1,StudentFund
30000000051,Christos,Sotiriou,Konstantinos,1988-01-02,M,50.1,101.9,Piraeus 142,csotiriou52@mail.gr,Student,Bulgarian,1,StudentFund
30000000052,Marios,Vasiliou,Georgios,1937-03-13,M,63.6,184.0,Volos 143,mvasiliou53@mail.gr,Retired,Bulgarian,1,EFKA
30000000053,Sofia,Kostopoulos,Christos,1994-03-16,F,41.0,125.6,Volos 86,skostopoulos54@mail.gr,Retired,Italian,1,PrivateHealth
30000000054,Chrysa,Kostopoulos,Nikolaos,1983-08-19,F,98.9,100.5,Piraeus 41,ckostopoulos55@mail.gr,Farmer,Romanian,1,ArmyFund
30000000055,Chrysa,Nikolaou,Christos,1955-03-20,F,77.5,104.7,Piraeus 75,cnikolaou56@mail.gr,Student,Cypriot,1,PrivateHealth
30000000056,Petros,Nikolaou,Konstantinos,2014-04-02,M,28.0,142.7,Larisa 130,pnikolaou57@mail.gr,Technician,Bulgarian,1,EFKA
30000000057,Sofia,Kostopoulos,Dimitrios,1936-11-10,F,92.2,175.1,Piraeus 61,skostopoulos58@mail.gr,Technician,Albanian,1,StudentFund
30000000058,Katerina,Vasiliou,Georgios,2003-08-15,F,13.1,143.8,Piraeus 123,kvasiliou59@mail.gr,Student,Albanian,1,EFKA
30000000059,Evangelia,Lazarou,Dimitrios,2024-05-22,F,96.0,91.6,Piraeus 71,elazarou60@mail.gr,Clerk,Cypriot,1,ArmyFund
30000000060,Spyros,Theodorou,Konstantinos,1988-08-08,M,93.4,138.2,Athens 140,stheodorou61@mail.gr,Retired,Italian,1,Uninsured
30000000061,Kostas,Papadopoulos,Georgios,2014-12-01,M,18.5,107.0,Larisa 82,kpapadopoulos62@mail.gr,Engineer,Greek,1,PrivateHealth
30000000062,Panagiota,Theodorou,Christos,1950-11-20,F,17.3,165.2,Piraeus 2,ptheodorou63@mail.gr,Engineer,Cypriot,1,EFKA
30000000063,Evangelia,Pavlidis,Nikolaos,1996-06-27,F,96.9,77.3,Larisa 148,epavlidis64@mail.gr,Driver,German,1,EFKA
30000000064,Maria,Dimitriou,Panagiotis,2025-07-12,F,10.5,142.8,Volos 79,mdimitriou65@mail.gr,Student,Cypriot,1,ArmyFund
30000000065,Evangelia,Kostopoulos,Georgios,1981-05-05,F,9.0,186.5,Patras 94,ekostopoulos66@mail.gr,Engineer,Cypriot,1,PrivateHealth
30000000066,Christos,Ioannou,Christos,1975-10-12,M,94.5,74.6,Athens 42,cioannou67@mail.gr,Student,Albanian,1,EFKA
30000000067,Giorgos,Alexiou,Konstantinos,1958-09-14,M,18.7,101.0,Volos 120,galexiou68@mail.gr,Farmer,Italian,1,EFKA
30000000068,Maria,Ioannou,Georgios,2003-09-15,F,81.6,166.6,Volos 14,mioannou69@mail.gr,Driver,Romanian,1,StudentFund
30000000069,Kostas,Konstantinou,Christos,1997-09-14,M,38.7,74.3,Athens 51,kkonstantinou70@mail.gr,Retired,Albanian,1,EFKA
30000000070,Giorgos,Papadopoulos,Konstantinos,1970-08-01,M,107.5,109.4,Patras 33,gpapadopoulos71@mail.gr,Driver,Romanian,1,Uninsured
30000000071,Vasiliki,Lazarou,Konstantinos,1990-09-02,F,119.9,73.7,Athens 140,vlazarou72@mail.gr,Driver,German,1,PrivateHealth
30000000072,Nikos,Athanasiou,Ioannis,1972-12-05,M,24.5,163.8,Patras 137,nathanasiou73@mail.gr,Retired,German,1,PrivateHealth
30000000073,Panagiota,Theodorou,Christos,2009-09-03,F,25.0,88.4,Athens 55,ptheodorou74@mail.gr,Teacher,Italian,1,Uninsured
30000000074,Michalis,Athanasiou,Georgios,1981-04-18,M,19.3,179.8,Larisa 32,mathanasiou75@mail.gr,Retired,German,1,PrivateHealth
30000000075,Ioanna,Vasiliou,Georgios,2019-05-25,F,9.7,84.7,Athens 37,ivasiliou76@mail.gr,Clerk,German,1,StudentFund
30000000076,Dimitra,Petrou,Nikolaos,2014-08-26,F,104.6,164.0,Piraeus 73,dpetrou77@mail.gr,Student,Italian,1,PrivateHealth
30000000077,Michalis,Alexiou,Georgios,1999-06-03,M,62.7,164.7,Patras 99,malexiou78@mail.gr,Driver,German,1,EFKA
30000000078,Sofia,Konstantinou,Konstantinos,2002-03-06,F,101.6,182.3,Piraeus 60,skonstantinou79@mail.gr,Retired,Italian,1,EFKA
30000000079,Dimitris,Vasiliou,Konstantinos,2018-02-05,M,101.6,139.7,Athens 120,dvasiliou80@mail.gr,Retired,German,1,EFKA
30000000080,Spyros,Papadopoulos,Panagiotis,1965-09-24,M,83.7,114.0,Larisa 15,spapadopoulos81@mail.gr,Teacher,Italian,1,EFKA
30000000081,Chrysa,Athanasiou,Ioannis,2008-12-15,F,27.2,152.9,Piraeus 34,cathanasiou82@mail.gr,Teacher,Italian,1,ArmyFund
30000000082,Katerina,Nikolaou,Panagiotis,1996-05-10,F,50.7,97.1,Volos 89,knikolaou83@mail.gr,Retired,Romanian,1,StudentFund
30000000083,Anna,Papadopoulos,Christos,1999-01-03,F,21.7,124.1,Larisa 141,apapadopoulos84@mail.gr,Driver,Bulgarian,1,EFKA
30000000084,Ioanna,Theodorou,Nikolaos,1962-10-15,F,23.5,119.7,Larisa 47,itheodorou85@mail.gr,Student,German,1,Uninsured
30000000085,Ioanna,Alexiou,Georgios,1939-01-06,F,39.7,135.6,Volos 28,ialexiou86@mail.gr,Lawyer,Cypriot,1,PrivateHealth
30000000086,Dimitra,Theodorou,Konstantinos,2002-01-08,F,75.2,186.9,Piraeus 64,dtheodorou87@mail.gr,Driver,Bulgarian,1,EFKA
30000000087,Vasilis,Vasiliou,Konstantinos,2009-03-10,M,115.2,82.4,Larisa 141,vvasiliou88@mail.gr,Clerk,Albanian,1,StudentFund
30000000088,Michalis,Dimitriou,Panagiotis,2017-07-20,M,102.5,107.9,Piraeus 104,mdimitriou89@mail.gr,Retired,Romanian,1,Uninsured
30000000089,Nikos,Alexiou,Dimitrios,2022-04-12,M,73.0,151.7,Piraeus 85,nalexiou90@mail.gr,Retired,Romanian,1,Uninsured
30000000090,Kostas,Lazarou,Georgios,1960-01-07,M,33.1,122.4,Athens 89,klazarou91@mail.gr,Lawyer,Italian,1,ArmyFund
30000000091,Maria,Dimitriou,Nikolaos,2021-03-02,F,113.4,183.1,Volos 84,mdimitriou92@mail.gr,Clerk,Italian,1,EFKA
30000000092,Marios,Theodorou,Nikolaos,1947-07-23,M,39.7,191.4,Volos 48,mtheodorou93@mail.gr,Student,Albanian,1,EFKA
30000000093,Ioanna,Alexiou,Ioannis,1965-12-11,F,26.4,107.9,Larisa 47,ialexiou94@mail.gr,Driver,Bulgarian,1,EFKA
30000000094,Giorgos,Nikolaou,Panagiotis,1978-10-05,M,79.3,88.4,Larisa 20,gnikolaou95@mail.gr,Engineer,Cypriot,1,EFKA
30000000095,Giorgos,Alexiou,Panagiotis,2016-05-24,M,36.7,159.8,Larisa 46,galexiou96@mail.gr,Student,German,1,EFKA
30000000096,Sofia,Sotiriou,Konstantinos,2025-12-02,F,6.8,104.1,Volos 55,ssotiriou97@mail.gr,Driver,Italian,1,Uninsured
30000000097,Stavros,Athanasiou,Panagiotis,2002-07-11,M,66.2,115.6,Piraeus 77,sathanasiou98@mail.gr,Farmer,Greek,1,StudentFund
30000000098,Georgia,Petrou,Nikolaos,1973-05-11,F,68.6,162.8,Larisa 114,gpetrou99@mail.gr,Student,Albanian,1,PrivateHealth
30000000099,Vasiliki,Alexiou,Konstantinos,2008-08-27,F,78.1,170.7,Patras 59,valexiou100@mail.gr,Clerk,Italian,1,EFKA
30000000100,Kostas,Dimitriou,Georgios,1985-11-13,M,62.0,190.3,Larisa 31,kdimitriou101@mail.gr,Engineer,Greek,1,EFKA
30000000101,Vasilis,Pavlidis,Georgios,1988-12-04,M,119.5,124.7,Volos 95,vpavlidis102@mail.gr,Student,Cypriot,1,Uninsured
30000000102,Dimitris,Petrou,Ioannis,2002-03-05,M,106.6,73.3,Patras 7,dpetrou103@mail.gr,Student,Bulgarian,1,EFKA
30000000103,Natalia,Georgiou,Nikolaos,1986-09-17,F,31.0,85.9,Athens 150,ngeorgiou104@mail.gr,Teacher,Bulgarian,1,EFKA
30000000104,Vasilis,Nikolaou,Panagiotis,1970-07-28,M,96.2,79.8,Patras 30,vnikolaou105@mail.gr,Driver,Albanian,1,Uninsured
30000000105,Giannis,Ioannou,Nikolaos,1975-04-07,M,80.5,129.0,Piraeus 125,gioannou106@mail.gr,Engineer,German,1,EFKA
30000000106,Petros,Theodorou,Dimitrios,1982-06-07,M,12.8,85.6,Piraeus 46,ptheodorou107@mail.gr,Lawyer,Albanian,1,EFKA
30000000107,Giorgos,Athanasiou,Christos,1969-02-27,M,27.4,135.8,Larisa 43,gathanasiou108@mail.gr,Lawyer,Albanian,1,Uninsured
30000000108,Panagiotis,Georgiou,Konstantinos,1951-12-15,M,36.2,163.7,Athens 148,pgeorgiou109@mail.gr,Driver,Greek,1,EFKA
30000000109,Giannis,Nikolaou,Christos,2025-02-27,M,8.5,194.9,Athens 51,gnikolaou110@mail.gr,Farmer,Italian,1,StudentFund
30000000110,Andreas,Alexiou,Christos,1940-10-07,M,19.0,134.6,Piraeus 125,aalexiou111@mail.gr,Retired,Romanian,1,Uninsured
30000000111,Petros,Ioannou,Christos,1951-05-17,M,70.3,170.2,Larisa 20,pioannou112@mail.gr,Engineer,Italian,1,EFKA
30000000112,Dimitra,Nikolaou,Ioannis,2011-08-02,F,19.7,92.0,Athens 67,dnikolaou113@mail.gr,Engineer,Bulgarian,1,EFKA
30000000113,Stavros,Alexiou,Konstantinos,1945-04-28,M,79.4,183.0,Patras 104,salexiou114@mail.gr,Clerk,Romanian,1,PrivateHealth
30000000114,Stavros,Papadopoulos,Konstantinos,2004-08-14,M,39.2,141.8,Patras 82,spapadopoulos115@mail.gr,Farmer,Albanian,1,EFKA
30000000115,Chrysa,Sotiriou,Christos,2002-01-21,F,116.5,154.7,Piraeus 50,csotiriou116@mail.gr,Retired,Italian,1,EFKA
30000000116,Vasilis,Lazarou,Georgios,1935-07-01,M,28.3,139.0,Athens 62,vlazarou117@mail.gr,Driver,Cypriot,1,StudentFund
30000000117,Andreas,Papadopoulos,Georgios,2002-09-03,M,116.4,177.3,Larisa 103,apapadopoulos118@mail.gr,Clerk,Greek,1,Uninsured
30000000118,Eleni,Theodorou,Konstantinos,2009-12-28,F,80.3,143.2,Patras 121,etheodorou119@mail.gr,Retired,Albanian,1,EFKA
30000000119,Giannis,Alexiou,Nikolaos,1981-09-16,M,114.1,128.3,Athens 98,galexiou120@mail.gr,Technician,Romanian,1,StudentFund
30000000120,Vasiliki,Dimitriou,Christos,1958-08-05,F,114.4,178.1,Volos 138,vdimitriou121@mail.gr,Technician,Romanian,1,EFKA
30000000121,Georgia,Kostopoulos,Konstantinos,1981-08-22,F,42.0,155.2,Athens 148,gkostopoulos122@mail.gr,Retired,Romanian,1,StudentFund
30000000122,Nikos,Pavlidis,Christos,2001-08-10,M,13.6,173.0,Piraeus 43,npavlidis123@mail.gr,Technician,Italian,1,EFKA
30000000123,Petros,Athanasiou,Nikolaos,1937-11-01,M,10.1,75.9,Patras 114,pathanasiou124@mail.gr,Clerk,Romanian,1,EFKA
30000000124,Evangelia,Ioannou,Panagiotis,1994-12-13,F,17.1,92.4,Piraeus 75,eioannou125@mail.gr,Lawyer,Italian,1,EFKA
30000000125,Anastasia,Pavlidis,Panagiotis,1964-05-15,F,48.4,96.6,Volos 36,apavlidis126@mail.gr,Driver,Italian,1,EFKA
30000000126,Eleni,Vasiliou,Konstantinos,2011-02-22,F,81.8,178.1,Larisa 107,evasiliou127@mail.gr,Lawyer,Italian,1,StudentFund
30000000127,Dimitra,Konstantinou,Panagiotis,2025-06-15,F,9.6,98.5,Patras 104,dkonstantinou128@mail.gr,Retired,Cypriot,1,StudentFund
30000000128,Nikos,Pavlidis,Georgios,1997-04-22,M,110.4,70.8,Athens 84,npavlidis129@mail.gr,Lawyer,Albanian,1,PrivateHealth
30000000129,Panagiotis,Nikolaou,Georgios,2001-06-03,M,66.1,81.1,Volos 126,pnikolaou130@mail.gr,Clerk,Cypriot,1,EFKA
30000000130,Stavros,Dimitriou,Georgios,2013-11-06,M,32.4,98.2,Athens 36,sdimitriou131@mail.gr,Student,Albanian,1,EFKA
30000000131,Georgia,Pavlidis,Panagiotis,1939-02-24,F,10.6,70.5,Volos 81,gpavlidis132@mail.gr,Retired,Greek,1,EFKA
30000000132,Eleni,Georgiou,Georgios,2006-02-27,F,83.9,76.8,Volos 49,egeorgiou133@mail.gr,Lawyer,Italian,1,StudentFund
30000000133,Natalia,Sotiriou,Georgios,1944-06-21,F,20.2,147.1,Piraeus 145,nsotiriou134@mail.gr,Clerk,German,1,PrivateHealth
30000000134,Spyros,Nikolaou,Dimitrios,1944-03-19,M,78.7,189.8,Volos 119,snikolaou135@mail.gr,Driver,Cypriot,1,EFKA
30000000135,Stavros,Petrou,Dimitrios,1985-11-15,M,99.4,172.4,Piraeus 14,spetrou136@mail.gr,Technician,Cypriot,1,EFKA
30000000136,Giorgos,Kostopoulos,Dimitrios,2014-10-26,M,119.9,106.1,Patras 7,gkostopoulos137@mail.gr,Teacher,Cypriot,1,StudentFund
30000000137,Panagiota,Theodorou,Nikolaos,1989-03-24,F,82.9,185.2,Athens 150,ptheodorou138@mail.gr,Retired,Albanian,1,EFKA
30000000138,Dimitra,Papadopoulos,Christos,1934-06-23,F,119.9,125.0,Volos 9,dpapadopoulos139@mail.gr,Farmer,Cypriot,1,EFKA
30000000139,Dimitra,Papadopoulos,Panagiotis,1971-08-02,F,17.6,95.7,Larisa 79,dpapadopoulos140@mail.gr,Engineer,Greek,1,EFKA
30000000140,Kostas,Georgiou,Konstantinos,1983-02-11,M,99.3,124.0,Volos 48,kgeorgiou141@mail.gr,Driver,Greek,1,EFKA
30000000141,Panagiota,Nikolaou,Georgios,2021-02-17,F,91.7,120.6,Volos 67,pnikolaou142@mail.gr,Engineer,Cypriot,1,StudentFund
30000000142,Dimitra,Athanasiou,Panagiotis,1951-02-12,F,22.7,152.5,Athens 83,dathanasiou143@mail.gr,Retired,German,1,PrivateHealth
30000000143,Stavros,Athanasiou,Nikolaos,1952-07-28,M,103.6,95.0,Patras 128,sathanasiou144@mail.gr,Technician,Romanian,1,EFKA
30000000144,Eleni,Ioannou,Konstantinos,1945-11-17,F,24.7,76.1,Athens 49,eioannou145@mail.gr,Student,German,1,EFKA
30000000145,Eleni,Theodorou,Nikolaos,2008-02-15,F,48.5,120.8,Larisa 44,etheodorou146@mail.gr,Technician,Romanian,1,EFKA
30000000146,Nikos,Petrou,Konstantinos,1946-10-15,M,86.9,111.0,Athens 19,npetrou147@mail.gr,Clerk,Cypriot,1,EFKA
30000000147,Nikos,Petrou,Nikolaos,1955-06-15,M,91.2,90.2,Athens 44,npetrou148@mail.gr,Retired,Italian,1,ArmyFund
30000000148,Panagiota,Dimitriou,Ioannis,1964-07-03,F,47.4,171.3,Volos 76,pdimitriou149@mail.gr,Student,Romanian,1,Uninsured
30000000149,Stavros,Nikolaou,Dimitrios,2024-11-08,M,60.1,159.7,Volos 143,snikolaou150@mail.gr,Engineer,Romanian,1,EFKA
30000000150,Eleni,Papadopoulos,Konstantinos,1934-01-07,F,71.5,79.4,Larisa 73,epapadopoulos151@mail.gr,Farmer,Italian,1,EFKA
30000000151,Spyros,Petrou,Christos,2001-08-23,M,99.3,163.2,Athens 141,spetrou152@mail.gr,Technician,Italian,1,EFKA
30000000152,Natalia,Georgiou,Panagiotis,2005-03-18,F,45.4,191.4,Athens 74,ngeorgiou153@mail.gr,Driver,Italian,1,Uninsured
30000000153,Giorgos,Konstantinou,Christos,2004-09-11,M,57.3,102.1,Volos 50,gkonstantinou154@mail.gr,Technician,German,1,EFKA
30000000154,Spyros,Petrou,Nikolaos,2003-11-01,M,41.5,102.4,Volos 92,spetrou155@mail.gr,Technician,Bulgarian,1,PrivateHealth
30000000155,Christos,Ioannou,Nikolaos,2015-03-21,M,74.0,189.6,Patras 60,cioannou156@mail.gr,Driver,Cypriot,1,Uninsured
30000000156,Natalia,Pavlidis,Dimitrios,2000-02-23,F,114.4,173.6,Patras 119,npavlidis157@mail.gr,Driver,Albanian,1,Uninsured
30000000157,Panagiotis,Alexiou,Georgios,1935-10-11,M,98.4,137.7,Larisa 96,palexiou158@mail.gr,Driver,Cypriot,1,EFKA
30000000158,Dimitris,Dimitriou,Dimitrios,1965-08-02,M,27.0,126.3,Patras 78,ddimitriou159@mail.gr,Student,Romanian,1,StudentFund
30000000159,Panagiota,Sotiriou,Nikolaos,2004-05-16,F,43.6,94.7,Patras 66,psotiriou160@mail.gr,Engineer,Italian,1,EFKA
30000000160,Nikos,Alexiou,Nikolaos,2005-03-07,M,17.3,131.9,Larisa 135,nalexiou161@mail.gr,Farmer,Romanian,1,Uninsured
30000000161,Chrysa,Theodorou,Ioannis,1987-04-17,F,53.6,132.4,Piraeus 64,ctheodorou162@mail.gr,Clerk,Albanian,1,PrivateHealth
30000000162,Dimitris,Athanasiou,Christos,1982-02-15,M,89.1,177.6,Volos 37,dathanasiou163@mail.gr,Technician,Greek,1,ArmyFund
30000000163,Chrysa,Dimitriou,Christos,1939-02-03,F,80.7,107.5,Athens 91,cdimitriou164@mail.gr,Driver,Romanian,1,EFKA
30000000164,Panagiota,Konstantinou,Ioannis,1973-09-28,F,59.3,124.8,Patras 110,pkonstantinou165@mail.gr,Driver,Greek,1,Uninsured
30000000165,Dimitris,Vasiliou,Panagiotis,1958-07-20,M,43.9,190.9,Patras 141,dvasiliou166@mail.gr,Retired,Cypriot,1,ArmyFund
30000000166,Ioanna,Pavlidis,Christos,1999-10-15,F,63.3,128.7,Larisa 132,ipavlidis167@mail.gr,Clerk,Bulgarian,1,EFKA
30000000167,Nikos,Athanasiou,Christos,1935-07-20,M,101.9,80.5,Piraeus 41,nathanasiou168@mail.gr,Lawyer,Bulgarian,1,EFKA
30000000168,Marios,Theodorou,Panagiotis,1965-01-20,M,73.0,190.0,Larisa 56,mtheodorou169@mail.gr,Clerk,Romanian,1,EFKA
30000000169,Panagiotis,Vasiliou,Dimitrios,1956-07-23,M,12.5,156.8,Larisa 138,pvasiliou170@mail.gr,Engineer,Bulgarian,1,EFKA
30000000170,Dimitra,Sotiriou,Konstantinos,1984-05-17,F,11.7,185.5,Volos 109,dsotiriou171@mail.gr,Technician,Greek,1,ArmyFund
30000000171,Chrysa,Ioannou,Georgios,1973-04-23,F,21.3,86.1,Piraeus 135,cioannou172@mail.gr,Technician,German,1,EFKA
30000000172,Christos,Dimitriou,Nikolaos,2004-12-25,M,43.7,115.3,Larisa 89,cdimitriou173@mail.gr,Teacher,Greek,1,PrivateHealth
30000000173,Maria,Alexiou,Christos,1942-10-16,F,26.5,79.1,Volos 12,malexiou174@mail.gr,Clerk,Cypriot,1,ArmyFund
30000000174,Dimitra,Alexiou,Panagiotis,1934-09-04,F,66.1,78.5,Volos 120,dalexiou175@mail.gr,Lawyer,German,1,StudentFund
30000000175,Kostas,Papadopoulos,Konstantinos,1938-11-10,M,12.0,162.2,Piraeus 42,kpapadopoulos176@mail.gr,Retired,Romanian,1,EFKA
30000000176,Eleni,Georgiou,Georgios,1934-10-27,F,66.3,167.9,Larisa 75,egeorgiou177@mail.gr,Farmer,Albanian,1,EFKA
30000000177,Maria,Kostopoulos,Ioannis,1974-11-14,F,28.9,113.7,Athens 119,mkostopoulos178@mail.gr,Lawyer,Cypriot,1,PrivateHealth
30000000178,Spyros,Athanasiou,Christos,1973-07-28,M,61.5,79.8,Athens 26,sathanasiou179@mail.gr,Student,Cypriot,1,PrivateHealth
30000000179,Nikos,Theodorou,Nikolaos,2001-02-26,M,93.4,104.6,Patras 87,ntheodorou180@mail.gr,Retired,German,1,ArmyFund
30000000180,Ioanna,Dimitriou,Georgios,1956-08-28,F,56.1,151.6,Volos 97,idimitriou181@mail.gr,Engineer,Italian,1,EFKA
30000000181,Georgia,Petrou,Konstantinos,1996-07-10,F,96.5,165.5,Athens 58,gpetrou182@mail.gr,Teacher,German,1,PrivateHealth
30000000182,Vasilis,Theodorou,Dimitrios,2023-03-18,M,106.9,111.1,Athens 141,vtheodorou183@mail.gr,Teacher,Greek,1,EFKA
30000000183,Katerina,Lazarou,Panagiotis,2001-06-07,F,96.7,102.6,Volos 5,klazarou184@mail.gr,Clerk,Greek,1,Uninsured
30000000184,Georgia,Papadopoulos,Christos,1998-12-04,F,69.3,182.3,Larisa 63,gpapadopoulos185@mail.gr,Clerk,Italian,1,EFKA
30000000185,Eleni,Papadopoulos,Konstantinos,1976-01-03,F,72.0,176.5,Piraeus 53,epapadopoulos186@mail.gr,Engineer,German,1,Uninsured
30000000186,Sofia,Alexiou,Nikolaos,1991-08-04,F,79.2,142.6,Volos 118,salexiou187@mail.gr,Retired,Romanian,1,EFKA
30000000187,Vasiliki,Alexiou,Christos,2019-06-05,F,117.9,169.9,Athens 127,valexiou188@mail.gr,Retired,Bulgarian,1,StudentFund
30000000188,Andreas,Nikolaou,Christos,1936-03-10,M,31.5,150.4,Piraeus 47,anikolaou189@mail.gr,Student,Romanian,1,EFKA
30000000189,Ioanna,Ioannou,Christos,1981-05-03,F,40.6,128.0,Larisa 148,iioannou190@mail.gr,Technician,Italian,1,EFKA
30000000190,Chrysa,Sotiriou,Ioannis,2002-07-20,F,95.2,116.0,Athens 102,csotiriou191@mail.gr,Lawyer,Bulgarian,1,ArmyFund
30000000191,Katerina,Sotiriou,Nikolaos,2018-04-20,F,88.8,182.3,Volos 18,ksotiriou192@mail.gr,Engineer,Bulgarian,1,ArmyFund
30000000192,Vasiliki,Sotiriou,Konstantinos,2013-03-02,F,18.6,144.9,Patras 3,vsotiriou193@mail.gr,Technician,Bulgarian,1,Uninsured
30000000193,Chrysa,Konstantinou,Georgios,1983-06-17,F,119.2,88.6,Athens 74,ckonstantinou194@mail.gr,Farmer,Romanian,1,EFKA
30000000194,Panagiota,Lazarou,Christos,1968-07-23,F,36.1,161.1,Piraeus 59,plazarou195@mail.gr,Technician,Cypriot,1,EFKA
30000000195,Georgia,Pavlidis,Dimitrios,2008-01-13,F,44.2,98.7,Piraeus 95,gpavlidis196@mail.gr,Technician,Romanian,1,EFKA
30000000196,Natalia,Alexiou,Nikolaos,2014-03-10,F,28.0,77.7,Larisa 90,nalexiou197@mail.gr,Clerk,German,1,PrivateHealth
30000000197,Maria,Athanasiou,Dimitrios,1934-12-06,F,94.2,159.5,Volos 44,mathanasiou198@mail.gr,Retired,Italian,1,EFKA
30000000198,Spyros,Konstantinou,Dimitrios,1994-05-24,M,72.8,151.1,Volos 115,skonstantinou199@mail.gr,Engineer,Italian,1,EFKA
30000000199,Vasilis,Vasiliou,Konstantinos,1956-10-13,M,47.6,171.3,Patras 44,vvasiliou200@mail.gr,Clerk,Cypriot,1,ArmyFund
30000000200,Anastasia,Theodorou,Nikolaos,2004-12-12,F,35.7,123.3,Larisa 118,atheodorou201@mail.gr,Technician,Romanian,1,EFKA
30000000201,Nikos,Alexiou,Dimitrios,1986-10-06,M,56.3,115.0,Athens 43,nalexiou202@mail.gr,Clerk,Italian,1,EFKA
30000000202,Anna,Vasiliou,Christos,1982-11-24,F,21.1,86.4,Patras 37,avasiliou203@mail.gr,Engineer,Bulgarian,1,EFKA
30000000203,Marios,Theodorou,Christos,1948-03-16,M,51.1,163.8,Larisa 103,mtheodorou204@mail.gr,Farmer,Bulgarian,1,EFKA
30000000204,Vasilis,Lazarou,Panagiotis,1990-06-26,M,57.8,116.3,Piraeus 104,vlazarou205@mail.gr,Lawyer,Bulgarian,1,EFKA
30000000205,Giannis,Nikolaou,Ioannis,1990-10-14,M,42.6,158.5,Larisa 85,gnikolaou206@mail.gr,Teacher,Cypriot,1,EFKA
30000000206,Sofia,Theodorou,Christos,1995-03-20,F,96.9,154.0,Athens 34,stheodorou207@mail.gr,Retired,Albanian,1,EFKA
30000000207,Spyros,Georgiou,Panagiotis,1996-04-20,M,111.2,138.5,Athens 99,sgeorgiou208@mail.gr,Retired,Italian,1,EFKA
30000000208,Maria,Sotiriou,Nikolaos,2024-02-16,F,62.9,90.3,Athens 84,msotiriou209@mail.gr,Farmer,Greek,1,PrivateHealth
30000000209,Stavros,Konstantinou,Dimitrios,1956-11-04,M,79.9,110.1,Volos 61,skonstantinou210@mail.gr,Student,German,1,PrivateHealth
30000000210,Evangelia,Alexiou,Georgios,1978-06-04,F,20.0,156.4,Patras 80,ealexiou211@mail.gr,Student,Bulgarian,1,ArmyFund
30000000211,Evangelia,Lazarou,Christos,1970-12-21,F,70.6,73.7,Piraeus 112,elazarou212@mail.gr,Teacher,Albanian,1,Uninsured
30000000212,Vasiliki,Athanasiou,Nikolaos,1955-04-17,F,57.0,159.3,Piraeus 99,vathanasiou213@mail.gr,Retired,German,1,StudentFund
30000000213,Sofia,Nikolaou,Ioannis,1962-02-16,F,42.8,165.0,Piraeus 78,snikolaou214@mail.gr,Retired,Greek,1,ArmyFund
30000000214,Kostas,Athanasiou,Panagiotis,2021-07-13,M,94.3,112.9,Athens 76,kathanasiou215@mail.gr,Lawyer,Albanian,1,PrivateHealth
30000000215,Sofia,Georgiou,Ioannis,1951-06-13,F,90.4,166.7,Larisa 147,sgeorgiou216@mail.gr,Student,Greek,1,PrivateHealth
30000000216,Michalis,Alexiou,Konstantinos,2013-02-13,M,83.9,80.4,Athens 44,malexiou217@mail.gr,Farmer,German,1,PrivateHealth
30000000217,Spyros,Ioannou,Dimitrios,1948-05-12,M,80.1,88.5,Volos 103,sioannou218@mail.gr,Farmer,Greek,1,ArmyFund
30000000218,Vasiliki,Theodorou,Georgios,1970-02-17,F,17.7,132.3,Athens 35,vtheodorou219@mail.gr,Driver,Italian,1,PrivateHealth
30000000219,Natalia,Theodorou,Ioannis,1969-07-01,F,96.4,189.9,Larisa 82,ntheodorou220@mail.gr,Teacher,Greek,1,ArmyFund
30000000220,Petros,Petrou,Panagiotis,1993-12-23,M,48.7,144.3,Patras 103,ppetrou221@mail.gr,Engineer,German,1,EFKA
30000000221,Michalis,Vasiliou,Nikolaos,1942-12-12,M,30.7,175.0,Patras 20,mvasiliou222@mail.gr,Technician,Greek,1,EFKA
30000000222,Marios,Theodorou,Georgios,1968-02-28,M,104.8,133.1,Volos 124,mtheodorou223@mail.gr,Teacher,German,1,PrivateHealth
30000000223,Michalis,Nikolaou,Georgios,1957-08-04,M,31.8,109.6,Athens 32,mnikolaou224@mail.gr,Driver,Albanian,1,EFKA
30000000224,Spyros,Pavlidis,Georgios,1982-08-10,M,43.0,116.8,Piraeus 40,spavlidis225@mail.gr,Farmer,Romanian,1,EFKA
30000000225,Panagiotis,Ioannou,Konstantinos,2021-11-22,M,27.6,127.2,Patras 75,pioannou226@mail.gr,Driver,Romanian,1,Uninsured
30000000226,Georgia,Pavlidis,Dimitrios,1951-04-13,F,84.1,131.9,Patras 55,gpavlidis227@mail.gr,Retired,Italian,1,EFKA
30000000227,Natalia,Pavlidis,Nikolaos,1950-07-17,F,46.3,131.2,Piraeus 62,npavlidis228@mail.gr,Teacher,Greek,1,EFKA
30000000228,Panagiota,Georgiou,Dimitrios,2018-06-10,F,83.1,166.6,Volos 98,pgeorgiou229@mail.gr,Student,Bulgarian,1,PrivateHealth
30000000229,Spyros,Sotiriou,Ioannis,1938-11-16,M,19.1,86.3,Larisa 15,ssotiriou230@mail.gr,Teacher,Italian,1,EFKA
30000000230,Petros,Sotiriou,Dimitrios,1961-01-15,M,96.0,169.8,Piraeus 30,psotiriou231@mail.gr,Driver,Greek,1,ArmyFund
30000000231,Nikos,Konstantinou,Nikolaos,1975-08-19,M,68.6,80.7,Piraeus 30,nkonstantinou232@mail.gr,Retired,Greek,1,EFKA
30000000232,Panagiota,Athanasiou,Dimitrios,1954-04-22,F,81.3,152.0,Athens 132,pathanasiou233@mail.gr,Driver,Italian,1,Uninsured
30000000233,Maria,Alexiou,Panagiotis,1954-01-25,F,91.7,120.1,Piraeus 58,malexiou234@mail.gr,Technician,Romanian,1,PrivateHealth
30000000234,Anna,Georgiou,Dimitrios,1973-08-08,F,78.0,92.8,Piraeus 6,ageorgiou235@mail.gr,Student,Italian,1,EFKA
30000000235,Maria,Konstantinou,Christos,2019-07-04,F,89.1,99.2,Larisa 99,mkonstantinou236@mail.gr,Farmer,Cypriot,1,EFKA
30000000236,Petros,Alexiou,Panagiotis,1949-12-09,M,87.3,181.1,Larisa 141,palexiou237@mail.gr,Technician,Italian,1,StudentFund
30000000237,Anna,Theodorou,Nikolaos,1952-07-09,F,62.2,154.3,Athens 2,atheodorou238@mail.gr,Farmer,Romanian,1,EFKA
30000000238,Sofia,Ioannou,Christos,2013-01-12,F,119.6,107.2,Patras 51,sioannou239@mail.gr,Teacher,Italian,1,EFKA
30000000239,Katerina,Vasiliou,Konstantinos,2024-06-17,F,70.9,150.1,Patras 5,kvasiliou240@mail.gr,Clerk,Romanian,1,EFKA
30000000240,Vasilis,Nikolaou,Georgios,1996-03-13,M,31.1,114.9,Piraeus 49,vnikolaou241@mail.gr,Teacher,Cypriot,1,StudentFund
30000000241,Anna,Sotiriou,Panagiotis,1979-03-27,F,21.2,184.2,Athens 55,asotiriou242@mail.gr,Lawyer,Albanian,1,EFKA
30000000242,Maria,Pavlidis,Ioannis,2005-01-16,F,13.2,120.0,Larisa 137,mpavlidis243@mail.gr,Retired,Romanian,1,PrivateHealth
30000000243,Giannis,Pavlidis,Dimitrios,2020-01-03,M,30.3,73.8,Piraeus 16,gpavlidis244@mail.gr,Clerk,Italian,1,ArmyFund
30000000244,Vasilis,Georgiou,Christos,1972-02-17,M,107.0,138.0,Piraeus 108,vgeorgiou245@mail.gr,Student,Italian,1,StudentFund
30000000245,Anastasia,Konstantinou,Nikolaos,1947-08-26,F,91.9,179.3,Volos 29,akonstantinou246@mail.gr,Driver,Bulgarian,1,StudentFund
30000000246,Giannis,Nikolaou,Nikolaos,1987-08-06,M,114.7,167.4,Piraeus 46,gnikolaou247@mail.gr,Technician,Italian,1,EFKA
30000000247,Panagiota,Vasiliou,Nikolaos,1971-09-01,F,12.9,134.8,Athens 109,pvasiliou248@mail.gr,Clerk,Romanian,1,ArmyFund
30000000248,Michalis,Petrou,Nikolaos,1961-01-25,M,90.9,152.8,Volos 65,mpetrou249@mail.gr,Farmer,Italian,1,PrivateHealth
30000000249,Christos,Dimitriou,Konstantinos,1979-08-10,M,62.6,124.7,Larisa 49,cdimitriou250@mail.gr,Driver,Italian,1,StudentFund
30000000250,Spyros,Vasiliou,Dimitrios,1958-09-26,M,113.2,141.9,Athens 65,svasiliou251@mail.gr,Teacher,Albanian,1,Uninsured
30000000251,Katerina,Konstantinou,Georgios,1964-09-18,F,10.9,85.4,Piraeus 107,kkonstantinou252@mail.gr,Student,Romanian,1,EFKA
30000000252,Vasiliki,Petrou,Christos,1973-09-10,F,61.4,124.4,Volos 59,vpetrou253@mail.gr,Engineer,Greek,1,PrivateHealth
30000000253,Michalis,Petrou,Georgios,1997-10-18,M,11.0,138.6,Piraeus 78,mpetrou254@mail.gr,Lawyer,Bulgarian,1,EFKA
30000000254,Georgia,Papadopoulos,Konstantinos,1935-01-08,F,79.8,71.5,Volos 41,gpapadopoulos255@mail.gr,Student,Bulgarian,1,StudentFund
30000000255,Anastasia,Papadopoulos,Panagiotis,1976-06-01,F,17.9,192.1,Volos 66,apapadopoulos256@mail.gr,Clerk,Italian,1,EFKA
30000000256,Marios,Lazarou,Panagiotis,1976-02-10,M,33.0,156.1,Volos 147,mlazarou257@mail.gr,Teacher,Cypriot,1,ArmyFund
30000000257,Evangelia,Konstantinou,Georgios,1992-05-14,F,118.1,136.9,Volos 47,ekonstantinou258@mail.gr,Lawyer,Bulgarian,1,PrivateHealth
30000000258,Maria,Lazarou,Christos,2006-06-02,F,21.5,177.3,Patras 75,mlazarou259@mail.gr,Retired,Greek,1,EFKA
30000000259,Andreas,Athanasiou,Ioannis,2019-02-21,M,62.1,99.6,Volos 26,aathanasiou260@mail.gr,Lawyer,Cypriot,1,EFKA
30000000260,Stavros,Athanasiou,Nikolaos,2016-12-01,M,76.4,191.3,Athens 17,sathanasiou261@mail.gr,Driver,Romanian,1,EFKA
30000000261,Giorgos,Athanasiou,Nikolaos,2025-03-09,M,9.4,84.4,Volos 102,gathanasiou262@mail.gr,Student,Italian,1,StudentFund
30000000262,Spyros,Sotiriou,Nikolaos,1956-11-25,M,39.0,77.3,Larisa 124,ssotiriou263@mail.gr,Retired,Bulgarian,1,EFKA
30000000263,Panagiota,Lazarou,Georgios,2015-09-18,F,64.5,97.7,Volos 143,plazarou264@mail.gr,Clerk,Italian,1,EFKA
30000000264,Vasilis,Athanasiou,Konstantinos,2022-08-12,M,10.9,184.1,Athens 102,vathanasiou265@mail.gr,Clerk,Romanian,1,EFKA
30000000265,Stavros,Theodorou,Ioannis,1991-09-27,M,31.3,133.6,Volos 87,stheodorou266@mail.gr,Farmer,Bulgarian,1,Uninsured
30000000266,Stavros,Nikolaou,Nikolaos,1955-12-27,M,69.2,151.7,Piraeus 89,snikolaou267@mail.gr,Teacher,Romanian,1,Uninsured
30000000267,Panagiota,Athanasiou,Panagiotis,1985-04-13,F,38.3,128.4,Athens 117,pathanasiou268@mail.gr,Student,Romanian,1,EFKA
30000000268,Kostas,Sotiriou,Dimitrios,1954-08-03,M,68.2,98.5,Piraeus 65,ksotiriou269@mail.gr,Retired,Bulgarian,1,EFKA
30000000269,Anna,Ioannou,Konstantinos,1935-02-10,F,74.8,142.2,Larisa 12,aioannou270@mail.gr,Driver,Italian,1,StudentFund
30000000270,Sofia,Lazarou,Ioannis,1967-10-01,F,95.5,153.0,Larisa 52,slazarou271@mail.gr,Teacher,Italian,1,EFKA
30000000271,Georgia,Georgiou,Georgios,1995-09-22,F,71.3,165.1,Volos 41,ggeorgiou272@mail.gr,Teacher,Bulgarian,1,EFKA
30000000272,Katerina,Nikolaou,Ioannis,1978-11-10,F,78.8,114.2,Volos 115,knikolaou273@mail.gr,Engineer,Greek,1,EFKA
30000000273,Stavros,Petrou,Dimitrios,2018-03-08,M,34.0,109.7,Piraeus 93,spetrou274@mail.gr,Engineer,German,1,Uninsured
30000000274,Christos,Petrou,Ioannis,1987-08-24,M,47.0,103.2,Volos 139,cpetrou275@mail.gr,Teacher,Italian,1,EFKA
30000000275,Georgia,Konstantinou,Ioannis,2013-01-19,F,20.5,167.0,Larisa 80,gkonstantinou276@mail.gr,Retired,German,1,EFKA
30000000276,Michalis,Ioannou,Georgios,1976-03-25,M,72.5,188.5,Larisa 23,mioannou277@mail.gr,Student,Albanian,1,EFKA
30000000277,Christos,Petrou,Christos,2005-09-01,M,95.9,145.9,Volos 137,cpetrou278@mail.gr,Clerk,Albanian,1,EFKA
30000000278,Anastasia,Ioannou,Christos,1947-09-18,F,113.0,87.3,Patras 51,aioannou279@mail.gr,Driver,Greek,1,PrivateHealth
30000000279,Vasiliki,Kostopoulos,Georgios,1981-07-12,F,97.9,174.5,Athens 42,vkostopoulos280@mail.gr,Teacher,German,1,EFKA
30000000280,Marios,Ioannou,Ioannis,2014-01-17,M,52.4,140.7,Piraeus 98,mioannou281@mail.gr,Teacher,Bulgarian,1,Uninsured
30000000281,Andreas,Vasiliou,Ioannis,1941-02-20,M,115.0,138.9,Patras 116,avasiliou282@mail.gr,Lawyer,Italian,1,ArmyFund
30000000282,Panagiotis,Alexiou,Konstantinos,1958-04-08,M,60.5,178.1,Piraeus 62,palexiou283@mail.gr,Teacher,Italian,1,StudentFund
30000000283,Natalia,Lazarou,Konstantinos,1974-05-19,F,18.5,154.0,Patras 43,nlazarou284@mail.gr,Technician,Cypriot,1,EFKA
30000000284,Katerina,Kostopoulos,Konstantinos,1997-11-07,F,27.5,176.9,Piraeus 130,kkostopoulos285@mail.gr,Teacher,Italian,1,PrivateHealth
30000000285,Katerina,Konstantinou,Dimitrios,1958-04-25,F,59.7,176.6,Larisa 140,kkonstantinou286@mail.gr,Technician,Cypriot,1,EFKA
30000000286,Marios,Nikolaou,Nikolaos,1988-06-13,M,101.0,194.5,Patras 126,mnikolaou287@mail.gr,Clerk,Albanian,1,EFKA
30000000287,Evangelia,Petrou,Ioannis,1981-07-01,F,59.7,141.0,Volos 66,epetrou288@mail.gr,Student,Greek,1,EFKA
30000000288,Anna,Dimitriou,Panagiotis,2021-06-08,F,83.7,128.8,Piraeus 150,adimitriou289@mail.gr,Clerk,Albanian,1,StudentFund
30000000289,Giorgos,Nikolaou,Ioannis,1948-02-16,M,14.6,102.9,Patras 4,gnikolaou290@mail.gr,Retired,German,1,ArmyFund
30000000290,Natalia,Lazarou,Georgios,1983-09-17,F,19.3,85.1,Athens 43,nlazarou291@mail.gr,Student,Albanian,1,PrivateHealth
30000000291,Chrysa,Alexiou,Ioannis,2009-10-03,F,16.8,192.4,Larisa 78,calexiou292@mail.gr,Lawyer,Italian,1,StudentFund
30000000292,Eleni,Georgiou,Georgios,2018-12-08,F,84.0,191.7,Piraeus 143,egeorgiou293@mail.gr,Lawyer,German,1,PrivateHealth
30000000293,Kostas,Konstantinou,Nikolaos,2008-03-17,M,86.4,158.0,Piraeus 140,kkonstantinou294@mail.gr,Farmer,Bulgarian,1,PrivateHealth
30000000294,Christos,Papadopoulos,Panagiotis,2021-10-08,M,36.4,154.0,Patras 85,cpapadopoulos295@mail.gr,Farmer,Romanian,1,EFKA
30000000295,Sofia,Pavlidis,Georgios,1972-07-12,F,37.7,122.6,Larisa 53,spavlidis296@mail.gr,Technician,Albanian,1,EFKA
30000000296,Giannis,Athanasiou,Panagiotis,1965-10-16,M,59.2,114.2,Piraeus 122,gathanasiou297@mail.gr,Technician,German,1,EFKA
30000000297,Vasiliki,Petrou,Georgios,2018-10-06,F,106.4,120.9,Patras 125,vpetrou298@mail.gr,Clerk,German,1,EFKA
30000000298,Evangelia,Petrou,Dimitrios,2000-09-07,F,17.7,97.5,Piraeus 17,epetrou299@mail.gr,Technician,German,1,EFKA
30000000299,Evangelia,Nikolaou,Georgios,1977-01-17,F,20.7,170.7,Piraeus 115,enikolaou300@mail.gr,Driver,Italian,1,PrivateHealth
30000000300,Marios,Nikolaou,Konstantinos,1982-10-08,M,43.8,134.4,Larisa 75,mnikolaou301@mail.gr,Teacher,Bulgarian,1,PrivateHealth
30000000301,Christos,Vasiliou,Nikolaos,1999-04-10,M,117.1,111.2,Patras 132,cvasiliou302@mail.gr,Driver,Cypriot,1,EFKA
30000000302,Anna,Sotiriou,Nikolaos,1973-12-18,F,20.0,72.2,Volos 1,asotiriou303@mail.gr,Clerk,Greek,1,EFKA
30000000303,Georgia,Theodorou,Konstantinos,2005-02-13,F,70.4,109.8,Athens 40,gtheodorou304@mail.gr,Engineer,German,1,EFKA
30000000304,Panagiota,Lazarou,Konstantinos,1996-09-16,F,63.0,75.4,Larisa 115,plazarou305@mail.gr,Technician,Greek,1,EFKA
30000000305,Natalia,Papadopoulos,Ioannis,2007-03-07,F,88.9,96.3,Larisa 70,npapadopoulos306@mail.gr,Student,Albanian,1,Uninsured
30000000306,Maria,Papadopoulos,Ioannis,1937-05-03,F,57.4,159.2,Larisa 10,mpapadopoulos307@mail.gr,Technician,Romanian,1,PrivateHealth
30000000307,Katerina,Pavlidis,Panagiotis,1947-07-26,F,88.5,92.5,Volos 134,kpavlidis308@mail.gr,Retired,Italian,1,Uninsured
30000000308,Marios,Papadopoulos,Georgios,2004-11-23,M,82.2,138.2,Patras 64,mpapadopoulos309@mail.gr,Teacher,Italian,1,EFKA
30000000309,Spyros,Lazarou,Nikolaos,1973-07-21,M,103.1,111.2,Patras 48,slazarou310@mail.gr,Engineer,Italian,1,StudentFund
30000000310,Kostas,Athanasiou,Panagiotis,1965-03-02,M,87.5,124.1,Larisa 26,kathanasiou311@mail.gr,Retired,German,1,EFKA
30000000311,Sofia,Theodorou,Dimitrios,1951-04-03,F,62.1,100.9,Athens 1,stheodorou312@mail.gr,Driver,German,1,EFKA
30000000312,Christos,Vasiliou,Panagiotis,1934-04-27,M,80.7,191.9,Patras 82,cvasiliou313@mail.gr,Driver,Romanian,1,PrivateHealth
30000000313,Anna,Kostopoulos,Nikolaos,1962-06-14,F,9.3,145.3,Patras 77,akostopoulos314@mail.gr,Technician,Romanian,1,StudentFund
30000000314,Petros,Theodorou,Panagiotis,1993-09-14,M,108.9,174.7,Patras 129,ptheodorou315@mail.gr,Driver,German,1,ArmyFund
30000000315,Vasilis,Alexiou,Georgios,1951-04-18,M,112.3,157.3,Piraeus 12,valexiou316@mail.gr,Teacher,Greek,1,EFKA
30000000316,Sofia,Petrou,Christos,1996-09-04,F,103.7,94.6,Volos 86,spetrou317@mail.gr,Retired,Italian,1,EFKA
30000000317,Dimitris,Alexiou,Ioannis,1937-04-08,M,98.1,168.8,Piraeus 34,dalexiou318@mail.gr,Student,Cypriot,1,EFKA
30000000318,Vasiliki,Lazarou,Christos,1963-06-19,F,86.7,144.3,Larisa 52,vlazarou319@mail.gr,Driver,Bulgarian,1,EFKA
30000000319,Sofia,Alexiou,Nikolaos,1994-06-13,F,37.4,167.8,Volos 35,salexiou320@mail.gr,Lawyer,Romanian,1,EFKA
30000000320,Andreas,Dimitriou,Georgios,1998-12-15,M,93.7,136.5,Volos 25,adimitriou321@mail.gr,Clerk,Cypriot,1,EFKA
30000000321,Evangelia,Vasiliou,Konstantinos,1993-01-02,F,118.7,150.0,Volos 21,evasiliou322@mail.gr,Teacher,Bulgarian,1,EFKA
30000000322,Dimitris,Athanasiou,Christos,2016-11-28,M,60.3,177.5,Piraeus 136,dathanasiou323@mail.gr,Clerk,German,1,Uninsured
30000000323,Dimitris,Dimitriou,Ioannis,1993-03-19,M,44.3,94.4,Larisa 17,ddimitriou324@mail.gr,Driver,Italian,1,PrivateHealth
30000000324,Dimitris,Theodorou,Panagiotis,2020-09-08,M,119.2,112.6,Patras 46,dtheodorou325@mail.gr,Teacher,Greek,1,StudentFund
30000000325,Christos,Ioannou,Ioannis,1942-06-10,M,45.0,140.3,Piraeus 2,cioannou326@mail.gr,Student,Greek,1,ArmyFund
30000000326,Evangelia,Kostopoulos,Panagiotis,1951-08-27,F,42.9,149.0,Larisa 24,ekostopoulos327@mail.gr,Driver,Cypriot,1,ArmyFund
30000000327,Evangelia,Pavlidis,Nikolaos,1973-05-11,F,117.1,143.9,Patras 126,epavlidis328@mail.gr,Clerk,Cypriot,1,StudentFund
30000000328,Andreas,Dimitriou,Georgios,2022-10-28,M,110.2,89.0,Piraeus 29,adimitriou329@mail.gr,Student,Bulgarian,1,StudentFund
30000000329,Natalia,Vasiliou,Georgios,2018-03-15,F,113.4,139.3,Patras 127,nvasiliou330@mail.gr,Retired,Romanian,1,PrivateHealth
30000000330,Nikos,Kostopoulos,Ioannis,2012-07-12,M,22.3,183.2,Patras 134,nkostopoulos331@mail.gr,Engineer,Albanian,1,ArmyFund
30000000331,Andreas,Alexiou,Ioannis,1954-11-21,M,42.1,125.9,Volos 91,aalexiou332@mail.gr,Teacher,Italian,1,EFKA
30000000332,Sofia,Dimitriou,Georgios,1979-10-09,F,40.3,165.9,Athens 38,sdimitriou333@mail.gr,Lawyer,Cypriot,1,EFKA
30000000333,Maria,Ioannou,Dimitrios,2013-11-23,F,32.1,144.0,Volos 115,mioannou334@mail.gr,Teacher,Bulgarian,1,StudentFund
30000000334,Michalis,Pavlidis,Christos,2000-05-10,M,89.8,157.6,Athens 61,mpavlidis335@mail.gr,Engineer,Italian,1,StudentFund
30000000335,Panagiota,Nikolaou,Nikolaos,1984-02-23,F,52.0,153.5,Larisa 94,pnikolaou336@mail.gr,Lawyer,German,1,StudentFund
30000000336,Petros,Ioannou,Ioannis,1973-01-26,M,52.3,166.2,Patras 86,pioannou337@mail.gr,Lawyer,Bulgarian,1,EFKA
30000000337,Andreas,Lazarou,Ioannis,1985-01-10,M,101.8,93.8,Athens 99,alazarou338@mail.gr,Driver,Romanian,1,Uninsured
30000000338,Natalia,Ioannou,Christos,1987-10-25,F,46.3,155.7,Volos 108,nioannou339@mail.gr,Engineer,Cypriot,1,StudentFund
30000000339,Petros,Papadopoulos,Dimitrios,2014-09-20,M,80.9,167.7,Larisa 82,ppapadopoulos340@mail.gr,Retired,Romanian,1,StudentFund
30000000340,Panagiota,Vasiliou,Christos,1975-12-25,F,69.0,148.8,Patras 145,pvasiliou341@mail.gr,Retired,German,1,PrivateHealth
30000000341,Panagiotis,Konstantinou,Ioannis,2004-08-07,M,60.3,98.4,Larisa 75,pkonstantinou342@mail.gr,Technician,Albanian,1,EFKA
30000000342,Panagiota,Nikolaou,Christos,1941-06-19,F,89.6,96.6,Athens 140,pnikolaou343@mail.gr,Engineer,Italian,1,ArmyFund
30000000343,Stavros,Georgiou,Christos,1956-08-26,M,73.7,78.6,Larisa 33,sgeorgiou344@mail.gr,Retired,Italian,1,EFKA
30000000344,Kostas,Pavlidis,Christos,1964-11-27,M,32.5,72.2,Patras 39,kpavlidis345@mail.gr,Farmer,Greek,1,EFKA
30000000345,Ioanna,Nikolaou,Nikolaos,1959-08-06,F,48.0,91.1,Piraeus 87,inikolaou346@mail.gr,Farmer,Romanian,1,PrivateHealth
30000000346,Dimitra,Georgiou,Georgios,1935-12-09,F,102.5,128.0,Athens 68,dgeorgiou347@mail.gr,Technician,German,1,PrivateHealth
30000000347,Evangelia,Kostopoulos,Konstantinos,1956-08-03,F,57.3,154.0,Athens 137,ekostopoulos348@mail.gr,Retired,Romanian,1,EFKA
30000000348,Vasilis,Theodorou,Georgios,1962-11-21,M,46.9,100.8,Athens 84,vtheodorou349@mail.gr,Clerk,Italian,1,EFKA
30000000349,Anastasia,Sotiriou,Ioannis,1937-03-21,F,54.0,106.2,Larisa 52,asotiriou350@mail.gr,Farmer,Cypriot,1,EFKA
30000000350,Nikos,Ioannou,Georgios,2021-10-11,M,15.5,81.1,Volos 75,nioannou351@mail.gr,Driver,Cypriot,1,Uninsured
30000000351,Natalia,Konstantinou,Dimitrios,1971-08-22,F,77.5,193.4,Piraeus 79,nkonstantinou352@mail.gr,Driver,German,1,EFKA
30000000352,Maria,Lazarou,Panagiotis,2019-09-09,F,97.2,182.7,Athens 118,mlazarou353@mail.gr,Student,Cypriot,1,EFKA
30000000353,Kostas,Theodorou,Ioannis,2008-10-26,M,103.5,176.3,Piraeus 25,ktheodorou354@mail.gr,Driver,Cypriot,1,EFKA
30000000354,Marios,Petrou,Nikolaos,1992-10-06,M,20.2,126.4,Larisa 30,mpetrou355@mail.gr,Farmer,Greek,1,ArmyFund
30000000355,Katerina,Papadopoulos,Ioannis,2012-09-22,F,25.5,178.2,Patras 136,kpapadopoulos356@mail.gr,Retired,Albanian,1,EFKA
30000000356,Eleni,Nikolaou,Ioannis,1988-06-06,F,85.2,172.3,Larisa 24,enikolaou357@mail.gr,Farmer,Romanian,1,EFKA
30000000357,Dimitra,Lazarou,Christos,2009-03-27,F,87.8,131.0,Volos 27,dlazarou358@mail.gr,Teacher,Bulgarian,1,ArmyFund
30000000358,Spyros,Papadopoulos,Nikolaos,2006-07-22,M,15.2,166.1,Volos 117,spapadopoulos359@mail.gr,Student,Albanian,1,EFKA
30000000359,Petros,Pavlidis,Ioannis,2016-08-11,M,61.5,181.0,Piraeus 95,ppavlidis360@mail.gr,Clerk,Romanian,1,ArmyFund
30000000360,Michalis,Georgiou,Konstantinos,1955-07-11,M,67.4,131.4,Volos 20,mgeorgiou361@mail.gr,Lawyer,German,1,EFKA
30000000361,Michalis,Athanasiou,Nikolaos,2021-10-19,M,89.8,126.7,Patras 52,mathanasiou362@mail.gr,Student,Albanian,1,EFKA
30000000362,Dimitris,Sotiriou,Christos,1943-01-25,M,23.9,160.6,Patras 41,dsotiriou363@mail.gr,Farmer,Bulgarian,1,Uninsured
30000000363,Panagiotis,Lazarou,Panagiotis,2000-12-03,M,25.4,72.6,Athens 45,plazarou364@mail.gr,Student,Greek,1,Uninsured
30000000364,Natalia,Konstantinou,Konstantinos,1945-01-21,F,108.5,121.0,Piraeus 3,nkonstantinou365@mail.gr,Driver,German,1,EFKA
30000000365,Christos,Lazarou,Konstantinos,1941-03-14,M,18.8,73.9,Patras 31,clazarou366@mail.gr,Driver,Romanian,1,EFKA
30000000366,Panagiota,Lazarou,Ioannis,2008-01-22,F,75.2,192.6,Patras 78,plazarou367@mail.gr,Student,Italian,1,EFKA
30000000367,Andreas,Athanasiou,Christos,1956-06-15,M,108.5,139.5,Patras 54,aathanasiou368@mail.gr,Engineer,German,1,ArmyFund
30000000368,Evangelia,Pavlidis,Panagiotis,1945-08-18,F,73.3,137.2,Patras 26,epavlidis369@mail.gr,Engineer,Bulgarian,1,ArmyFund
30000000369,Marios,Vasiliou,Georgios,2011-02-18,M,97.4,146.7,Volos 80,mvasiliou370@mail.gr,Driver,Italian,1,EFKA
30000000370,Vasilis,Athanasiou,Christos,2001-05-26,M,94.5,192.1,Piraeus 4,vathanasiou371@mail.gr,Student,German,1,PrivateHealth
30000000371,Spyros,Kostopoulos,Ioannis,2008-12-15,M,41.5,87.4,Volos 5,skostopoulos372@mail.gr,Teacher,Italian,1,EFKA
30000000372,Marios,Sotiriou,Christos,1952-06-26,M,42.9,170.4,Piraeus 125,msotiriou373@mail.gr,Retired,Cypriot,1,EFKA
30000000373,Vasiliki,Kostopoulos,Nikolaos,1978-06-18,F,36.2,128.1,Volos 71,vkostopoulos374@mail.gr,Technician,Italian,1,StudentFund
30000000374,Eleni,Alexiou,Georgios,2021-03-15,F,17.4,158.4,Volos 50,ealexiou375@mail.gr,Farmer,Greek,1,ArmyFund
30000000375,Marios,Athanasiou,Panagiotis,2015-10-17,M,58.7,103.8,Larisa 93,mathanasiou376@mail.gr,Farmer,Albanian,1,EFKA
30000000376,Chrysa,Papadopoulos,Nikolaos,2021-01-20,F,110.9,186.6,Volos 18,cpapadopoulos377@mail.gr,Teacher,Greek,1,EFKA
30000000377,Marios,Lazarou,Konstantinos,2009-02-28,M,16.2,164.2,Athens 17,mlazarou378@mail.gr,Technician,Cypriot,1,StudentFund
30000000378,Christos,Vasiliou,Nikolaos,1997-06-08,M,13.9,112.9,Patras 85,cvasiliou379@mail.gr,Retired,Albanian,1,EFKA
30000000379,Natalia,Nikolaou,Dimitrios,1967-11-25,F,10.0,117.2,Piraeus 34,nnikolaou380@mail.gr,Farmer,Cypriot,1,EFKA
30000000380,Maria,Nikolaou,Konstantinos,1959-03-25,F,71.7,92.5,Athens 77,mnikolaou381@mail.gr,Student,Greek,1,StudentFund
30000000381,Natalia,Pavlidis,Dimitrios,1966-03-25,F,110.5,112.8,Patras 49,npavlidis382@mail.gr,Engineer,Romanian,1,EFKA
30000000382,Georgia,Georgiou,Konstantinos,2014-01-13,F,84.6,172.0,Volos 28,ggeorgiou383@mail.gr,Lawyer,Bulgarian,1,ArmyFund
30000000383,Panagiota,Theodorou,Konstantinos,1943-12-02,F,112.3,78.5,Volos 4,ptheodorou384@mail.gr,Retired,Italian,1,Uninsured
30000000384,Vasilis,Kostopoulos,Georgios,1966-06-07,M,112.9,153.7,Patras 101,vkostopoulos385@mail.gr,Technician,Albanian,1,EFKA
30000000385,Panagiota,Petrou,Panagiotis,2014-06-21,F,36.4,179.8,Larisa 28,ppetrou386@mail.gr,Driver,Albanian,1,ArmyFund
30000000386,Christos,Georgiou,Dimitrios,1990-08-09,M,29.8,135.0,Athens 94,cgeorgiou387@mail.gr,Lawyer,Greek,1,StudentFund
30000000387,Maria,Ioannou,Nikolaos,2024-10-13,F,16.7,154.6,Athens 74,mioannou388@mail.gr,Teacher,Romanian,1,EFKA
30000000388,Giannis,Georgiou,Nikolaos,1940-01-14,M,63.8,161.1,Piraeus 107,ggeorgiou389@mail.gr,Clerk,Albanian,1,EFKA
30000000389,Sofia,Vasiliou,Dimitrios,1984-07-01,F,40.4,184.6,Volos 119,svasiliou390@mail.gr,Farmer,German,1,PrivateHealth
30000000390,Dimitris,Alexiou,Konstantinos,2011-08-25,M,17.3,164.1,Patras 112,dalexiou391@mail.gr,Driver,Romanian,1,EFKA
30000000391,Georgia,Alexiou,Georgios,1960-07-20,F,98.5,174.3,Patras 21,galexiou392@mail.gr,Driver,Bulgarian,1,EFKA
30000000392,Giannis,Theodorou,Panagiotis,1992-05-12,M,91.5,164.0,Patras 8,gtheodorou393@mail.gr,Driver,Greek,1,EFKA
30000000393,Anna,Athanasiou,Dimitrios,1942-03-27,F,107.2,184.3,Piraeus 94,aathanasiou394@mail.gr,Lawyer,Italian,1,PrivateHealth
30000000394,Kostas,Kostopoulos,Dimitrios,2013-05-19,M,86.0,128.8,Volos 82,kkostopoulos395@mail.gr,Clerk,German,1,StudentFund
30000000395,Evangelia,Sotiriou,Dimitrios,1984-07-22,F,54.9,96.0,Larisa 76,esotiriou396@mail.gr,Engineer,Bulgarian,1,StudentFund
30000000396,Evangelia,Vasiliou,Christos,1942-06-22,F,46.5,103.6,Larisa 62,evasiliou397@mail.gr,Student,Albanian,1,EFKA
30000000397,Christos,Vasiliou,Nikolaos,2011-04-03,M,63.7,165.9,Piraeus 124,cvasiliou398@mail.gr,Clerk,Albanian,1,EFKA
30000000398,Stavros,Nikolaou,Ioannis,2012-11-18,M,79.7,70.7,Athens 11,snikolaou399@mail.gr,Technician,Cypriot,1,EFKA
30000000399,Natalia,Papadopoulos,Georgios,1979-03-08,F,65.2,151.1,Larisa 1,npapadopoulos400@mail.gr,Teacher,Albanian,1,EFKA
30000000400,Andreas,Pavlidis,Ioannis,2024-03-09,M,113.9,173.2,Piraeus 90,apavlidis401@mail.gr,Retired,Romanian,1,ArmyFund
30000000401,Natalia,Kostopoulos,Panagiotis,1937-08-01,F,79.0,148.0,Piraeus 83,nkostopoulos402@mail.gr,Engineer,Bulgarian,1,PrivateHealth
30000000402,Spyros,Sotiriou,Georgios,1973-05-01,M,28.2,128.0,Athens 112,ssotiriou403@mail.gr,Clerk,Romanian,1,Uninsured
30000000403,Marios,Athanasiou,Dimitrios,1950-10-12,M,107.4,117.1,Volos 137,mathanasiou404@mail.gr,Driver,Cypriot,1,StudentFund
30000000404,Andreas,Theodorou,Christos,2025-09-08,M,10.4,71.5,Larisa 119,atheodorou405@mail.gr,Clerk,Greek,1,EFKA
30000000405,Stavros,Konstantinou,Panagiotis,1941-04-07,M,90.8,182.0,Piraeus 36,skonstantinou406@mail.gr,Driver,Albanian,1,EFKA
30000000406,Sofia,Petrou,Christos,1982-10-15,F,67.3,124.8,Larisa 15,spetrou407@mail.gr,Lawyer,Cypriot,1,EFKA
30000000407,Giannis,Sotiriou,Georgios,2019-10-15,M,54.1,102.4,Volos 132,gsotiriou408@mail.gr,Engineer,Italian,1,EFKA
30000000408,Eleni,Dimitriou,Konstantinos,2021-03-19,F,83.2,141.6,Volos 143,edimitriou409@mail.gr,Teacher,German,1,ArmyFund
30000000409,Georgia,Vasiliou,Christos,1955-04-07,F,116.0,106.3,Piraeus 49,gvasiliou410@mail.gr,Retired,Greek,1,Uninsured
30000000410,Panagiotis,Lazarou,Christos,2004-11-28,M,43.5,123.9,Larisa 80,plazarou411@mail.gr,Technician,Cypriot,1,EFKA
30000000411,Andreas,Dimitriou,Christos,1998-04-26,M,30.3,187.6,Larisa 64,adimitriou412@mail.gr,Teacher,Cypriot,1,EFKA
30000000412,Anastasia,Athanasiou,Georgios,1949-03-19,F,103.4,180.5,Piraeus 119,aathanasiou413@mail.gr,Teacher,Albanian,1,EFKA
30000000413,Georgia,Kostopoulos,Christos,1951-12-24,F,33.8,105.4,Athens 120,gkostopoulos414@mail.gr,Teacher,Albanian,1,PrivateHealth
30000000414,Dimitris,Konstantinou,Panagiotis,1982-02-04,M,85.5,86.3,Volos 80,dkonstantinou415@mail.gr,Retired,Albanian,1,EFKA
30000000415,Natalia,Konstantinou,Christos,1976-07-24,F,84.4,115.7,Piraeus 65,nkonstantinou416@mail.gr,Farmer,Romanian,1,EFKA
30000000416,Giannis,Kostopoulos,Ioannis,1940-08-14,M,78.5,135.8,Athens 34,gkostopoulos417@mail.gr,Lawyer,Greek,1,EFKA
30000000417,Maria,Sotiriou,Christos,2012-04-07,F,22.7,187.4,Piraeus 66,msotiriou418@mail.gr,Student,Bulgarian,1,PrivateHealth
30000000418,Petros,Nikolaou,Konstantinos,1959-06-08,M,112.7,189.9,Volos 128,pnikolaou419@mail.gr,Technician,Bulgarian,1,Uninsured
30000000419,Petros,Konstantinou,Christos,2010-11-18,M,85.6,137.5,Patras 62,pkonstantinou420@mail.gr,Student,Italian,1,EFKA
30000000420,Vasilis,Petrou,Georgios,1982-04-23,M,75.3,133.1,Piraeus 147,vpetrou421@mail.gr,Lawyer,Romanian,1,Uninsured
30000000421,Anastasia,Ioannou,Georgios,2005-01-05,F,77.3,156.6,Volos 18,aioannou422@mail.gr,Retired,German,1,EFKA
30000000422,Christos,Vasiliou,Nikolaos,2008-09-13,M,109.9,82.2,Athens 149,cvasiliou423@mail.gr,Student,Albanian,1,PrivateHealth
30000000423,Katerina,Alexiou,Ioannis,1988-09-16,F,84.8,143.4,Athens 92,kalexiou424@mail.gr,Farmer,Greek,1,StudentFund
30000000424,Panagiota,Athanasiou,Christos,1956-09-28,F,33.7,178.2,Volos 25,pathanasiou425@mail.gr,Farmer,Italian,1,PrivateHealth
30000000425,Maria,Sotiriou,Panagiotis,1945-02-16,F,92.2,165.1,Piraeus 122,msotiriou426@mail.gr,Teacher,Albanian,1,EFKA
30000000426,Evangelia,Ioannou,Konstantinos,1943-03-12,F,33.0,131.3,Larisa 132,eioannou427@mail.gr,Retired,Romanian,1,EFKA
30000000427,Dimitris,Alexiou,Georgios,2017-06-13,M,15.6,150.0,Volos 143,dalexiou428@mail.gr,Lawyer,Albanian,1,EFKA
30000000428,Georgia,Petrou,Panagiotis,1996-02-21,F,68.6,131.9,Athens 40,gpetrou429@mail.gr,Lawyer,Romanian,1,EFKA
30000000429,Ioanna,Konstantinou,Konstantinos,2024-11-06,F,43.0,131.5,Patras 8,ikonstantinou430@mail.gr,Lawyer,Romanian,1,EFKA
30000000430,Vasiliki,Vasiliou,Panagiotis,1989-10-07,F,102.5,81.3,Piraeus 112,vvasiliou431@mail.gr,Engineer,Albanian,1,PrivateHealth
30000000431,Andreas,Georgiou,Georgios,1966-06-04,M,10.8,87.0,Larisa 41,ageorgiou432@mail.gr,Technician,Greek,1,EFKA
30000000432,Panagiotis,Vasiliou,Konstantinos,1974-05-11,M,52.5,127.5,Patras 77,pvasiliou433@mail.gr,Farmer,Albanian,1,PrivateHealth
30000000433,Katerina,Kostopoulos,Georgios,1960-05-21,F,81.5,157.5,Volos 119,kkostopoulos434@mail.gr,Driver,Greek,1,StudentFund
30000000434,Sofia,Pavlidis,Georgios,1983-11-11,F,68.9,117.9,Volos 22,spavlidis435@mail.gr,Engineer,Greek,1,EFKA
30000000435,Andreas,Ioannou,Ioannis,1974-08-18,M,115.5,155.7,Volos 42,aioannou436@mail.gr,Driver,Albanian,1,StudentFund
30000000436,Petros,Petrou,Konstantinos,1968-11-26,M,110.2,122.0,Athens 96,ppetrou437@mail.gr,Student,Greek,1,EFKA
30000000437,Vasilis,Nikolaou,Georgios,2001-08-08,M,113.2,182.9,Athens 21,vnikolaou438@mail.gr,Teacher,Albanian,1,EFKA
30000000438,Petros,Nikolaou,Christos,1959-07-13,M,96.6,184.6,Volos 28,pnikolaou439@mail.gr,Clerk,Cypriot,1,PrivateHealth
30000000439,Petros,Georgiou,Ioannis,1957-11-01,M,60.9,87.2,Larisa 78,pgeorgiou440@mail.gr,Teacher,Italian,1,Uninsured
30000000440,Anastasia,Athanasiou,Panagiotis,1953-08-24,F,72.9,71.6,Larisa 89,aathanasiou441@mail.gr,Lawyer,Cypriot,1,StudentFund
30000000441,Ioanna,Alexiou,Konstantinos,1984-05-05,F,108.2,86.7,Piraeus 20,ialexiou442@mail.gr,Retired,Bulgarian,1,StudentFund
30000000442,Panagiota,Dimitriou,Nikolaos,1970-03-14,F,12.7,128.7,Piraeus 18,pdimitriou443@mail.gr,Clerk,Albanian,1,EFKA
30000000443,Anna,Lazarou,Panagiotis,1981-01-08,F,72.3,116.4,Patras 83,alazarou444@mail.gr,Student,Romanian,1,PrivateHealth
30000000444,Nikos,Papadopoulos,Nikolaos,1997-08-28,M,96.5,102.9,Patras 28,npapadopoulos445@mail.gr,Technician,German,1,ArmyFund
30000000445,Petros,Lazarou,Georgios,1986-06-23,M,59.2,175.4,Piraeus 140,plazarou446@mail.gr,Driver,Cypriot,1,EFKA
30000000446,Stavros,Athanasiou,Panagiotis,1943-04-03,M,41.3,110.9,Patras 65,sathanasiou447@mail.gr,Clerk,Italian,1,EFKA
30000000447,Ioanna,Pavlidis,Georgios,2004-02-08,F,49.9,151.2,Volos 144,ipavlidis448@mail.gr,Technician,Cypriot,1,PrivateHealth
30000000448,Spyros,Theodorou,Nikolaos,1944-12-27,M,9.6,106.2,Athens 86,stheodorou449@mail.gr,Technician,German,1,PrivateHealth
30000000449,Anastasia,Kostopoulos,Christos,2003-01-18,F,97.8,124.2,Larisa 52,akostopoulos450@mail.gr,Retired,German,1,StudentFund
30000000450,Stavros,Nikolaou,Georgios,1989-08-19,M,15.7,103.5,Piraeus 40,snikolaou451@mail.gr,Farmer,Greek,1,StudentFund
30000000451,Giannis,Konstantinou,Dimitrios,2000-09-21,M,53.0,136.3,Athens 150,gkonstantinou452@mail.gr,Engineer,German,1,EFKA
30000000452,Georgia,Nikolaou,Georgios,1949-02-23,F,117.6,120.5,Larisa 105,gnikolaou453@mail.gr,Lawyer,Albanian,1,EFKA
30000000453,Chrysa,Georgiou,Christos,2006-08-23,F,36.9,97.4,Patras 78,cgeorgiou454@mail.gr,Clerk,Greek,1,EFKA
30000000454,Marios,Theodorou,Georgios,1944-04-22,M,47.4,165.6,Larisa 110,mtheodorou455@mail.gr,Clerk,Greek,1,EFKA
30000000455,Spyros,Pavlidis,Christos,1967-10-13,M,38.2,180.8,Larisa 31,spavlidis456@mail.gr,Teacher,Greek,1,PrivateHealth
30000000456,Evangelia,Alexiou,Panagiotis,1937-06-25,F,13.6,154.3,Athens 6,ealexiou457@mail.gr,Technician,Albanian,1,EFKA
30000000457,Natalia,Nikolaou,Panagiotis,1939-03-24,F,116.8,129.2,Volos 118,nnikolaou458@mail.gr,Farmer,Greek,1,EFKA
30000000458,Stavros,Ioannou,Georgios,1944-09-25,M,87.7,169.1,Athens 136,sioannou459@mail.gr,Engineer,Albanian,1,EFKA
30000000459,Spyros,Athanasiou,Georgios,1997-03-14,M,27.2,183.1,Volos 11,sathanasiou460@mail.gr,Engineer,German,1,StudentFund
30000000460,Evangelia,Kostopoulos,Georgios,1986-02-02,F,57.6,178.5,Patras 55,ekostopoulos461@mail.gr,Driver,Romanian,1,ArmyFund
30000000461,Katerina,Sotiriou,Christos,1984-08-12,F,72.5,98.8,Piraeus 14,ksotiriou462@mail.gr,Technician,German,1,EFKA
30000000462,Kostas,Konstantinou,Nikolaos,1934-09-20,M,119.6,80.6,Volos 59,kkonstantinou463@mail.gr,Clerk,German,1,EFKA
30000000463,Andreas,Theodorou,Panagiotis,2020-05-28,M,81.1,75.6,Athens 48,atheodorou464@mail.gr,Retired,Bulgarian,1,ArmyFund
30000000464,Katerina,Konstantinou,Panagiotis,1938-10-03,F,81.6,188.0,Volos 43,kkonstantinou465@mail.gr,Driver,Albanian,1,EFKA
30000000465,Ioanna,Athanasiou,Panagiotis,2004-06-22,F,110.3,148.8,Patras 91,iathanasiou466@mail.gr,Student,Greek,1,Uninsured
30000000466,Stavros,Georgiou,Nikolaos,1952-01-27,M,90.1,152.5,Athens 104,sgeorgiou467@mail.gr,Teacher,Romanian,1,EFKA
30000000467,Marios,Dimitriou,Dimitrios,1969-05-15,M,29.3,121.2,Piraeus 99,mdimitriou468@mail.gr,Student,German,1,EFKA
30000000468,Spyros,Petrou,Ioannis,1935-10-10,M,44.9,108.6,Larisa 126,spetrou469@mail.gr,Engineer,Romanian,1,PrivateHealth
30000000469,Nikos,Georgiou,Nikolaos,2019-12-15,M,40.1,173.2,Piraeus 129,ngeorgiou470@mail.gr,Driver,German,1,EFKA
30000000470,Panagiota,Alexiou,Konstantinos,1940-10-27,F,66.4,174.3,Piraeus 123,palexiou471@mail.gr,Driver,Cypriot,1,EFKA
30000000471,Petros,Pavlidis,Dimitrios,1984-04-06,M,30.9,158.9,Larisa 139,ppavlidis472@mail.gr,Student,Bulgarian,1,EFKA
30000000472,Anastasia,Georgiou,Georgios,1979-01-27,F,55.9,74.5,Volos 150,ageorgiou473@mail.gr,Technician,Albanian,1,ArmyFund
30000000473,Stavros,Sotiriou,Panagiotis,2008-08-02,M,109.9,84.6,Athens 92,ssotiriou474@mail.gr,Driver,Romanian,1,Uninsured
30000000474,Chrysa,Konstantinou,Nikolaos,1939-10-17,F,74.9,77.7,Piraeus 74,ckonstantinou475@mail.gr,Clerk,German,1,EFKA
30000000475,Ioanna,Pavlidis,Dimitrios,2001-11-16,F,57.7,128.2,Volos 129,ipavlidis476@mail.gr,Driver,Italian,1,ArmyFund
30000000476,Maria,Georgiou,Nikolaos,1955-08-18,F,39.0,153.2,Volos 18,mgeorgiou477@mail.gr,Technician,Bulgarian,1,EFKA
30000000477,Chrysa,Alexiou,Panagiotis,2007-03-08,F,100.9,127.9,Volos 133,calexiou478@mail.gr,Lawyer,German,1,EFKA
30000000478,Anna,Alexiou,Georgios,1967-01-10,F,117.6,108.6,Athens 28,aalexiou479@mail.gr,Retired,Bulgarian,1,Uninsured
30000000479,Panagiota,Pavlidis,Panagiotis,1982-08-20,F,103.3,162.9,Larisa 102,ppavlidis480@mail.gr,Clerk,Greek,1,EFKA
30000000480,Katerina,Petrou,Christos,1948-04-04,F,117.2,126.4,Piraeus 109,kpetrou481@mail.gr,Student,Cypriot,1,EFKA
30000000481,Vasiliki,Alexiou,Konstantinos,2008-02-04,F,99.6,160.8,Piraeus 32,valexiou482@mail.gr,Teacher,Bulgarian,1,EFKA
30000000482,Anna,Petrou,Georgios,1939-07-27,F,24.7,106.8,Volos 67,apetrou483@mail.gr,Engineer,Bulgarian,1,EFKA
30000000483,Anna,Dimitriou,Georgios,2015-07-27,F,21.0,148.0,Piraeus 48,adimitriou484@mail.gr,Student,Albanian,1,EFKA
30000000484,Christos,Ioannou,Panagiotis,1938-02-13,M,15.7,91.2,Volos 48,cioannou485@mail.gr,Farmer,Italian,1,EFKA
30000000485,Giannis,Ioannou,Christos,2014-04-01,M,100.6,181.8,Patras 15,gioannou486@mail.gr,Engineer,Romanian,1,ArmyFund
30000000486,Eleni,Theodorou,Nikolaos,1978-07-13,F,81.5,183.4,Athens 111,etheodorou487@mail.gr,Retired,Romanian,1,PrivateHealth
30000000487,Georgia,Georgiou,Konstantinos,2006-07-03,F,55.4,153.1,Larisa 68,ggeorgiou488@mail.gr,Driver,Albanian,1,EFKA
30000000488,Vasiliki,Lazarou,Christos,1974-11-08,F,49.9,174.0,Athens 120,vlazarou489@mail.gr,Driver,Bulgarian,1,PrivateHealth
30000000489,Sofia,Nikolaou,Ioannis,1972-12-18,F,98.2,118.5,Larisa 101,snikolaou490@mail.gr,Retired,Cypriot,1,PrivateHealth
30000000490,Vasiliki,Dimitriou,Nikolaos,1951-12-15,F,29.4,134.5,Volos 66,vdimitriou491@mail.gr,Farmer,Romanian,1,EFKA
30000000491,Stavros,Papadopoulos,Dimitrios,1995-04-18,M,32.0,121.5,Piraeus 12,spapadopoulos492@mail.gr,Retired,Italian,1,StudentFund
30000000492,Vasiliki,Lazarou,Nikolaos,1956-01-26,F,38.9,91.5,Athens 64,vlazarou493@mail.gr,Engineer,German,1,EFKA
30000000493,Natalia,Alexiou,Nikolaos,1970-03-19,F,10.3,75.0,Patras 141,nalexiou494@mail.gr,Engineer,Albanian,1,Uninsured
30000000494,Georgia,Ioannou,Nikolaos,1950-04-03,F,32.6,122.2,Volos 99,gioannou495@mail.gr,Technician,German,1,EFKA
30000000495,Andreas,Sotiriou,Ioannis,2008-03-13,M,91.7,83.9,Piraeus 68,asotiriou496@mail.gr,Clerk,Cypriot,1,ArmyFund
30000000496,Christos,Dimitriou,Georgios,1979-10-12,M,38.1,130.8,Piraeus 121,cdimitriou497@mail.gr,Teacher,German,1,EFKA
30000000497,Spyros,Konstantinou,Nikolaos,1970-07-16,M,39.8,130.7,Piraeus 42,skonstantinou498@mail.gr,Farmer,Albanian,1,EFKA
30000000498,Katerina,Konstantinou,Ioannis,1994-10-22,F,98.4,153.0,Patras 110,kkonstantinou499@mail.gr,Driver,Cypriot,1,EFKA
30000000499,Michalis,Vasiliou,Ioannis,1977-01-22,M,79.4,114.8,Athens 145,mvasiliou500@mail.gr,Lawyer,Greek,1,ArmyFund
30000000500,Petros,Konstantinou,Georgios,2003-02-07,M,34.6,77.4,Larisa 24,pkonstantinou501@mail.gr,Teacher,Albanian,1,PrivateHealth
30000000501,Christos,Ioannou,Christos,1984-01-28,M,31.8,180.3,Patras 7,cioannou502@mail.gr,Student,Albanian,1,EFKA
30000000502,Ioanna,Athanasiou,Dimitrios,2009-04-05,F,20.9,151.4,Athens 53,iathanasiou503@mail.gr,Technician,German,1,PrivateHealth
30000000503,Dimitris,Georgiou,Christos,1951-05-23,M,54.8,106.5,Piraeus 67,dgeorgiou504@mail.gr,Lawyer,German,1,EFKA
30000000504,Dimitris,Konstantinou,Ioannis,1985-07-07,M,106.4,102.5,Larisa 5,dkonstantinou505@mail.gr,Technician,Albanian,1,EFKA
30000000505,Maria,Athanasiou,Georgios,2021-01-04,F,73.2,154.1,Patras 30,mathanasiou506@mail.gr,Retired,Italian,1,EFKA
30000000506,Evangelia,Pavlidis,Nikolaos,1984-10-15,F,68.2,166.5,Volos 59,epavlidis507@mail.gr,Student,Greek,1,EFKA
30000000507,Vasiliki,Papadopoulos,Konstantinos,1999-08-12,F,74.0,115.3,Patras 49,vpapadopoulos508@mail.gr,Student,Bulgarian,1,EFKA
30000000508,Chrysa,Ioannou,Nikolaos,1977-07-05,F,84.3,150.3,Volos 37,cioannou509@mail.gr,Retired,Italian,1,PrivateHealth
30000000509,Natalia,Papadopoulos,Panagiotis,1987-06-16,F,49.3,162.5,Athens 150,npapadopoulos510@mail.gr,Teacher,Greek,1,ArmyFund
30000000510,Dimitra,Georgiou,Panagiotis,1959-11-11,F,64.7,176.6,Volos 23,dgeorgiou511@mail.gr,Student,Bulgarian,1,ArmyFund
30000000511,Vasiliki,Georgiou,Ioannis,1979-06-15,F,71.9,188.0,Athens 33,vgeorgiou512@mail.gr,Driver,Bulgarian,1,EFKA
30000000512,Evangelia,Athanasiou,Georgios,1973-03-05,F,117.2,111.1,Athens 150,eathanasiou513@mail.gr,Engineer,Cypriot,1,Uninsured
30000000513,Michalis,Dimitriou,Panagiotis,2012-07-02,M,44.2,89.3,Patras 21,mdimitriou514@mail.gr,Teacher,Bulgarian,1,StudentFund
30000000514,Panagiota,Vasiliou,Ioannis,1992-10-09,F,68.0,101.8,Larisa 5,pvasiliou515@mail.gr,Lawyer,German,1,StudentFund
30000000515,Chrysa,Alexiou,Georgios,1981-02-15,F,87.7,71.6,Piraeus 40,calexiou516@mail.gr,Engineer,Greek,1,StudentFund
30000000516,Kostas,Ioannou,Georgios,2025-03-02,M,8.4,161.4,Athens 125,kioannou517@mail.gr,Technician,Cypriot,1,Uninsured
30000000517,Kostas,Theodorou,Dimitrios,1966-01-09,M,27.7,182.0,Piraeus 132,ktheodorou518@mail.gr,Teacher,Albanian,1,EFKA
30000000518,Natalia,Athanasiou,Panagiotis,1958-03-20,F,46.3,193.2,Larisa 123,nathanasiou519@mail.gr,Clerk,German,1,ArmyFund
30000000519,Petros,Konstantinou,Ioannis,1954-09-02,M,38.2,146.1,Piraeus 137,pkonstantinou520@mail.gr,Farmer,Romanian,1,EFKA
30000000520,Marios,Theodorou,Ioannis,1949-08-14,M,41.1,97.9,Patras 26,mtheodorou521@mail.gr,Clerk,Bulgarian,1,EFKA
30000000521,Giorgos,Konstantinou,Ioannis,1989-03-15,M,47.4,87.6,Larisa 23,gkonstantinou522@mail.gr,Driver,Albanian,1,EFKA
30000000522,Sofia,Nikolaou,Nikolaos,2016-10-19,F,67.3,79.8,Larisa 96,snikolaou523@mail.gr,Technician,German,1,Uninsured
30000000523,Natalia,Lazarou,Ioannis,1972-03-21,F,45.3,83.1,Piraeus 56,nlazarou524@mail.gr,Retired,Bulgarian,1,EFKA
30000000524,Panagiota,Athanasiou,Ioannis,1942-10-22,F,102.6,175.3,Volos 93,pathanasiou525@mail.gr,Lawyer,Bulgarian,1,Uninsured
30000000525,Michalis,Papadopoulos,Christos,2010-07-24,M,29.1,110.5,Athens 16,mpapadopoulos526@mail.gr,Teacher,Cypriot,1,EFKA
30000000526,Evangelia,Ioannou,Konstantinos,2005-06-03,F,51.8,138.0,Larisa 54,eioannou527@mail.gr,Lawyer,German,1,EFKA
30000000527,Sofia,Nikolaou,Panagiotis,2002-12-02,F,18.5,177.3,Volos 111,snikolaou528@mail.gr,Lawyer,Albanian,1,Uninsured
30000000528,Giannis,Nikolaou,Christos,2000-10-16,M,35.6,169.7,Piraeus 18,gnikolaou529@mail.gr,Retired,Greek,1,Uninsured
30000000529,Ioanna,Vasiliou,Konstantinos,2000-05-18,F,35.2,181.6,Larisa 118,ivasiliou530@mail.gr,Teacher,Italian,1,EFKA
30000000530,Katerina,Nikolaou,Nikolaos,1971-07-19,F,100.7,166.6,Volos 30,knikolaou531@mail.gr,Farmer,Albanian,1,EFKA
30000000531,Panagiotis,Kostopoulos,Ioannis,1947-12-14,M,106.4,148.1,Larisa 130,pkostopoulos532@mail.gr,Farmer,Albanian,1,Uninsured
30000000532,Anna,Pavlidis,Dimitrios,1996-07-03,F,11.3,151.7,Patras 90,apavlidis533@mail.gr,Clerk,Albanian,1,EFKA
30000000533,Michalis,Petrou,Ioannis,1984-12-08,M,27.2,131.8,Patras 2,mpetrou534@mail.gr,Farmer,German,1,StudentFund
30000000534,Dimitris,Athanasiou,Christos,2025-04-26,M,9.0,185.2,Volos 26,dathanasiou535@mail.gr,Student,Romanian,1,PrivateHealth
30000000535,Marios,Alexiou,Konstantinos,2008-05-02,M,81.3,110.6,Larisa 119,malexiou536@mail.gr,Engineer,Italian,1,EFKA
30000000536,Anastasia,Kostopoulos,Ioannis,1963-06-18,F,11.2,129.4,Volos 119,akostopoulos537@mail.gr,Retired,German,1,EFKA
30000000537,Andreas,Petrou,Konstantinos,1954-07-18,M,46.2,94.5,Volos 32,apetrou538@mail.gr,Retired,Albanian,1,StudentFund
30000000538,Georgia,Vasiliou,Ioannis,2013-05-13,F,43.4,181.0,Athens 64,gvasiliou539@mail.gr,Driver,German,1,EFKA
30000000539,Stavros,Papadopoulos,Konstantinos,2014-07-12,M,12.0,86.7,Larisa 111,spapadopoulos540@mail.gr,Teacher,Romanian,1,EFKA
30000000540,Spyros,Dimitriou,Ioannis,1956-11-21,M,38.8,145.3,Larisa 110,sdimitriou541@mail.gr,Clerk,Romanian,1,EFKA
30000000541,Natalia,Dimitriou,Panagiotis,2022-06-02,F,102.1,88.7,Athens 81,ndimitriou542@mail.gr,Clerk,Albanian,1,EFKA
30000000542,Christos,Konstantinou,Georgios,1938-09-21,M,102.7,190.6,Larisa 90,ckonstantinou543@mail.gr,Teacher,Albanian,1,EFKA
30000000543,Dimitris,Athanasiou,Christos,1978-11-13,M,111.5,134.2,Volos 116,dathanasiou544@mail.gr,Student,Albanian,1,EFKA
30000000544,Georgia,Dimitriou,Konstantinos,1993-10-03,F,36.1,190.4,Patras 27,gdimitriou545@mail.gr,Driver,Romanian,1,EFKA
30000000545,Chrysa,Dimitriou,Ioannis,2010-03-13,F,44.0,150.5,Larisa 30,cdimitriou546@mail.gr,Technician,Cypriot,1,EFKA
30000000546,Maria,Konstantinou,Georgios,1969-03-08,F,93.6,114.3,Patras 18,mkonstantinou547@mail.gr,Student,Italian,1,StudentFund
30000000547,Ioanna,Dimitriou,Georgios,1968-03-25,F,30.3,88.7,Larisa 136,idimitriou548@mail.gr,Lawyer,Italian,1,PrivateHealth
30000000548,Anastasia,Petrou,Ioannis,1940-05-15,F,69.2,182.6,Volos 21,apetrou549@mail.gr,Lawyer,German,1,StudentFund
30000000549,Panagiota,Georgiou,Georgios,1997-08-24,F,74.8,147.8,Larisa 83,pgeorgiou550@mail.gr,Farmer,Italian,1,EFKA
30000000550,Evangelia,Georgiou,Georgios,1938-02-09,F,72.0,144.2,Patras 26,egeorgiou551@mail.gr,Student,Greek,1,PrivateHealth
30000000551,Nikos,Ioannou,Ioannis,1945-10-07,M,43.1,121.0,Patras 18,nioannou552@mail.gr,Student,Cypriot,1,ArmyFund
30000000552,Dimitris,Sotiriou,Panagiotis,1987-04-06,M,83.6,148.1,Larisa 85,dsotiriou553@mail.gr,Student,Bulgarian,1,ArmyFund
30000000553,Sofia,Kostopoulos,Christos,1962-04-04,F,44.4,86.4,Athens 112,skostopoulos554@mail.gr,Retired,Bulgarian,1,Uninsured
30000000554,Dimitra,Kostopoulos,Christos,2001-04-23,F,97.7,108.9,Piraeus 120,dkostopoulos555@mail.gr,Student,Italian,1,PrivateHealth
30000000555,Nikos,Alexiou,Dimitrios,2019-12-26,M,104.3,167.0,Larisa 49,nalexiou556@mail.gr,Clerk,Cypriot,1,EFKA
30000000556,Michalis,Kostopoulos,Georgios,1936-08-24,M,76.0,162.1,Piraeus 67,mkostopoulos557@mail.gr,Engineer,Albanian,1,EFKA
30000000557,Vasilis,Alexiou,Konstantinos,1939-11-03,M,11.0,91.8,Larisa 128,valexiou558@mail.gr,Retired,Cypriot,1,StudentFund
30000000558,Vasiliki,Konstantinou,Ioannis,2007-02-23,F,32.9,76.9,Athens 123,vkonstantinou559@mail.gr,Lawyer,Greek,1,EFKA
30000000559,Katerina,Petrou,Nikolaos,1957-08-15,F,28.0,118.4,Piraeus 12,kpetrou560@mail.gr,Technician,Greek,1,EFKA
30000000560,Giannis,Ioannou,Nikolaos,1969-03-03,M,81.0,190.3,Patras 62,gioannou561@mail.gr,Student,Albanian,1,Uninsured
30000000561,Georgia,Theodorou,Dimitrios,1942-04-12,F,69.7,160.0,Patras 143,gtheodorou562@mail.gr,Teacher,Romanian,1,EFKA
30000000562,Vasilis,Nikolaou,Christos,1983-10-06,M,109.6,89.5,Volos 13,vnikolaou563@mail.gr,Lawyer,Cypriot,1,EFKA
30000000563,Georgia,Alexiou,Konstantinos,2021-03-23,F,107.6,185.5,Piraeus 6,galexiou564@mail.gr,Teacher,Cypriot,1,StudentFund
30000000564,Marios,Ioannou,Konstantinos,1990-12-11,M,49.0,168.6,Larisa 2,mioannou565@mail.gr,Clerk,Cypriot,1,ArmyFund
30000000565,Spyros,Dimitriou,Nikolaos,1958-03-10,M,81.5,134.4,Piraeus 137,sdimitriou566@mail.gr,Driver,Italian,1,EFKA
30000000566,Eleni,Lazarou,Georgios,2007-09-05,F,69.3,96.2,Piraeus 19,elazarou567@mail.gr,Teacher,Romanian,1,EFKA
30000000567,Ioanna,Pavlidis,Ioannis,1934-07-02,F,21.9,76.8,Piraeus 13,ipavlidis568@mail.gr,Engineer,Greek,1,EFKA
30000000568,Panagiotis,Vasiliou,Ioannis,2017-03-04,M,89.4,176.2,Patras 87,pvasiliou569@mail.gr,Technician,Italian,1,EFKA
30000000569,Katerina,Nikolaou,Ioannis,1999-06-17,F,40.3,166.4,Patras 100,knikolaou570@mail.gr,Teacher,Italian,1,StudentFund
30000000570,Giorgos,Sotiriou,Dimitrios,2001-02-14,M,22.8,193.2,Volos 60,gsotiriou571@mail.gr,Student,German,1,ArmyFund
30000000571,Marios,Kostopoulos,Christos,1946-02-12,M,25.3,84.3,Patras 56,mkostopoulos572@mail.gr,Clerk,Romanian,1,PrivateHealth
30000000572,Nikos,Ioannou,Christos,2017-03-12,M,118.9,110.0,Athens 102,nioannou573@mail.gr,Lawyer,Bulgarian,1,Uninsured
30000000573,Dimitra,Vasiliou,Nikolaos,1974-05-11,F,118.0,74.1,Volos 116,dvasiliou574@mail.gr,Technician,Albanian,1,StudentFund
30000000574,Christos,Ioannou,Georgios,1993-07-04,M,93.1,93.0,Volos 101,cioannou575@mail.gr,Lawyer,Albanian,1,EFKA
30000000575,Katerina,Konstantinou,Christos,2017-04-12,F,110.7,127.0,Patras 39,kkonstantinou576@mail.gr,Engineer,Italian,1,EFKA
30000000576,Panagiota,Sotiriou,Nikolaos,1986-06-15,F,101.5,166.3,Volos 68,psotiriou577@mail.gr,Driver,Bulgarian,1,ArmyFund
30000000577,Giorgos,Georgiou,Nikolaos,1989-10-10,M,62.4,188.3,Piraeus 93,ggeorgiou578@mail.gr,Engineer,Cypriot,1,EFKA
30000000578,Dimitra,Nikolaou,Ioannis,2017-03-02,F,79.5,162.1,Piraeus 58,dnikolaou579@mail.gr,Lawyer,Cypriot,1,EFKA
30000000579,Vasilis,Nikolaou,Nikolaos,1948-12-27,M,110.9,97.2,Volos 54,vnikolaou580@mail.gr,Teacher,Cypriot,1,ArmyFund
30000000580,Marios,Pavlidis,Panagiotis,1991-12-04,M,75.7,191.5,Larisa 40,mpavlidis581@mail.gr,Student,German,1,PrivateHealth
30000000581,Spyros,Lazarou,Dimitrios,1947-05-09,M,65.1,107.1,Patras 109,slazarou582@mail.gr,Clerk,Cypriot,1,PrivateHealth
30000000582,Andreas,Lazarou,Konstantinos,1992-12-10,M,35.6,151.9,Piraeus 103,alazarou583@mail.gr,Engineer,Romanian,1,EFKA
30000000583,Eleni,Georgiou,Ioannis,2010-03-02,F,88.5,78.9,Volos 37,egeorgiou584@mail.gr,Engineer,Bulgarian,1,EFKA
30000000584,Spyros,Konstantinou,Nikolaos,1971-10-17,M,16.4,111.2,Larisa 43,skonstantinou585@mail.gr,Lawyer,Albanian,1,EFKA
30000000585,Ioanna,Petrou,Konstantinos,1939-05-10,F,104.1,105.9,Piraeus 122,ipetrou586@mail.gr,Engineer,Romanian,1,PrivateHealth
30000000586,Natalia,Alexiou,Panagiotis,1934-08-06,F,65.0,138.8,Larisa 4,nalexiou587@mail.gr,Lawyer,Albanian,1,EFKA
30000000587,Evangelia,Ioannou,Ioannis,1948-08-03,F,51.1,179.9,Volos 131,eioannou588@mail.gr,Driver,Romanian,1,EFKA
30000000588,Michalis,Nikolaou,Georgios,1940-10-12,M,89.8,143.4,Athens 112,mnikolaou589@mail.gr,Teacher,Albanian,1,Uninsured
30000000589,Christos,Konstantinou,Georgios,2022-09-05,M,96.5,166.7,Patras 37,ckonstantinou590@mail.gr,Engineer,German,1,ArmyFund
30000000590,Maria,Georgiou,Dimitrios,1994-02-08,F,36.7,194.7,Athens 59,mgeorgiou591@mail.gr,Engineer,Cypriot,1,ArmyFund
30000000591,Andreas,Lazarou,Christos,1964-10-03,M,83.6,160.3,Patras 94,alazarou592@mail.gr,Driver,Bulgarian,1,EFKA
30000000592,Natalia,Sotiriou,Christos,2004-03-08,F,24.5,137.6,Patras 34,nsotiriou593@mail.gr,Retired,Italian,1,EFKA
30000000593,Panagiotis,Sotiriou,Dimitrios,1965-01-10,M,109.9,165.9,Athens 44,psotiriou594@mail.gr,Lawyer,Bulgarian,1,StudentFund
30000000594,Eleni,Lazarou,Ioannis,1948-10-26,F,64.0,158.6,Larisa 105,elazarou595@mail.gr,Student,Italian,1,Uninsured
30000000595,Anna,Sotiriou,Dimitrios,2020-12-03,F,80.0,93.3,Patras 71,asotiriou596@mail.gr,Teacher,Albanian,1,EFKA
30000000596,Marios,Sotiriou,Konstantinos,1953-04-08,M,11.9,129.9,Volos 46,msotiriou597@mail.gr,Clerk,Italian,1,ArmyFund
30000000597,Kostas,Nikolaou,Nikolaos,2014-02-01,M,82.8,191.9,Patras 108,knikolaou598@mail.gr,Engineer,Romanian,1,EFKA
30000000598,Spyros,Alexiou,Dimitrios,1957-06-24,M,15.0,133.2,Piraeus 43,salexiou599@mail.gr,Retired,Italian,1,PrivateHealth
30000000599,Anna,Nikolaou,Konstantinos,1939-01-05,F,95.8,184.2,Piraeus 112,anikolaou600@mail.gr,Clerk,Albanian,1,EFKA
30000000600,Nikos,Lazarou,Georgios,2020-04-01,M,96.8,81.3,Piraeus 100,nlazarou601@mail.gr,Technician,Italian,1,Uninsured
30000000601,Marios,Papadopoulos,Ioannis,1990-09-11,M,18.5,126.6,Athens 144,mpapadopoulos602@mail.gr,Clerk,Romanian,1,EFKA
30000000602,Giannis,Dimitriou,Georgios,2024-06-04,M,14.1,122.3,Athens 26,gdimitriou603@mail.gr,Farmer,German,1,Uninsured
30000000603,Andreas,Theodorou,Christos,2012-03-25,M,95.9,174.1,Patras 62,atheodorou604@mail.gr,Engineer,German,1,EFKA
30000000604,Petros,Alexiou,Konstantinos,1946-08-21,M,32.6,92.8,Patras 26,palexiou605@mail.gr,Teacher,Bulgarian,1,ArmyFund
30000000605,Giannis,Theodorou,Nikolaos,1991-12-08,M,107.5,128.7,Volos 54,gtheodorou606@mail.gr,Student,Romanian,1,PrivateHealth
30000000606,Katerina,Athanasiou,Nikolaos,1991-09-24,F,43.2,134.7,Piraeus 135,kathanasiou607@mail.gr,Retired,Greek,1,EFKA
30000000607,Maria,Lazarou,Panagiotis,1970-09-13,F,34.9,76.8,Athens 87,mlazarou608@mail.gr,Student,Italian,1,EFKA
30000000608,Stavros,Dimitriou,Konstantinos,1938-07-14,M,13.2,162.9,Piraeus 109,sdimitriou609@mail.gr,Student,Greek,1,EFKA
30000000609,Chrysa,Petrou,Ioannis,2010-10-27,F,61.0,76.2,Patras 51,cpetrou610@mail.gr,Farmer,Cypriot,1,Uninsured
30000000610,Nikos,Alexiou,Ioannis,1935-01-09,M,12.6,130.2,Volos 70,nalexiou611@mail.gr,Lawyer,Greek,1,PrivateHealth
30000000611,Anna,Pavlidis,Nikolaos,1964-03-28,F,73.4,104.5,Piraeus 13,apavlidis612@mail.gr,Driver,German,1,EFKA
30000000612,Evangelia,Papadopoulos,Dimitrios,2023-05-23,F,77.1,169.7,Patras 140,epapadopoulos613@mail.gr,Student,Romanian,1,EFKA
30000000613,Nikos,Lazarou,Christos,2023-03-27,M,50.4,113.7,Larisa 35,nlazarou614@mail.gr,Retired,Cypriot,1,Uninsured
30000000614,Maria,Athanasiou,Christos,1941-12-26,F,72.7,187.5,Volos 46,mathanasiou615@mail.gr,Technician,Romanian,1,EFKA
30000000615,Natalia,Papadopoulos,Panagiotis,1973-09-09,F,117.3,170.5,Piraeus 103,npapadopoulos616@mail.gr,Technician,Italian,1,EFKA
30000000616,Georgia,Konstantinou,Konstantinos,1970-01-26,F,35.3,114.7,Larisa 23,gkonstantinou617@mail.gr,Engineer,German,1,PrivateHealth
30000000617,Anastasia,Pavlidis,Georgios,1935-06-28,F,110.5,184.7,Volos 17,apavlidis618@mail.gr,Retired,Italian,1,Uninsured
30000000618,Evangelia,Vasiliou,Dimitrios,1945-04-09,F,64.7,108.5,Piraeus 48,evasiliou619@mail.gr,Lawyer,Bulgarian,1,PrivateHealth
30000000619,Vasilis,Lazarou,Ioannis,1972-06-09,M,102.8,75.3,Patras 123,vlazarou620@mail.gr,Clerk,Greek,1,EFKA
30000000620,Evangelia,Pavlidis,Nikolaos,1956-09-09,F,55.7,82.4,Larisa 124,epavlidis621@mail.gr,Technician,Italian,1,EFKA
30000000621,Eleni,Lazarou,Nikolaos,1940-05-02,F,79.4,166.0,Athens 118,elazarou622@mail.gr,Retired,Albanian,1,EFKA
30000000622,Ioanna,Konstantinou,Dimitrios,1990-06-03,F,22.1,136.5,Piraeus 16,ikonstantinou623@mail.gr,Engineer,Albanian,1,Uninsured
30000000623,Ioanna,Nikolaou,Christos,1999-05-02,F,17.0,160.4,Piraeus 19,inikolaou624@mail.gr,Clerk,German,1,Uninsured
30000000624,Sofia,Sotiriou,Ioannis,2017-06-02,F,87.8,76.5,Patras 9,ssotiriou625@mail.gr,Retired,Cypriot,1,EFKA
30000000625,Anna,Theodorou,Dimitrios,1949-05-28,F,92.8,161.4,Athens 14,atheodorou626@mail.gr,Clerk,Bulgarian,1,Uninsured
30000000626,Michalis,Konstantinou,Ioannis,1997-10-23,M,17.9,70.5,Athens 70,mkonstantinou627@mail.gr,Teacher,Italian,1,StudentFund
30000000627,Dimitra,Sotiriou,Ioannis,1987-11-13,F,89.4,93.4,Piraeus 114,dsotiriou628@mail.gr,Farmer,German,1,ArmyFund
30000000628,Anna,Nikolaou,Georgios,1963-03-07,F,86.0,119.6,Athens 137,anikolaou629@mail.gr,Retired,German,1,EFKA
30000000629,Michalis,Lazarou,Ioannis,1982-12-24,M,9.9,169.9,Volos 146,mlazarou630@mail.gr,Teacher,Greek,1,EFKA
30000000630,Dimitris,Sotiriou,Dimitrios,2001-06-15,M,104.6,150.7,Piraeus 87,dsotiriou631@mail.gr,Farmer,Bulgarian,1,EFKA
30000000631,Marios,Nikolaou,Nikolaos,2022-03-05,M,63.6,75.0,Volos 1,mnikolaou632@mail.gr,Driver,Greek,1,EFKA
30000000632,Spyros,Pavlidis,Georgios,1978-05-09,M,29.2,83.7,Athens 131,spavlidis633@mail.gr,Lawyer,German,1,PrivateHealth
30000000633,Dimitris,Vasiliou,Georgios,2009-11-19,M,52.3,141.0,Piraeus 137,dvasiliou634@mail.gr,Retired,Italian,1,StudentFund
30000000634,Katerina,Sotiriou,Konstantinos,1983-05-27,F,19.4,175.6,Patras 106,ksotiriou635@mail.gr,Student,Italian,1,EFKA
30000000635,Vasiliki,Sotiriou,Georgios,1980-11-25,F,78.6,175.2,Athens 21,vsotiriou636@mail.gr,Clerk,Italian,1,EFKA
30000000636,Stavros,Nikolaou,Konstantinos,1983-04-24,M,111.6,94.1,Athens 19,snikolaou637@mail.gr,Student,Albanian,1,EFKA
30000000637,Anna,Pavlidis,Konstantinos,2007-12-10,F,52.3,149.2,Larisa 73,apavlidis638@mail.gr,Teacher,Bulgarian,1,ArmyFund
30000000638,Anna,Lazarou,Nikolaos,1944-06-04,F,112.7,144.7,Larisa 17,alazarou639@mail.gr,Engineer,Albanian,1,PrivateHealth
30000000639,Giorgos,Ioannou,Christos,1980-06-25,M,12.0,116.0,Patras 26,gioannou640@mail.gr,Retired,Bulgarian,1,ArmyFund
30000000640,Christos,Pavlidis,Georgios,1988-04-09,M,33.9,156.3,Larisa 47,cpavlidis641@mail.gr,Teacher,Albanian,1,PrivateHealth
30000000641,Michalis,Nikolaou,Konstantinos,2013-10-14,M,40.8,100.3,Volos 21,mnikolaou642@mail.gr,Student,Italian,1,PrivateHealth
30000000642,Dimitris,Lazarou,Dimitrios,2004-09-15,M,15.6,133.4,Athens 94,dlazarou643@mail.gr,Lawyer,Albanian,1,PrivateHealth
30000000643,Spyros,Ioannou,Nikolaos,1947-08-18,M,10.6,146.1,Volos 28,sioannou644@mail.gr,Clerk,Romanian,1,Uninsured
30000000644,Giorgos,Dimitriou,Nikolaos,1942-02-01,M,61.6,163.4,Volos 20,gdimitriou645@mail.gr,Engineer,Greek,1,ArmyFund
30000000645,Vasilis,Georgiou,Ioannis,1950-04-21,M,77.8,123.4,Larisa 92,vgeorgiou646@mail.gr,Engineer,Bulgarian,1,EFKA
30000000646,Anastasia,Papadopoulos,Georgios,1963-01-11,F,66.6,154.6,Piraeus 71,apapadopoulos647@mail.gr,Retired,Bulgarian,1,EFKA
30000000647,Spyros,Nikolaou,Konstantinos,2004-05-12,M,100.4,133.3,Volos 70,snikolaou648@mail.gr,Engineer,German,1,PrivateHealth
30000000648,Petros,Theodorou,Dimitrios,1989-10-22,M,112.4,176.1,Piraeus 142,ptheodorou649@mail.gr,Farmer,Cypriot,1,EFKA
30000000649,Ioanna,Petrou,Nikolaos,1952-01-23,F,53.2,93.2,Athens 141,ipetrou650@mail.gr,Driver,Cypriot,1,EFKA
30000000650,Vasilis,Lazarou,Dimitrios,2014-11-17,M,49.0,117.1,Volos 45,vlazarou651@mail.gr,Teacher,Cypriot,1,ArmyFund
30000000651,Maria,Georgiou,Christos,1948-07-21,F,23.8,74.1,Piraeus 116,mgeorgiou652@mail.gr,Retired,Romanian,1,EFKA
30000000652,Petros,Lazarou,Georgios,1978-04-20,M,67.5,92.2,Piraeus 131,plazarou653@mail.gr,Lawyer,Greek,1,EFKA
30000000653,Katerina,Nikolaou,Georgios,2005-12-15,F,21.4,167.9,Piraeus 69,knikolaou654@mail.gr,Teacher,Romanian,1,Uninsured
30000000654,Ioanna,Konstantinou,Dimitrios,2001-12-21,F,32.3,102.8,Volos 43,ikonstantinou655@mail.gr,Technician,Romanian,1,EFKA
30000000655,Chrysa,Papadopoulos,Panagiotis,1959-04-12,F,96.7,172.3,Patras 74,cpapadopoulos656@mail.gr,Lawyer,Italian,1,EFKA
30000000656,Stavros,Papadopoulos,Ioannis,2025-06-24,M,5.3,152.7,Larisa 59,spapadopoulos657@mail.gr,Teacher,Bulgarian,1,PrivateHealth
30000000657,Stavros,Konstantinou,Panagiotis,1993-05-23,M,39.7,80.9,Patras 119,skonstantinou658@mail.gr,Teacher,Greek,1,PrivateHealth
30000000658,Andreas,Konstantinou,Panagiotis,2023-07-09,M,37.2,112.6,Patras 2,akonstantinou659@mail.gr,Engineer,Romanian,1,PrivateHealth
30000000659,Stavros,Sotiriou,Nikolaos,1973-06-19,M,105.1,175.3,Volos 9,ssotiriou660@mail.gr,Driver,German,1,EFKA
30000000660,Sofia,Athanasiou,Dimitrios,2013-06-14,F,32.9,126.8,Larisa 1,sathanasiou661@mail.gr,Student,Romanian,1,EFKA
30000000661,Ioanna,Pavlidis,Ioannis,1957-08-21,F,44.5,146.7,Patras 56,ipavlidis662@mail.gr,Engineer,Romanian,1,ArmyFund
30000000662,Nikos,Georgiou,Ioannis,2012-08-28,M,101.8,79.0,Piraeus 60,ngeorgiou663@mail.gr,Clerk,German,1,EFKA
30000000663,Marios,Athanasiou,Konstantinos,1987-09-28,M,37.8,191.8,Patras 66,mathanasiou664@mail.gr,Driver,Albanian,1,PrivateHealth
30000000664,Anna,Georgiou,Panagiotis,1944-08-08,F,64.1,127.7,Volos 63,ageorgiou665@mail.gr,Clerk,Italian,1,Uninsured
30000000665,Georgia,Nikolaou,Georgios,2022-11-08,F,25.6,189.3,Athens 115,gnikolaou666@mail.gr,Clerk,Romanian,1,EFKA
30000000666,Vasilis,Konstantinou,Georgios,1960-08-03,M,90.4,194.3,Volos 95,vkonstantinou667@mail.gr,Teacher,Bulgarian,1,EFKA
30000000667,Panagiota,Alexiou,Panagiotis,1987-01-23,F,11.8,164.3,Athens 82,palexiou668@mail.gr,Teacher,Romanian,1,PrivateHealth
30000000668,Kostas,Theodorou,Christos,2002-09-26,M,36.7,131.7,Patras 64,ktheodorou669@mail.gr,Farmer,Romanian,1,PrivateHealth
30000000669,Eleni,Dimitriou,Ioannis,1979-09-22,F,22.7,144.3,Larisa 30,edimitriou670@mail.gr,Clerk,Cypriot,1,StudentFund
30000000670,Panagiotis,Pavlidis,Dimitrios,2016-01-12,M,40.5,139.3,Piraeus 89,ppavlidis671@mail.gr,Farmer,Bulgarian,1,EFKA
30000000671,Vasiliki,Kostopoulos,Nikolaos,1999-09-02,F,43.1,177.4,Larisa 70,vkostopoulos672@mail.gr,Driver,Romanian,1,Uninsured
30000000672,Petros,Nikolaou,Panagiotis,1971-11-17,M,43.3,181.8,Patras 121,pnikolaou673@mail.gr,Driver,Bulgarian,1,EFKA
30000000673,Ioanna,Petrou,Georgios,2023-06-26,F,54.2,162.6,Volos 97,ipetrou674@mail.gr,Retired,Bulgarian,1,EFKA
30000000674,Ioanna,Sotiriou,Ioannis,1936-05-05,F,91.0,194.0,Larisa 101,isotiriou675@mail.gr,Technician,Romanian,1,EFKA
30000000675,Giorgos,Georgiou,Nikolaos,2021-05-28,M,68.2,120.7,Volos 20,ggeorgiou676@mail.gr,Technician,Romanian,1,EFKA
30000000676,Marios,Theodorou,Nikolaos,1939-07-07,M,112.4,111.9,Larisa 113,mtheodorou677@mail.gr,Student,Bulgarian,1,PrivateHealth
30000000677,Anna,Nikolaou,Georgios,1986-04-19,F,67.9,125.7,Athens 86,anikolaou678@mail.gr,Student,German,1,EFKA
30000000678,Michalis,Ioannou,Ioannis,1965-10-01,M,108.0,121.6,Patras 34,mioannou679@mail.gr,Retired,Italian,1,EFKA
30000000679,Petros,Georgiou,Panagiotis,2003-01-01,M,88.7,111.5,Patras 148,pgeorgiou680@mail.gr,Engineer,Albanian,1,EFKA
30000000680,Anna,Alexiou,Ioannis,2019-05-18,F,76.1,167.9,Piraeus 127,aalexiou681@mail.gr,Retired,Cypriot,1,EFKA
30000000681,Maria,Dimitriou,Panagiotis,1947-06-03,F,107.5,84.5,Volos 133,mdimitriou682@mail.gr,Lawyer,Romanian,1,EFKA
30000000682,Anastasia,Vasiliou,Christos,2000-01-20,F,113.1,79.4,Piraeus 105,avasiliou683@mail.gr,Clerk,Bulgarian,1,Uninsured
30000000683,Eleni,Papadopoulos,Christos,2010-10-08,F,112.3,148.5,Patras 86,epapadopoulos684@mail.gr,Student,Bulgarian,1,EFKA
30000000684,Eleni,Dimitriou,Ioannis,1988-02-27,F,55.1,158.4,Larisa 103,edimitriou685@mail.gr,Retired,Bulgarian,1,EFKA
30000000685,Dimitra,Georgiou,Ioannis,1978-02-07,F,24.1,129.2,Patras 120,dgeorgiou686@mail.gr,Technician,German,1,Uninsured
30000000686,Marios,Athanasiou,Dimitrios,1962-04-14,M,55.4,142.7,Volos 25,mathanasiou687@mail.gr,Lawyer,Bulgarian,1,PrivateHealth
30000000687,Panagiota,Athanasiou,Georgios,1962-08-27,F,112.4,131.6,Piraeus 99,pathanasiou688@mail.gr,Clerk,Greek,1,Uninsured
30000000688,Vasiliki,Lazarou,Nikolaos,1947-06-25,F,20.5,71.3,Athens 66,vlazarou689@mail.gr,Clerk,Romanian,1,EFKA
30000000689,Vasilis,Vasiliou,Christos,2002-02-18,M,58.2,165.0,Patras 56,vvasiliou690@mail.gr,Teacher,German,1,EFKA
30000000690,Katerina,Dimitriou,Panagiotis,1993-02-08,F,115.3,127.0,Volos 27,kdimitriou691@mail.gr,Lawyer,German,1,EFKA
30000000691,Vasilis,Theodorou,Georgios,1997-02-22,M,61.8,156.9,Volos 47,vtheodorou692@mail.gr,Teacher,Romanian,1,Uninsured
30000000692,Natalia,Dimitriou,Nikolaos,1974-08-19,F,45.8,144.6,Piraeus 2,ndimitriou693@mail.gr,Retired,Bulgarian,1,StudentFund
30000000693,Vasilis,Sotiriou,Nikolaos,1974-10-16,M,98.4,81.1,Patras 34,vsotiriou694@mail.gr,Retired,Cypriot,1,EFKA
30000000694,Giorgos,Lazarou,Nikolaos,1961-11-06,M,78.8,187.9,Piraeus 77,glazarou695@mail.gr,Driver,Albanian,1,PrivateHealth
30000000695,Spyros,Dimitriou,Georgios,1995-05-12,M,42.6,189.8,Volos 86,sdimitriou696@mail.gr,Teacher,German,1,EFKA
30000000696,Natalia,Nikolaou,Konstantinos,2004-01-20,F,68.0,156.3,Piraeus 49,nnikolaou697@mail.gr,Retired,Cypriot,1,ArmyFund
30000000697,Katerina,Alexiou,Ioannis,1991-01-19,F,10.2,130.7,Patras 37,kalexiou698@mail.gr,Teacher,Romanian,1,EFKA
30000000698,Eleni,Georgiou,Nikolaos,1954-11-02,F,33.8,150.8,Volos 121,egeorgiou699@mail.gr,Retired,German,1,EFKA
30000000699,Evangelia,Lazarou,Georgios,1962-06-17,F,69.8,82.2,Patras 131,elazarou700@mail.gr,Teacher,Bulgarian,1,PrivateHealth
30000000700,Natalia,Dimitriou,Dimitrios,1980-07-09,F,15.7,190.0,Larisa 39,ndimitriou701@mail.gr,Clerk,Albanian,1,EFKA
30000000701,Dimitra,Vasiliou,Nikolaos,1960-10-21,F,80.7,135.3,Larisa 100,dvasiliou702@mail.gr,Retired,Italian,1,StudentFund
30000000702,Panagiotis,Dimitriou,Konstantinos,1987-04-13,M,94.4,95.2,Athens 43,pdimitriou703@mail.gr,Clerk,Albanian,1,EFKA
30000000703,Maria,Nikolaou,Christos,1958-01-15,F,69.6,117.6,Patras 42,mnikolaou704@mail.gr,Technician,Cypriot,1,StudentFund
30000000704,Vasilis,Ioannou,Georgios,1965-02-06,M,23.5,114.0,Piraeus 99,vioannou705@mail.gr,Student,Cypriot,1,EFKA
30000000705,Vasilis,Pavlidis,Nikolaos,1936-10-10,M,12.9,122.4,Athens 116,vpavlidis706@mail.gr,Retired,Romanian,1,PrivateHealth
30000000706,Natalia,Sotiriou,Ioannis,1980-02-13,F,117.7,104.3,Larisa 121,nsotiriou707@mail.gr,Farmer,German,1,PrivateHealth
30000000707,Nikos,Papadopoulos,Ioannis,2025-08-24,M,11.3,173.4,Volos 60,npapadopoulos708@mail.gr,Lawyer,German,1,Uninsured
30000000708,Natalia,Athanasiou,Christos,1940-08-07,F,100.3,182.8,Larisa 140,nathanasiou709@mail.gr,Engineer,Italian,1,PrivateHealth
30000000709,Vasiliki,Alexiou,Nikolaos,2009-09-14,F,44.7,90.7,Larisa 76,valexiou710@mail.gr,Farmer,Cypriot,1,PrivateHealth
30000000710,Spyros,Papadopoulos,Christos,2017-02-03,M,64.6,149.0,Piraeus 97,spapadopoulos711@mail.gr,Student,Romanian,1,EFKA
30000000711,Vasiliki,Vasiliou,Panagiotis,2024-10-10,F,106.8,85.2,Larisa 112,vvasiliou712@mail.gr,Student,Albanian,1,Uninsured
30000000712,Giannis,Kostopoulos,Konstantinos,1980-07-25,M,79.4,174.4,Larisa 6,gkostopoulos713@mail.gr,Driver,Albanian,1,EFKA
30000000713,Evangelia,Theodorou,Georgios,2014-08-15,F,33.3,87.4,Athens 45,etheodorou714@mail.gr,Engineer,Cypriot,1,EFKA
30000000714,Maria,Pavlidis,Konstantinos,1992-09-16,F,116.5,188.5,Piraeus 60,mpavlidis715@mail.gr,Driver,Romanian,1,PrivateHealth
30000000715,Giorgos,Konstantinou,Dimitrios,1954-08-27,M,96.0,87.8,Patras 10,gkonstantinou716@mail.gr,Farmer,Greek,1,EFKA
30000000716,Petros,Nikolaou,Konstantinos,1960-10-10,M,23.2,108.8,Patras 89,pnikolaou717@mail.gr,Retired,Albanian,1,EFKA
30000000717,Eleni,Pavlidis,Georgios,1960-05-25,F,18.3,73.1,Larisa 39,epavlidis718@mail.gr,Engineer,Italian,1,Uninsured
30000000718,Nikos,Dimitriou,Konstantinos,2006-04-25,M,55.0,102.2,Patras 100,ndimitriou719@mail.gr,Clerk,Albanian,1,ArmyFund
30000000719,Ioanna,Vasiliou,Nikolaos,1967-07-11,F,105.2,114.6,Patras 145,ivasiliou720@mail.gr,Engineer,Cypriot,1,EFKA
30000000720,Panagiota,Papadopoulos,Georgios,1981-12-07,F,64.4,154.7,Larisa 60,ppapadopoulos721@mail.gr,Lawyer,Italian,1,StudentFund
30000000721,Giorgos,Petrou,Georgios,1936-12-19,M,20.4,119.6,Athens 82,gpetrou722@mail.gr,Teacher,Bulgarian,1,PrivateHealth
30000000722,Anna,Dimitriou,Ioannis,2014-07-03,F,113.0,80.8,Larisa 42,adimitriou723@mail.gr,Engineer,Albanian,1,EFKA
30000000723,Evangelia,Ioannou,Georgios,2020-04-14,F,66.9,106.6,Athens 124,eioannou724@mail.gr,Driver,Italian,1,EFKA
30000000724,Anna,Vasiliou,Dimitrios,2009-02-16,F,22.8,85.1,Athens 146,avasiliou725@mail.gr,Engineer,Cypriot,1,Uninsured
30000000725,Dimitra,Vasiliou,Panagiotis,2016-08-20,F,77.2,170.6,Piraeus 147,dvasiliou726@mail.gr,Lawyer,Romanian,1,StudentFund
30000000726,Giannis,Alexiou,Dimitrios,1969-03-05,M,102.0,74.7,Volos 65,galexiou727@mail.gr,Technician,Greek,1,EFKA
30000000727,Dimitra,Theodorou,Konstantinos,1949-07-10,F,39.8,152.0,Athens 108,dtheodorou728@mail.gr,Teacher,Albanian,1,StudentFund
30000000728,Petros,Pavlidis,Konstantinos,1943-03-01,M,70.0,136.6,Larisa 25,ppavlidis729@mail.gr,Driver,German,1,StudentFund
30000000729,Evangelia,Papadopoulos,Christos,1953-05-22,F,24.6,130.3,Athens 44,epapadopoulos730@mail.gr,Farmer,German,1,EFKA
30000000730,Giannis,Athanasiou,Konstantinos,2019-12-16,M,110.1,123.5,Larisa 46,gathanasiou731@mail.gr,Farmer,Greek,1,EFKA
30000000731,Chrysa,Petrou,Dimitrios,1997-10-10,F,69.3,152.9,Volos 38,cpetrou732@mail.gr,Student,Bulgarian,1,EFKA
30000000732,Andreas,Dimitriou,Christos,2016-12-04,M,93.2,177.6,Piraeus 110,adimitriou733@mail.gr,Driver,Greek,1,Uninsured
30000000733,Sofia,Pavlidis,Dimitrios,2013-06-24,F,91.8,74.8,Athens 15,spavlidis734@mail.gr,Teacher,Cypriot,1,Uninsured
30000000734,Andreas,Ioannou,Ioannis,1959-04-23,M,49.7,86.6,Volos 141,aioannou735@mail.gr,Clerk,Italian,1,StudentFund
30000000735,Panagiota,Lazarou,Panagiotis,1966-08-07,F,70.3,123.7,Patras 98,plazarou736@mail.gr,Driver,German,1,PrivateHealth
30000000736,Ioanna,Nikolaou,Nikolaos,1938-03-24,F,113.6,90.9,Larisa 113,inikolaou737@mail.gr,Student,Bulgarian,1,EFKA
30000000737,Stavros,Vasiliou,Christos,2001-04-06,M,15.8,74.6,Patras 3,svasiliou738@mail.gr,Student,Romanian,1,EFKA
30000000738,Michalis,Nikolaou,Georgios,1947-01-07,M,58.2,98.1,Patras 133,mnikolaou739@mail.gr,Student,Italian,1,EFKA
30000000739,Christos,Nikolaou,Konstantinos,2004-08-07,M,106.7,164.6,Patras 54,cnikolaou740@mail.gr,Teacher,Cypriot,1,ArmyFund
30000000740,Natalia,Dimitriou,Ioannis,1975-07-01,F,52.3,138.7,Volos 110,ndimitriou741@mail.gr,Student,German,1,StudentFund
30000000741,Stavros,Dimitriou,Konstantinos,1985-07-10,M,73.9,192.1,Volos 58,sdimitriou742@mail.gr,Lawyer,Albanian,1,StudentFund
30000000742,Michalis,Theodorou,Panagiotis,2000-03-24,M,49.6,170.7,Volos 129,mtheodorou743@mail.gr,Clerk,German,1,PrivateHealth
30000000743,Eleni,Petrou,Nikolaos,2002-07-01,F,88.5,143.6,Larisa 122,epetrou744@mail.gr,Driver,Italian,1,PrivateHealth
30000000744,Vasiliki,Dimitriou,Konstantinos,2004-10-10,F,114.4,184.1,Volos 14,vdimitriou745@mail.gr,Engineer,Cypriot,1,EFKA
30000000745,Georgia,Petrou,Dimitrios,1939-11-07,F,76.4,129.5,Larisa 137,gpetrou746@mail.gr,Retired,Italian,1,StudentFund
30000000746,Anna,Petrou,Nikolaos,1951-02-20,F,107.7,122.5,Athens 141,apetrou747@mail.gr,Technician,Albanian,1,EFKA
30000000747,Vasiliki,Athanasiou,Konstantinos,1935-12-09,F,105.1,135.2,Athens 80,vathanasiou748@mail.gr,Clerk,Bulgarian,1,EFKA
30000000748,Giannis,Theodorou,Konstantinos,1948-09-19,M,67.0,87.8,Larisa 137,gtheodorou749@mail.gr,Engineer,Greek,1,StudentFund
30000000749,Stavros,Alexiou,Ioannis,1986-05-25,M,40.3,114.9,Patras 105,salexiou750@mail.gr,Teacher,Greek,1,EFKA
30000000750,Michalis,Petrou,Konstantinos,1965-08-10,M,37.8,78.8,Patras 45,mpetrou751@mail.gr,Engineer,Italian,1,ArmyFund
30000000751,Anastasia,Lazarou,Panagiotis,2018-10-20,F,103.1,108.2,Patras 44,alazarou752@mail.gr,Retired,German,1,EFKA
30000000752,Andreas,Athanasiou,Dimitrios,2004-02-01,M,31.6,75.1,Volos 68,aathanasiou753@mail.gr,Driver,Greek,1,EFKA
30000000753,Anna,Ioannou,Dimitrios,1938-09-20,F,95.0,111.7,Patras 13,aioannou754@mail.gr,Retired,Cypriot,1,PrivateHealth
30000000754,Chrysa,Alexiou,Nikolaos,1995-11-11,F,35.5,146.0,Patras 46,calexiou755@mail.gr,Technician,Greek,1,Uninsured
30000000755,Nikos,Pavlidis,Christos,2023-11-25,M,41.9,127.1,Patras 3,npavlidis756@mail.gr,Engineer,Albanian,1,PrivateHealth
30000000756,Marios,Sotiriou,Ioannis,2014-12-13,M,109.0,188.1,Piraeus 2,msotiriou757@mail.gr,Teacher,Romanian,1,EFKA
30000000757,Ioanna,Papadopoulos,Ioannis,1989-07-06,F,117.8,113.0,Volos 22,ipapadopoulos758@mail.gr,Student,Italian,1,StudentFund
30000000758,Georgia,Theodorou,Christos,1940-11-03,F,69.6,125.6,Patras 66,gtheodorou759@mail.gr,Retired,Greek,1,EFKA
30000000759,Eleni,Dimitriou,Christos,1973-07-14,F,59.1,188.3,Patras 122,edimitriou760@mail.gr,Technician,Greek,1,EFKA
30000000760,Ioanna,Konstantinou,Christos,1996-04-15,F,35.5,164.5,Piraeus 83,ikonstantinou761@mail.gr,Lawyer,Cypriot,1,PrivateHealth
30000000761,Giannis,Athanasiou,Georgios,1991-06-13,M,61.5,141.4,Patras 146,gathanasiou762@mail.gr,Student,Bulgarian,1,PrivateHealth
30000000762,Vasilis,Ioannou,Konstantinos,2009-10-27,M,33.1,156.9,Patras 148,vioannou763@mail.gr,Farmer,Greek,1,Uninsured
30000000763,Nikos,Nikolaou,Konstantinos,2015-04-18,M,67.0,93.6,Larisa 114,nnikolaou764@mail.gr,Engineer,German,1,EFKA
30000000764,Dimitris,Petrou,Nikolaos,2016-06-02,M,34.2,165.2,Piraeus 23,dpetrou765@mail.gr,Driver,Bulgarian,1,StudentFund
30000000765,Spyros,Vasiliou,Dimitrios,1998-03-24,M,81.4,194.8,Larisa 5,svasiliou766@mail.gr,Technician,German,1,StudentFund
30000000766,Katerina,Dimitriou,Panagiotis,1984-11-02,F,66.9,89.9,Larisa 9,kdimitriou767@mail.gr,Teacher,Bulgarian,1,EFKA
30000000767,Katerina,Lazarou,Panagiotis,1938-12-27,F,102.2,171.5,Piraeus 139,klazarou768@mail.gr,Technician,Albanian,1,StudentFund
30000000768,Maria,Athanasiou,Georgios,1996-11-18,F,95.7,132.7,Larisa 79,mathanasiou769@mail.gr,Engineer,Bulgarian,1,StudentFund
30000000769,Andreas,Konstantinou,Dimitrios,2018-06-20,M,72.0,180.4,Larisa 14,akonstantinou770@mail.gr,Clerk,Romanian,1,EFKA
30000000770,Nikos,Alexiou,Panagiotis,1994-03-24,M,26.4,192.9,Volos 80,nalexiou771@mail.gr,Farmer,Italian,1,EFKA
30000000771,Anastasia,Pavlidis,Dimitrios,1948-10-26,F,66.6,128.8,Athens 146,apavlidis772@mail.gr,Technician,Romanian,1,StudentFund
30000000772,Chrysa,Papadopoulos,Dimitrios,1981-08-22,F,25.9,80.4,Piraeus 105,cpapadopoulos773@mail.gr,Teacher,Bulgarian,1,EFKA
30000000773,Maria,Athanasiou,Ioannis,2016-06-24,F,78.5,78.3,Athens 70,mathanasiou774@mail.gr,Clerk,Cypriot,1,EFKA
30000000774,Christos,Dimitriou,Konstantinos,1937-09-09,M,84.8,148.4,Patras 32,cdimitriou775@mail.gr,Farmer,Greek,1,PrivateHealth
30000000775,Vasilis,Theodorou,Georgios,2018-07-16,M,43.8,95.4,Athens 96,vtheodorou776@mail.gr,Clerk,Greek,1,PrivateHealth
30000000776,Spyros,Petrou,Christos,1965-06-20,M,56.3,139.3,Larisa 82,spetrou777@mail.gr,Technician,Bulgarian,1,EFKA
30000000777,Anastasia,Kostopoulos,Dimitrios,1982-08-28,F,32.2,173.7,Athens 97,akostopoulos778@mail.gr,Farmer,Albanian,1,EFKA
30000000778,Michalis,Ioannou,Dimitrios,1958-05-08,M,24.2,132.1,Larisa 43,mioannou779@mail.gr,Teacher,Romanian,1,EFKA
30000000779,Georgia,Kostopoulos,Nikolaos,1986-11-27,F,23.7,97.7,Larisa 72,gkostopoulos780@mail.gr,Student,Romanian,1,EFKA
30000000780,Katerina,Konstantinou,Christos,1947-11-28,F,117.7,90.3,Patras 2,kkonstantinou781@mail.gr,Retired,Albanian,1,EFKA
30000000781,Andreas,Petrou,Ioannis,1948-10-24,M,37.2,73.5,Larisa 9,apetrou782@mail.gr,Technician,Romanian,1,StudentFund
30000000782,Maria,Theodorou,Konstantinos,2007-05-05,F,88.5,148.0,Athens 33,mtheodorou783@mail.gr,Retired,Greek,1,StudentFund
30000000783,Natalia,Ioannou,Panagiotis,1940-04-08,F,9.7,115.8,Athens 60,nioannou784@mail.gr,Driver,Bulgarian,1,EFKA
30000000784,Giannis,Theodorou,Panagiotis,1961-12-28,M,30.0,77.5,Piraeus 148,gtheodorou785@mail.gr,Teacher,Bulgarian,1,StudentFund
30000000785,Andreas,Athanasiou,Dimitrios,1955-11-16,M,104.1,165.7,Volos 111,aathanasiou786@mail.gr,Student,Italian,1,Uninsured
30000000786,Christos,Lazarou,Christos,1984-06-17,M,80.3,105.8,Volos 58,clazarou787@mail.gr,Student,Italian,1,EFKA
30000000787,Dimitris,Konstantinou,Nikolaos,2017-12-28,M,98.3,185.7,Patras 57,dkonstantinou788@mail.gr,Retired,Romanian,1,StudentFund
30000000788,Stavros,Georgiou,Panagiotis,1937-12-26,M,27.5,179.4,Piraeus 57,sgeorgiou789@mail.gr,Farmer,Romanian,1,EFKA
30000000789,Kostas,Lazarou,Panagiotis,1940-07-15,M,13.3,137.9,Volos 2,klazarou790@mail.gr,Engineer,Bulgarian,1,EFKA
30000000790,Panagiota,Petrou,Panagiotis,1992-01-21,F,19.9,141.3,Volos 64,ppetrou791@mail.gr,Engineer,Cypriot,1,StudentFund
30000000791,Giannis,Alexiou,Panagiotis,1974-06-04,M,33.4,106.4,Volos 9,galexiou792@mail.gr,Lawyer,German,1,StudentFund
30000000792,Christos,Nikolaou,Georgios,1964-06-17,M,66.1,182.0,Volos 129,cnikolaou793@mail.gr,Engineer,Albanian,1,EFKA
30000000793,Ioanna,Ioannou,Georgios,2004-11-07,F,10.9,165.6,Athens 131,iioannou794@mail.gr,Teacher,Greek,1,EFKA
30000000794,Dimitris,Konstantinou,Ioannis,1949-03-01,M,56.3,113.7,Piraeus 34,dkonstantinou795@mail.gr,Driver,Italian,1,StudentFund
30000000795,Maria,Kostopoulos,Panagiotis,1992-04-22,F,112.5,96.0,Volos 96,mkostopoulos796@mail.gr,Retired,Romanian,1,EFKA
30000000796,Sofia,Vasiliou,Georgios,1975-12-11,F,14.2,165.6,Larisa 122,svasiliou797@mail.gr,Retired,Romanian,1,PrivateHealth
30000000797,Nikos,Lazarou,Ioannis,2002-01-04,M,113.1,155.6,Volos 25,nlazarou798@mail.gr,Clerk,Bulgarian,1,EFKA
30000000798,Evangelia,Konstantinou,Ioannis,2003-02-21,F,91.2,105.4,Volos 59,ekonstantinou799@mail.gr,Student,Bulgarian,1,EFKA
30000000799,Giorgos,Kostopoulos,Ioannis,1944-08-25,M,44.8,182.2,Volos 16,gkostopoulos800@mail.gr,Lawyer,Romanian,1,EFKA
30000000800,Evangelia,Dimitriou,Konstantinos,1978-07-11,F,50.4,188.6,Volos 89,edimitriou801@mail.gr,Student,Cypriot,1,Uninsured
30000000801,Eleni,Ioannou,Konstantinos,1959-10-11,F,84.6,102.9,Volos 150,eioannou802@mail.gr,Driver,Bulgarian,1,EFKA
30000000802,Andreas,Alexiou,Christos,1998-04-22,M,100.6,175.9,Patras 4,aalexiou803@mail.gr,Student,Cypriot,1,Uninsured
30000000803,Panagiotis,Konstantinou,Konstantinos,2021-01-04,M,43.2,119.6,Larisa 149,pkonstantinou804@mail.gr,Engineer,Bulgarian,1,EFKA
30000000804,Anastasia,Ioannou,Dimitrios,1999-10-11,F,82.7,132.2,Larisa 75,aioannou805@mail.gr,Engineer,German,1,ArmyFund
30000000805,Kostas,Sotiriou,Dimitrios,1964-03-19,M,118.8,130.8,Piraeus 145,ksotiriou806@mail.gr,Clerk,Romanian,1,Uninsured
30000000806,Christos,Sotiriou,Nikolaos,2015-09-04,M,43.1,141.5,Athens 45,csotiriou807@mail.gr,Farmer,Italian,1,PrivateHealth
30000000807,Vasiliki,Konstantinou,Georgios,1954-12-22,F,81.8,123.4,Athens 57,vkonstantinou808@mail.gr,Driver,Bulgarian,1,PrivateHealth
30000000808,Evangelia,Lazarou,Ioannis,2015-03-11,F,19.3,129.8,Larisa 21,elazarou809@mail.gr,Student,German,1,Uninsured
30000000809,Anna,Dimitriou,Panagiotis,1956-01-05,F,87.8,126.0,Athens 38,adimitriou810@mail.gr,Engineer,Bulgarian,1,EFKA
30000000810,Dimitra,Papadopoulos,Christos,1934-04-20,F,75.4,142.1,Larisa 88,dpapadopoulos811@mail.gr,Driver,Greek,1,EFKA
30000000811,Stavros,Dimitriou,Ioannis,1966-10-26,M,54.9,134.7,Larisa 19,sdimitriou812@mail.gr,Driver,German,1,EFKA
30000000812,Anastasia,Pavlidis,Konstantinos,1964-12-24,F,105.0,95.1,Volos 115,apavlidis813@mail.gr,Retired,Italian,1,StudentFund
30000000813,Panagiotis,Kostopoulos,Nikolaos,2021-04-27,M,10.4,190.2,Athens 98,pkostopoulos814@mail.gr,Farmer,Albanian,1,EFKA
30000000814,Eleni,Sotiriou,Ioannis,1977-05-02,F,32.1,170.1,Volos 81,esotiriou815@mail.gr,Student,Greek,1,ArmyFund
30000000815,Georgia,Ioannou,Konstantinos,1972-06-19,F,76.3,120.9,Piraeus 92,gioannou816@mail.gr,Teacher,Romanian,1,EFKA
30000000816,Katerina,Konstantinou,Panagiotis,1972-04-12,F,37.6,170.9,Volos 74,kkonstantinou817@mail.gr,Teacher,Cypriot,1,EFKA
30000000817,Nikos,Georgiou,Dimitrios,1962-02-13,M,39.0,107.7,Larisa 92,ngeorgiou818@mail.gr,Technician,Italian,1,PrivateHealth
30000000818,Evangelia,Lazarou,Panagiotis,2013-03-22,F,94.5,148.6,Volos 104,elazarou819@mail.gr,Lawyer,Italian,1,EFKA
30000000819,Georgia,Sotiriou,Panagiotis,2015-09-28,F,18.2,113.5,Piraeus 23,gsotiriou820@mail.gr,Lawyer,Cypriot,1,PrivateHealth
30000000820,Chrysa,Ioannou,Dimitrios,1993-01-13,F,17.9,162.2,Volos 60,cioannou821@mail.gr,Retired,Romanian,1,StudentFund
30000000821,Spyros,Vasiliou,Dimitrios,2010-08-27,M,27.3,116.2,Larisa 7,svasiliou822@mail.gr,Retired,Cypriot,1,EFKA
30000000822,Natalia,Papadopoulos,Nikolaos,1988-02-28,F,98.0,99.3,Patras 16,npapadopoulos823@mail.gr,Clerk,Albanian,1,EFKA
30000000823,Vasilis,Alexiou,Nikolaos,2023-01-20,M,78.6,120.1,Athens 108,valexiou824@mail.gr,Technician,Romanian,1,EFKA
30000000824,Nikos,Nikolaou,Panagiotis,2001-02-17,M,81.5,162.3,Volos 138,nnikolaou825@mail.gr,Teacher,Albanian,1,EFKA
30000000825,Natalia,Georgiou,Konstantinos,2023-11-16,F,101.2,172.4,Patras 138,ngeorgiou826@mail.gr,Clerk,Greek,1,EFKA
30000000826,Chrysa,Lazarou,Georgios,1965-12-25,F,35.0,106.8,Volos 143,clazarou827@mail.gr,Technician,Italian,1,PrivateHealth
30000000827,Maria,Ioannou,Nikolaos,1996-07-01,F,95.2,103.8,Piraeus 14,mioannou828@mail.gr,Retired,German,1,ArmyFund
30000000828,Marios,Alexiou,Ioannis,1971-12-13,M,84.5,155.9,Athens 6,malexiou829@mail.gr,Teacher,Greek,1,EFKA
30000000829,Vasilis,Papadopoulos,Nikolaos,1959-10-03,M,17.9,148.8,Volos 67,vpapadopoulos830@mail.gr,Clerk,Romanian,1,PrivateHealth
30000000830,Evangelia,Papadopoulos,Georgios,2005-10-09,F,88.0,169.7,Athens 81,epapadopoulos831@mail.gr,Farmer,Albanian,1,PrivateHealth
30000000831,Georgia,Georgiou,Dimitrios,2019-07-11,F,84.8,157.5,Patras 43,ggeorgiou832@mail.gr,Engineer,Cypriot,1,EFKA
30000000832,Natalia,Nikolaou,Nikolaos,2003-01-16,F,80.0,83.7,Patras 22,nnikolaou833@mail.gr,Engineer,Cypriot,1,EFKA
30000000833,Dimitris,Alexiou,Konstantinos,1968-06-03,M,10.7,159.5,Patras 131,dalexiou834@mail.gr,Student,German,1,EFKA
30000000834,Eleni,Petrou,Dimitrios,1955-03-18,F,110.2,84.8,Volos 57,epetrou835@mail.gr,Farmer,Italian,1,EFKA
30000000835,Dimitris,Petrou,Dimitrios,1985-04-20,M,92.7,153.8,Patras 128,dpetrou836@mail.gr,Engineer,Albanian,1,PrivateHealth
30000000836,Evangelia,Athanasiou,Christos,1939-04-26,F,76.4,151.4,Athens 9,eathanasiou837@mail.gr,Retired,Cypriot,1,StudentFund
30000000837,Georgia,Vasiliou,Panagiotis,1941-11-06,F,25.9,143.4,Athens 61,gvasiliou838@mail.gr,Retired,Bulgarian,1,EFKA
30000000838,Eleni,Ioannou,Ioannis,2004-06-16,F,90.1,135.1,Patras 65,eioannou839@mail.gr,Farmer,Romanian,1,Uninsured
30000000839,Marios,Ioannou,Panagiotis,1993-07-27,M,105.1,146.2,Volos 87,mioannou840@mail.gr,Retired,Romanian,1,PrivateHealth
30000000840,Natalia,Kostopoulos,Konstantinos,1950-03-22,F,39.0,112.7,Piraeus 18,nkostopoulos841@mail.gr,Clerk,Italian,1,PrivateHealth
30000000841,Dimitra,Kostopoulos,Ioannis,2020-05-25,F,87.7,97.1,Patras 45,dkostopoulos842@mail.gr,Lawyer,Cypriot,1,EFKA
30000000842,Katerina,Papadopoulos,Panagiotis,1947-05-14,F,90.9,88.2,Athens 45,kpapadopoulos843@mail.gr,Clerk,German,1,ArmyFund
30000000843,Michalis,Sotiriou,Konstantinos,1994-12-21,M,42.9,87.6,Athens 25,msotiriou844@mail.gr,Farmer,Bulgarian,1,EFKA
30000000844,Ioanna,Konstantinou,Nikolaos,1982-04-08,F,115.6,128.9,Larisa 128,ikonstantinou845@mail.gr,Farmer,Greek,1,ArmyFund
30000000845,Georgia,Papadopoulos,Nikolaos,1954-01-04,F,91.7,164.1,Volos 16,gpapadopoulos846@mail.gr,Student,Albanian,1,StudentFund
30000000846,Kostas,Kostopoulos,Dimitrios,1993-02-11,M,105.1,137.9,Piraeus 23,kkostopoulos847@mail.gr,Engineer,Bulgarian,1,EFKA
30000000847,Spyros,Theodorou,Georgios,2016-11-28,M,66.9,137.3,Piraeus 112,stheodorou848@mail.gr,Lawyer,Romanian,1,PrivateHealth
30000000848,Petros,Ioannou,Panagiotis,1988-11-28,M,86.2,120.9,Piraeus 87,pioannou849@mail.gr,Farmer,German,1,PrivateHealth
30000000849,Marios,Dimitriou,Nikolaos,2008-11-05,M,51.4,124.0,Athens 123,mdimitriou850@mail.gr,Teacher,Greek,1,EFKA
30000000850,Giannis,Theodorou,Dimitrios,2023-07-20,M,72.8,135.3,Piraeus 115,gtheodorou851@mail.gr,Lawyer,Italian,1,EFKA
30000000851,Andreas,Athanasiou,Dimitrios,1940-04-19,M,52.8,134.4,Patras 16,aathanasiou852@mail.gr,Retired,Cypriot,1,Uninsured
30000000852,Evangelia,Petrou,Dimitrios,1962-11-20,F,110.5,77.8,Athens 149,epetrou853@mail.gr,Teacher,German,1,EFKA
30000000853,Panagiotis,Alexiou,Nikolaos,1959-09-16,M,53.2,77.5,Volos 13,palexiou854@mail.gr,Teacher,Greek,1,EFKA
30000000854,Christos,Petrou,Georgios,1965-12-24,M,31.3,109.8,Volos 148,cpetrou855@mail.gr,Retired,Romanian,1,EFKA
30000000855,Michalis,Dimitriou,Georgios,2000-11-24,M,58.5,151.8,Piraeus 120,mdimitriou856@mail.gr,Lawyer,Bulgarian,1,EFKA
30000000856,Petros,Ioannou,Ioannis,2025-12-01,M,9.9,72.5,Volos 130,pioannou857@mail.gr,Farmer,Romanian,1,EFKA
30000000857,Dimitris,Vasiliou,Panagiotis,2024-01-28,M,62.2,184.6,Volos 21,dvasiliou858@mail.gr,Lawyer,Albanian,1,EFKA
30000000858,Stavros,Lazarou,Ioannis,2009-06-04,M,109.1,148.9,Volos 92,slazarou859@mail.gr,Farmer,Bulgarian,1,EFKA
30000000859,Andreas,Kostopoulos,Ioannis,1943-10-18,M,39.6,125.8,Piraeus 138,akostopoulos860@mail.gr,Lawyer,Italian,1,Uninsured
30000000860,Georgia,Lazarou,Dimitrios,1981-08-27,F,16.1,192.9,Larisa 115,glazarou861@mail.gr,Clerk,Bulgarian,1,StudentFund
30000000861,Anna,Ioannou,Ioannis,1998-06-04,F,96.0,122.3,Athens 105,aioannou862@mail.gr,Lawyer,Romanian,1,PrivateHealth
30000000862,Sofia,Ioannou,Panagiotis,1983-12-12,F,31.3,146.2,Patras 86,sioannou863@mail.gr,Clerk,Greek,1,EFKA
30000000863,Natalia,Petrou,Nikolaos,1949-06-25,F,69.1,133.6,Athens 12,npetrou864@mail.gr,Teacher,Cypriot,1,PrivateHealth
30000000864,Kostas,Konstantinou,Konstantinos,2010-10-25,M,101.9,175.4,Patras 41,kkonstantinou865@mail.gr,Driver,Bulgarian,1,ArmyFund
30000000865,Spyros,Alexiou,Konstantinos,1960-10-23,M,22.4,170.0,Volos 50,salexiou866@mail.gr,Driver,Italian,1,EFKA
30000000866,Ioanna,Lazarou,Georgios,1946-03-23,F,87.1,170.3,Athens 34,ilazarou867@mail.gr,Student,Italian,1,EFKA
30000000867,Michalis,Pavlidis,Panagiotis,1988-11-24,M,116.1,133.8,Piraeus 142,mpavlidis868@mail.gr,Farmer,Albanian,1,EFKA
30000000868,Natalia,Dimitriou,Ioannis,1962-06-16,F,88.2,101.4,Larisa 121,ndimitriou869@mail.gr,Teacher,Albanian,1,PrivateHealth
30000000869,Kostas,Dimitriou,Panagiotis,1974-04-04,M,11.6,93.7,Piraeus 138,kdimitriou870@mail.gr,Clerk,Albanian,1,EFKA
30000000870,Petros,Ioannou,Panagiotis,1993-01-13,M,108.3,85.7,Larisa 28,pioannou871@mail.gr,Clerk,German,1,StudentFund
30000000871,Anastasia,Alexiou,Ioannis,1950-01-27,F,103.8,97.0,Volos 69,aalexiou872@mail.gr,Retired,Cypriot,1,Uninsured
30000000872,Anastasia,Vasiliou,Panagiotis,1976-03-22,F,105.8,168.3,Piraeus 30,avasiliou873@mail.gr,Lawyer,German,1,PrivateHealth
30000000873,Petros,Sotiriou,Christos,1951-06-07,M,24.8,99.4,Larisa 86,psotiriou874@mail.gr,Farmer,Italian,1,ArmyFund
30000000874,Giorgos,Konstantinou,Christos,1951-11-11,M,40.9,98.3,Volos 42,gkonstantinou875@mail.gr,Farmer,German,1,EFKA
30000000875,Katerina,Theodorou,Konstantinos,1948-06-25,F,35.6,180.1,Larisa 29,ktheodorou876@mail.gr,Retired,Cypriot,1,Uninsured
30000000876,Giorgos,Ioannou,Georgios,2022-07-17,M,87.9,161.9,Piraeus 63,gioannou877@mail.gr,Retired,Romanian,1,Uninsured
30000000877,Nikos,Sotiriou,Panagiotis,1978-11-20,M,12.3,102.5,Athens 35,nsotiriou878@mail.gr,Technician,Greek,1,EFKA
30000000878,Natalia,Petrou,Dimitrios,2008-11-25,F,83.4,78.7,Volos 144,npetrou879@mail.gr,Farmer,Cypriot,1,EFKA
30000000879,Dimitris,Dimitriou,Nikolaos,1951-07-05,M,38.3,76.3,Patras 126,ddimitriou880@mail.gr,Clerk,German,1,ArmyFund
30000000880,Andreas,Ioannou,Georgios,1964-07-11,M,61.2,74.5,Volos 80,aioannou881@mail.gr,Clerk,German,1,EFKA
30000000881,Sofia,Dimitriou,Nikolaos,1963-04-22,F,114.6,168.2,Volos 13,sdimitriou882@mail.gr,Engineer,Albanian,1,EFKA
30000000882,Marios,Ioannou,Dimitrios,1980-05-13,M,11.3,194.7,Larisa 56,mioannou883@mail.gr,Lawyer,German,1,EFKA
30000000883,Panagiotis,Vasiliou,Ioannis,1963-09-08,M,118.3,80.4,Volos 96,pvasiliou884@mail.gr,Driver,Romanian,1,EFKA
30000000884,Katerina,Petrou,Ioannis,1947-04-28,F,15.4,110.2,Piraeus 3,kpetrou885@mail.gr,Student,Greek,1,EFKA
30000000885,Kostas,Papadopoulos,Panagiotis,1985-02-01,M,85.3,145.8,Piraeus 80,kpapadopoulos886@mail.gr,Farmer,Greek,1,Uninsured
30000000886,Christos,Vasiliou,Panagiotis,2001-11-28,M,92.7,124.9,Athens 132,cvasiliou887@mail.gr,Technician,Greek,1,EFKA
30000000887,Katerina,Theodorou,Dimitrios,1937-12-09,F,106.5,180.0,Athens 26,ktheodorou888@mail.gr,Engineer,Cypriot,1,EFKA
30000000888,Sofia,Theodorou,Dimitrios,1965-11-20,F,16.6,112.9,Piraeus 44,stheodorou889@mail.gr,Student,Romanian,1,StudentFund
30000000889,Vasilis,Pavlidis,Dimitrios,1945-03-12,M,28.5,105.3,Patras 42,vpavlidis890@mail.gr,Lawyer,Romanian,1,EFKA
30000000890,Christos,Kostopoulos,Konstantinos,1958-06-11,M,115.9,100.8,Athens 29,ckostopoulos891@mail.gr,Clerk,Italian,1,PrivateHealth
30000000891,Katerina,Vasiliou,Panagiotis,2002-05-01,F,79.6,113.2,Volos 128,kvasiliou892@mail.gr,Lawyer,Cypriot,1,EFKA
30000000892,Stavros,Kostopoulos,Ioannis,2020-03-14,M,40.4,92.1,Larisa 122,skostopoulos893@mail.gr,Technician,Cypriot,1,EFKA
30000000893,Chrysa,Dimitriou,Konstantinos,1974-08-26,F,22.4,125.1,Athens 67,cdimitriou894@mail.gr,Teacher,Cypriot,1,Uninsured
30000000894,Andreas,Lazarou,Georgios,2010-10-17,M,46.8,81.0,Volos 5,alazarou895@mail.gr,Lawyer,German,1,ArmyFund
30000000895,Michalis,Petrou,Georgios,1972-09-12,M,94.3,116.3,Volos 71,mpetrou896@mail.gr,Clerk,Cypriot,1,EFKA
30000000896,Giannis,Ioannou,Ioannis,2007-06-23,M,60.2,140.5,Larisa 81,gioannou897@mail.gr,Technician,Cypriot,1,PrivateHealth
30000000897,Giorgos,Vasiliou,Christos,2012-12-05,M,47.5,96.6,Larisa 68,gvasiliou898@mail.gr,Driver,Romanian,1,PrivateHealth
30000000898,Evangelia,Kostopoulos,Dimitrios,1955-09-01,F,59.7,149.4,Athens 44,ekostopoulos899@mail.gr,Clerk,Romanian,1,EFKA
30000000899,Ioanna,Nikolaou,Nikolaos,1992-01-22,F,105.3,155.4,Piraeus 4,inikolaou900@mail.gr,Technician,Italian,1,StudentFund
