PrescriptionID,HospitalizationID,DoctorAMK,DrugID,Dosage,frequency,PrescriptionDate,StartDate,EndDate
1,2821,10000000259,1121,1 capsule,QD,2025-06-20,2025-06-20,2025-06-20
2,2821,10000000240,33024,1 capsule,Q6H,2025-06-20,2025-06-20,2025-06-20
3,713,10000000093,7460,1 capsule,Q6H,2025-08-24,2025-08-24,2025-08-26
4,713,10000000089,282,1 tablet,Q8H,2025-08-24,2025-08-24,2025-08-27
5,761,10000000148,421,40 mg,BID,2026-09-24,2026-09-24,2026-09-28
6,761,10000000151,118,1 tablet,QD,2026-09-24,2026-09-24,2026-09-28
7,2380,10000000139,59,500 mg,TID,2026-03-11,2026-03-11,2026-03-18
8,2380,10000000125,236,40 mg,TID,2026-03-11,2026-03-11,2026-03-14
9,183,10000000291,145,1 capsule,TID,2025-02-22,2025-02-22,2025-02-24
10,183,10000000297,100,500 mg,TID,2025-02-22,2025-02-22,2025-02-27
11,447,10000000176,29,1 tablet,Q8H,2025-11-22,2025-11-22,2025-11-24
12,447,10000000169,160,1 vial,TID,2025-11-22,2025-11-22,2025-11-26
13,3017,10000000271,367,500 mg,TID,2026-12-24,2026-12-24,2026-12-29
14,3017,10000000267,208,1 tablet,TID,2026-12-24,2026-12-24,2026-12-31
15,1777,10000000062,19,500 mg,Q6H,2026-07-08,2026-07-08,2026-07-14
16,1777,10000000076,44,40 mg,TID,2026-07-08,2026-07-08,2026-07-14
17,695,10000000026,35038,1 capsule,BID,2026-07-06,2026-07-06,2026-07-09
18,695,10000000020,244,1 tablet,BID,2026-07-06,2026-07-06,2026-07-09
19,3095,10000000039,45,1 vial,QD,2026-03-06,2026-03-06,2026-03-06
20,3095,10000000032,33024,1 capsule,Q6H,2026-03-06,2026-03-06,2026-03-06
21,2618,10000000097,257,1 tablet,TID,2026-11-09,2026-11-09,2026-11-10
22,2618,10000000095,72,40 mg,QD,2026-11-09,2026-11-09,2026-11-10
23,2634,10000000107,435,40 mg,TID,2025-12-25,2025-12-25,2026-01-02
24,2634,10000000118,216,1 vial,BID,2025-12-25,2025-12-25,2025-12-29
25,3146,10000000140,199,1 tablet,Q8H,2025-05-09,2025-05-09,2025-05-15
26,3146,10000000151,250,500 mg,Q8H,2025-05-09,2025-05-09,2025-05-15
27,324,10000000105,369,1 tablet,BID,2025-07-19,2025-07-19,2025-07-27
28,324,10000000113,49516,1 capsule,Q6H,2025-07-19,2025-07-19,2025-07-22
29,2400,10000000228,225,1 tablet,QD,2025-04-07,2025-04-07,2025-04-09
30,2400,10000000226,12638,40 mg,Q6H,2025-04-07,2025-04-07,2025-04-11
31,3436,10000000252,297,40 mg,BID,2026-02-11,2026-02-11,2026-02-15
32,3436,10000000242,250,1 tablet,QD,2026-02-11,2026-02-11,2026-02-15
33,2147,10000000262,117,40 mg,BID,2026-07-18,2026-07-18,2026-07-23
34,2147,10000000279,212,1 vial,BID,2026-07-18,2026-07-18,2026-07-22
35,800,10000000022,169,500 mg,BID,2025-11-15,2025-11-15,2025-11-18
36,800,10000000024,160,500 mg,Q6H,2025-11-15,2025-11-15,2025-11-17
37,5,10000000189,1146,40 mg,Q6H,2025-01-09,2025-01-09,2025-01-13
38,5,10000000192,194,1 tablet,Q6H,2025-01-09,2025-01-09,2025-01-13
39,1557,10000000162,19,1 tablet,Q6H,2025-12-04,2025-12-04,2025-12-09
40,1557,10000000176,240,500 mg,Q6H,2025-12-04,2025-12-04,2025-12-08
41,1109,10000000207,35041,1 tablet,BID,2025-09-12,2025-09-12,2025-09-18
42,1109,10000000204,174,40 mg,Q8H,2025-09-12,2025-09-12,2025-09-20
43,2460,10000000231,185,40 mg,Q8H,2025-06-19,2025-06-19,2025-06-24
44,2460,10000000221,278,500 mg,QD,2025-06-19,2025-06-19,2025-06-24
45,2465,10000000026,229,1 capsule,Q8H,2026-06-24,2026-06-24,2026-07-01
46,2465,10000000039,408,500 mg,Q8H,2026-06-24,2026-06-24,2026-06-30
47,521,10000000159,1,1 vial,BID,2026-01-24,2026-01-24,2026-01-29
48,521,10000000149,370,1 vial,QD,2026-01-24,2026-01-24,2026-01-31
49,759,10000000108,255,1 vial,QD,2026-09-22,2026-09-22,2026-09-23
50,759,10000000102,250,40 mg,Q8H,2026-09-22,2026-09-22,2026-09-23
51,2407,10000000062,187,1 tablet,QD,2026-04-14,2026-04-14,2026-04-19
52,2407,10000000073,16,1 tablet,QD,2026-04-14,2026-04-14,2026-04-19
53,2931,10000000059,35039,1 capsule,TID,2025-10-10,2025-10-10,2025-10-12
54,2931,10000000053,356,1 capsule,BID,2025-10-10,2025-10-10,2025-10-12
55,1532,10000000273,45,1 capsule,TID,2025-11-03,2025-11-03,2025-11-04
56,1532,10000000273,19200,1 tablet,Q6H,2025-11-03,2025-11-03,2025-11-04
57,1290,10000000227,201,1 vial,QD,2025-03-25,2025-03-25,2025-04-01
58,1290,10000000230,408,1 capsule,Q8H,2025-03-25,2025-03-25,2025-04-02
59,2754,10000000104,267,40 mg,BID,2025-04-25,2025-04-25,2025-04-28
60,2754,10000000104,216,1 tablet,QD,2025-04-25,2025-04-25,2025-05-03
61,535,10000000125,45,40 mg,BID,2025-02-14,2025-02-14,2025-02-16
62,535,10000000126,222,40 mg,BID,2025-02-14,2025-02-14,2025-02-19
63,3267,10000000179,369,1 tablet,BID,2025-09-10,2025-09-10,2025-09-17
64,3267,10000000168,296,1 capsule,TID,2025-09-10,2025-09-10,2025-09-13
65,774,10000000103,337,500 mg,Q8H,2025-10-13,2025-10-13,2025-10-20
66,774,10000000102,356,500 mg,Q6H,2025-10-13,2025-10-13,2025-10-18
67,2591,10000000158,325,1 vial,Q8H,2026-10-06,2026-10-06,2026-10-12
68,2591,10000000144,208,500 mg,Q8H,2026-10-06,2026-10-06,2026-10-12
69,3050,10000000033,215,1 tablet,QD,2025-02-09,2025-02-09,2025-02-12
70,3050,10000000038,408,1 capsule,TID,2025-02-09,2025-02-09,2025-02-11
71,3079,10000000013,99,40 mg,Q6H,2025-03-14,2025-03-14,2025-03-19
72,3079,10000000005,132,1 vial,Q8H,2025-03-14,2025-03-14,2025-03-18
73,3500,10000000028,367,1 vial,Q6H,2025-05-03,2025-05-03,2025-05-10
74,3500,10000000030,404,1 vial,QD,2025-05-03,2025-05-03,2025-05-11
75,965,10000000024,313,40 mg,QD,2026-04-12,2026-04-12,2026-04-16
76,965,10000000023,2,1 tablet,TID,2026-04-12,2026-04-12,2026-04-14
77,2797,10000000061,113,1 vial,Q6H,2026-05-20,2026-05-20,2026-05-22
78,2797,10000000067,412,40 mg,TID,2026-05-20,2026-05-20,2026-05-22
79,1731,10000000041,381,1 tablet,Q6H,2025-06-10,2025-06-10,2025-06-16
80,1731,10000000059,54,1 vial,TID,2025-06-10,2025-06-10,2025-06-12
81,1903,10000000190,411,1 capsule,Q8H,2026-11-14,2026-11-14,2026-11-16
82,1903,10000000182,212,40 mg,QD,2026-11-14,2026-11-14,2026-11-22
83,2912,10000000271,365,500 mg,BID,2025-09-15,2025-09-15,2025-09-19
84,2912,10000000261,412,1 tablet,TID,2025-09-15,2025-09-15,2025-09-20
85,2064,10000000110,17,500 mg,BID,2025-05-07,2025-05-07,2025-05-15
86,2064,10000000104,320,1 vial,Q8H,2025-05-07,2025-05-07,2025-05-14
87,2306,10000000147,7458,1 capsule,Q8H,2025-01-09,2025-01-09,2025-01-13
88,2306,10000000154,198,40 mg,Q8H,2025-01-09,2025-01-09,2025-01-13
89,1779,10000000113,43,40 mg,Q6H,2026-07-10,2026-07-10,2026-07-17
90,1779,10000000108,6,1 vial,QD,2026-07-10,2026-07-10,2026-07-15
91,1968,10000000280,395,1 capsule,BID,2026-01-07,2026-01-07,2026-01-08
92,1968,10000000287,362,1 capsule,Q8H,2026-01-07,2026-01-07,2026-01-08
93,1474,10000000004,201,1 capsule,QD,2026-09-17,2026-09-17,2026-09-19
94,1474,10000000012,86,500 mg,BID,2026-09-17,2026-09-17,2026-09-19
95,342,10000000172,57,40 mg,BID,2026-07-13,2026-07-13,2026-07-18
96,342,10000000168,314,1 capsule,TID,2026-07-13,2026-07-13,2026-07-21
97,2217,10000000170,381,1 vial,QD,2025-10-16,2025-10-16,2025-10-18
98,2217,10000000164,82,500 mg,QD,2025-10-16,2025-10-16,2025-10-20
99,834,10000000110,7460,1 tablet,BID,2025-12-25,2025-12-25,2025-12-31
100,834,10000000104,49517,1 tablet,BID,2025-12-25,2025-12-25,2025-12-29
101,3236,10000000151,141,1 tablet,QD,2025-08-03,2025-08-03,2025-08-05
102,3236,10000000148,356,40 mg,BID,2025-08-03,2025-08-03,2025-08-05
103,633,10000000280,227,1 capsule,TID,2025-05-16,2025-05-16,2025-05-24
104,633,10000000287,82,500 mg,Q8H,2025-05-16,2025-05-16,2025-05-24
105,3165,10000000226,187,40 mg,BID,2026-05-04,2026-05-04,2026-05-12
106,3165,10000000229,338,1 tablet,Q6H,2026-05-04,2026-05-04,2026-05-09
107,3592,10000000078,57,500 mg,QD,2025-08-23,2025-08-23,2025-08-27
108,3592,10000000070,12638,1 vial,BID,2025-08-23,2025-08-23,2025-08-30
109,1747,10000000069,283,1 capsule,Q8H,2026-06-02,2026-06-02,2026-06-06
110,1747,10000000077,222,500 mg,QD,2026-06-02,2026-06-02,2026-06-06
111,1253,10000000088,229,40 mg,QD,2025-02-12,2025-02-12,2025-02-14
112,1253,10000000085,100,500 mg,TID,2025-02-12,2025-02-12,2025-02-14
113,2436,10000000054,29,1 tablet,QD,2026-05-19,2026-05-19,2026-05-20
114,2436,10000000041,12638,1 vial,BID,2026-05-19,2026-05-19,2026-05-20
115,2619,10000000114,339,1 capsule,TID,2026-11-10,2026-11-10,2026-11-17
116,2619,10000000107,404,1 capsule,Q8H,2026-11-10,2026-11-10,2026-11-13
117,1538,10000000085,145,1 tablet,Q6H,2026-11-09,2026-11-09,2026-11-12
118,1538,10000000081,100,500 mg,BID,2026-11-09,2026-11-09,2026-11-12
119,3168,10000000285,379,1 tablet,QD,2026-05-07,2026-05-07,2026-05-12
120,3168,10000000281,370,1 capsule,Q8H,2026-05-07,2026-05-07,2026-05-12
121,743,10000000087,395,40 mg,BID,2025-09-06,2025-09-06,2025-09-09
122,743,10000000088,306,1 tablet,Q6H,2025-09-06,2025-09-06,2025-09-12
123,339,10000000101,313,40 mg,Q6H,2026-07-10,2026-07-10,2026-07-18
124,339,10000000112,324,1 tablet,Q8H,2026-07-10,2026-07-10,2026-07-18
125,3412,10000000074,197,1 vial,TID,2025-02-11,2025-02-11,2025-02-19
126,3412,10000000076,12638,500 mg,QD,2025-02-11,2025-02-11,2025-02-15
127,75,10000000164,171,1 vial,Q8H,2026-12-05,2026-12-05,2026-12-08
128,75,10000000163,418,40 mg,Q6H,2026-12-05,2026-12-05,2026-12-11
129,2657,10000000261,355,1 tablet,BID,2026-12-24,2026-12-24,2026-12-30
130,2657,10000000267,58,1 capsule,Q8H,2026-12-24,2026-12-24,2026-12-26
131,2448,10000000283,435,1 vial,Q8H,2026-05-07,2026-05-07,2026-05-14
132,2448,10000000298,188,40 mg,TID,2026-05-07,2026-05-07,2026-05-12
133,841,10000000251,283,1 vial,Q8H,2025-12-08,2025-12-08,2025-12-11
134,841,10000000246,24429,40 mg,Q6H,2025-12-08,2025-12-08,2025-12-11
135,1453,10000000194,243,1 tablet,BID,2026-08-20,2026-08-20,2026-08-24
136,1453,10000000190,58,500 mg,BID,2026-08-20,2026-08-20,2026-08-24
137,2354,10000000219,323,1 tablet,Q8H,2026-02-09,2026-02-09,2026-02-09
138,2354,10000000217,104,40 mg,BID,2026-02-09,2026-02-09,2026-02-09
139,1542,10000000171,45,1 vial,TID,2026-11-13,2026-11-13,2026-11-14
140,1542,10000000167,12,40 mg,Q8H,2026-11-13,2026-11-13,2026-11-14
141,1942,10000000065,7460,1 vial,BID,2025-01-05,2025-01-05,2025-01-07
142,1942,10000000073,49517,500 mg,Q6H,2025-01-05,2025-01-05,2025-01-07
143,3317,10000000275,99,1 tablet,TID,2026-10-12,2026-10-12,2026-10-14
144,3317,10000000263,202,1 tablet,Q6H,2026-10-12,2026-10-12,2026-10-14
145,614,10000000218,3,40 mg,BID,2026-04-21,2026-04-21,2026-04-29
146,614,10000000206,68,40 mg,Q8H,2026-04-21,2026-04-21,2026-04-23
147,2176,10000000244,355,1 vial,QD,2026-08-23,2026-08-23,2026-08-28
148,2176,10000000249,49514,40 mg,QD,2026-08-23,2026-08-23,2026-08-28
149,1349,10000000201,35038,1 capsule,QD,2025-05-12,2025-05-12,2025-05-16
150,1349,10000000212,20,1 capsule,Q6H,2025-05-12,2025-05-12,2025-05-18
151,3130,10000000136,241,1 tablet,BID,2026-04-17,2026-04-17,2026-04-20
152,3130,10000000121,376,500 mg,Q8H,2026-04-17,2026-04-17,2026-04-20
153,217,10000000076,369,500 mg,BID,2026-03-08,2026-03-08,2026-03-16
154,217,10000000073,184,1 vial,Q6H,2026-03-08,2026-03-08,2026-03-16
155,2851,10000000245,435,40 mg,TID,2025-07-02,2025-07-02,2025-07-08
156,2851,10000000257,6,1 capsule,QD,2025-07-02,2025-07-02,2025-07-05
157,1076,10000000151,409,1 capsule,Q6H,2025-08-03,2025-08-03,2025-08-07
158,1076,10000000150,54,1 vial,Q6H,2025-08-03,2025-08-03,2025-08-07
159,3366,10000000046,313,40 mg,QD,2026-12-13,2026-12-13,2026-12-15
160,3366,10000000053,296,1 tablet,Q6H,2026-12-13,2026-12-13,2026-12-16
161,3226,10000000249,365,40 mg,Q8H,2026-07-17,2026-07-17,2026-07-20
162,3226,10000000257,202,1 capsule,Q8H,2026-07-17,2026-07-17,2026-07-20
163,1132,10000000075,157,500 mg,Q6H,2025-10-11,2025-10-11,2025-10-15
164,1132,10000000075,110,500 mg,TID,2025-10-11,2025-10-11,2025-10-15
165,3184,10000000007,61,1 tablet,QD,2026-06-23,2026-06-23,2026-06-29
166,3184,10000000000,240,1 tablet,Q6H,2026-06-23,2026-06-23,2026-06-29
167,1354,10000000005,15,40 mg,BID,2026-05-17,2026-05-17,2026-05-23
168,1354,10000000019,230,40 mg,QD,2026-05-17,2026-05-17,2026-05-23
169,514,10000000003,1121,1 vial,BID,2026-01-17,2026-01-17,2026-01-20
170,514,10000000006,26,1 capsule,Q6H,2026-01-17,2026-01-17,2026-01-20
171,1031,10000000142,439,500 mg,BID,2026-06-06,2026-06-06,2026-06-09
172,1031,10000000142,49514,1 vial,Q6H,2026-06-06,2026-06-06,2026-06-09
173,825,10000000237,225,40 mg,Q8H,2026-11-16,2026-11-16,2026-11-18
174,825,10000000237,216,500 mg,QD,2026-11-16,2026-11-16,2026-11-19
175,1785,10000000224,353,40 mg,BID,2026-07-16,2026-07-16,2026-07-18
176,1785,10000000238,222,1 vial,QD,2026-07-16,2026-07-16,2026-07-21
177,1820,10000000022,439,1 capsule,BID,2025-09-03,2025-09-03,2025-09-06
178,1820,10000000037,2,500 mg,TID,2025-09-03,2025-09-03,2025-09-06
179,319,10000000012,379,40 mg,Q6H,2025-07-14,2025-07-14,2025-07-16
180,319,10000000019,258,1 vial,QD,2025-07-14,2025-07-14,2025-07-21
181,2854,10000000008,143,1 tablet,BID,2026-07-05,2026-07-05,2026-07-07
182,2854,10000000014,110,1 tablet,BID,2026-07-05,2026-07-05,2026-07-13
183,2003,10000000093,173,1 vial,BID,2025-03-18,2025-03-18,2025-03-22
184,2003,10000000085,240,1 tablet,QD,2025-03-18,2025-03-18,2025-03-21
185,164,10000000205,393,500 mg,Q8H,2026-01-03,2026-01-03,2026-01-04
186,164,10000000202,118,1 tablet,BID,2026-01-03,2026-01-03,2026-01-04
187,3055,10000000130,87,1 vial,TID,2025-02-14,2025-02-14,2025-02-19
188,3055,10000000125,40,1 vial,QD,2025-02-14,2025-02-14,2025-02-16
189,2286,10000000059,257,40 mg,QD,2026-12-13,2026-12-13,2026-12-16
190,2286,10000000052,49514,1 tablet,TID,2026-12-13,2026-12-13,2026-12-20
191,659,10000000201,281,500 mg,QD,2025-06-18,2025-06-18,2025-06-23
192,659,10000000208,328,1 tablet,BID,2025-06-18,2025-06-18,2025-06-22
193,1314,10000000107,325,1 vial,BID,2025-04-25,2025-04-25,2025-04-28
194,1314,10000000111,110,1 capsule,BID,2025-04-25,2025-04-25,2025-04-29
195,3216,10000000045,439,40 mg,BID,2026-07-07,2026-07-07,2026-07-11
196,3216,10000000049,170,500 mg,QD,2026-07-07,2026-07-07,2026-07-09
197,522,10000000161,197,40 mg,Q6H,2026-01-25,2026-01-25,2026-01-30
198,522,10000000174,104,500 mg,QD,2026-01-25,2026-01-25,2026-01-30
199,2804,10000000209,423,1 capsule,BID,2026-05-03,2026-05-03,2026-05-07
200,2804,10000000203,348,40 mg,Q8H,2026-05-03,2026-05-03,2026-05-05
201,2648,10000000085,257,1 vial,BID,2026-12-15,2026-12-15,2026-12-22
202,2648,10000000083,156,1 tablet,QD,2026-12-15,2026-12-15,2026-12-21
203,702,10000000162,35038,500 mg,TID,2026-07-13,2026-07-13,2026-07-17
204,702,10000000175,426,500 mg,QD,2026-07-13,2026-07-13,2026-07-16
205,2113,10000000199,339,500 mg,QD,2026-06-08,2026-06-08,2026-06-10
206,2113,10000000188,278,40 mg,QD,2026-06-08,2026-06-08,2026-06-10
207,807,10000000167,7458,1 vial,BID,2025-11-22,2025-11-22,2025-11-28
208,807,10000000170,240,1 tablet,Q8H,2025-11-22,2025-11-22,2025-11-30
209,2683,10000000183,35040,500 mg,BID,2026-01-02,2026-01-02,2026-01-06
210,2683,10000000194,118,1 tablet,QD,2026-01-02,2026-01-02,2026-01-06
211,1950,10000000231,1146,40 mg,TID,2025-01-13,2025-01-13,2025-01-19
212,1950,10000000223,166,500 mg,Q8H,2025-01-13,2025-01-13,2025-01-20
213,407,10000000262,215,1 vial,BID,2026-09-06,2026-09-06,2026-09-10
214,407,10000000263,128,40 mg,BID,2026-09-06,2026-09-06,2026-09-10
215,993,10000000287,127,40 mg,BID,2025-05-16,2025-05-16,2025-05-18
216,993,10000000293,230,40 mg,TID,2025-05-16,2025-05-16,2025-05-18
217,3510,10000000223,1121,1 tablet,Q6H,2025-05-13,2025-05-13,2025-05-19
218,3510,10000000230,264,1 tablet,TID,2025-05-13,2025-05-13,2025-05-20
219,2508,10000000293,187,1 capsule,QD,2026-07-19,2026-07-19,2026-07-25
220,2508,10000000293,49514,1 capsule,TID,2026-07-19,2026-07-19,2026-07-23
221,3104,10000000203,197,1 tablet,BID,2026-03-15,2026-03-15,2026-03-22
222,3104,10000000209,118,1 vial,TID,2026-03-15,2026-03-15,2026-03-22
223,1467,10000000170,171,1 vial,Q6H,2025-09-10,2025-09-10,2025-09-17
224,1467,10000000161,250,40 mg,TID,2025-09-10,2025-09-10,2025-09-17
225,837,10000000171,103,500 mg,QD,2025-12-04,2025-12-04,2025-12-07
226,837,10000000160,2,500 mg,QD,2025-12-04,2025-12-04,2025-12-07
227,1118,10000000095,99,40 mg,QD,2026-09-21,2026-09-21,2026-09-23
228,1118,10000000093,272,40 mg,BID,2026-09-21,2026-09-21,2026-09-23
229,953,10000000097,213,1 vial,QD,2025-04-24,2025-04-24,2025-04-27
230,953,10000000082,278,40 mg,Q6H,2025-04-24,2025-04-24,2025-04-27
231,1463,10000000088,397,40 mg,TID,2025-09-06,2025-09-06,2025-09-08
232,1463,10000000090,30,1 capsule,QD,2025-09-06,2025-09-06,2025-09-08
233,2304,10000000101,351,1 tablet,QD,2025-01-07,2025-01-07,2025-01-14
234,2304,10000000112,6,40 mg,BID,2025-01-07,2025-01-07,2025-01-15
235,775,10000000137,31,40 mg,QD,2025-10-14,2025-10-14,2025-10-17
236,775,10000000137,33024,500 mg,Q8H,2025-10-14,2025-10-14,2025-10-19
237,3252,10000000169,439,40 mg,Q6H,2026-08-19,2026-08-19,2026-08-26
238,3252,10000000161,142,40 mg,Q6H,2026-08-19,2026-08-19,2026-08-22
239,121,10000000046,281,1 capsule,BID,2026-02-11,2026-02-11,2026-02-15
240,121,10000000044,314,500 mg,Q6H,2026-02-11,2026-02-11,2026-02-14
241,1090,10000000132,325,40 mg,QD,2026-08-17,2026-08-17,2026-08-24
242,1090,10000000133,418,40 mg,QD,2026-08-17,2026-08-17,2026-08-20
243,370,10000000121,7457,40 mg,Q8H,2026-08-17,2026-08-17,2026-08-19
244,370,10000000128,156,1 capsule,Q6H,2026-08-17,2026-08-17,2026-08-22
245,1219,10000000014,113,1 vial,QD,2025-01-02,2025-01-02,2025-01-04
246,1219,10000000002,132,500 mg,TID,2025-01-02,2025-01-02,2025-01-04
247,1351,10000000246,17,40 mg,BID,2025-05-14,2025-05-14,2025-05-17
248,1351,10000000248,362,1 vial,Q6H,2025-05-14,2025-05-14,2025-05-17
249,2629,10000000016,89,500 mg,QD,2025-12-20,2025-12-20,2025-12-25
250,2629,10000000002,58,1 capsule,TID,2025-12-20,2025-12-20,2025-12-27
251,3315,10000000233,1,40 mg,BID,2026-10-10,2026-10-10,2026-10-14
252,3315,10000000236,7086,40 mg,BID,2026-10-10,2026-10-10,2026-10-15
253,326,10000000159,73,500 mg,TID,2025-07-21,2025-07-21,2025-07-23
254,326,10000000156,390,1 vial,TID,2025-07-21,2025-07-21,2025-07-23
255,3587,10000000276,439,1 capsule,TID,2026-07-18,2026-07-18,2026-07-21
256,3587,10000000279,338,1 tablet,QD,2026-07-18,2026-07-18,2026-07-22
257,927,10000000161,309,1 vial,BID,2025-03-22,2025-03-22,2025-03-26
258,927,10000000163,7159,1 tablet,TID,2025-03-22,2025-03-22,2025-03-27
259,2862,10000000173,115,500 mg,BID,2026-07-13,2026-07-13,2026-07-18
260,2862,10000000176,446,1 vial,QD,2026-07-13,2026-07-13,2026-07-17
261,98,10000000171,257,1 capsule,Q6H,2026-03-12,2026-03-12,2026-03-15
262,98,10000000161,226,40 mg,TID,2026-03-12,2026-03-12,2026-03-15
263,625,10000000139,365,1 capsule,Q8H,2025-05-08,2025-05-08,2025-05-13
264,625,10000000120,286,1 vial,QD,2025-05-08,2025-05-08,2025-05-13
265,2611,10000000250,171,40 mg,Q6H,2025-11-02,2025-11-02,2025-11-04
266,2611,10000000242,166,40 mg,Q8H,2025-11-02,2025-11-02,2025-11-04
267,2520,10000000224,243,1 tablet,Q6H,2025-08-07,2025-08-07,2025-08-09
268,2520,10000000237,30,1 vial,QD,2025-08-07,2025-08-07,2025-08-15
269,3032,10000000260,421,40 mg,Q6H,2025-01-15,2025-01-15,2025-01-19
270,3032,10000000274,216,1 vial,BID,2025-01-15,2025-01-15,2025-01-18
271,1734,10000000104,213,1 tablet,BID,2025-06-13,2025-06-13,2025-06-17
272,1734,10000000109,362,1 vial,TID,2025-06-13,2025-06-13,2025-06-19
273,2564,10000000216,355,1 capsule,QD,2026-09-03,2026-09-03,2026-09-06
274,2564,10000000213,49514,1 capsule,Q8H,2026-09-03,2026-09-03,2026-09-06
275,1292,10000000268,281,500 mg,QD,2025-03-03,2025-03-03,2025-03-08
276,1292,10000000272,7086,1 capsule,Q8H,2025-03-03,2025-03-03,2025-03-07
277,405,10000000227,367,500 mg,QD,2026-09-04,2026-09-04,2026-09-07
278,405,10000000224,180,500 mg,QD,2026-09-04,2026-09-04,2026-09-11
279,1901,10000000154,425,1 tablet,Q8H,2026-11-12,2026-11-12,2026-11-15
280,1901,10000000151,324,1 vial,TID,2026-11-12,2026-11-12,2026-11-15
281,2930,10000000036,57,1 capsule,BID,2025-10-09,2025-10-09,2025-10-10
282,2930,10000000024,244,1 vial,QD,2025-10-09,2025-10-09,2025-10-10
283,2628,10000000287,45,500 mg,QD,2026-11-19,2026-11-19,2026-11-24
284,2628,10000000284,166,1 tablet,QD,2026-11-19,2026-11-19,2026-11-27
285,3026,10000000151,439,40 mg,TID,2025-01-09,2025-01-09,2025-01-15
286,3026,10000000150,352,1 tablet,Q8H,2025-01-09,2025-01-09,2025-01-13
287,2822,10000000260,183,40 mg,TID,2025-06-21,2025-06-21,2025-06-23
288,2822,10000000268,76,1 tablet,BID,2025-06-21,2025-06-21,2025-06-25
289,559,10000000000,143,1 vial,TID,2025-03-14,2025-03-14,2025-03-18
290,559,10000000001,24429,40 mg,TID,2025-03-14,2025-03-14,2025-03-18
291,528,10000000282,103,1 capsule,BID,2026-01-07,2026-01-07,2026-01-07
292,528,10000000283,422,40 mg,BID,2026-01-07,2026-01-07,2026-01-07
293,865,10000000129,435,500 mg,Q8H,2025-01-08,2025-01-08,2025-01-16
294,865,10000000132,258,500 mg,TID,2025-01-08,2025-01-08,2025-01-11
295,1048,10000000199,311,40 mg,BID,2025-07-23,2025-07-23,2025-07-27
296,1048,10000000185,110,1 capsule,QD,2025-07-23,2025-07-23,2025-07-27
297,440,10000000035,341,500 mg,Q6H,2025-11-15,2025-11-15,2025-11-18
298,440,10000000036,49516,1 capsule,Q6H,2025-11-15,2025-11-15,2025-11-18
299,1257,10000000162,15,40 mg,QD,2025-02-16,2025-02-16,2025-02-19
300,1257,10000000172,160,1 vial,Q8H,2025-02-16,2025-02-16,2025-02-20
301,2253,10000000284,339,1 vial,BID,2025-11-04,2025-11-04,2025-11-12
302,2253,10000000287,418,40 mg,BID,2025-11-04,2025-11-04,2025-11-08
303,2547,10000000174,341,1 tablet,Q6H,2025-09-10,2025-09-10,2025-09-13
304,2547,10000000178,310,1 tablet,Q8H,2025-09-10,2025-09-10,2025-09-13
305,482,10000000272,141,500 mg,BID,2025-12-09,2025-12-09,2025-12-12
306,482,10000000269,342,1 tablet,TID,2025-12-09,2025-12-09,2025-12-12
307,1099,10000000011,101,40 mg,TID,2025-09-02,2025-09-02,2025-09-05
308,1099,10000000014,152,500 mg,TID,2025-09-02,2025-09-02,2025-09-05
309,3598,10000000194,145,1 capsule,TID,2025-08-05,2025-08-05,2025-08-07
310,3598,10000000197,184,1 vial,Q8H,2025-08-05,2025-08-05,2025-08-10
311,972,10000000177,169,1 capsule,QD,2026-04-19,2026-04-19,2026-04-26
312,972,10000000165,20,40 mg,TID,2026-04-19,2026-04-19,2026-04-25
313,1818,10000000299,1121,1 tablet,QD,2026-08-25,2026-08-25,2026-09-01
314,1818,10000000280,348,1 tablet,Q8H,2026-08-25,2026-08-25,2026-08-29
315,788,10000000098,33,40 mg,Q8H,2026-10-03,2026-10-03,2026-10-04
316,788,10000000080,49515,1 capsule,Q8H,2026-10-03,2026-10-03,2026-10-04
317,558,10000000284,309,1 capsule,Q6H,2026-02-13,2026-02-13,2026-02-13
318,558,10000000288,230,1 tablet,QD,2026-02-13,2026-02-13,2026-02-13
319,1749,10000000106,297,1 capsule,TID,2026-06-04,2026-06-04,2026-06-09
320,1749,10000000109,334,40 mg,Q6H,2026-06-04,2026-06-04,2026-06-11
321,3058,10000000188,201,1 tablet,TID,2025-02-17,2025-02-17,2025-02-18
322,3058,10000000190,128,1 vial,Q6H,2025-02-17,2025-02-17,2025-02-18
323,3137,10000000277,309,500 mg,Q6H,2026-04-24,2026-04-24,2026-04-28
324,3137,10000000276,188,40 mg,Q8H,2026-04-24,2026-04-24,2026-04-28
325,1755,10000000235,3,1 tablet,Q8H,2026-06-10,2026-06-10,2026-06-14
326,1755,10000000235,19200,500 mg,BID,2026-06-10,2026-06-10,2026-06-14
327,259,10000000018,5,1 vial,QD,2025-05-02,2025-05-02,2025-05-04
328,259,10000000002,198,40 mg,Q8H,2025-05-02,2025-05-02,2025-05-08
329,1503,10000000284,183,1 tablet,BID,2025-10-22,2025-10-22,2025-10-24
330,1503,10000000280,188,500 mg,QD,2025-10-22,2025-10-22,2025-10-28
331,913,10000000196,115,1 tablet,Q8H,2026-02-08,2026-02-08,2026-02-11
332,913,10000000184,320,500 mg,Q6H,2026-02-08,2026-02-08,2026-02-13
333,1890,10000000226,397,1 tablet,TID,2025-11-25,2025-11-25,2025-11-29
334,1890,10000000232,184,500 mg,Q8H,2025-11-25,2025-11-25,2025-11-29
335,3393,10000000283,35038,1 vial,Q8H,2025-01-16,2025-01-16,2025-01-16
336,3393,10000000286,328,500 mg,TID,2025-01-16,2025-01-16,2025-01-16
337,450,10000000230,283,1 vial,BID,2025-11-25,2025-11-25,2025-11-30
338,450,10000000228,27329,1 tablet,Q8H,2025-11-25,2025-11-25,2025-11-30
339,2456,10000000146,7459,40 mg,BID,2025-06-15,2025-06-15,2025-06-20
340,2456,10000000149,380,1 tablet,BID,2025-06-15,2025-06-15,2025-06-18
341,460,10000000130,379,500 mg,QD,2026-11-11,2026-11-11,2026-11-15
342,460,10000000135,300,1 vial,QD,2026-11-11,2026-11-11,2026-11-19
343,2111,10000000149,395,1 vial,Q8H,2026-06-06,2026-06-06,2026-06-11
344,2111,10000000146,208,1 vial,QD,2026-06-06,2026-06-06,2026-06-14
345,2525,10000000024,7457,40 mg,Q6H,2026-08-12,2026-08-12,2026-08-20
346,2525,10000000033,380,500 mg,BID,2026-08-12,2026-08-12,2026-08-16
347,3443,10000000082,393,500 mg,TID,2025-03-18,2025-03-18,2025-03-19
348,3443,10000000094,146,500 mg,TID,2025-03-18,2025-03-18,2025-03-19
349,3042,10000000178,157,1 capsule,QD,2026-01-25,2026-01-25,2026-02-01
350,3042,10000000161,418,1 tablet,Q6H,2026-01-25,2026-01-25,2026-01-27
351,1727,10000000269,271,1 vial,Q6H,2026-05-06,2026-05-06,2026-05-09
352,1727,10000000263,296,500 mg,Q8H,2026-05-06,2026-05-06,2026-05-08
353,820,10000000123,141,500 mg,QD,2026-11-11,2026-11-11,2026-11-15
354,820,10000000123,328,500 mg,Q6H,2026-11-11,2026-11-11,2026-11-15
355,145,10000000132,437,1 capsule,Q6H,2025-01-08,2025-01-08,2025-01-10
356,145,10000000138,110,1 capsule,TID,2025-01-08,2025-01-08,2025-01-10
357,674,10000000217,313,500 mg,BID,2026-06-09,2026-06-09,2026-06-14
358,674,10000000212,86,40 mg,BID,2026-06-09,2026-06-09,2026-06-13
359,2179,10000000010,35040,1 capsule,BID,2025-09-02,2025-09-02,2025-09-07
360,2179,10000000004,12638,500 mg,TID,2025-09-02,2025-09-02,2025-09-09
361,1008,10000000290,269,500 mg,QD,2026-05-07,2026-05-07,2026-05-13
362,1008,10000000296,446,500 mg,Q6H,2026-05-07,2026-05-07,2026-05-09
363,3525,10000000230,397,1 vial,TID,2026-05-04,2026-05-04,2026-05-09
364,3525,10000000234,156,1 capsule,TID,2026-05-04,2026-05-04,2026-05-09
365,1814,10000000218,141,1 capsule,Q6H,2026-08-21,2026-08-21,2026-08-26
366,1814,10000000219,7086,1 capsule,QD,2026-08-21,2026-08-21,2026-08-25
367,2542,10000000075,87,1 vial,Q8H,2025-09-05,2025-09-05,2025-09-11
368,2542,10000000071,110,500 mg,BID,2025-09-05,2025-09-05,2025-09-12
369,1561,10000000254,243,1 capsule,BID,2025-12-08,2025-12-08,2025-12-11
370,1561,10000000252,86,500 mg,Q6H,2025-12-08,2025-12-08,2025-12-11
371,3086,10000000157,421,40 mg,QD,2025-03-21,2025-03-21,2025-03-23
372,3086,10000000152,300,1 tablet,QD,2025-03-21,2025-03-21,2025-03-23
373,3495,10000000235,213,500 mg,Q8H,2026-04-22,2026-04-22,2026-04-25
374,3495,10000000220,306,40 mg,QD,2026-04-22,2026-04-22,2026-04-27
375,2558,10000000082,369,500 mg,BID,2026-09-21,2026-09-21,2026-09-22
376,2558,10000000096,198,500 mg,BID,2026-09-21,2026-09-21,2026-09-22
377,318,10000000299,435,40 mg,QD,2026-06-13,2026-06-13,2026-06-16
378,318,10000000285,62,40 mg,QD,2026-06-13,2026-06-13,2026-06-19
379,1170,10000000232,283,40 mg,Q6H,2025-11-25,2025-11-25,2025-11-27
380,1170,10000000228,348,500 mg,BID,2025-11-25,2025-11-25,2025-11-27
381,2341,10000000241,397,500 mg,Q6H,2025-02-20,2025-02-20,2025-02-24
382,2341,10000000250,324,1 capsule,Q6H,2025-02-20,2025-02-20,2025-02-22
383,1375,10000000122,337,40 mg,Q8H,2025-06-14,2025-06-14,2025-06-22
384,1375,10000000121,6,1 capsule,QD,2025-06-14,2025-06-14,2025-06-22
385,3013,10000000198,1121,1 capsule,TID,2026-12-20,2026-12-20,2026-12-25
386,3013,10000000197,292,40 mg,TID,2026-12-20,2026-12-20,2026-12-23
387,219,10000000107,369,1 vial,QD,2026-03-10,2026-03-10,2026-03-13
388,219,10000000101,338,500 mg,BID,2026-03-10,2026-03-10,2026-03-14
389,3200,10000000027,15,1 vial,Q6H,2025-07-15,2025-07-15,2025-07-15
390,3200,10000000031,20,500 mg,Q6H,2025-07-15,2025-07-15,2025-07-15
391,12,10000000040,255,1 vial,Q6H,2025-07-18,2025-07-18,2025-07-21
392,12,10000000057,194,40 mg,BID,2025-07-18,2025-07-18,2025-07-21
393,1797,10000000174,355,1 capsule,BID,2025-08-04,2025-08-04,2025-08-06
394,1797,10000000177,380,1 capsule,Q6H,2025-08-04,2025-08-04,2025-08-11
395,3416,10000000141,379,1 tablet,BID,2025-02-15,2025-02-15,2025-02-18
396,3416,10000000140,34,500 mg,QD,2025-02-15,2025-02-15,2025-02-18
397,1245,10000000239,45,40 mg,BID,2026-01-04,2026-01-04,2026-01-07
398,1245,10000000228,222,1 tablet,QD,2026-01-04,2026-01-04,2026-01-11
399,2872,10000000078,285,500 mg,Q8H,2025-08-23,2025-08-23,2025-08-27
400,2872,10000000061,436,1 tablet,BID,2025-08-23,2025-08-23,2025-08-31
401,899,10000000212,155,40 mg,BID,2025-02-18,2025-02-18,2025-02-21
402,899,10000000215,62,1 capsule,BID,2025-02-18,2025-02-18,2025-02-25
403,1313,10000000098,367,1 tablet,BID,2025-04-24,2025-04-24,2025-04-25
404,1313,10000000094,250,500 mg,TID,2025-04-24,2025-04-24,2025-04-25
405,2762,10000000277,229,40 mg,QD,2025-04-09,2025-04-09,2025-04-17
406,2762,10000000267,156,1 capsule,BID,2025-04-09,2025-04-09,2025-04-15
407,1762,10000000072,155,1 vial,Q6H,2025-07-17,2025-07-17,2025-07-23
408,1762,10000000060,34,1 vial,Q8H,2025-07-17,2025-07-17,2025-07-20
409,361,10000000249,255,500 mg,Q8H,2025-08-08,2025-08-08,2025-08-13
410,361,10000000255,96,500 mg,QD,2025-08-08,2025-08-08,2025-08-12
411,3581,10000000145,7457,40 mg,TID,2026-07-12,2026-07-12,2026-07-14
412,3581,10000000152,49514,1 capsule,Q6H,2026-07-12,2026-07-12,2026-07-14
413,2480,10000000033,197,500 mg,BID,2025-07-15,2025-07-15,2025-07-18
414,2480,10000000026,188,1 tablet,QD,2025-07-15,2025-07-15,2025-07-20
415,1489,10000000010,199,1 capsule,BID,2025-10-08,2025-10-08,2025-10-10
416,1489,10000000019,250,40 mg,TID,2025-10-08,2025-10-08,2025-10-10
417,627,10000000176,187,1 vial,Q6H,2025-05-10,2025-05-10,2025-05-17
418,627,10000000167,254,40 mg,BID,2025-05-10,2025-05-10,2025-05-15
419,1988,10000000087,29,1 tablet,Q6H,2026-02-03,2026-02-03,2026-02-06
420,1988,10000000088,328,500 mg,Q6H,2026-02-03,2026-02-03,2026-02-08
421,1705,10000000137,31,1 vial,QD,2025-05-08,2025-05-08,2025-05-12
422,1705,10000000133,264,1 vial,QD,2025-05-08,2025-05-08,2025-05-12
423,2590,10000000129,299,500 mg,Q6H,2026-10-05,2026-10-05,2026-10-08
424,2590,10000000120,184,1 capsule,BID,2026-10-05,2026-10-05,2026-10-08
425,1579,10000000003,113,500 mg,Q6H,2025-01-02,2025-01-02,2025-01-07
426,1579,10000000008,356,1 vial,TID,2025-01-02,2025-01-02,2025-01-07
427,2422,10000000070,395,40 mg,Q6H,2025-05-05,2025-05-05,2025-05-07
428,2422,10000000061,96,1 vial,Q8H,2025-05-05,2025-05-05,2025-05-08
429,1562,10000000266,397,500 mg,BID,2025-12-09,2025-12-09,2025-12-10
430,1562,10000000263,49514,1 vial,Q6H,2025-12-09,2025-12-09,2025-12-10
431,1442,10000000272,253,1 vial,Q8H,2025-08-09,2025-08-09,2025-08-11
432,1442,10000000264,230,1 vial,TID,2025-08-09,2025-08-09,2025-08-17
433,2699,10000000216,1146,1 vial,QD,2025-02-18,2025-02-18,2025-02-19
434,2699,10000000209,12,1 vial,Q8H,2025-02-18,2025-02-18,2025-02-19
435,1529,10000000204,285,1 tablet,BID,2025-11-24,2025-11-24,2025-11-29
436,1529,10000000214,394,40 mg,QD,2025-11-24,2025-11-24,2025-11-29
437,772,10000000074,225,500 mg,Q6H,2025-10-11,2025-10-11,2025-10-19
438,772,10000000061,412,500 mg,Q8H,2025-10-11,2025-10-11,2025-10-17
439,493,10000000186,73,500 mg,Q6H,2026-12-20,2026-12-20,2026-12-22
440,493,10000000186,166,500 mg,TID,2026-12-20,2026-12-20,2026-12-26
441,2972,10000000261,173,40 mg,Q6H,2025-11-03,2025-11-03,2025-11-09
442,2972,10000000273,49514,1 tablet,Q6H,2025-11-03,2025-11-03,2025-11-09
443,731,10000000154,253,40 mg,TID,2026-08-18,2026-08-18,2026-08-21
444,731,10000000159,62,1 vial,Q6H,2026-08-18,2026-08-18,2026-08-24
445,2220,10000000220,213,500 mg,QD,2025-10-19,2025-10-19,2025-10-25
446,2220,10000000238,152,500 mg,TID,2025-10-19,2025-10-19,2025-10-22
447,2587,10000000067,33,1 tablet,Q6H,2026-10-02,2026-10-02,2026-10-04
448,2587,10000000070,394,40 mg,Q6H,2026-10-02,2026-10-02,2026-10-04
449,1673,10000000098,323,1 vial,Q6H,2025-04-24,2025-04-24,2025-04-25
450,1673,10000000092,34,500 mg,BID,2025-04-24,2025-04-24,2025-04-25
451,31,10000000212,269,40 mg,Q8H,2025-07-11,2025-07-11,2025-07-14
452,31,10000000217,27329,1 capsule,Q8H,2025-07-11,2025-07-11,2025-07-13
453,1237,10000000076,5,500 mg,Q8H,2026-01-20,2026-01-20,2026-01-22
454,1237,10000000061,324,500 mg,BID,2026-01-20,2026-01-20,2026-01-22
455,2652,10000000168,35040,1 capsule,Q8H,2026-12-19,2026-12-19,2026-12-25
456,2652,10000000175,7158,500 mg,BID,2026-12-19,2026-12-19,2026-12-21
457,1172,10000000278,17,500 mg,Q6H,2025-11-03,2025-11-03,2025-11-08
458,1172,10000000263,138,40 mg,Q8H,2025-11-03,2025-11-03,2025-11-08
459,2078,10000000088,439,500 mg,TID,2026-05-21,2026-05-21,2026-05-23
460,2078,10000000090,49517,1 capsule,Q6H,2026-05-21,2026-05-21,2026-05-23
461,757,10000000067,393,1 vial,BID,2026-09-20,2026-09-20,2026-09-22
462,757,10000000062,398,1 tablet,BID,2026-09-20,2026-09-20,2026-09-23
463,2362,10000000065,143,1 capsule,QD,2025-03-17,2025-03-17,2025-03-21
464,2362,10000000072,40,500 mg,Q6H,2025-03-17,2025-03-17,2025-03-21
465,2928,10000000285,271,40 mg,Q8H,2026-09-07,2026-09-07,2026-09-11
466,2928,10000000281,212,1 tablet,TID,2026-09-07,2026-09-07,2026-09-15
467,97,10000000077,365,500 mg,BID,2026-02-11,2026-02-11,2026-02-13
468,97,10000000076,146,1 capsule,QD,2026-02-11,2026-02-11,2026-02-13
469,2897,10000000264,1146,1 vial,Q6H,2026-08-24,2026-08-24,2026-08-30
470,2897,10000000274,278,1 capsule,TID,2026-08-24,2026-08-24,2026-08-27
471,474,10000000114,47,500 mg,QD,2025-12-25,2025-12-25,2025-12-27
472,474,10000000103,184,500 mg,Q6H,2025-12-25,2025-12-25,2025-12-27
473,1134,10000000116,127,500 mg,QD,2025-10-13,2025-10-13,2025-10-21
474,1134,10000000115,104,500 mg,TID,2025-10-13,2025-10-13,2025-10-15
475,389,10000000212,87,1 capsule,Q8H,2025-09-12,2025-09-12,2025-09-14
476,389,10000000207,250,500 mg,Q8H,2025-09-12,2025-09-12,2025-09-17
477,3203,10000000080,285,500 mg,Q6H,2025-07-18,2025-07-18,2025-07-20
478,3203,10000000080,352,1 tablet,TID,2025-07-18,2025-07-18,2025-07-20
479,754,10000000010,253,40 mg,Q6H,2026-09-17,2026-09-17,2026-09-21
480,754,10000000015,132,1 capsule,TID,2026-09-17,2026-09-17,2026-09-19
481,2705,10000000027,157,1 vial,Q6H,2026-02-24,2026-02-24,2026-02-27
482,2705,10000000022,124,1 tablet,TID,2026-02-24,2026-02-24,2026-02-27
483,485,10000000025,313,500 mg,QD,2026-12-12,2026-12-12,2026-12-19
484,485,10000000032,352,500 mg,QD,2026-12-12,2026-12-12,2026-12-15
485,1435,10000000121,407,1 tablet,BID,2025-08-02,2025-08-02,2025-08-09
486,1435,10000000124,230,500 mg,TID,2025-08-02,2025-08-02,2025-08-05
487,73,10000000272,101,1 tablet,Q8H,2026-09-06,2026-09-06,2026-09-08
488,73,10000000268,124,1 vial,QD,2026-09-06,2026-09-06,2026-09-09
489,714,10000000117,355,1 capsule,Q6H,2025-08-25,2025-08-25,2025-09-01
490,714,10000000115,282,40 mg,Q8H,2025-08-25,2025-08-25,2025-08-30
491,15,10000000169,35040,1 tablet,Q6H,2025-07-29,2025-07-29,2025-08-02
492,15,10000000170,342,1 tablet,BID,2025-07-29,2025-07-29,2025-08-02
493,2162,10000000274,255,40 mg,QD,2025-08-09,2025-08-09,2025-08-11
494,2162,10000000263,152,40 mg,Q6H,2025-08-09,2025-08-09,2025-08-17
495,3501,10000000042,47,1 capsule,Q8H,2025-05-04,2025-05-04,2025-05-08
496,3501,10000000054,422,1 vial,TID,2025-05-04,2025-05-04,2025-05-09
497,566,10000000143,211,1 capsule,BID,2025-03-21,2025-03-21,2025-03-24
498,566,10000000154,244,1 vial,Q6H,2025-03-21,2025-03-21,2025-03-24
499,2737,10000000076,255,1 vial,QD,2026-03-08,2026-03-08,2026-03-09
500,2737,10000000072,68,40 mg,TID,2026-03-08,2026-03-08,2026-03-09
501,813,10000000297,285,1 vial,BID,2025-11-04,2025-11-04,2025-11-06
502,813,10000000282,394,500 mg,TID,2025-11-04,2025-11-04,2025-11-11
503,2582,10000000272,351,1 vial,QD,2025-10-21,2025-10-21,2025-10-29
504,2582,10000000277,34,500 mg,Q8H,2025-10-21,2025-10-21,2025-10-25
505,351,10000000046,1121,1 capsule,Q6H,2025-08-22,2025-08-22,2025-08-28
506,351,10000000040,362,40 mg,BID,2025-08-22,2025-08-22,2025-08-28
507,3118,10000000181,327,40 mg,Q6H,2025-04-05,2025-04-05,2025-04-08
508,3118,10000000191,72,1 vial,QD,2025-04-05,2025-04-05,2025-04-07
509,3157,10000000075,421,40 mg,Q8H,2026-05-20,2026-05-20,2026-05-23
510,3157,10000000060,426,40 mg,TID,2026-05-20,2026-05-20,2026-05-25
511,1564,10000000011,213,40 mg,Q6H,2026-12-11,2026-12-11,2026-12-14
512,1564,10000000015,19200,1 vial,BID,2026-12-11,2026-12-11,2026-12-15
513,1199,10000000219,383,1 capsule,Q6H,2025-12-06,2025-12-06,2025-12-09
514,1199,10000000205,30,1 tablet,TID,2025-12-06,2025-12-06,2025-12-09
515,2493,10000000296,239,1 tablet,QD,2025-07-04,2025-07-04,2025-07-04
516,2493,10000000280,6,1 vial,QD,2025-07-04,2025-07-04,2025-07-04
517,1202,10000000272,115,1 vial,Q6H,2025-12-09,2025-12-09,2025-12-11
518,1202,10000000264,27329,1 vial,BID,2025-12-09,2025-12-09,2025-12-12
519,3541,10000000242,131,1 tablet,BID,2025-06-20,2025-06-20,2025-06-20
520,3541,10000000247,408,1 vial,BID,2025-06-20,2025-06-20,2025-06-20
521,507,10000000165,421,1 capsule,TID,2025-01-10,2025-01-10,2025-01-16
522,507,10000000160,48,1 vial,Q8H,2025-01-10,2025-01-10,2025-01-18
523,3290,10000000027,241,500 mg,QD,2025-10-09,2025-10-09,2025-10-12
524,3290,10000000024,24429,1 tablet,TID,2025-10-09,2025-10-09,2025-10-12
525,2191,10000000251,187,500 mg,Q8H,2025-09-14,2025-09-14,2025-09-14
526,2191,10000000258,128,1 tablet,TID,2025-09-14,2025-09-14,2025-09-14
527,1791,10000000054,29,500 mg,QD,2025-08-22,2025-08-22,2025-08-25
528,1791,10000000051,398,40 mg,Q8H,2025-08-22,2025-08-22,2025-08-25
529,2399,10000000208,185,1 tablet,BID,2025-04-06,2025-04-06,2025-04-10
530,2399,10000000205,334,1 tablet,BID,2025-04-06,2025-04-06,2025-04-13
531,495,10000000227,299,1 vial,TID,2026-12-22,2026-12-22,2026-12-24
532,495,10000000238,170,1 vial,Q6H,2026-12-22,2026-12-22,2026-12-25
533,3155,10000000022,295,1 vial,Q6H,2026-05-18,2026-05-18,2026-05-18
534,3155,10000000028,62,1 capsule,Q8H,2026-05-18,2026-05-18,2026-05-18
535,3043,10000000185,353,1 tablet,Q8H,2026-01-02,2026-01-02,2026-01-06
536,3043,10000000187,390,1 capsule,BID,2026-01-02,2026-01-02,2026-01-06
537,2357,10000000260,7457,1 tablet,BID,2026-02-12,2026-02-12,2026-02-14
538,2357,10000000277,170,1 vial,QD,2026-02-12,2026-02-12,2026-02-15
539,2449,10000000017,43,1 capsule,Q6H,2025-06-08,2025-06-08,2025-06-13
540,2449,10000000016,300,1 vial,BID,2025-06-08,2025-06-08,2025-06-13
541,3522,10000000175,199,1 tablet,BID,2026-05-25,2026-05-25,2026-05-28
542,3522,10000000167,12,1 vial,TID,2026-05-25,2026-05-25,2026-05-29
543,1497,10000000174,47,40 mg,Q8H,2025-10-16,2025-10-16,2025-10-18
544,1497,10000000174,2,500 mg,Q8H,2025-10-16,2025-10-16,2025-10-19
545,2951,10000000150,99,1 tablet,QD,2026-10-06,2026-10-06,2026-10-13
546,2951,10000000156,356,40 mg,BID,2026-10-06,2026-10-06,2026-10-12
547,1738,10000000189,311,1 tablet,BID,2025-06-17,2025-06-17,2025-06-24
548,1738,10000000188,82,1 capsule,BID,2025-06-17,2025-06-17,2025-06-25
549,1625,10000000025,201,500 mg,TID,2026-02-24,2026-02-24,2026-02-24
550,1625,10000000028,49516,500 mg,QD,2026-02-24,2026-02-24,2026-02-24
551,491,10000000156,35038,1 tablet,BID,2026-12-18,2026-12-18,2026-12-20
552,491,10000000145,384,1 vial,Q8H,2026-12-18,2026-12-18,2026-12-20
553,2840,10000000037,59,40 mg,BID,2025-07-15,2025-07-15,2025-07-16
554,2840,10000000032,138,1 tablet,Q8H,2025-07-15,2025-07-15,2025-07-16
555,848,10000000089,243,1 tablet,Q6H,2026-12-15,2026-12-15,2026-12-23
556,848,10000000081,338,500 mg,BID,2026-12-15,2026-12-15,2026-12-22
557,2412,10000000161,225,1 tablet,TID,2026-04-19,2026-04-19,2026-04-24
558,2412,10000000160,132,1 tablet,Q6H,2026-04-19,2026-04-19,2026-04-26
559,457,10000000062,297,1 vial,QD,2026-11-08,2026-11-08,2026-11-11
560,457,10000000073,264,500 mg,TID,2026-11-08,2026-11-08,2026-11-11
561,2645,10000000038,33,40 mg,QD,2026-12-12,2026-12-12,2026-12-13
562,2645,10000000024,282,1 capsule,TID,2026-12-12,2026-12-12,2026-12-13
563,2374,10000000012,253,1 vial,BID,2026-03-05,2026-03-05,2026-03-07
564,2374,10000000018,202,1 capsule,Q8H,2026-03-05,2026-03-05,2026-03-07
565,2855,10000000022,101,40 mg,QD,2026-07-06,2026-07-06,2026-07-13
566,2855,10000000023,33024,500 mg,BID,2026-07-06,2026-07-06,2026-07-08
567,565,10000000125,131,1 vial,TID,2025-03-20,2025-03-20,2025-03-27
568,565,10000000127,30,500 mg,QD,2025-03-20,2025-03-20,2025-03-26
569,816,10000000050,141,1 tablet,TID,2026-11-07,2026-11-07,2026-11-07
570,816,10000000057,244,1 capsule,QD,2026-11-07,2026-11-07,2026-11-07
571,1590,10000000239,241,1 vial,TID,2025-01-13,2025-01-13,2025-01-19
572,1590,10000000223,40,500 mg,QD,2025-01-13,2025-01-13,2025-01-16
573,1939,10000000002,131,40 mg,BID,2025-01-02,2025-01-02,2025-01-07
574,1939,10000000001,254,1 vial,BID,2025-01-02,2025-01-02,2025-01-07
575,1770,10000000220,253,500 mg,TID,2025-07-25,2025-07-25,2025-07-28
576,1770,10000000228,314,1 vial,Q6H,2025-07-25,2025-07-25,2025-07-27
577,2126,10000000149,325,1 tablet,TID,2025-07-21,2025-07-21,2025-07-25
578,2126,10000000148,124,500 mg,TID,2025-07-21,2025-07-21,2025-07-25
579,3516,10000000056,257,1 capsule,TID,2026-05-19,2026-05-19,2026-05-21
580,3516,10000000059,310,500 mg,Q8H,2026-05-19,2026-05-19,2026-05-25
581,3107,10000000276,127,500 mg,QD,2026-03-18,2026-03-18,2026-03-24
582,3107,10000000262,426,1 tablet,Q6H,2026-03-18,2026-03-18,2026-03-20
583,1600,10000000133,157,1 capsule,Q6H,2026-01-23,2026-01-23,2026-01-25
584,1600,10000000139,334,1 tablet,Q6H,2026-01-23,2026-01-23,2026-01-31
585,1723,10000000181,7459,1 vial,TID,2026-05-02,2026-05-02,2026-05-08
586,1723,10000000196,268,1 tablet,QD,2026-05-02,2026-05-02,2026-05-05
587,2160,10000000225,239,1 capsule,QD,2025-08-07,2025-08-07,2025-08-11
588,2160,10000000236,230,500 mg,TID,2025-08-07,2025-08-07,2025-08-10
589,223,10000000199,437,500 mg,Q6H,2026-03-14,2026-03-14,2026-03-17
590,223,10000000189,68,1 tablet,TID,2026-03-14,2026-03-14,2026-03-20
591,3180,10000000239,89,500 mg,Q8H,2025-06-19,2025-06-19,2025-06-26
592,3180,10000000227,100,1 capsule,BID,2025-06-19,2025-06-19,2025-06-24
593,1352,10000000265,35041,40 mg,Q6H,2025-05-15,2025-05-15,2025-05-19
594,1352,10000000276,328,500 mg,TID,2025-05-15,2025-05-15,2025-05-19
595,2392,10000000060,171,500 mg,BID,2025-04-23,2025-04-23,2025-04-28
596,2392,10000000071,82,40 mg,BID,2025-04-23,2025-04-23,2025-04-28
597,1571,10000000147,439,500 mg,Q6H,2026-12-18,2026-12-18,2026-12-24
598,1571,10000000155,366,1 capsule,BID,2026-12-18,2026-12-18,2026-12-22
599,1622,10000000267,155,40 mg,Q8H,2025-02-21,2025-02-21,2025-02-23
600,1622,10000000278,118,1 tablet,Q6H,2025-02-21,2025-02-21,2025-02-24
601,1019,10000000200,227,40 mg,QD,2025-06-18,2025-06-18,2025-06-20
602,1019,10000000204,26,1 tablet,TID,2025-06-18,2025-06-18,2025-06-20
603,572,10000000264,187,1 vial,Q6H,2025-03-03,2025-03-03,2025-03-09
604,572,10000000271,49517,1 capsule,QD,2025-03-03,2025-03-03,2025-03-06
605,2691,10000000052,57,1 tablet,TID,2025-02-10,2025-02-10,2025-02-11
606,2691,10000000055,62,500 mg,Q8H,2025-02-10,2025-02-10,2025-02-11
607,47,10000000298,283,1 vial,BID,2025-07-11,2025-07-11,2025-07-13
608,47,10000000290,12,1 vial,BID,2025-07-11,2025-07-11,2025-07-14
609,3391,10000000248,19,500 mg,Q6H,2025-01-14,2025-01-14,2025-01-20
610,3391,10000000250,114,1 capsule,BID,2025-01-14,2025-01-14,2025-01-17
611,3134,10000000201,309,1 capsule,Q6H,2026-04-21,2026-04-21,2026-04-24
612,3134,10000000215,412,1 tablet,QD,2026-04-21,2026-04-21,2026-04-28
613,2655,10000000239,353,1 capsule,QD,2026-12-22,2026-12-22,2026-12-27
614,2655,10000000237,362,1 capsule,QD,2026-12-22,2026-12-22,2026-12-27
615,1055,10000000034,47,1 vial,Q6H,2026-07-06,2026-07-06,2026-07-08
616,1055,10000000032,16,40 mg,Q6H,2026-07-06,2026-07-06,2026-07-12
617,2900,10000000038,169,500 mg,Q6H,2025-09-03,2025-09-03,2025-09-08
618,2900,10000000035,230,40 mg,BID,2025-09-03,2025-09-03,2025-09-07
619,1620,10000000221,143,1 capsule,Q8H,2025-02-19,2025-02-19,2025-02-20
620,1620,10000000226,40,1 tablet,QD,2025-02-19,2025-02-19,2025-02-20
621,1653,10000000282,131,1 tablet,TID,2025-03-04,2025-03-04,2025-03-11
622,1653,10000000281,170,1 tablet,Q6H,2025-03-04,2025-03-04,2025-03-08
623,3273,10000000293,281,40 mg,BID,2025-09-16,2025-09-16,2025-09-23
624,3273,10000000287,286,1 capsule,BID,2025-09-16,2025-09-16,2025-09-18
625,2537,10000000263,115,1 tablet,Q8H,2026-08-24,2026-08-24,2026-08-26
626,2537,10000000271,208,1 vial,TID,2026-08-24,2026-08-24,2026-08-26
627,439,10000000007,131,1 capsule,BID,2025-11-14,2025-11-14,2025-11-20
628,439,10000000007,128,1 vial,QD,2025-11-14,2025-11-14,2025-11-20
629,657,10000000160,365,500 mg,Q8H,2025-06-16,2025-06-16,2025-06-21
630,657,10000000174,12638,1 vial,QD,2025-06-16,2025-06-16,2025-06-21
631,1374,10000000117,73,1 vial,QD,2025-06-13,2025-06-13,2025-06-15
632,1374,10000000100,334,1 vial,QD,2025-06-13,2025-06-13,2025-06-15
633,1573,10000000190,103,1 capsule,QD,2026-12-20,2026-12-20,2026-12-22
634,1573,10000000183,100,1 capsule,Q6H,2026-12-20,2026-12-20,2026-12-27
635,1471,10000000249,35040,1 capsule,BID,2025-09-14,2025-09-14,2025-09-16
636,1471,10000000246,356,1 vial,Q8H,2025-09-14,2025-09-14,2025-09-16
637,1706,10000000153,101,1 tablet,Q8H,2025-05-09,2025-05-09,2025-05-12
638,1706,10000000152,404,40 mg,Q6H,2025-05-09,2025-05-09,2025-05-12
639,1094,10000000203,7460,1 tablet,Q6H,2026-08-21,2026-08-21,2026-08-24
640,1094,10000000204,366,1 tablet,BID,2026-08-21,2026-08-21,2026-08-24
641,819,10000000117,127,40 mg,Q8H,2026-11-10,2026-11-10,2026-11-18
642,819,10000000112,48,1 vial,QD,2026-11-10,2026-11-10,2026-11-13
643,1867,10000000064,1122,1 capsule,BID,2026-10-02,2026-10-02,2026-10-07
644,1867,10000000077,376,40 mg,BID,2026-10-02,2026-10-02,2026-10-05
645,3145,10000000127,285,1 capsule,TID,2025-05-08,2025-05-08,2025-05-12
646,3145,10000000133,49515,1 capsule,QD,2025-05-08,2025-05-08,2025-05-10
647,1703,10000000091,141,1 tablet,QD,2025-05-06,2025-05-06,2025-05-10
648,1703,10000000084,7086,500 mg,TID,2025-05-06,2025-05-06,2025-05-10
649,1097,10000000272,297,1 vial,BID,2026-08-24,2026-08-24,2026-08-30
650,1097,10000000271,110,40 mg,Q6H,2026-08-24,2026-08-24,2026-08-30
651,2512,10000000075,145,1 capsule,Q8H,2025-08-23,2025-08-23,2025-08-27
652,2512,10000000077,156,1 tablet,TID,2025-08-23,2025-08-23,2025-08-25
653,2921,10000000154,239,1 tablet,QD,2026-09-24,2026-09-24,2026-09-30
654,2921,10000000142,132,500 mg,QD,2026-09-24,2026-09-24,2026-09-28
655,130,10000000009,45,1 capsule,Q8H,2025-05-14,2025-05-14,2025-05-16
656,130,10000000003,404,1 vial,Q8H,2025-05-14,2025-05-14,2025-05-16
657,617,10000000273,215,1 vial,BID,2026-04-24,2026-04-24,2026-04-28
658,617,10000000274,128,1 vial,TID,2026-04-24,2026-04-24,2026-04-27
659,231,10000000052,183,1 vial,QD,2025-04-22,2025-04-22,2025-04-23
660,231,10000000049,384,1 vial,TID,2025-04-22,2025-04-22,2025-04-23
661,66,10000000264,185,1 capsule,Q6H,2026-08-04,2026-08-04,2026-08-10
662,66,10000000268,96,1 capsule,TID,2026-08-04,2026-08-04,2026-08-10
663,1020,10000000230,201,40 mg,TID,2025-06-19,2025-06-19,2025-06-22
664,1020,10000000232,324,1 vial,QD,2025-06-19,2025-06-19,2025-06-22
665,3220,10000000126,35041,500 mg,BID,2026-07-11,2026-07-11,2026-07-13
666,3220,10000000132,244,1 tablet,Q8H,2026-07-11,2026-07-11,2026-07-16
667,2337,10000000169,3,1 capsule,QD,2025-02-16,2025-02-16,2025-02-23
668,2337,10000000166,222,1 tablet,Q8H,2025-02-16,2025-02-16,2025-02-20
669,2069,10000000212,299,1 tablet,Q6H,2025-05-12,2025-05-12,2025-05-18
670,2069,10000000212,49514,1 vial,BID,2025-05-12,2025-05-12,2025-05-18
671,2442,10000000176,281,1 capsule,BID,2026-05-25,2026-05-25,2026-05-28
672,2442,10000000161,118,40 mg,Q6H,2026-05-25,2026-05-25,2026-05-28
673,2167,10000000077,3,40 mg,Q6H,2026-08-14,2026-08-14,2026-08-18
674,2167,10000000070,40,40 mg,QD,2026-08-14,2026-08-14,2026-08-16
675,3288,10000000299,201,1 tablet,Q6H,2026-09-07,2026-09-07,2026-09-10
676,3288,10000000293,72,40 mg,QD,2026-09-07,2026-09-07,2026-09-10
677,2841,10000000047,183,40 mg,QD,2025-07-16,2025-07-16,2025-07-24
678,2841,10000000040,7158,1 capsule,BID,2025-07-16,2025-07-16,2025-07-20
679,928,10000000181,87,500 mg,TID,2025-03-23,2025-03-23,2025-03-28
680,928,10000000191,222,1 vial,Q8H,2025-03-23,2025-03-23,2025-03-30
681,1671,10000000042,201,1 tablet,QD,2025-04-22,2025-04-22,2025-04-28
682,1671,10000000049,212,1 tablet,QD,2025-04-22,2025-04-22,2025-04-27
683,1983,10000000295,323,1 tablet,Q6H,2025-02-22,2025-02-22,2025-02-25
684,1983,10000000291,356,1 capsule,BID,2025-02-22,2025-02-22,2025-02-25
685,808,10000000180,171,1 vial,BID,2025-11-23,2025-11-23,2025-11-28
686,808,10000000189,124,40 mg,Q6H,2025-11-23,2025-11-23,2025-11-27
687,3092,10000000279,61,40 mg,BID,2025-03-03,2025-03-03,2025-03-06
688,3092,10000000265,198,1 tablet,Q6H,2025-03-03,2025-03-03,2025-03-06
689,2183,10000000098,225,500 mg,Q8H,2025-09-06,2025-09-06,2025-09-09
690,2183,10000000097,412,1 vial,TID,2025-09-06,2025-09-06,2025-09-10
691,2258,10000000098,185,1 capsule,Q6H,2026-11-09,2026-11-09,2026-11-10
692,2258,10000000090,26,500 mg,TID,2026-11-09,2026-11-09,2026-11-10
693,2056,10000000252,145,40 mg,QD,2026-04-23,2026-04-23,2026-04-24
694,2056,10000000242,240,500 mg,TID,2026-04-23,2026-04-23,2026-04-24
695,3233,10000000086,309,500 mg,Q8H,2025-08-24,2025-08-24,2025-08-26
696,3233,10000000087,20,40 mg,BID,2025-08-24,2025-08-24,2025-08-31
697,287,10000000263,3,1 capsule,TID,2026-05-06,2026-05-06,2026-05-13
698,287,10000000276,236,40 mg,TID,2026-05-06,2026-05-06,2026-05-14
699,2659,10000000002,411,40 mg,TID,2025-01-02,2025-01-02,2025-01-04
700,2659,10000000017,86,500 mg,Q8H,2025-01-02,2025-01-02,2025-01-04
701,329,10000000215,57,40 mg,QD,2025-07-24,2025-07-24,2025-07-27
702,329,10000000204,7086,1 tablet,TID,2025-07-24,2025-07-24,2025-08-01
703,2365,10000000137,101,500 mg,Q6H,2025-03-20,2025-03-20,2025-03-23
704,2365,10000000139,306,40 mg,TID,2025-03-20,2025-03-20,2025-03-28
705,3530,10000000022,173,1 capsule,Q6H,2025-06-09,2025-06-09,2025-06-11
706,3530,10000000038,352,1 vial,TID,2025-06-09,2025-06-09,2025-06-11
707,1805,10000000036,141,1 capsule,Q8H,2026-08-12,2026-08-12,2026-08-14
708,1805,10000000029,370,1 vial,Q8H,2026-08-12,2026-08-12,2026-08-15
709,1574,10000000208,367,1 capsule,Q8H,2026-12-21,2026-12-21,2026-12-27
710,1574,10000000210,390,1 capsule,TID,2026-12-21,2026-12-21,2026-12-27
711,2241,10000000044,19,1 capsule,TID,2025-11-16,2025-11-16,2025-11-18
712,2241,10000000055,16,40 mg,Q6H,2025-11-16,2025-11-16,2025-11-18
713,1576,10000000247,155,1 capsule,Q8H,2026-12-23,2026-12-23,2026-12-25
714,1576,10000000241,202,40 mg,Q8H,2026-12-23,2026-12-23,2026-12-26
715,409,10000000011,101,500 mg,BID,2025-10-08,2025-10-08,2025-10-14
716,409,10000000005,306,500 mg,Q6H,2025-10-08,2025-10-08,2025-10-13
717,2592,10000000162,47,1 vial,Q8H,2026-10-07,2026-10-07,2026-10-13
718,2592,10000000166,114,500 mg,BID,2026-10-07,2026-10-07,2026-10-15
719,2496,10000000053,295,1 capsule,Q8H,2026-07-07,2026-07-07,2026-07-13
720,2496,10000000059,12638,1 vial,Q8H,2026-07-07,2026-07-07,2026-07-13
721,3469,10000000016,129,40 mg,TID,2025-04-20,2025-04-20,2025-04-24
722,3469,10000000015,12,40 mg,BID,2025-04-20,2025-04-20,2025-04-25
723,1745,10000000027,33,40 mg,BID,2026-06-24,2026-06-24,2026-06-26
724,1745,10000000038,212,1 capsule,QD,2026-06-24,2026-06-24,2026-06-26
725,2426,10000000151,35041,500 mg,Q6H,2025-05-09,2025-05-09,2025-05-11
726,2426,10000000151,272,500 mg,QD,2025-05-09,2025-05-09,2025-05-12
727,2638,10000000186,353,1 capsule,TID,2025-12-05,2025-12-05,2025-12-09
728,2638,10000000196,292,1 tablet,Q6H,2025-12-05,2025-12-05,2025-12-09
729,2995,10000000136,7458,1 tablet,TID,2025-12-02,2025-12-02,2025-12-05
730,2995,10000000133,436,40 mg,Q6H,2025-12-02,2025-12-02,2025-12-04
731,197,10000000275,15,500 mg,Q8H,2026-02-12,2026-02-12,2026-02-14
732,197,10000000270,216,1 vial,Q8H,2026-02-12,2026-02-12,2026-02-14
733,1568,10000000089,227,40 mg,QD,2026-12-15,2026-12-15,2026-12-17
734,1568,10000000086,82,1 capsule,QD,2026-12-15,2026-12-15,2026-12-17
735,710,10000000031,19,1 tablet,Q6H,2025-08-21,2025-08-21,2025-08-25
736,710,10000000031,30,500 mg,Q8H,2025-08-21,2025-08-21,2025-08-26
737,844,10000000015,35040,500 mg,Q8H,2026-12-11,2026-12-11,2026-12-16
738,844,10000000011,300,1 capsule,Q8H,2026-12-11,2026-12-11,2026-12-15
739,590,10000000024,353,1 capsule,BID,2025-04-21,2025-04-21,2025-04-24
740,590,10000000025,33024,1 tablet,QD,2025-04-21,2025-04-21,2025-04-26
741,3053,10000000099,5,1 vial,Q8H,2025-02-12,2025-02-12,2025-02-17
742,3053,10000000088,184,1 vial,BID,2025-02-12,2025-02-12,2025-02-15
743,2780,10000000023,323,500 mg,Q8H,2025-05-03,2025-05-03,2025-05-07
744,2780,10000000039,412,1 tablet,Q6H,2025-05-03,2025-05-03,2025-05-06
745,3414,10000000117,1121,40 mg,TID,2025-02-13,2025-02-13,2025-02-17
746,3414,10000000119,404,1 capsule,Q6H,2025-02-13,2025-02-13,2025-02-16
747,2034,10000000116,341,1 capsule,TID,2025-04-25,2025-04-25,2025-04-28
748,2034,10000000119,49517,1 vial,QD,2025-04-25,2025-04-25,2025-04-28
749,3223,10000000184,155,40 mg,BID,2026-07-14,2026-07-14,2026-07-22
750,3223,10000000183,216,1 capsule,Q8H,2026-07-14,2026-07-14,2026-07-20
751,675,10000000238,171,1 vial,Q8H,2026-06-10,2026-06-10,2026-06-16
752,675,10000000232,12,500 mg,QD,2026-06-10,2026-06-10,2026-06-16
753,1764,10000000101,159,1 vial,QD,2025-07-19,2025-07-19,2025-07-19
754,1764,10000000100,380,500 mg,Q8H,2025-07-19,2025-07-19,2025-07-19
755,3142,10000000069,211,1 tablet,Q6H,2025-05-05,2025-05-05,2025-05-13
756,3142,10000000062,62,1 vial,TID,2025-05-05,2025-05-05,2025-05-07
757,3169,10000000009,255,1 capsule,Q8H,2025-06-08,2025-06-08,2025-06-15
758,3169,10000000000,320,1 vial,QD,2025-06-08,2025-06-08,2025-06-12
759,933,10000000293,33,500 mg,TID,2025-03-04,2025-03-04,2025-03-06
760,933,10000000285,16,1 capsule,TID,2025-03-04,2025-03-04,2025-03-06
761,2685,10000000226,323,500 mg,TID,2026-01-04,2026-01-04,2026-01-09
762,2685,10000000236,398,500 mg,Q6H,2026-01-04,2026-01-04,2026-01-09
763,1368,10000000291,129,40 mg,TID,2026-05-07,2026-05-07,2026-05-09
764,1368,10000000281,12,40 mg,BID,2026-05-07,2026-05-07,2026-05-15
765,511,10000000258,383,500 mg,QD,2025-01-14,2025-01-14,2025-01-18
766,511,10000000245,86,1 capsule,QD,2025-01-14,2025-01-14,2025-01-22
767,2243,10000000091,71,500 mg,Q8H,2025-11-18,2025-11-18,2025-11-23
768,2243,10000000098,370,40 mg,Q8H,2025-11-18,2025-11-18,2025-11-22
769,2732,10000000279,353,500 mg,BID,2025-03-03,2025-03-03,2025-03-09
770,2732,10000000271,250,1 capsule,Q8H,2025-03-03,2025-03-03,2025-03-07
771,2,10000000103,173,1 vial,QD,2025-03-17,2025-03-17,2025-03-20
772,2,10000000101,49517,40 mg,Q6H,2025-03-17,2025-03-17,2025-03-20
773,660,10000000233,225,1 tablet,BID,2025-06-19,2025-06-19,2025-06-26
774,660,10000000221,384,500 mg,Q6H,2025-06-19,2025-06-19,2025-06-25
775,1577,10000000268,437,500 mg,QD,2026-12-24,2026-12-24,2026-12-29
776,1577,10000000274,250,1 tablet,QD,2026-12-24,2026-12-24,2026-12-29
777,2755,10000000124,159,1 tablet,TID,2025-04-02,2025-04-02,2025-04-06
778,2755,10000000133,30,1 vial,Q8H,2025-04-02,2025-04-02,2025-04-06
779,2743,10000000194,351,1 capsule,TID,2026-03-14,2026-03-14,2026-03-20
780,2743,10000000182,34,1 capsule,Q8H,2026-03-14,2026-03-14,2026-03-22
781,3228,10000000296,325,40 mg,BID,2026-07-19,2026-07-19,2026-07-22
782,3228,10000000286,27329,1 vial,BID,2026-07-19,2026-07-19,2026-07-25
783,275,10000000028,411,1 capsule,TID,2026-05-18,2026-05-18,2026-05-20
784,275,10000000031,49516,500 mg,QD,2026-05-18,2026-05-18,2026-05-20
785,2170,10000000131,225,1 capsule,BID,2026-08-17,2026-08-17,2026-08-19
786,2170,10000000126,426,500 mg,Q8H,2026-08-17,2026-08-17,2026-08-22
787,1701,10000000041,199,500 mg,QD,2025-05-04,2025-05-04,2025-05-09
788,1701,10000000040,208,1 capsule,BID,2025-05-04,2025-05-04,2025-05-06
789,2278,10000000190,7460,1 capsule,TID,2025-12-05,2025-12-05,2025-12-12
790,2278,10000000191,422,500 mg,BID,2025-12-05,2025-12-05,2025-12-07
791,182,10000000273,407,40 mg,QD,2025-02-21,2025-02-21,2025-02-25
792,182,10000000271,272,40 mg,TID,2025-02-21,2025-02-21,2025-02-23
793,603,10000000288,31,1 capsule,TID,2025-04-10,2025-04-10,2025-04-12
794,603,10000000297,24429,1 tablet,BID,2025-04-10,2025-04-10,2025-04-12
795,2603,10000000089,7459,500 mg,QD,2025-11-18,2025-11-18,2025-11-25
796,2603,10000000093,254,500 mg,BID,2025-11-18,2025-11-18,2025-11-22
797,3428,10000000094,35040,1 tablet,BID,2026-02-03,2026-02-03,2026-02-04
798,3428,10000000092,412,1 tablet,QD,2026-02-03,2026-02-03,2026-02-04
799,1148,10000000099,87,40 mg,BID,2026-10-03,2026-10-03,2026-10-04
800,1148,10000000089,166,1 capsule,TID,2026-10-03,2026-10-03,2026-10-04
801,3312,10000000169,19,500 mg,BID,2026-10-07,2026-10-07,2026-10-09
802,3312,10000000172,2,1 capsule,TID,2026-10-07,2026-10-07,2026-10-12
803,3300,10000000239,43,1 tablet,TID,2025-10-19,2025-10-19,2025-10-25
804,3300,10000000237,244,1 tablet,BID,2025-10-19,2025-10-19,2025-10-24
805,580,10000000129,423,1 tablet,TID,2026-03-11,2026-03-11,2026-03-15
806,580,10000000135,19200,500 mg,TID,2026-03-11,2026-03-11,2026-03-16
807,399,10000000105,299,40 mg,QD,2026-09-22,2026-09-22,2026-09-29
808,399,10000000119,282,1 capsule,TID,2026-09-22,2026-09-22,2026-09-25
809,2550,10000000225,1,1 tablet,Q6H,2025-09-13,2025-09-13,2025-09-16
810,2550,10000000232,48,1 capsule,TID,2025-09-13,2025-09-13,2025-09-19
811,555,10000000223,311,1 capsule,Q6H,2026-02-10,2026-02-10,2026-02-18
812,555,10000000222,236,40 mg,Q8H,2026-02-10,2026-02-10,2026-02-15
813,717,10000000174,159,1 vial,TID,2025-08-04,2025-08-04,2025-08-06
814,717,10000000163,170,1 capsule,BID,2025-08-04,2025-08-04,2025-08-12
815,1386,10000000054,225,500 mg,BID,2026-06-25,2026-06-25,2026-06-30
816,1386,10000000049,202,40 mg,TID,2026-06-25,2026-06-25,2026-07-01
817,2114,10000000208,409,1 tablet,BID,2026-06-09,2026-06-09,2026-06-10
818,2114,10000000206,334,1 capsule,Q6H,2026-06-09,2026-06-09,2026-06-10
819,3375,10000000232,47,500 mg,Q6H,2026-12-22,2026-12-22,2026-12-29
820,3375,10000000223,268,1 capsule,TID,2026-12-22,2026-12-22,2026-12-26
821,970,10000000132,113,1 vial,TID,2026-04-17,2026-04-17,2026-04-25
822,970,10000000139,314,1 tablet,TID,2026-04-17,2026-04-17,2026-04-22
823,1852,10000000069,157,500 mg,Q8H,2025-10-11,2025-10-11,2025-10-15
824,1852,10000000078,278,500 mg,BID,2025-10-11,2025-10-11,2025-10-19
825,505,10000000139,159,1 tablet,Q6H,2025-01-08,2025-01-08,2025-01-11
826,505,10000000135,49516,40 mg,Q6H,2025-01-08,2025-01-08,2025-01-11
827,936,10000000047,281,1 capsule,Q6H,2026-03-07,2026-03-07,2026-03-09
828,936,10000000056,12638,1 vial,Q8H,2026-03-07,2026-03-07,2026-03-09
829,2635,10000000138,213,40 mg,BID,2025-12-02,2025-12-02,2025-12-04
830,2635,10000000131,194,1 capsule,Q6H,2025-12-02,2025-12-02,2025-12-05
831,734,10000000204,61,500 mg,QD,2026-08-21,2026-08-21,2026-08-28
832,734,10000000211,170,40 mg,Q6H,2026-08-21,2026-08-21,2026-08-27
833,3045,10000000222,197,1 capsule,Q6H,2026-01-04,2026-01-04,2026-01-09
834,3045,10000000228,342,40 mg,QD,2026-01-04,2026-01-04,2026-01-09
835,1617,10000000176,423,40 mg,Q6H,2025-02-16,2025-02-16,2025-02-17
836,1617,10000000166,320,1 capsule,TID,2025-02-16,2025-02-16,2025-02-17
837,1909,10000000017,75,1 vial,QD,2025-12-20,2025-12-20,2025-12-21
838,1909,10000000019,212,1 capsule,Q6H,2025-12-20,2025-12-20,2025-12-21
839,3468,10000000298,141,1 capsule,TID,2026-03-19,2026-03-19,2026-03-21
840,3468,10000000290,426,500 mg,QD,2026-03-19,2026-03-19,2026-03-23
841,2242,10000000070,339,500 mg,Q6H,2025-11-17,2025-11-17,2025-11-23
842,2242,10000000063,180,1 tablet,Q6H,2025-11-17,2025-11-17,2025-11-21
843,589,10000000004,341,40 mg,BID,2025-04-20,2025-04-20,2025-04-22
844,589,10000000003,422,1 capsule,Q8H,2025-04-20,2025-04-20,2025-04-26
845,2396,10000000156,35041,500 mg,Q6H,2025-04-03,2025-04-03,2025-04-06
846,2396,10000000148,258,1 capsule,BID,2025-04-03,2025-04-03,2025-04-05
847,3022,10000000077,325,40 mg,TID,2025-01-05,2025-01-05,2025-01-10
848,3022,10000000060,27329,1 tablet,BID,2025-01-05,2025-01-05,2025-01-13
849,2799,10000000111,103,500 mg,Q8H,2026-05-22,2026-05-22,2026-05-23
850,2799,10000000100,212,1 tablet,BID,2026-05-22,2026-05-22,2026-05-23
851,1002,10000000170,309,500 mg,Q6H,2026-05-25,2026-05-25,2026-05-31
852,1002,10000000174,104,1 capsule,QD,2026-05-25,2026-05-25,2026-05-27
853,371,10000000147,269,40 mg,Q8H,2026-08-18,2026-08-18,2026-08-21
854,371,10000000141,166,500 mg,QD,2026-08-18,2026-08-18,2026-08-21
855,1998,10000000288,299,1 tablet,Q8H,2026-02-13,2026-02-13,2026-02-14
856,1998,10000000284,49514,1 vial,Q6H,2026-02-13,2026-02-13,2026-02-14
857,2954,10000000217,253,40 mg,Q8H,2026-10-09,2026-10-09,2026-10-13
858,2954,10000000203,118,1 tablet,TID,2026-10-09,2026-10-09,2026-10-14
859,1665,10000000226,115,40 mg,BID,2026-03-16,2026-03-16,2026-03-21
860,1665,10000000236,26,1 vial,TID,2026-03-16,2026-03-16,2026-03-21
861,672,10000000163,397,500 mg,Q8H,2026-06-07,2026-06-07,2026-06-14
862,672,10000000172,30,1 vial,TID,2026-06-07,2026-06-07,2026-06-15
863,2027,10000000277,35038,1 tablet,QD,2026-03-18,2026-03-18,2026-03-23
864,2027,10000000265,90,1 tablet,BID,2026-03-18,2026-03-18,2026-03-26
865,204,10000000104,297,1 capsule,TID,2025-03-19,2025-03-19,2025-03-25
866,204,10000000108,138,1 vial,Q8H,2025-03-19,2025-03-19,2025-03-24
867,3528,10000000296,271,1 tablet,TID,2026-05-07,2026-05-07,2026-05-08
868,3528,10000000287,114,1 capsule,Q6H,2026-05-07,2026-05-07,2026-05-08
869,1124,10000000219,267,40 mg,BID,2026-09-03,2026-09-03,2026-09-05
870,1124,10000000209,384,500 mg,TID,2026-09-03,2026-09-03,2026-09-05
871,1891,10000000249,3,40 mg,Q8H,2025-11-02,2025-11-02,2025-11-04
872,1891,10000000242,54,500 mg,Q8H,2025-11-02,2025-11-02,2025-11-08
873,3270,10000000223,243,1 tablet,QD,2025-09-13,2025-09-13,2025-09-15
874,3270,10000000222,296,1 capsule,TID,2025-09-13,2025-09-13,2025-09-18
875,2457,10000000174,71,1 vial,Q8H,2025-06-16,2025-06-16,2025-06-20
876,2457,10000000175,230,1 vial,TID,2025-06-16,2025-06-16,2025-06-18
877,1524,10000000111,213,500 mg,QD,2025-11-19,2025-11-19,2025-11-27
878,1524,10000000109,348,1 capsule,TID,2025-11-19,2025-11-19,2025-11-24
879,2070,10000000222,33,1 tablet,Q6H,2025-05-13,2025-05-13,2025-05-17
880,2070,10000000220,310,40 mg,Q8H,2025-05-13,2025-05-13,2025-05-16
881,3567,10000000173,85,1 capsule,Q8H,2025-07-22,2025-07-22,2025-07-26
882,3567,10000000160,272,500 mg,BID,2025-07-22,2025-07-22,2025-07-24
883,2777,10000000271,1145,40 mg,Q6H,2026-04-24,2026-04-24,2026-04-29
884,2777,10000000265,250,1 tablet,Q6H,2026-04-24,2026-04-24,2026-04-26
885,1113,10000000287,187,40 mg,Q6H,2025-09-16,2025-09-16,2025-09-18
886,1113,10000000295,49514,1 tablet,QD,2025-09-16,2025-09-16,2025-09-18
887,529,10000000004,35040,1 vial,TID,2025-02-08,2025-02-08,2025-02-12
888,529,10000000018,356,1 capsule,Q8H,2025-02-08,2025-02-08,2025-02-14
889,330,10000000227,255,40 mg,QD,2025-07-25,2025-07-25,2025-07-27
890,330,10000000230,194,1 vial,Q6H,2025-07-25,2025-07-25,2025-07-28
891,3072,10000000178,47,1 tablet,TID,2026-02-07,2026-02-07,2026-02-15
892,3072,10000000172,296,1 tablet,QD,2026-02-07,2026-02-07,2026-02-12
893,3569,10000000212,141,40 mg,QD,2025-07-24,2025-07-24,2025-07-30
894,3569,10000000202,174,1 vial,TID,2025-07-24,2025-07-24,2025-07-27
895,2394,10000000101,255,500 mg,TID,2025-04-25,2025-04-25,2025-04-28
896,2394,10000000118,110,40 mg,Q6H,2025-04-25,2025-04-25,2025-04-28
897,847,10000000077,215,1 capsule,Q6H,2026-12-14,2026-12-14,2026-12-15
898,847,10000000076,296,500 mg,TID,2026-12-14,2026-12-14,2026-12-15
899,1510,10000000120,57,1 vial,Q6H,2026-10-05,2026-10-05,2026-10-07
900,1510,10000000134,328,500 mg,Q8H,2026-10-05,2026-10-05,2026-10-11
901,524,10000000219,367,1 vial,Q8H,2026-01-03,2026-01-03,2026-01-03
902,524,10000000210,96,1 vial,TID,2026-01-03,2026-01-03,2026-01-03
903,2801,10000000149,369,40 mg,BID,2026-05-24,2026-05-24,2026-05-25
904,2801,10000000158,44,1 capsule,QD,2026-05-24,2026-05-24,2026-05-25
905,2342,10000000266,281,500 mg,Q6H,2025-02-21,2025-02-21,2025-02-28
906,2342,10000000265,328,40 mg,QD,2025-02-21,2025-02-21,2025-02-25
907,2452,10000000073,269,40 mg,Q6H,2025-06-11,2025-06-11,2025-06-16
908,2452,10000000073,264,1 tablet,BID,2025-06-11,2025-06-11,2025-06-14
909,2017,10000000064,285,1 capsule,Q6H,2026-03-08,2026-03-08,2026-03-10
910,2017,10000000075,170,40 mg,QD,2026-03-08,2026-03-08,2026-03-14
911,2545,10000000127,29,500 mg,TID,2025-09-08,2025-09-08,2025-09-14
912,2545,10000000136,118,1 tablet,BID,2025-09-08,2025-09-08,2025-09-13
913,1936,10000000258,1145,1 tablet,BID,2026-12-23,2026-12-23,2026-12-25
914,1936,10000000241,250,1 vial,Q6H,2026-12-23,2026-12-23,2026-12-25
915,2663,10000000080,173,1 capsule,BID,2025-01-06,2025-01-06,2025-01-08
916,2663,10000000081,212,1 capsule,QD,2025-01-06,2025-01-06,2025-01-08
917,1243,10000000187,85,40 mg,BID,2026-01-02,2026-01-02,2026-01-08
918,1243,10000000187,104,1 tablet,Q8H,2026-01-02,2026-01-02,2026-01-07
919,1821,10000000052,297,500 mg,Q6H,2025-09-04,2025-09-04,2025-09-07
920,1821,10000000050,236,40 mg,Q8H,2025-09-04,2025-09-04,2025-09-07
921,2476,10000000242,439,1 capsule,Q6H,2026-06-11,2026-06-11,2026-06-14
922,2476,10000000251,142,1 tablet,Q8H,2026-06-11,2026-06-11,2026-06-14
923,1801,10000000248,85,500 mg,BID,2025-08-08,2025-08-08,2025-08-15
924,1801,10000000254,188,40 mg,Q6H,2025-08-08,2025-08-08,2025-08-16
925,1688,10000000089,101,500 mg,Q8H,2026-04-15,2026-04-15,2026-04-19
926,1688,10000000086,390,1 tablet,TID,2026-04-15,2026-04-15,2026-04-19
927,716,10000000153,341,500 mg,TID,2025-08-03,2025-08-03,2025-08-08
928,716,10000000140,212,1 vial,Q8H,2025-08-03,2025-08-03,2025-08-08
929,623,10000000096,407,1 tablet,BID,2025-05-06,2025-05-06,2025-05-07
930,623,10000000085,104,1 vial,TID,2025-05-06,2025-05-06,2025-05-07
931,2284,10000000006,353,40 mg,Q6H,2026-12-11,2026-12-11,2026-12-18
932,2284,10000000014,222,1 tablet,BID,2026-12-11,2026-12-11,2026-12-19
933,742,10000000076,19,1 vial,BID,2025-09-05,2025-09-05,2025-09-07
934,742,10000000075,49514,500 mg,Q8H,2025-09-05,2025-09-05,2025-09-11
935,2959,10000000011,407,1 tablet,QD,2025-11-14,2025-11-14,2025-11-17
936,2959,10000000004,370,1 capsule,BID,2025-11-14,2025-11-14,2025-11-16
937,3131,10000000157,339,500 mg,TID,2026-04-18,2026-04-18,2026-04-22
938,3131,10000000140,250,500 mg,BID,2026-04-18,2026-04-18,2026-04-24
939,686,10000000145,411,1 tablet,Q8H,2025-07-21,2025-07-21,2025-07-23
940,686,10000000156,352,40 mg,TID,2025-07-21,2025-07-21,2025-07-23
941,2094,10000000105,421,1 tablet,Q8H,2025-06-13,2025-06-13,2025-06-15
942,2094,10000000108,7158,500 mg,Q6H,2025-06-13,2025-06-13,2025-06-20
943,968,10000000089,381,1 vial,TID,2026-04-15,2026-04-15,2026-04-17
944,968,10000000091,390,500 mg,BID,2026-04-15,2026-04-15,2026-04-17
945,1709,10000000203,47,500 mg,BID,2025-05-12,2025-05-12,2025-05-15
946,1709,10000000218,184,1 tablet,TID,2025-05-12,2025-05-12,2025-05-20
947,1291,10000000243,35039,40 mg,Q6H,2025-03-02,2025-03-02,2025-03-07
948,1291,10000000248,286,1 tablet,BID,2025-03-02,2025-03-02,2025-03-10
949,778,10000000181,395,1 capsule,BID,2025-10-17,2025-10-17,2025-10-21
950,778,10000000191,334,1 tablet,BID,2025-10-17,2025-10-17,2025-10-20
951,26,10000000031,7460,1 capsule,BID,2025-04-25,2025-04-25,2025-04-27
952,26,10000000028,156,500 mg,Q6H,2025-04-25,2025-04-25,2025-04-27
953,1348,10000000183,35038,1 vial,QD,2025-05-11,2025-05-11,2025-05-19
954,1348,10000000185,384,1 tablet,Q8H,2025-05-11,2025-05-11,2025-05-15
955,2309,10000000213,283,40 mg,BID,2025-01-12,2025-01-12,2025-01-16
956,2309,10000000208,264,40 mg,Q6H,2025-01-12,2025-01-12,2025-01-14
957,2861,10000000145,243,40 mg,Q6H,2026-07-12,2026-07-12,2026-07-19
958,2861,10000000151,380,1 capsule,TID,2026-07-12,2026-07-12,2026-07-15
959,2615,10000000022,155,500 mg,QD,2026-11-06,2026-11-06,2026-11-14
960,2615,10000000039,398,40 mg,BID,2026-11-06,2026-11-06,2026-11-13
961,1264,10000000010,437,1 vial,QD,2026-02-23,2026-02-23,2026-02-28
962,1264,10000000002,33024,1 capsule,BID,2026-02-23,2026-02-23,2026-02-25
963,1332,10000000169,215,1 capsule,TID,2026-04-19,2026-04-19,2026-04-24
964,1332,10000000168,170,1 tablet,Q8H,2026-04-19,2026-04-19,2026-04-26
965,2936,10000000150,169,40 mg,QD,2025-10-15,2025-10-15,2025-10-17
966,2936,10000000153,258,1 vial,Q6H,2025-10-15,2025-10-15,2025-10-17
967,3149,10000000206,143,500 mg,TID,2025-05-12,2025-05-12,2025-05-14
968,3149,10000000214,26,500 mg,TID,2025-05-12,2025-05-12,2025-05-14
969,346,10000000248,425,1 tablet,Q6H,2026-07-17,2026-07-17,2026-07-18
970,346,10000000242,282,40 mg,Q6H,2026-07-17,2026-07-17,2026-07-18
971,2299,10000000012,197,1 vial,Q6H,2025-01-02,2025-01-02,2025-01-06
972,2299,10000000001,90,1 capsule,QD,2025-01-02,2025-01-02,2025-01-06
973,1060,10000000137,31,1 capsule,TID,2026-07-11,2026-07-11,2026-07-14
974,1060,10000000135,208,1 tablet,BID,2026-07-11,2026-07-11,2026-07-18
975,2364,10000000107,313,40 mg,Q6H,2025-03-19,2025-03-19,2025-03-22
976,2364,10000000105,422,1 tablet,Q8H,2025-03-19,2025-03-19,2025-03-27
977,2757,10000000166,43,1 tablet,Q8H,2025-04-04,2025-04-04,2025-04-06
978,2757,10000000162,370,1 tablet,Q8H,2025-04-04,2025-04-04,2025-04-07
979,1195,10000000139,199,1 capsule,QD,2025-12-02,2025-12-02,2025-12-07
980,1195,10000000138,96,1 vial,Q8H,2025-12-02,2025-12-02,2025-12-04
981,701,10000000141,299,1 tablet,Q8H,2026-07-12,2026-07-12,2026-07-15
982,701,10000000141,142,40 mg,BID,2026-07-12,2026-07-12,2026-07-15
983,3484,10000000003,35038,40 mg,Q6H,2026-04-11,2026-04-11,2026-04-17
984,3484,10000000015,328,1 tablet,QD,2026-04-11,2026-04-11,2026-04-15
985,2042,10000000275,87,500 mg,TID,2025-04-09,2025-04-09,2025-04-14
986,2042,10000000272,33024,40 mg,Q8H,2025-04-09,2025-04-09,2025-04-13
987,3597,10000000168,187,1 capsule,TID,2025-08-04,2025-08-04,2025-08-08
988,3597,10000000169,156,1 capsule,BID,2025-08-04,2025-08-04,2025-08-10
989,124,10000000116,71,1 tablet,QD,2026-05-14,2026-05-14,2026-05-16
990,124,10000000118,12638,40 mg,QD,2026-05-14,2026-05-14,2026-05-17
991,1089,10000000112,1122,500 mg,TID,2026-08-16,2026-08-16,2026-08-19
992,1089,10000000119,82,40 mg,TID,2026-08-16,2026-08-16,2026-08-22
993,2874,10000000100,271,1 tablet,QD,2025-08-25,2025-08-25,2025-08-27
994,2874,10000000102,30,1 capsule,Q6H,2025-08-25,2025-08-25,2025-08-29
995,1135,10000000129,407,1 vial,BID,2025-10-14,2025-10-14,2025-10-18
996,1135,10000000122,7086,1 tablet,Q8H,2025-10-14,2025-10-14,2025-10-17
997,792,10000000163,311,1 tablet,QD,2026-10-07,2026-10-07,2026-10-09
998,792,10000000179,138,40 mg,BID,2026-10-07,2026-10-07,2026-10-15
999,1498,10000000186,131,1 tablet,Q8H,2025-10-17,2025-10-17,2025-10-23
1000,1498,10000000180,240,40 mg,Q6H,2025-10-17,2025-10-17,2025-10-25
1001,361,10000000256,276,40 mg,QD,2025-08-07,2025-08-07,2025-08-10
1002,3129,10000000104,235,500 mg,Q6H,2026-04-15,2026-04-15,2026-04-23
1003,1000,10000000132,16454,1 vial,Q8H,2026-05-26,2026-05-26,2026-05-29
1004,2307,10000000166,225,1 capsule,Q6H,2025-01-11,2025-01-11,2025-01-12
1005,2855,10000000034,22,1 tablet,QD,2026-07-11,2026-07-11,2026-07-15
1006,2247,10000000172,319,1 vial,Q6H,2025-11-21,2025-11-21,2025-11-22
1007,2123,10000000098,84,500 mg,Q6H,2025-07-18,2025-07-18,2025-07-22
1008,3405,10000000233,1116,1 capsule,BID,2026-01-07,2026-01-07,2026-01-11
1009,3006,10000000046,266,500 mg,TID,2026-12-12,2026-12-12,2026-12-14
1010,1747,10000000079,364,40 mg,BID,2026-06-06,2026-06-06,2026-06-06
1011,3320,10000000037,288,1 tablet,Q6H,2025-12-03,2025-12-03,2025-12-04
1012,3075,10000000234,190,1 capsule,Q8H,2026-02-18,2026-02-18,2026-02-21
1013,1452,10000000177,9,40 mg,TID,2026-09-04,2026-09-04,2026-09-06
1014,3141,10000000046,7457,500 mg,Q8H,2025-05-05,2025-05-05,2025-05-06
1015,1601,10000000158,208,500 mg,TID,2026-01-24,2026-01-24,2026-01-26
1016,2481,10000000049,384,40 mg,Q8H,2025-07-16,2025-07-16,2025-07-18
1017,460,10000000128,187,1 tablet,TID,2026-11-22,2026-11-22,2026-11-24
1018,3154,10000000012,353,500 mg,BID,2026-05-17,2026-05-17,2026-05-24
1019,2320,10000000126,227,1 tablet,Q6H,2026-01-24,2026-01-24,2026-01-27
1020,249,10000000106,270,500 mg,BID,2026-04-19,2026-04-19,2026-04-21
1021,2443,10000000192,100,1 vial,Q6H,2026-05-12,2026-05-12,2026-05-14
1022,3094,10000000010,1116,40 mg,Q6H,2026-03-07,2026-03-07,2026-03-10
1023,1350,10000000239,382,40 mg,Q6H,2025-05-22,2025-05-22,2025-05-28
1024,1775,10000000024,126,1 capsule,TID,2026-07-05,2026-07-05,2026-07-11
1025,3532,10000000076,18,1 capsule,QD,2025-07-18,2025-07-18,2025-07-24
1026,1898,10000000086,365,40 mg,TID,2026-11-11,2026-11-11,2026-11-11
1027,1015,10000000127,109,1 capsule,Q6H,2025-06-19,2025-06-19,2025-06-20
1028,1778,10000000082,239,1 capsule,QD,2026-07-10,2026-07-10,2026-07-11
1029,3264,10000000106,201,1 vial,Q6H,2025-09-06,2025-09-06,2025-09-08
1030,100,10000000285,66,1 tablet,Q8H,2026-05-13,2026-05-13,2026-05-15
1031,1972,10000000074,357,40 mg,BID,2025-02-23,2025-02-23,2025-03-01
1032,833,10000000095,157,1 capsule,Q6H,2025-12-23,2025-12-23,2025-12-26
1033,401,10000000143,19200,1 capsule,TID,2026-09-26,2026-09-26,2026-09-28
1034,1384,10000000017,262,1 vial,QD,2026-06-26,2026-06-26,2026-07-02
1035,2021,10000000155,7369,1 tablet,Q6H,2026-03-12,2026-03-12,2026-03-13
1036,611,10000000150,222,1 capsule,TID,2026-04-19,2026-04-19,2026-04-20
1037,2353,10000000193,173,1 vial,QD,2026-03-03,2026-03-03,2026-03-07
1038,660,10000000232,1113,1 vial,TID,2025-06-28,2025-06-28,2025-06-30
1039,3176,10000000144,245,1 vial,QD,2025-06-14,2025-06-14,2025-06-16
1040,1651,10000000247,7459,1 capsule,TID,2025-03-05,2025-03-05,2025-03-09
1041,506,10000000148,119,40 mg,BID,2025-01-11,2025-01-11,2025-01-12
1042,244,10000000001,35039,40 mg,Q8H,2026-04-11,2026-04-11,2026-04-19
1043,1942,10000000062,354,1 capsule,BID,2025-01-08,2025-01-08,2025-01-08
1044,2757,10000000164,77,1 vial,QD,2025-04-04,2025-04-04,2025-04-07
1045,1437,10000000168,91,40 mg,BID,2025-08-05,2025-08-05,2025-08-11
1046,3212,10000000260,377,1 tablet,BID,2025-07-05,2025-07-05,2025-07-05
1047,3243,10000000291,7159,40 mg,Q6H,2025-08-14,2025-08-14,2025-08-17
1048,1150,10000000135,14,1 capsule,TID,2026-10-12,2026-10-12,2026-10-13
1049,203,10000000083,154,1 capsule,BID,2025-03-19,2025-03-19,2025-03-21
1050,2061,10000000049,44,1 tablet,Q6H,2025-05-04,2025-05-04,2025-05-07
1051,1396,10000000257,59,500 mg,BID,2026-06-14,2026-06-14,2026-06-14
1052,3239,10000000201,124,1 tablet,BID,2025-08-06,2025-08-06,2025-08-08
1053,236,10000000143,64,1 vial,Q8H,2025-04-04,2025-04-04,2025-04-05
1054,1657,10000000061,49,40 mg,Q8H,2026-03-13,2026-03-13,2026-03-14
1055,2156,10000000145,155,1 vial,QD,2025-08-03,2025-08-03,2025-08-03
1056,1730,10000000021,31837,1 capsule,TID,2025-06-14,2025-06-14,2025-06-16
1057,2370,10000000235,17,1 vial,Q8H,2025-03-24,2025-03-24,2025-03-30
1058,1131,10000000057,45,1 capsule,QD,2025-10-13,2025-10-13,2025-10-14
1059,2016,10000000053,176,1 capsule,TID,2026-03-14,2026-03-14,2026-03-18
1060,2069,10000000207,133,500 mg,TID,2025-05-17,2025-05-17,2025-05-18
1061,1669,10000000000,333,500 mg,Q8H,2025-04-29,2025-04-29,2025-04-29
1062,3525,10000000233,129,1 tablet,BID,2026-05-03,2026-05-03,2026-05-09
1063,1738,10000000197,419,500 mg,Q6H,2025-07-08,2025-07-08,2025-07-10
1064,2969,10000000215,43,1 vial,TID,2025-11-26,2025-11-26,2025-11-26
1065,173,10000000084,276,500 mg,TID,2025-02-13,2025-02-13,2025-02-14
1066,1681,10000000255,157,500 mg,Q6H,2025-04-09,2025-04-09,2025-04-09
1067,3095,10000000031,33,1 vial,Q6H,2026-03-06,2026-03-06,2026-03-06
1068,2606,10000000149,149,1 capsule,QD,2025-11-21,2025-11-21,2025-11-21
1069,923,10000000086,58,40 mg,Q8H,2025-03-18,2025-03-18,2025-03-19
1070,2792,10000000277,197,1 capsule,TID,2025-05-17,2025-05-17,2025-05-19
1071,2765,10000000039,154,1 capsule,TID,2026-04-11,2026-04-11,2026-04-14
1072,1544,10000000215,417,1 capsule,BID,2026-11-16,2026-11-16,2026-11-17
1073,2743,10000000189,49515,1 capsule,Q6H,2026-03-17,2026-03-17,2026-03-23
1074,537,10000000178,153,1 tablet,BID,2025-02-17,2025-02-17,2025-02-18
1075,845,10000000038,366,1 tablet,BID,2026-12-13,2026-12-13,2026-12-13
1076,3046,10000000254,173,1 capsule,BID,2026-01-24,2026-01-24,2026-01-24
1077,3264,10000000103,1145,1 tablet,TID,2025-09-06,2025-09-06,2025-09-08
1078,3011,10000000145,372,500 mg,Q6H,2026-12-21,2026-12-21,2026-12-21
1079,3134,10000000205,156,40 mg,BID,2026-04-24,2026-04-24,2026-04-28
1080,74,10000000002,1122,40 mg,TID,2026-10-20,2026-10-20,2026-10-26
1081,2016,10000000041,216,1 capsule,Q8H,2026-03-13,2026-03-13,2026-03-16
1082,181,10000000252,259,40 mg,Q8H,2025-02-20,2025-02-20,2025-02-21
1083,1358,10000000085,35,1 capsule,Q8H,2026-05-20,2026-05-20,2026-05-22
1084,2806,10000000257,360,40 mg,QD,2026-05-07,2026-05-07,2026-05-07
1085,2647,10000000065,114,40 mg,BID,2026-12-20,2026-12-20,2026-12-25
1086,3213,10000000292,76,1 capsule,BID,2025-07-03,2025-07-03,2025-07-04
1087,1442,10000000262,333,40 mg,QD,2025-08-23,2025-08-23,2025-08-26
1088,845,10000000029,30279,40 mg,Q8H,2026-12-13,2026-12-13,2026-12-13
1089,1611,10000000052,125,1 vial,TID,2025-02-12,2025-02-12,2025-02-12
1090,292,10000000073,1145,500 mg,Q6H,2025-06-29,2025-06-29,2025-07-02
1091,880,10000000131,94,500 mg,BID,2026-01-25,2026-01-25,2026-01-27
1092,3241,10000000256,5,1 capsule,TID,2025-08-08,2025-08-08,2025-08-08
1093,768,10000000292,313,1 vial,BID,2026-09-07,2026-09-07,2026-09-07
1094,1450,10000000135,16,1 tablet,TID,2026-08-26,2026-08-26,2026-08-26
1095,1121,10000000144,179,500 mg,Q8H,2026-09-30,2026-09-30,2026-09-30
1096,83,10000000191,127,40 mg,BID,2025-06-14,2025-06-14,2025-06-19
1097,3299,10000000203,422,1 vial,Q6H,2025-10-18,2025-10-18,2025-10-19
1098,274,10000000006,187,1 tablet,Q8H,2026-05-16,2026-05-16,2026-05-23
1099,82,10000000021,49514,500 mg,TID,2025-05-17,2025-05-17,2025-05-19
1100,1081,10000000240,49514,500 mg,QD,2025-08-07,2025-08-07,2025-08-09
1101,2165,10000000031,201,1 vial,Q8H,2026-08-15,2026-08-15,2026-08-19
1102,3232,10000000076,423,1 tablet,TID,2025-08-22,2025-08-22,2025-08-26
1103,726,10000000056,203,1 capsule,Q6H,2026-08-16,2026-08-16,2026-08-21
1104,3562,10000000061,147,500 mg,BID,2025-07-16,2025-07-16,2025-07-22
1105,2531,10000000148,181,40 mg,Q6H,2026-08-17,2026-08-17,2026-08-21
1106,2113,10000000190,231,500 mg,Q6H,2026-06-07,2026-06-07,2026-06-10
1107,2780,10000000039,173,1 vial,Q8H,2025-05-06,2025-05-06,2025-05-07
1108,176,10000000155,178,1 vial,Q6H,2025-02-16,2025-02-16,2025-02-18
1109,376,10000000253,209,40 mg,QD,2026-08-23,2026-08-23,2026-08-30
1110,3545,10000000039,367,40 mg,Q6H,2026-07-01,2026-07-01,2026-07-07
1111,3454,10000000013,360,1 tablet,BID,2026-03-11,2026-03-11,2026-03-12
1112,2564,10000000206,331,1 capsule,QD,2026-09-06,2026-09-06,2026-09-06
1113,1183,10000000187,252,40 mg,Q8H,2026-11-17,2026-11-17,2026-11-17
1114,454,10000000009,86,500 mg,BID,2026-11-04,2026-11-04,2026-11-07
1115,348,10000000296,21,1 tablet,Q6H,2026-07-21,2026-07-21,2026-07-21
1116,2199,10000000103,344,40 mg,TID,2026-09-26,2026-09-26,2026-09-27
1117,2853,10000000297,352,1 tablet,Q6H,2025-07-03,2025-07-03,2025-07-04
1118,2123,10000000084,429,1 capsule,Q8H,2025-07-19,2025-07-19,2025-07-21
1119,1614,10000000110,419,500 mg,TID,2025-03-01,2025-03-01,2025-03-07
1120,140,10000000027,282,1 tablet,Q6H,2025-01-11,2025-01-11,2025-01-11
1121,3570,10000000232,417,1 tablet,TID,2025-07-26,2025-07-26,2025-07-30
1122,1306,10000000244,66,1 vial,BID,2026-03-23,2026-03-23,2026-03-29
1123,2968,10000000184,115,1 tablet,BID,2025-11-24,2025-11-24,2025-11-28
1124,1315,10000000129,172,1 vial,Q6H,2025-04-05,2025-04-05,2025-04-10
1125,635,10000000037,397,500 mg,TID,2026-05-28,2026-05-28,2026-05-30
1126,318,10000000295,51,1 vial,BID,2026-06-21,2026-06-21,2026-06-28
1127,1348,10000000194,239,40 mg,Q8H,2025-05-18,2025-05-18,2025-05-22
1128,1127,10000000279,186,500 mg,Q6H,2026-09-17,2026-09-17,2026-09-20
1129,3563,10000000081,2,500 mg,QD,2025-07-18,2025-07-18,2025-07-19
1130,1644,10000000115,184,500 mg,QD,2025-03-21,2025-03-21,2025-03-25
1131,1203,10000000282,404,1 capsule,Q8H,2025-12-11,2025-12-11,2025-12-11
1132,771,10000000051,31838,40 mg,Q8H,2025-10-09,2025-10-09,2025-10-11
1133,2292,10000000174,367,1 vial,Q6H,2026-12-19,2026-12-19,2026-12-23
1134,2189,10000000205,67,1 tablet,QD,2025-09-11,2025-09-11,2025-09-13
1135,1136,10000000157,115,40 mg,Q6H,2025-10-20,2025-10-20,2025-10-22
1136,1272,10000000176,144,1 tablet,Q6H,2026-02-09,2026-02-09,2026-02-16
1137,346,10000000252,212,500 mg,TID,2026-07-17,2026-07-17,2026-07-18
1138,3155,10000000021,359,40 mg,Q8H,2026-05-18,2026-05-18,2026-05-18
1139,2670,10000000228,168,500 mg,BID,2025-01-15,2025-01-15,2025-01-22
1140,3119,10000000210,167,500 mg,Q6H,2025-04-12,2025-04-12,2025-04-15
1141,1317,10000000164,49,500 mg,Q8H,2025-04-03,2025-04-03,2025-04-07
1142,215,10000000032,155,1 tablet,Q8H,2026-03-08,2026-03-08,2026-03-10
1143,1406,10000000145,286,1 tablet,BID,2025-07-22,2025-07-22,2025-07-24
1144,3074,10000000219,26180,1 capsule,QD,2026-02-19,2026-02-19,2026-02-21
1145,2587,10000000067,199,1 vial,BID,2026-10-01,2026-10-01,2026-10-04
1146,1636,10000000257,302,1 tablet,QD,2026-02-14,2026-02-14,2026-02-17
1147,2065,10000000126,26,1 capsule,Q8H,2025-05-20,2025-05-20,2025-05-21
1148,2148,10000000293,385,500 mg,Q8H,2026-08-01,2026-08-01,2026-08-05
1149,3460,10000000124,31,1 capsule,TID,2026-03-20,2026-03-20,2026-03-21
1150,1406,10000000150,387,40 mg,TID,2025-07-22,2025-07-22,2025-07-24
1151,2619,10000000109,171,1 capsule,Q6H,2026-11-15,2026-11-15,2026-11-21
1152,879,10000000111,432,1 tablet,QD,2026-01-23,2026-01-23,2026-01-28
1153,2818,10000000187,310,1 vial,QD,2025-06-19,2025-06-19,2025-06-21
1154,743,10000000093,7159,1 capsule,Q8H,2025-09-12,2025-09-12,2025-09-12
1155,2019,10000000105,82,1 tablet,BID,2026-03-10,2026-03-10,2026-03-12
1156,2223,10000000294,179,40 mg,TID,2025-10-22,2025-10-22,2025-10-25
1157,3198,10000000289,7457,500 mg,BID,2026-06-15,2026-06-15,2026-06-18
1158,1633,10000000189,280,500 mg,QD,2026-02-10,2026-02-10,2026-02-15
1159,101,10000000078,108,40 mg,Q8H,2026-06-17,2026-06-17,2026-06-18
1160,3087,10000000170,244,1 tablet,Q6H,2025-03-23,2025-03-23,2025-03-27
1161,1035,10000000238,100,1 tablet,Q6H,2026-06-12,2026-06-12,2026-06-16
1162,1327,10000000067,400,40 mg,BID,2026-04-20,2026-04-20,2026-04-25
1163,1998,10000000283,22,1 tablet,TID,2026-02-14,2026-02-14,2026-02-14
1164,1599,10000000101,215,1 vial,QD,2026-01-27,2026-01-27,2026-02-04
1165,1809,10000000110,43,1 vial,TID,2026-08-21,2026-08-21,2026-08-26
1166,3146,10000000142,246,1 capsule,TID,2025-05-09,2025-05-09,2025-05-15
1167,1672,10000000070,423,40 mg,TID,2025-06-14,2025-06-14,2025-06-17
1168,94,10000000221,139,40 mg,TID,2025-05-13,2025-05-13,2025-05-16
1169,947,10000000264,1122,1 tablet,TID,2026-03-31,2026-03-31,2026-04-07
1170,2209,10000000014,35041,1 vial,BID,2025-10-08,2025-10-08,2025-10-10
1171,2197,10000000065,24429,500 mg,TID,2026-09-20,2026-09-20,2026-09-22
1172,449,10000000215,142,40 mg,Q6H,2025-11-24,2025-11-24,2025-12-01
1173,779,10000000204,341,1 tablet,BID,2025-10-19,2025-10-19,2025-10-20
1174,2510,10000000037,392,1 capsule,Q6H,2025-08-21,2025-08-21,2025-08-23
1175,604,10000000011,49516,1 capsule,Q8H,2026-04-17,2026-04-17,2026-04-19
1176,2289,10000000103,280,500 mg,BID,2027-01-05,2027-01-05,2027-01-06
1177,787,10000000062,427,1 vial,BID,2026-10-24,2026-10-24,2026-10-30
1178,2531,10000000149,88,1 capsule,QD,2026-08-20,2026-08-20,2026-08-21
1179,3001,10000000259,374,500 mg,QD,2025-12-14,2025-12-14,2025-12-20
1180,1676,10000000155,49516,1 tablet,TID,2025-04-05,2025-04-05,2025-04-11
1181,2948,10000000086,344,500 mg,Q6H,2026-10-05,2026-10-05,2026-10-05
1182,2167,10000000066,200,1 tablet,Q8H,2026-08-13,2026-08-13,2026-08-18
1183,1945,10000000132,197,1 capsule,TID,2025-01-08,2025-01-08,2025-01-12
1184,288,10000000285,122,1 vial,Q6H,2026-05-08,2026-05-08,2026-05-09
1185,1739,10000000219,99,1 tablet,Q8H,2025-06-21,2025-06-21,2025-06-27
1186,3576,10000000049,27,1 tablet,Q6H,2026-07-08,2026-07-08,2026-07-09
1187,1382,10000000264,209,1 vial,BID,2025-06-21,2025-06-21,2025-06-23
1188,2115,10000000227,336,1 vial,QD,2026-06-09,2026-06-09,2026-06-11
1189,2088,10000000285,88,500 mg,BID,2026-05-06,2026-05-06,2026-05-07
1190,1169,10000000218,92,1 vial,Q8H,2025-11-25,2025-11-25,2025-11-27
1191,864,10000000117,373,1 vial,BID,2025-01-09,2025-01-09,2025-01-14
1192,421,10000000258,305,1 vial,BID,2025-10-23,2025-10-23,2025-10-25
1193,1144,10000000012,435,1 tablet,QD,2026-10-23,2026-10-23,2026-10-26
1194,1402,10000000072,277,1 vial,BID,2025-08-01,2025-08-01,2025-08-07
1195,1006,10000000249,277,1 tablet,QD,2026-05-05,2026-05-05,2026-05-07
1196,534,10000000104,316,1 tablet,BID,2025-02-12,2025-02-12,2025-02-18
1197,244,10000000004,186,1 tablet,BID,2026-04-14,2026-04-14,2026-04-16
1198,58,10000000090,344,1 tablet,BID,2026-03-05,2026-03-05,2026-03-10
1199,1005,10000000228,15,1 vial,Q6H,2026-05-03,2026-05-03,2026-05-07
1200,2770,10000000133,140,40 mg,TID,2026-04-22,2026-04-22,2026-04-26
1201,577,10000000077,404,500 mg,BID,2026-03-08,2026-03-08,2026-03-12
1202,735,10000000229,31840,1 tablet,TID,2026-08-22,2026-08-22,2026-08-27
1203,3198,10000000280,29,40 mg,Q8H,2026-06-15,2026-06-15,2026-06-20
1204,558,10000000293,125,1 vial,Q6H,2026-02-13,2026-02-13,2026-02-13
1205,1853,10000000082,122,1 capsule,Q8H,2025-10-14,2025-10-14,2025-10-17
1206,1234,10000000001,35038,40 mg,Q6H,2026-01-27,2026-01-27,2026-01-27
1207,879,10000000114,209,40 mg,TID,2026-01-25,2026-01-25,2026-01-27
1208,895,10000000133,160,1 capsule,Q6H,2025-02-15,2025-02-15,2025-02-19
1209,526,10000000259,319,1 vial,BID,2026-01-04,2026-01-04,2026-01-06
1210,2670,10000000224,183,1 vial,QD,2025-01-16,2025-01-16,2025-01-18
1211,2669,10000000209,84,1 tablet,TID,2025-01-14,2025-01-14,2025-01-14
1212,1183,10000000191,175,40 mg,QD,2026-11-16,2026-11-16,2026-11-17
1213,1013,10000000092,30279,40 mg,Q8H,2025-06-12,2025-06-12,2025-06-12
1214,481,10000000244,97,500 mg,Q6H,2025-12-10,2025-12-10,2025-12-10
1215,2021,10000000151,7086,40 mg,Q8H,2026-03-11,2026-03-11,2026-03-13
1216,2096,10000000150,7427,40 mg,TID,2025-06-16,2025-06-16,2025-06-16
1217,2505,10000000233,128,1 vial,TID,2026-07-17,2026-07-17,2026-07-24
1218,1853,10000000094,416,500 mg,TID,2025-10-16,2025-10-16,2025-10-17
1219,554,10000000219,447,40 mg,TID,2026-02-11,2026-02-11,2026-02-13
1220,3199,10000000006,219,1 capsule,Q8H,2025-07-21,2025-07-21,2025-07-22
1221,3136,10000000256,146,1 vial,TID,2026-04-25,2026-04-25,2026-04-25
1222,1971,10000000054,54,40 mg,Q8H,2025-02-11,2025-02-11,2025-02-13
1223,939,10000000119,205,500 mg,BID,2026-03-12,2026-03-12,2026-03-12
1224,1113,10000000299,408,500 mg,Q8H,2025-09-16,2025-09-16,2025-09-18
1225,3028,10000000188,298,500 mg,Q6H,2025-01-17,2025-01-17,2025-01-17
1226,1447,10000000071,7427,1 vial,BID,2026-08-18,2026-08-18,2026-08-19
1227,458,10000000086,197,1 tablet,TID,2026-11-14,2026-11-14,2026-11-22
1228,539,10000000210,437,1 capsule,Q8H,2025-02-17,2025-02-17,2025-02-23
1229,156,10000000045,99,1 capsule,BID,2026-01-19,2026-01-19,2026-01-20
1230,1641,10000000044,264,1 vial,QD,2025-03-17,2025-03-17,2025-03-22
1231,2058,10000000284,305,1 vial,Q8H,2026-04-28,2026-04-28,2026-04-29
1232,1609,10000000011,266,500 mg,TID,2025-02-10,2025-02-10,2025-02-14
1233,3120,10000000225,99,1 tablet,QD,2025-04-09,2025-04-09,2025-04-14
1234,640,10000000122,288,1 tablet,QD,2026-05-25,2026-05-25,2026-05-29
1235,3389,10000000201,267,500 mg,BID,2025-01-13,2025-01-13,2025-01-14
1236,191,10000000152,40,1 tablet,TID,2026-02-07,2026-02-07,2026-02-07
1237,2340,10000000237,14430,1 tablet,Q6H,2025-02-24,2025-02-24,2025-02-25
1238,3297,10000000166,162,40 mg,QD,2025-10-21,2025-10-21,2025-10-25
1239,2389,10000000006,213,1 tablet,Q8H,2025-04-30,2025-04-30,2025-05-03
1240,1658,10000000084,60,500 mg,BID,2026-03-09,2026-03-09,2026-03-11
1241,1104,10000000107,1145,1 capsule,BID,2025-09-07,2025-09-07,2025-09-07
1242,2295,10000000234,42,500 mg,Q6H,2026-12-22,2026-12-22,2026-12-28
1243,3577,10000000063,31837,1 vial,Q8H,2026-07-31,2026-07-31,2026-08-02
1244,590,10000000034,78,1 tablet,BID,2025-04-22,2025-04-22,2025-04-25
1245,3434,10000000216,83,1 vial,TID,2026-02-11,2026-02-11,2026-02-11
1246,2841,10000000047,256,40 mg,Q6H,2025-07-18,2025-07-18,2025-07-24
1247,1274,10000000217,118,1 capsule,TID,2026-02-12,2026-02-12,2026-02-18
1248,2371,10000000259,135,1 vial,Q6H,2025-03-24,2025-03-24,2025-03-26
1249,660,10000000234,430,1 capsule,QD,2025-06-21,2025-06-21,2025-06-28
1250,2996,10000000158,7459,500 mg,Q6H,2025-12-05,2025-12-05,2025-12-06
1251,3378,10000000287,430,1 vial,Q6H,2027-01-02,2027-01-02,2027-01-07
1252,2618,10000000098,219,1 capsule,BID,2026-11-10,2026-11-10,2026-11-10
1253,718,10000000180,31839,500 mg,BID,2025-08-11,2025-08-11,2025-08-15
1254,1817,10000000271,381,500 mg,BID,2026-09-02,2026-09-02,2026-09-07
1255,2947,10000000079,144,40 mg,QD,2026-10-01,2026-10-01,2026-10-05
1256,3232,10000000066,409,1 vial,BID,2025-08-23,2025-08-23,2025-08-28
1257,2289,10000000118,109,500 mg,Q6H,2026-12-30,2026-12-30,2027-01-04
1258,408,10000000298,255,40 mg,Q6H,2026-09-09,2026-09-09,2026-09-11
1259,1104,10000000110,183,1 capsule,Q6H,2025-09-07,2025-09-07,2025-09-07
1260,381,10000000048,44,1 tablet,Q6H,2025-09-03,2025-09-03,2025-09-06
1261,99,10000000041,303,40 mg,Q8H,2026-04-12,2026-04-12,2026-04-14
1262,1047,10000000173,17,500 mg,TID,2025-07-26,2025-07-26,2025-08-03
1263,2186,10000000145,241,1 capsule,BID,2025-09-09,2025-09-09,2025-09-09
1264,963,10000000294,14430,1 tablet,Q8H,2025-04-25,2025-04-25,2025-04-25
1265,3433,10000000193,220,1 capsule,Q6H,2026-02-18,2026-02-18,2026-02-18
1266,512,10000000264,413,40 mg,Q8H,2025-01-24,2025-01-24,2025-01-27
1267,3172,10000000061,409,1 tablet,Q8H,2025-06-14,2025-06-14,2025-06-16
1268,2765,10000000032,152,1 vial,BID,2026-04-20,2026-04-20,2026-04-22
1269,818,10000000088,283,500 mg,BID,2026-11-12,2026-11-12,2026-11-14
1270,1057,10000000070,291,1 vial,Q6H,2026-07-07,2026-07-07,2026-07-09
1271,2579,10000000205,96,1 tablet,Q8H,2025-10-28,2025-10-28,2025-11-01
1272,2946,10000000059,38,1 vial,Q6H,2026-10-29,2026-10-29,2026-10-29
1273,2339,10000000217,368,500 mg,BID,2025-02-17,2025-02-17,2025-02-18
1274,953,10000000087,146,1 tablet,BID,2025-04-25,2025-04-25,2025-04-27
1275,1898,10000000095,26182,1 capsule,TID,2026-11-09,2026-11-09,2026-11-11
1276,2600,10000000020,85,1 tablet,Q8H,2025-11-26,2025-11-26,2025-11-26
1277,2250,10000000224,100,40 mg,TID,2025-11-25,2025-11-25,2025-12-01
1278,384,10000000103,447,1 tablet,Q8H,2025-09-12,2025-09-12,2025-09-17
1279,2890,10000000132,7458,40 mg,Q6H,2026-08-24,2026-08-24,2026-08-28
1280,1089,10000000116,183,1 tablet,QD,2026-08-19,2026-08-19,2026-08-23
1281,3199,10000000002,75,40 mg,Q6H,2025-07-14,2025-07-14,2025-07-21
1282,2562,10000000174,246,1 tablet,BID,2026-09-30,2026-09-30,2026-10-03
1283,631,10000000256,430,500 mg,BID,2025-05-27,2025-05-27,2025-06-03
1284,1622,10000000276,84,500 mg,BID,2025-02-22,2025-02-22,2025-02-24
1285,2922,10000000160,83,1 vial,QD,2026-10-04,2026-10-04,2026-10-06
1286,426,10000000040,331,1 vial,QD,2026-10-27,2026-10-27,2026-10-27
1287,546,10000000053,172,40 mg,Q8H,2026-02-27,2026-02-27,2026-03-02
1288,1838,10000000090,418,1 tablet,Q8H,2026-09-20,2026-09-20,2026-09-21
1289,1557,10000000162,176,1 tablet,BID,2025-12-11,2025-12-11,2025-12-12
1290,1057,10000000072,368,500 mg,QD,2026-07-08,2026-07-08,2026-07-09
1291,2154,10000000113,6,1 capsule,Q8H,2025-08-24,2025-08-24,2025-08-26
1292,2668,10000000192,366,1 vial,TID,2025-01-12,2025-01-12,2025-01-13
1293,2758,10000000190,128,1 vial,BID,2025-04-04,2025-04-04,2025-04-05
1294,3266,10000000142,266,1 vial,Q6H,2025-09-09,2025-09-09,2025-09-13
1295,869,10000000218,430,1 capsule,Q6H,2025-01-11,2025-01-11,2025-01-17
1296,598,10000000182,394,1 tablet,BID,2025-04-29,2025-04-29,2025-05-03
1297,3212,10000000269,194,1 tablet,Q6H,2025-07-02,2025-07-02,2025-07-04
1298,3000,10000000236,231,500 mg,Q8H,2025-12-06,2025-12-06,2025-12-14
1299,1835,10000000023,111,1 vial,Q6H,2026-09-19,2026-09-19,2026-09-23
1300,521,10000000156,306,500 mg,Q6H,2026-02-01,2026-02-01,2026-02-04
1301,3518,10000000086,7427,1 vial,Q8H,2026-05-22,2026-05-22,2026-05-22
1302,1638,10000000280,361,40 mg,BID,2026-02-15,2026-02-15,2026-02-15
1303,819,10000000117,33024,1 tablet,TID,2026-11-15,2026-11-15,2026-11-19
1304,667,10000000060,257,40 mg,BID,2026-06-08,2026-06-08,2026-06-11
1305,1465,10000000134,64,1 vial,Q6H,2025-09-08,2025-09-08,2025-09-16
1306,2971,10000000254,439,500 mg,Q6H,2025-11-06,2025-11-06,2025-11-06
1307,2587,10000000062,66,1 vial,BID,2026-10-03,2026-10-03,2026-10-04
1308,3254,10000000211,182,500 mg,TID,2026-08-22,2026-08-22,2026-08-23
1309,2520,10000000221,239,40 mg,Q8H,2025-08-20,2025-08-20,2025-08-21
1310,521,10000000156,299,1 capsule,Q8H,2026-01-24,2026-01-24,2026-02-01
1311,843,10000000286,192,1 vial,TID,2025-12-15,2025-12-15,2025-12-20
1312,205,10000000138,310,40 mg,Q8H,2025-03-20,2025-03-20,2025-03-22
1313,1674,10000000101,281,500 mg,Q8H,2025-04-30,2025-04-30,2025-05-01
1314,448,10000000186,12638,1 vial,QD,2025-11-25,2025-11-25,2025-11-25
1315,3500,10000000032,163,1 tablet,TID,2025-05-05,2025-05-05,2025-05-13
1316,1113,10000000289,35,1 tablet,BID,2025-09-17,2025-09-17,2025-09-18
1317,3263,10000000083,107,1 vial,BID,2025-09-11,2025-09-11,2025-09-12
1318,2817,10000000176,378,40 mg,TID,2025-06-16,2025-06-16,2025-06-21
1319,2169,10000000116,252,500 mg,BID,2026-08-16,2026-08-16,2026-08-23
1320,1964,10000000215,94,1 vial,BID,2026-01-12,2026-01-12,2026-01-16
1321,892,10000000075,407,500 mg,BID,2025-03-08,2025-03-08,2025-03-16
1322,3068,10000000084,390,500 mg,Q6H,2026-02-06,2026-02-06,2026-02-12
1323,163,10000000181,22,1 vial,Q6H,2026-01-02,2026-01-02,2026-01-02
1324,2910,10000000229,260,1 tablet,QD,2025-09-18,2025-09-18,2025-09-21
1325,819,10000000117,65,1 capsule,QD,2026-11-19,2026-11-19,2026-11-20
1326,3215,10000000024,233,40 mg,QD,2026-07-17,2026-07-17,2026-07-19
1327,1017,10000000168,128,1 vial,QD,2025-06-18,2025-06-18,2025-06-20
1328,3217,10000000071,399,1 vial,TID,2026-07-09,2026-07-09,2026-07-11
1329,1154,10000000206,62,1 tablet,QD,2026-10-13,2026-10-13,2026-10-17
1330,2566,10000000259,313,1 capsule,BID,2026-09-14,2026-09-14,2026-09-21
1331,1335,10000000221,439,1 capsule,Q8H,2026-05-05,2026-05-05,2026-05-07
1332,340,10000000122,264,500 mg,BID,2026-07-20,2026-07-20,2026-07-24
1333,1301,10000000152,409,1 tablet,QD,2026-03-14,2026-03-14,2026-03-15
1334,2903,10000000089,401,500 mg,BID,2025-09-06,2025-09-06,2025-09-09
1335,2449,10000000000,27,1 tablet,BID,2025-06-12,2025-06-12,2025-06-15
1336,3281,10000000145,69,1 vial,Q8H,2026-10-03,2026-10-03,2026-10-03
1337,373,10000000188,218,1 vial,BID,2026-08-19,2026-08-19,2026-08-23
1338,38,10000000275,322,1 vial,Q8H,2025-04-19,2025-04-19,2025-04-21
1339,2301,10000000058,150,1 capsule,Q6H,2025-01-03,2025-01-03,2025-01-04
1340,278,10000000081,138,1 vial,QD,2026-05-20,2026-05-20,2026-05-23
1341,2946,10000000044,368,1 tablet,Q6H,2026-10-29,2026-10-29,2026-10-29
1342,3163,10000000180,21,40 mg,BID,2026-05-02,2026-05-02,2026-05-05
1343,2746,10000000253,7460,500 mg,TID,2026-03-21,2026-03-21,2026-03-28
1344,786,10000000050,266,1 vial,BID,2026-10-27,2026-10-27,2026-10-28
1345,561,10000000043,48,1 capsule,BID,2025-03-20,2025-03-20,2025-03-24
1346,2612,10000000273,303,1 capsule,Q8H,2025-11-09,2025-11-09,2025-11-13
1347,3581,10000000146,1,1 tablet,Q8H,2026-07-11,2026-07-11,2026-07-14
1348,1582,10000000065,220,1 vial,TID,2025-01-09,2025-01-09,2025-01-12
1349,344,10000000218,86,1 vial,Q6H,2026-07-19,2026-07-19,2026-07-22
1350,634,10000000005,283,1 capsule,Q8H,2026-05-17,2026-05-17,2026-05-20
1351,1199,10000000218,426,1 capsule,Q8H,2025-12-09,2025-12-09,2025-12-09
1352,801,10000000040,264,1 capsule,Q8H,2025-11-15,2025-11-15,2025-11-18
1353,1203,10000000281,250,40 mg,TID,2025-12-11,2025-12-11,2025-12-11
1354,3034,10000000017,413,500 mg,BID,2026-01-21,2026-01-21,2026-01-22
1355,1198,10000000182,120,40 mg,TID,2025-12-07,2025-12-07,2025-12-09
1356,2554,10000000013,254,500 mg,QD,2026-09-25,2026-09-25,2026-09-25
1357,1925,10000000028,91,500 mg,Q6H,2026-12-18,2026-12-18,2026-12-19
1358,1221,10000000059,199,1 vial,BID,2025-01-03,2025-01-03,2025-01-05
1359,1912,10000000077,57,40 mg,Q6H,2025-12-24,2025-12-24,2025-12-27
1360,2300,10000000025,119,40 mg,Q6H,2025-01-03,2025-01-03,2025-01-10
1361,328,10000000180,156,1 capsule,BID,2025-07-23,2025-07-23,2025-07-24
1362,400,10000000132,45,500 mg,BID,2026-09-23,2026-09-23,2026-09-28
1363,1091,10000000141,394,1 capsule,TID,2026-08-20,2026-08-20,2026-08-21
1364,3105,10000000237,160,1 vial,QD,2026-03-18,2026-03-18,2026-03-26
1365,242,10000000271,3,1 vial,TID,2025-04-13,2025-04-13,2025-04-15
1366,23,10000000055,87,1 tablet,Q8H,2025-07-11,2025-07-11,2025-07-14
1367,436,10000000242,281,1 vial,Q6H,2026-10-14,2026-10-14,2026-10-16
1368,1292,10000000268,287,1 tablet,BID,2025-03-02,2025-03-02,2025-03-08
1369,1476,10000000047,49517,1 capsule,BID,2026-09-21,2026-09-21,2026-09-22
1370,1046,10000000159,366,1 vial,QD,2025-07-22,2025-07-22,2025-07-23
1371,3470,10000000023,107,1 vial,Q6H,2025-04-29,2025-04-29,2025-05-06
1372,408,10000000297,119,1 tablet,Q6H,2026-09-08,2026-09-08,2026-09-12
1373,1740,10000000220,61,500 mg,BID,2025-06-24,2025-06-24,2025-06-28
1374,158,10000000088,301,1 tablet,QD,2026-01-24,2026-01-24,2026-01-31
1375,1856,10000000157,14429,1 vial,Q8H,2025-10-16,2025-10-16,2025-10-19
1376,904,10000000012,16454,1 vial,QD,2026-03-01,2026-03-01,2026-03-03
1377,2426,10000000158,436,1 capsule,Q6H,2025-05-09,2025-05-09,2025-05-12
1378,2131,10000000252,376,1 vial,Q8H,2025-07-03,2025-07-03,2025-07-04
1379,1107,10000000171,224,500 mg,TID,2025-09-13,2025-09-13,2025-09-16
1380,1754,10000000201,388,1 tablet,Q6H,2026-06-11,2026-06-11,2026-06-11
1381,3514,10000000000,77,500 mg,Q8H,2026-05-20,2026-05-20,2026-05-24
1382,895,10000000121,408,1 capsule,TID,2025-02-14,2025-02-14,2025-02-19
1383,1275,10000000239,56,1 vial,Q8H,2026-02-09,2026-02-09,2026-02-15
1384,1704,10000000112,127,1 tablet,BID,2025-05-16,2025-05-16,2025-05-19
1385,2612,10000000270,368,40 mg,Q6H,2025-11-14,2025-11-14,2025-11-15
1386,2882,10000000260,159,500 mg,QD,2025-08-21,2025-08-21,2025-08-21
1387,3332,10000000271,341,1 tablet,TID,2025-11-06,2025-11-06,2025-11-08
1388,941,10000000145,31839,1 tablet,BID,2026-03-12,2026-03-12,2026-03-15
1389,2008,10000000187,253,1 capsule,Q6H,2025-03-23,2025-03-23,2025-03-28
1390,2671,10000000253,31,1 vial,BID,2025-01-23,2025-01-23,2025-01-25
1391,1114,10000000011,114,1 tablet,BID,2026-09-20,2026-09-20,2026-09-23
1392,1172,10000000268,3,1 capsule,QD,2025-11-08,2025-11-08,2025-11-12
1393,2019,10000000102,67,1 vial,BID,2026-03-10,2026-03-10,2026-03-12
1394,911,10000000153,253,500 mg,Q8H,2026-02-05,2026-02-05,2026-02-08
1395,104,10000000149,43,1 tablet,Q6H,2025-03-15,2025-03-15,2025-03-15
1396,2888,10000000086,358,500 mg,TID,2026-08-14,2026-08-14,2026-08-17
1397,3284,10000000215,267,1 tablet,BID,2026-09-07,2026-09-07,2026-09-09
1398,3,10000000111,249,1 capsule,Q6H,2025-05-21,2025-05-21,2025-05-22
1399,181,10000000250,107,1 tablet,Q8H,2025-02-20,2025-02-20,2025-02-21
1400,2328,10000000287,7458,40 mg,BID,2026-01-07,2026-01-07,2026-01-07
1401,629,10000000205,255,1 vial,TID,2025-05-21,2025-05-21,2025-05-24
1402,2601,10000000040,26180,500 mg,TID,2025-11-15,2025-11-15,2025-11-17
1403,508,10000000196,167,40 mg,Q8H,2025-01-10,2025-01-10,2025-01-16
1404,2284,10000000010,7158,40 mg,Q8H,2026-12-19,2026-12-19,2026-12-20
1405,359,10000000206,35040,40 mg,BID,2025-08-08,2025-08-08,2025-08-08
1406,3140,10000000022,77,40 mg,QD,2025-05-14,2025-05-14,2025-05-15
1407,1643,10000000090,432,1 capsule,BID,2025-03-18,2025-03-18,2025-03-19
1408,1811,10000000150,318,1 tablet,Q6H,2026-08-19,2026-08-19,2026-08-24
1409,547,10000000066,69,500 mg,TID,2026-02-02,2026-02-02,2026-02-08
1410,1871,10000000146,83,1 tablet,Q8H,2026-10-05,2026-10-05,2026-10-07
1411,782,10000000271,442,500 mg,TID,2025-10-20,2025-10-20,2025-10-22
1412,3542,10000000273,178,1 vial,Q8H,2025-07-06,2025-07-06,2025-07-08
1413,1065,10000000221,145,1 capsule,BID,2026-07-19,2026-07-19,2026-07-25
1414,3231,10000000045,132,500 mg,QD,2025-08-23,2025-08-23,2025-08-23
1415,1429,10000000012,152,1 tablet,BID,2025-08-20,2025-08-20,2025-08-20
1416,3386,10000000142,285,1 vial,TID,2025-01-12,2025-01-12,2025-01-14
1417,2734,10000000015,441,40 mg,Q6H,2026-03-05,2026-03-05,2026-03-05
1418,464,10000000201,205,1 vial,BID,2026-11-16,2026-11-16,2026-11-17
1419,983,10000000084,1,1 vial,BID,2025-05-08,2025-05-08,2025-05-08
1420,3537,10000000178,92,1 tablet,BID,2025-06-17,2025-06-17,2025-06-21
1421,3598,10000000188,191,500 mg,Q6H,2025-08-07,2025-08-07,2025-08-10
1422,1232,10000000271,23,40 mg,Q8H,2025-01-15,2025-01-15,2025-01-19
1423,2477,10000000272,208,1 capsule,BID,2026-06-14,2026-06-14,2026-06-16
1424,3566,10000000146,211,1 tablet,Q6H,2025-07-22,2025-07-22,2025-07-25
1425,2744,10000000212,30,1 tablet,Q6H,2026-03-23,2026-03-23,2026-03-31
1426,674,10000000214,170,40 mg,Q6H,2026-06-12,2026-06-12,2026-06-14
1427,579,10000000108,402,1 capsule,QD,2026-03-09,2026-03-09,2026-03-15
1428,1120,10000000130,391,40 mg,TID,2026-09-26,2026-09-26,2026-09-28
1429,3572,10000000269,63,40 mg,Q6H,2025-07-07,2025-07-07,2025-07-14
1430,1425,10000000238,22,1 tablet,TID,2026-07-18,2026-07-18,2026-07-19
1431,275,10000000027,287,500 mg,Q8H,2026-05-20,2026-05-20,2026-05-20
1432,131,10000000238,298,1 capsule,Q6H,2025-06-14,2025-06-14,2025-06-18
1433,2220,10000000238,54,1 vial,Q8H,2025-10-23,2025-10-23,2025-10-28
1434,2766,10000000044,264,1 capsule,TID,2026-04-12,2026-04-12,2026-04-15
1435,1222,10000000073,49514,1 tablet,BID,2025-01-09,2025-01-09,2025-01-17
1436,2406,10000000048,29,1 tablet,Q6H,2026-04-13,2026-04-13,2026-04-15
1437,2458,10000000181,264,1 vial,Q8H,2025-06-20,2025-06-20,2025-06-24
1438,2966,10000000156,24,1 vial,BID,2025-11-22,2025-11-22,2025-11-23
1439,2641,10000000248,107,1 tablet,Q8H,2025-12-20,2025-12-20,2025-12-25
1440,3308,10000000083,388,1 capsule,Q8H,2026-10-04,2026-10-04,2026-10-05
1441,1069,10000000003,212,40 mg,Q8H,2025-08-27,2025-08-27,2025-08-29
1442,1137,10000000165,16453,40 mg,BID,2025-10-15,2025-10-15,2025-10-18
1443,3404,10000000204,104,1 vial,Q6H,2026-01-16,2026-01-16,2026-01-21
1444,915,10000000239,423,40 mg,Q8H,2026-02-13,2026-02-13,2026-02-18
1445,2397,10000000165,97,40 mg,QD,2025-04-06,2025-04-06,2025-04-08
1446,1187,10000000262,400,500 mg,QD,2026-11-21,2026-11-21,2026-11-21
1447,259,10000000000,391,40 mg,TID,2025-05-08,2025-05-08,2025-05-08
1448,561,10000000050,95,500 mg,Q8H,2025-03-18,2025-03-18,2025-03-24
1449,2691,10000000052,126,1 tablet,QD,2025-02-10,2025-02-10,2025-02-11
1450,723,10000000294,436,1 tablet,BID,2025-08-11,2025-08-11,2025-08-11
1451,2391,10000000050,438,1 vial,Q6H,2025-04-22,2025-04-22,2025-04-26
1452,580,10000000131,103,40 mg,Q6H,2026-03-13,2026-03-13,2026-03-16
1453,1612,10000000062,370,1 tablet,Q6H,2025-03-15,2025-03-15,2025-03-19
1454,1798,10000000183,141,500 mg,BID,2025-08-05,2025-08-05,2025-08-07
1455,3222,10000000161,3,500 mg,Q6H,2026-07-14,2026-07-14,2026-07-14
1456,408,10000000290,282,500 mg,TID,2026-09-16,2026-09-16,2026-09-16
1457,2547,10000000170,329,1 tablet,QD,2025-09-09,2025-09-09,2025-09-11
1458,2454,10000000100,347,500 mg,BID,2025-06-16,2025-06-16,2025-06-23
1459,1131,10000000054,104,1 vial,Q8H,2025-10-14,2025-10-14,2025-10-14
1460,755,10000000033,166,40 mg,Q8H,2026-10-01,2026-10-01,2026-10-04
1461,247,10000000078,361,1 capsule,Q8H,2026-04-17,2026-04-17,2026-04-17
1462,2484,10000000108,298,1 vial,QD,2025-07-26,2025-07-26,2025-07-26
1463,573,10000000289,48,500 mg,BID,2025-03-06,2025-03-06,2025-03-06
1464,1857,10000000164,333,1 vial,Q6H,2025-11-06,2025-11-06,2025-11-07
1465,1571,10000000145,186,40 mg,Q8H,2026-12-17,2026-12-17,2026-12-24
1466,1305,10000000239,135,500 mg,Q8H,2026-03-16,2026-03-16,2026-03-20
1467,3265,10000000133,126,40 mg,Q6H,2025-09-13,2025-09-13,2025-09-16
1468,3270,10000000237,189,1 vial,BID,2025-09-19,2025-09-19,2025-09-21
1469,3440,10000000034,274,1 capsule,BID,2025-03-18,2025-03-18,2025-03-24
1470,2817,10000000165,269,40 mg,TID,2025-06-18,2025-06-18,2025-06-21
1471,1233,10000000280,265,500 mg,BID,2025-01-15,2025-01-15,2025-01-17
1472,1171,10000000250,222,1 capsule,Q8H,2025-11-04,2025-11-04,2025-11-05
1473,1445,10000000035,163,40 mg,Q8H,2026-08-13,2026-08-13,2026-08-18
1474,1796,10000000144,333,500 mg,QD,2025-08-04,2025-08-04,2025-08-05
1475,2805,10000000227,367,40 mg,QD,2026-05-07,2026-05-07,2026-05-07
1476,3206,10000000154,32,1 vial,Q6H,2025-07-22,2025-07-22,2025-07-25
1477,1639,10000000004,63,500 mg,Q6H,2025-03-14,2025-03-14,2025-03-21
1478,501,10000000048,71,500 mg,BID,2025-01-05,2025-01-05,2025-01-08
1479,291,10000000058,56,40 mg,BID,2025-06-10,2025-06-10,2025-06-12
1480,878,10000000093,434,1 capsule,TID,2026-01-22,2026-01-22,2026-01-29
1481,623,10000000091,15,1 capsule,Q6H,2025-05-06,2025-05-06,2025-05-07
1482,2720,10000000024,31838,40 mg,BID,2025-03-17,2025-03-17,2025-03-19
1483,93,10000000231,19,1 capsule,Q8H,2025-04-13,2025-04-13,2025-04-15
1484,2570,10000000026,344,1 vial,TID,2025-10-12,2025-10-12,2025-10-14
1485,1346,10000000154,273,1 capsule,TID,2025-05-08,2025-05-08,2025-05-11
1486,1650,10000000238,272,1 capsule,TID,2025-04-01,2025-04-01,2025-04-04
1487,1539,10000000113,295,500 mg,QD,2026-11-09,2026-11-09,2026-11-11
1488,3342,10000000162,148,1 tablet,QD,2026-11-13,2026-11-13,2026-11-16
1489,2764,10000000002,35039,1 tablet,QD,2026-04-16,2026-04-16,2026-04-18
1490,2240,10000000031,17,1 vial,QD,2025-11-25,2025-11-25,2025-11-25
1491,1362,10000000165,369,500 mg,Q8H,2026-06-11,2026-06-11,2026-06-13
1492,1221,10000000049,30280,1 tablet,TID,2025-01-05,2025-01-05,2025-01-05
1493,1514,10000000216,424,40 mg,TID,2026-10-12,2026-10-12,2026-10-12
1494,55,10000000178,45,500 mg,Q8H,2026-03-06,2026-03-06,2026-03-10
1495,2709,10000000100,282,40 mg,Q8H,2026-02-03,2026-02-03,2026-02-05
1496,2535,10000000239,67,40 mg,BID,2026-08-24,2026-08-24,2026-08-29
1497,1490,10000000022,389,500 mg,Q6H,2025-10-13,2025-10-13,2025-10-16
1498,3184,10000000011,389,1 tablet,TID,2026-06-26,2026-06-26,2026-06-29
1499,2109,10000000104,413,1 tablet,Q8H,2026-06-05,2026-06-05,2026-06-08
1500,986,10000000143,97,40 mg,BID,2025-05-10,2025-05-10,2025-05-12
1501,2749,10000000014,423,1 tablet,BID,2025-04-22,2025-04-22,2025-04-24
1502,713,10000000091,1114,500 mg,QD,2025-08-26,2025-08-26,2025-08-27
1503,1064,10000000215,225,40 mg,Q8H,2026-07-14,2026-07-14,2026-07-17
1504,3319,10000000002,434,500 mg,Q6H,2025-11-20,2025-11-20,2025-11-21
1505,2952,10000000179,193,40 mg,Q6H,2026-10-07,2026-10-07,2026-10-07
1506,2340,10000000235,49516,1 tablet,Q6H,2025-02-23,2025-02-23,2025-02-25
1507,2088,10000000295,380,40 mg,TID,2026-05-07,2026-05-07,2026-05-07
1508,1996,10000000242,78,1 capsule,Q8H,2026-03-10,2026-03-10,2026-03-12
1509,486,10000000040,311,1 capsule,Q8H,2026-12-12,2026-12-12,2026-12-16
1510,1783,10000000192,1115,1 tablet,Q6H,2026-07-13,2026-07-13,2026-07-18
1511,1259,10000000218,37,500 mg,QD,2025-02-18,2025-02-18,2025-02-20
1512,2843,10000000080,367,500 mg,Q6H,2025-07-19,2025-07-19,2025-07-19
1513,1606,10000000245,169,1 capsule,QD,2026-01-09,2026-01-09,2026-01-17
1514,1150,10000000129,229,1 tablet,BID,2026-10-08,2026-10-08,2026-10-11
1515,3594,10000000117,350,1 vial,Q6H,2025-08-27,2025-08-27,2025-09-04
1516,2299,10000000011,390,1 vial,Q6H,2025-01-02,2025-01-02,2025-01-10
1517,1483,10000000196,94,1 vial,Q8H,2026-09-19,2026-09-19,2026-09-21
1518,3151,10000000253,203,1 capsule,TID,2025-05-15,2025-05-15,2025-05-18
1519,1919,10000000214,1145,40 mg,TID,2025-12-05,2025-12-05,2025-12-08
1520,733,10000000199,350,1 capsule,Q6H,2026-08-19,2026-08-19,2026-08-21
1521,672,10000000169,61,1 tablet,Q6H,2026-06-20,2026-06-20,2026-06-24
1522,866,10000000153,401,40 mg,Q6H,2025-01-08,2025-01-08,2025-01-09
1523,2566,10000000259,126,40 mg,Q8H,2026-09-23,2026-09-23,2026-09-25
1524,1496,10000000144,92,1 capsule,TID,2025-10-14,2025-10-14,2025-10-17
1525,1630,10000000126,66,500 mg,Q6H,2026-02-10,2026-02-10,2026-02-13
1526,2546,10000000152,266,1 tablet,TID,2025-09-10,2025-09-10,2025-09-11
1527,3378,10000000299,24429,1 tablet,Q6H,2027-01-02,2027-01-02,2027-01-07
1528,64,10000000106,415,1 vial,TID,2026-05-06,2026-05-06,2026-05-10
1529,485,10000000023,191,1 capsule,Q8H,2026-12-20,2026-12-20,2026-12-24
1530,666,10000000041,182,1 tablet,Q6H,2026-07-01,2026-07-01,2026-07-03
1531,230,10000000037,324,1 capsule,Q8H,2025-04-20,2025-04-20,2025-04-23
1532,2447,10000000263,250,500 mg,BID,2026-05-12,2026-05-12,2026-05-17
1533,1171,10000000247,153,1 vial,BID,2025-11-02,2025-11-02,2025-11-05
1534,1425,10000000221,228,40 mg,Q6H,2026-07-19,2026-07-19,2026-07-19
1535,21,10000000048,130,1 capsule,BID,2025-03-02,2025-03-02,2025-03-06
1536,1672,10000000074,244,500 mg,BID,2025-04-26,2025-04-26,2025-05-01
1537,3477,10000000168,400,1 tablet,Q8H,2025-04-23,2025-04-23,2025-04-25
1538,54,10000000176,31,1 tablet,QD,2026-04-09,2026-04-09,2026-04-12
1539,407,10000000277,325,40 mg,TID,2026-09-16,2026-09-16,2026-09-20
1540,550,10000000121,6,1 capsule,TID,2026-02-13,2026-02-13,2026-02-14
1541,1742,10000000272,97,1 vial,Q8H,2025-06-22,2025-06-22,2025-06-22
1542,1366,10000000244,21,1 vial,Q8H,2026-05-16,2026-05-16,2026-05-23
1543,2490,10000000220,63,500 mg,BID,2025-07-24,2025-07-24,2025-07-25
1544,1218,10000000297,163,40 mg,BID,2027-01-11,2027-01-11,2027-01-13
1545,3438,10000000292,16454,40 mg,Q8H,2026-03-05,2026-03-05,2026-03-05
1546,2793,10000000295,30279,1 tablet,BID,2025-05-17,2025-05-17,2025-05-19
1547,1606,10000000252,252,1 capsule,Q8H,2026-01-14,2026-01-14,2026-01-19
1548,1372,10000000073,430,1 vial,Q6H,2025-06-17,2025-06-17,2025-06-17
1549,3267,10000000171,276,1 capsule,Q6H,2025-09-15,2025-09-15,2025-09-19
1550,1287,10000000161,110,500 mg,Q6H,2025-03-21,2025-03-21,2025-03-22
1551,3545,10000000036,23,1 capsule,BID,2026-06-29,2026-06-29,2026-07-07
1552,853,10000000196,114,500 mg,Q8H,2026-12-27,2026-12-27,2026-12-27
1553,3283,10000000198,108,500 mg,BID,2026-09-27,2026-09-27,2026-09-30
1554,901,10000000245,39,500 mg,Q6H,2025-02-19,2025-02-19,2025-02-22
1555,2718,10000000294,283,500 mg,Q6H,2026-02-17,2026-02-17,2026-02-24
1556,1117,10000000071,31839,40 mg,Q6H,2026-09-21,2026-09-21,2026-09-24
1557,1242,10000000164,42,1 tablet,BID,2026-02-13,2026-02-13,2026-02-17
1558,572,10000000270,366,1 tablet,BID,2025-03-14,2025-03-14,2025-03-14
1559,3588,10000000282,16455,1 vial,Q6H,2026-08-03,2026-08-03,2026-08-03
1560,118,10000000249,287,1 capsule,BID,2025-05-15,2025-05-15,2025-05-16
1561,3357,10000000177,224,1 tablet,Q8H,2025-12-05,2025-12-05,2025-12-05
1562,862,10000000063,49,1 capsule,Q6H,2025-01-16,2025-01-16,2025-01-20
1563,2454,10000000104,165,40 mg,Q6H,2025-06-19,2025-06-19,2025-06-22
1564,786,10000000048,7,40 mg,Q8H,2026-10-25,2026-10-25,2026-10-28
1565,3298,10000000188,79,1 vial,BID,2025-10-27,2025-10-27,2025-11-04
1566,2641,10000000247,152,500 mg,Q6H,2025-12-13,2025-12-13,2025-12-20
1567,601,10000000252,154,1 capsule,BID,2025-04-09,2025-04-09,2025-04-09
1568,1015,10000000122,388,1 vial,QD,2025-06-13,2025-06-13,2025-06-15
1569,3564,10000000103,359,40 mg,TID,2025-07-28,2025-07-28,2025-07-29
1570,1846,10000000249,105,40 mg,BID,2026-09-06,2026-09-06,2026-09-07
1571,2384,10000000209,361,500 mg,QD,2026-03-16,2026-03-16,2026-03-16
1572,3123,10000000289,313,40 mg,TID,2025-04-15,2025-04-15,2025-04-20
1573,1425,10000000239,1,40 mg,BID,2026-07-17,2026-07-17,2026-07-19
1574,3149,10000000207,3,1 tablet,Q6H,2025-05-14,2025-05-14,2025-05-14
1575,1647,10000000172,200,1 vial,Q6H,2025-04-08,2025-04-08,2025-04-12
1576,1239,10000000104,282,1 capsule,BID,2026-01-21,2026-01-21,2026-01-23
1577,2193,10000000298,207,500 mg,BID,2025-09-16,2025-09-16,2025-09-17
1578,213,10000000299,137,40 mg,Q6H,2025-03-04,2025-03-04,2025-03-05
1579,2549,10000000216,319,500 mg,Q8H,2025-09-26,2025-09-26,2025-09-28
1580,974,10000000211,119,1 tablet,TID,2026-04-29,2026-04-29,2026-05-01
1581,234,10000000104,7086,1 tablet,BID,2025-04-24,2025-04-24,2025-04-26
1582,941,10000000146,69,40 mg,Q6H,2026-03-15,2026-03-15,2026-03-15
1583,532,10000000079,38,1 capsule,QD,2025-02-11,2025-02-11,2025-02-13
1584,2576,10000000141,16455,500 mg,BID,2025-10-20,2025-10-20,2025-10-22
1585,3206,10000000140,317,1 vial,TID,2025-07-22,2025-07-22,2025-07-25
1586,2033,10000000085,293,1 tablet,QD,2025-04-23,2025-04-23,2025-04-25
1587,1113,10000000295,44,500 mg,Q8H,2025-09-15,2025-09-15,2025-09-18
1588,1126,10000000248,49517,1 vial,TID,2026-09-27,2026-09-27,2026-09-29
1589,418,10000000193,299,1 vial,Q8H,2025-10-23,2025-10-23,2025-10-31
1590,1118,10000000093,7159,1 tablet,QD,2026-09-20,2026-09-20,2026-09-23
1591,1452,10000000176,1,500 mg,Q6H,2026-08-30,2026-08-30,2026-09-03
1592,288,10000000280,412,500 mg,BID,2026-05-06,2026-05-06,2026-05-09
1593,819,10000000110,1146,1 vial,Q8H,2026-11-15,2026-11-15,2026-11-17
1594,3410,10000000031,390,500 mg,TID,2025-02-21,2025-02-21,2025-02-24
1595,277,10000000064,342,1 capsule,Q8H,2026-05-28,2026-05-28,2026-06-04
1596,1234,10000000015,223,1 capsule,Q6H,2026-01-21,2026-01-21,2026-01-27
1597,1976,10000000146,1,1 capsule,BID,2025-02-18,2025-02-18,2025-02-18
1598,2187,10000000178,124,500 mg,Q6H,2025-09-11,2025-09-11,2025-09-18
1599,2814,10000000115,3,40 mg,Q8H,2025-06-15,2025-06-15,2025-06-19
1600,3200,10000000039,242,1 capsule,BID,2025-07-14,2025-07-14,2025-07-15
1601,1048,10000000187,1116,1 tablet,TID,2025-07-22,2025-07-22,2025-07-24
1602,1163,10000000091,119,1 capsule,TID,2025-11-21,2025-11-21,2025-11-22
1603,3107,10000000270,205,40 mg,TID,2026-03-19,2026-03-19,2026-03-27
1604,900,10000000239,219,40 mg,Q6H,2025-02-18,2025-02-18,2025-02-20
1605,3131,10000000149,340,40 mg,QD,2026-04-20,2026-04-20,2026-04-24
1606,1846,10000000259,59,1 capsule,Q8H,2026-09-06,2026-09-06,2026-09-07
1607,2690,10000000038,1121,1 capsule,BID,2025-02-08,2025-02-08,2025-02-09
1608,1347,10000000167,361,40 mg,Q8H,2025-05-21,2025-05-21,2025-05-26
1609,2836,10000000243,236,1 vial,Q8H,2026-06-11,2026-06-11,2026-06-13
1610,3317,10000000262,96,40 mg,TID,2026-10-14,2026-10-14,2026-10-14
1611,3540,10000000226,19,500 mg,TID,2025-06-19,2025-06-19,2025-06-23
1612,3553,10000000197,385,40 mg,Q8H,2026-06-10,2026-06-10,2026-06-10
1613,1294,10000000016,80,1 tablet,BID,2026-03-05,2026-03-05,2026-03-05
1614,2631,10000000044,16456,1 capsule,TID,2025-12-23,2025-12-23,2025-12-24
1615,2397,10000000169,239,40 mg,Q6H,2025-04-09,2025-04-09,2025-04-09
1616,1922,10000000266,350,1 tablet,QD,2025-12-13,2025-12-13,2025-12-15
1617,1269,10000000103,437,1 vial,BID,2026-02-04,2026-02-04,2026-02-10
1618,2753,10000000090,7086,1 vial,TID,2025-04-27,2025-04-27,2025-04-27
1619,14,10000000171,378,1 capsule,Q8H,2025-05-30,2025-05-30,2025-05-30
1620,1606,10000000249,111,40 mg,Q8H,2026-01-25,2026-01-25,2026-01-28
1621,1703,10000000086,181,1 vial,QD,2025-05-07,2025-05-07,2025-05-10
1622,887,10000000269,14427,40 mg,Q6H,2026-01-05,2026-01-05,2026-01-06
1623,1653,10000000294,316,500 mg,TID,2025-03-21,2025-03-21,2025-03-22
1624,628,10000000184,278,1 tablet,TID,2025-05-15,2025-05-15,2025-05-17
1625,3236,10000000153,150,40 mg,QD,2025-08-05,2025-08-05,2025-08-05
1626,2538,10000000281,7457,1 tablet,Q6H,2026-08-25,2026-08-25,2026-08-27
1627,3467,10000000269,121,500 mg,Q6H,2026-03-20,2026-03-20,2026-03-23
1628,2047,10000000064,38,1 tablet,BID,2026-04-16,2026-04-16,2026-04-19
1629,1069,10000000005,209,500 mg,QD,2025-08-24,2025-08-24,2025-08-29
1630,188,10000000094,259,1 vial,BID,2026-02-04,2026-02-04,2026-02-05
1631,2388,10000000296,411,500 mg,Q8H,2026-03-27,2026-03-27,2026-03-29
1632,2358,10000000289,444,1 vial,Q6H,2026-02-14,2026-02-14,2026-02-14
1633,81,10000000150,72,1 tablet,BID,2025-04-16,2025-04-16,2025-04-16
1634,2052,10000000163,46,1 vial,Q6H,2026-04-19,2026-04-19,2026-04-20
1635,3298,10000000192,194,1 capsule,Q8H,2025-10-28,2025-10-28,2025-11-01
1636,1515,10000000234,282,500 mg,Q6H,2026-10-12,2026-10-12,2026-10-15
1637,2691,10000000056,36,1 capsule,Q8H,2025-02-10,2025-02-10,2025-02-11
1638,722,10000000279,131,1 tablet,Q8H,2025-08-17,2025-08-17,2025-08-22
1639,692,10000000275,79,40 mg,BID,2025-07-04,2025-07-04,2025-07-10
1640,1380,10000000223,10,1 capsule,Q6H,2025-06-23,2025-06-23,2025-06-28
1641,1799,10000000218,58,40 mg,Q8H,2025-08-08,2025-08-08,2025-08-08
1642,2008,10000000180,383,1 tablet,TID,2025-03-30,2025-03-30,2025-04-04
1643,1587,10000000177,186,1 vial,BID,2025-02-03,2025-02-03,2025-02-03
1644,935,10000000021,171,1 vial,BID,2026-03-07,2026-03-07,2026-03-11
1645,3275,10000000035,272,40 mg,BID,2026-09-17,2026-09-17,2026-09-18
1646,2841,10000000045,7427,1 vial,Q8H,2025-07-16,2025-07-16,2025-07-18
1647,1821,10000000042,364,1 vial,Q8H,2025-09-07,2025-09-07,2025-09-07
1648,661,10000000243,236,40 mg,QD,2025-06-19,2025-06-19,2025-06-22
1649,2539,10000000016,359,1 vial,Q8H,2025-09-06,2025-09-06,2025-09-14
1650,934,10000000014,108,40 mg,Q8H,2026-03-04,2026-03-04,2026-03-06
1651,2551,10000000245,400,1 vial,QD,2025-09-30,2025-09-30,2025-10-03
1652,559,10000000013,38,40 mg,Q8H,2025-03-17,2025-03-17,2025-03-19
1653,2009,10000000217,205,1 tablet,TID,2025-04-03,2025-04-03,2025-04-06
1654,653,10000000094,171,40 mg,QD,2025-06-11,2025-06-11,2025-06-13
1655,1057,10000000071,171,40 mg,TID,2026-07-07,2026-07-07,2026-07-09
1656,2263,10000000192,49514,1 capsule,Q8H,2026-11-13,2026-11-13,2026-11-15
1657,1081,10000000252,98,1 capsule,TID,2025-08-07,2025-08-07,2025-08-09
1658,569,10000000217,371,1 vial,QD,2025-03-31,2025-03-31,2025-04-01
1659,605,10000000033,139,500 mg,TID,2026-04-16,2026-04-16,2026-04-23
1660,3249,10000000114,363,40 mg,BID,2026-08-20,2026-08-20,2026-08-21
1661,3427,10000000068,409,500 mg,QD,2026-02-04,2026-02-04,2026-02-06
1662,2855,10000000020,252,40 mg,Q6H,2026-07-06,2026-07-06,2026-07-11
1663,80,10000000061,355,1 tablet,QD,2025-03-12,2025-03-12,2025-03-15
1664,3549,10000000106,297,1 tablet,TID,2026-06-09,2026-06-09,2026-06-14
1665,46,10000000299,368,500 mg,Q8H,2025-05-06,2025-05-06,2025-05-11
1666,2403,10000000285,180,1 capsule,QD,2025-04-13,2025-04-13,2025-04-20
1667,412,10000000066,403,1 capsule,QD,2025-10-13,2025-10-13,2025-10-16
1668,1034,10000000202,245,1 capsule,Q8H,2026-06-16,2026-06-16,2026-06-22
1669,1626,10000000043,395,1 vial,QD,2026-03-03,2026-03-03,2026-03-04
1670,904,10000000013,432,1 capsule,Q6H,2026-02-28,2026-02-28,2026-03-02
1671,2638,10000000180,338,1 vial,TID,2025-12-07,2025-12-07,2025-12-09
1672,599,10000000215,138,1 tablet,BID,2025-04-07,2025-04-07,2025-04-09
1673,1076,10000000150,31838,40 mg,Q6H,2025-08-03,2025-08-03,2025-08-05
1674,961,10000000248,14429,1 capsule,TID,2025-04-09,2025-04-09,2025-04-09
1675,988,10000000183,88,1 vial,TID,2025-05-15,2025-05-15,2025-05-16
1676,1922,10000000277,6,40 mg,QD,2025-12-17,2025-12-17,2025-12-19
1677,255,10000000229,236,1 tablet,Q8H,2026-04-23,2026-04-23,2026-04-27
1678,2185,10000000138,121,1 capsule,Q6H,2025-09-14,2025-09-14,2025-09-15
1679,1521,10000000056,299,500 mg,BID,2025-11-15,2025-11-15,2025-11-19
1680,1609,10000000012,421,1 tablet,BID,2025-02-08,2025-02-08,2025-02-14
1681,727,10000000061,148,1 vial,Q6H,2026-09-24,2026-09-24,2026-09-26
1682,3002,10000000261,160,1 tablet,BID,2025-12-26,2025-12-26,2025-12-30
1683,2461,10000000255,211,1 vial,BID,2025-06-19,2025-06-19,2025-06-20
1684,437,10000000274,265,1 tablet,Q6H,2026-10-19,2026-10-19,2026-10-24
1685,3384,10000000117,71,500 mg,TID,2025-01-08,2025-01-08,2025-01-08
1686,2593,10000000181,195,1 capsule,Q6H,2026-10-08,2026-10-08,2026-10-14
1687,168,10000000284,206,1 capsule,BID,2026-01-06,2026-01-06,2026-01-07
1688,2598,10000000282,117,1 capsule,QD,2026-10-12,2026-10-12,2026-10-14
1689,1003,10000000189,5,40 mg,Q8H,2026-05-12,2026-05-12,2026-05-14
1690,2887,10000000068,7369,1 capsule,Q8H,2026-08-30,2026-08-30,2026-09-03
1691,3116,10000000140,294,1 tablet,Q8H,2025-04-02,2025-04-02,2025-04-04
1692,401,10000000158,54,40 mg,Q8H,2026-09-25,2026-09-25,2026-09-28
1693,1526,10000000143,90,1 capsule,TID,2025-11-22,2025-11-22,2025-11-23
1694,1930,10000000134,367,500 mg,TID,2026-12-23,2026-12-23,2026-12-26
1695,3340,10000000130,24,1 tablet,QD,2026-11-18,2026-11-18,2026-11-18
1696,1521,10000000044,69,40 mg,Q6H,2025-11-17,2025-11-17,2025-11-19
1697,1784,10000000207,7158,500 mg,QD,2026-07-15,2026-07-15,2026-07-15
1698,2334,10000000109,439,1 capsule,Q6H,2025-02-14,2025-02-14,2025-02-14
1699,2852,10000000275,160,1 capsule,Q8H,2025-07-04,2025-07-04,2025-07-04
1700,1299,10000000100,436,1 vial,TID,2026-03-12,2026-03-12,2026-03-18
1701,3597,10000000176,140,1 vial,TID,2025-08-06,2025-08-06,2025-08-11
1702,1673,10000000089,376,40 mg,Q6H,2025-04-25,2025-04-25,2025-04-25
1703,2229,10000000103,254,40 mg,QD,2026-10-08,2026-10-08,2026-10-14
1704,147,10000000167,12638,1 tablet,TID,2025-01-22,2025-01-22,2025-01-23
1705,1268,10000000085,359,1 vial,BID,2026-02-07,2026-02-07,2026-02-07
1706,658,10000000186,266,500 mg,TID,2025-07-03,2025-07-03,2025-07-09
1707,2672,10000000273,165,40 mg,Q8H,2025-01-21,2025-01-21,2025-01-24
1708,2745,10000000221,287,1 vial,BID,2026-03-16,2026-03-16,2026-03-19
1709,2548,10000000182,7457,500 mg,Q6H,2025-09-22,2025-09-22,2025-09-27
1710,2668,10000000181,7,1 tablet,Q6H,2025-01-10,2025-01-10,2025-01-12
1711,3436,10000000252,7427,40 mg,BID,2026-02-11,2026-02-11,2026-02-15
1712,276,10000000055,343,500 mg,TID,2026-05-25,2026-05-25,2026-06-01
1713,1923,10000000282,145,500 mg,Q6H,2025-12-12,2025-12-12,2025-12-14
1714,2797,10000000070,239,40 mg,BID,2026-05-21,2026-05-21,2026-05-22
1715,2401,10000000243,388,40 mg,BID,2025-04-07,2025-04-07,2025-04-10
1716,3372,10000000163,228,500 mg,Q8H,2026-12-22,2026-12-22,2026-12-23
1717,2895,10000000236,329,500 mg,TID,2026-08-28,2026-08-28,2026-09-01
1718,1012,10000000079,386,40 mg,QD,2025-07-11,2025-07-11,2025-07-18
1719,52,10000000235,274,1 vial,Q6H,2026-01-08,2026-01-08,2026-01-10
1720,269,10000000219,20,1 capsule,QD,2025-05-11,2025-05-11,2025-05-18
1721,824,10000000211,154,40 mg,TID,2026-11-17,2026-11-17,2026-11-17
1722,1806,10000000059,73,500 mg,QD,2026-08-14,2026-08-14,2026-08-16
1723,2199,10000000110,325,40 mg,TID,2026-09-22,2026-09-22,2026-09-25
1724,699,10000000114,281,1 capsule,Q8H,2026-07-10,2026-07-10,2026-07-11
1725,3399,10000000114,441,40 mg,TID,2026-01-25,2026-01-25,2026-01-26
1726,2661,10000000052,63,40 mg,BID,2025-01-03,2025-01-03,2025-01-05
1727,1728,10000000286,149,1 tablet,QD,2026-05-17,2026-05-17,2026-05-19
1728,707,10000000274,425,1 tablet,QD,2026-07-17,2026-07-17,2026-07-21
1729,2220,10000000235,19,1 tablet,Q6H,2025-10-25,2025-10-25,2025-10-29
1730,647,10000000278,328,1 vial,BID,2026-05-07,2026-05-07,2026-05-11
1731,511,10000000258,443,40 mg,Q6H,2025-01-15,2025-01-15,2025-01-20
1732,1961,10000000146,33024,1 capsule,Q8H,2026-01-25,2026-01-25,2026-01-26
1733,2628,10000000298,272,1 capsule,Q8H,2026-11-23,2026-11-23,2026-11-27
1734,1870,10000000127,413,500 mg,Q6H,2026-10-06,2026-10-06,2026-10-10
1735,1881,10000000046,208,1 capsule,TID,2025-11-22,2025-11-22,2025-11-27
1736,47,10000000289,286,40 mg,QD,2025-07-12,2025-07-12,2025-07-14
1737,3110,10000000022,6,1 capsule,Q8H,2025-04-27,2025-04-27,2025-05-04
1738,2507,10000000262,24,1 vial,Q6H,2026-07-19,2026-07-19,2026-07-20
1739,2862,10000000177,271,1 capsule,QD,2026-07-15,2026-07-15,2026-07-21
1740,1289,10000000217,23,1 capsule,QD,2025-03-23,2025-03-23,2025-03-25
1741,116,10000000177,229,1 tablet,Q6H,2025-03-13,2025-03-13,2025-03-13
1742,2217,10000000165,149,1 capsule,Q8H,2025-10-18,2025-10-18,2025-10-21
1743,2299,10000000005,78,500 mg,TID,2025-01-03,2025-01-03,2025-01-11
1744,79,10000000261,141,500 mg,TID,2025-02-15,2025-02-15,2025-02-15
1745,1248,10000000284,218,1 tablet,TID,2026-01-07,2026-01-07,2026-01-08
1746,2152,10000000064,352,1 tablet,Q8H,2025-08-23,2025-08-23,2025-08-27
1747,2028,10000000283,235,1 vial,Q8H,2026-03-18,2026-03-18,2026-03-19
1748,292,10000000066,144,40 mg,QD,2025-06-25,2025-06-25,2025-06-30
1749,3377,10000000272,66,1 vial,QD,2026-12-29,2026-12-29,2026-12-29
1750,763,10000000193,1116,40 mg,TID,2026-09-12,2026-09-12,2026-09-14
1751,1821,10000000042,31,1 vial,TID,2025-09-05,2025-09-05,2025-09-07
1752,2965,10000000127,240,1 tablet,Q6H,2025-11-23,2025-11-23,2025-11-26
1753,2797,10000000078,140,40 mg,QD,2026-05-19,2026-05-19,2026-05-22
1754,2943,10000000282,227,40 mg,Q6H,2025-10-21,2025-10-21,2025-10-22
1755,2398,10000000192,17,1 tablet,Q6H,2025-04-11,2025-04-11,2025-04-18
1756,2087,10000000274,89,1 tablet,BID,2026-05-07,2026-05-07,2026-05-10
1757,503,10000000098,236,1 tablet,BID,2025-01-11,2025-01-11,2025-01-15
1758,83,10000000185,435,1 vial,Q6H,2025-06-17,2025-06-17,2025-06-19
1759,855,10000000231,125,1 vial,Q8H,2026-12-22,2026-12-22,2026-12-26
1760,2217,10000000173,315,1 vial,Q8H,2025-10-21,2025-10-21,2025-10-26
1761,2382,10000000179,250,40 mg,Q8H,2026-03-17,2026-03-17,2026-03-21
1762,2140,10000000133,380,1 capsule,Q8H,2026-07-15,2026-07-15,2026-07-19
1763,984,10000000100,51,1 vial,TID,2025-05-06,2025-05-06,2025-05-12
1764,801,10000000045,353,500 mg,Q6H,2025-11-17,2025-11-17,2025-11-18
1765,2428,10000000186,183,40 mg,TID,2025-05-10,2025-05-10,2025-05-13
1766,624,10000000104,145,1 tablet,BID,2025-05-13,2025-05-13,2025-05-19
1767,2193,10000000299,182,500 mg,Q8H,2025-09-16,2025-09-16,2025-09-17
1768,2649,10000000105,156,40 mg,TID,2026-12-21,2026-12-21,2026-12-29
1769,2181,10000000050,311,500 mg,Q6H,2025-09-04,2025-09-04,2025-09-06
1770,1771,10000000254,210,40 mg,QD,2025-07-19,2025-07-19,2025-07-20
1771,2552,10000000264,327,40 mg,QD,2025-09-18,2025-09-18,2025-09-20
1772,1443,10000000290,164,1 capsule,TID,2025-08-12,2025-08-12,2025-08-12
1773,879,10000000113,7086,1 vial,Q6H,2026-01-21,2026-01-21,2026-01-26
1774,1068,10000000292,76,1 tablet,BID,2026-07-18,2026-07-18,2026-07-21
1775,1675,10000000121,14,1 tablet,Q8H,2025-04-01,2025-04-01,2025-04-09
1776,1007,10000000263,373,1 capsule,QD,2026-05-15,2026-05-15,2026-05-18
1777,2122,10000000073,5,500 mg,BID,2025-07-17,2025-07-17,2025-07-19
1778,601,10000000247,209,500 mg,TID,2025-04-09,2025-04-09,2025-04-09
1779,1304,10000000208,16,500 mg,Q8H,2026-03-28,2026-03-28,2026-03-30
1780,630,10000000238,107,1 capsule,BID,2025-05-15,2025-05-15,2025-05-19
1781,3553,10000000184,117,40 mg,BID,2026-06-07,2026-06-07,2026-06-10
1782,2870,10000000036,35041,1 tablet,Q6H,2025-08-29,2025-08-29,2025-08-29
1783,2598,10000000281,36,1 vial,BID,2026-10-13,2026-10-13,2026-10-14
1784,1559,10000000216,358,1 vial,BID,2025-12-08,2025-12-08,2025-12-10
1785,873,10000000293,164,40 mg,Q8H,2025-01-15,2025-01-15,2025-01-18
1786,405,10000000225,329,1 capsule,Q6H,2026-09-06,2026-09-06,2026-09-10
1787,2238,10000000296,164,500 mg,Q6H,2026-10-12,2026-10-12,2026-10-19
1788,834,10000000103,125,1 capsule,BID,2025-12-24,2025-12-24,2026-01-01
1789,3213,10000000298,387,1 vial,TID,2025-07-03,2025-07-03,2025-07-04
1790,296,10000000154,213,1 vial,Q8H,2025-06-20,2025-06-20,2025-06-21
1791,2612,10000000267,107,1 vial,QD,2025-11-03,2025-11-03,2025-11-11
1792,620,10000000036,302,500 mg,Q8H,2025-05-02,2025-05-02,2025-05-05
1793,203,10000000097,313,40 mg,TID,2025-03-22,2025-03-22,2025-03-22
1794,520,10000000127,235,40 mg,TID,2026-01-23,2026-01-23,2026-01-24
1795,1260,10000000233,81,1 capsule,Q6H,2025-02-23,2025-02-23,2025-02-27
1796,3115,10000000135,8,40 mg,QD,2025-04-16,2025-04-16,2025-04-16
1797,2900,10000000029,240,1 capsule,Q8H,2025-09-10,2025-09-10,2025-09-14
1798,2199,10000000117,12638,1 tablet,BID,2026-09-23,2026-09-23,2026-09-26
1799,2929,10000000004,350,1 capsule,Q8H,2025-10-07,2025-10-07,2025-10-11
1800,2441,10000000145,302,40 mg,TID,2026-05-26,2026-05-26,2026-05-27
1801,524,10000000208,176,1 vial,Q8H,2026-01-03,2026-01-03,2026-01-03
1802,3137,10000000260,57,40 mg,Q8H,2026-04-30,2026-04-30,2026-05-08
1803,1203,10000000287,406,1 tablet,TID,2025-12-09,2025-12-09,2025-12-11
1804,908,10000000088,307,500 mg,TID,2026-02-02,2026-02-02,2026-02-05
1805,3098,10000000094,269,40 mg,BID,2026-03-08,2026-03-08,2026-03-10
1806,399,10000000117,206,500 mg,Q8H,2026-09-26,2026-09-26,2026-10-01
1807,514,10000000010,151,1 vial,Q6H,2026-01-17,2026-01-17,2026-01-20
1808,691,10000000252,16453,40 mg,Q6H,2025-07-04,2025-07-04,2025-07-04
1809,3241,10000000248,134,1 capsule,Q8H,2025-08-07,2025-08-07,2025-08-08
1810,3041,10000000142,374,1 capsule,Q6H,2026-01-23,2026-01-23,2026-01-28
1811,1268,10000000093,198,1 vial,BID,2026-02-04,2026-02-04,2026-02-07
1812,3335,10000000023,445,1 capsule,QD,2026-11-06,2026-11-06,2026-11-07
1813,1013,10000000085,26181,1 vial,Q8H,2025-06-12,2025-06-12,2025-06-12
1814,2694,10000000106,409,1 tablet,TID,2025-02-18,2025-02-18,2025-02-23
1815,371,10000000153,7460,1 vial,QD,2026-08-26,2026-08-26,2026-08-28
1816,1931,10000000150,331,40 mg,QD,2026-12-17,2026-12-17,2026-12-19
1817,3539,10000000216,293,1 capsule,Q8H,2025-06-17,2025-06-17,2025-06-21
1818,1336,10000000246,142,500 mg,Q6H,2026-05-08,2026-05-08,2026-05-15
1819,1417,10000000069,223,500 mg,QD,2026-07-09,2026-07-09,2026-07-11
1820,2752,10000000075,160,1 capsule,TID,2025-04-24,2025-04-24,2025-05-01
1821,1027,10000000072,261,500 mg,BID,2026-06-09,2026-06-09,2026-06-09
1822,218,10000000096,298,1 tablet,TID,2026-03-11,2026-03-11,2026-03-11
1823,2902,10000000078,319,500 mg,TID,2025-10-27,2025-10-27,2025-10-29
1824,3221,10000000154,328,40 mg,Q8H,2026-07-13,2026-07-13,2026-07-14
1825,3548,10000000083,269,1 capsule,Q8H,2026-06-02,2026-06-02,2026-06-06
1826,1419,10000000117,339,40 mg,TID,2026-08-01,2026-08-01,2026-08-01
1827,344,10000000205,393,1 capsule,Q6H,2026-07-25,2026-07-25,2026-07-26
1828,3338,10000000090,273,500 mg,TID,2026-11-11,2026-11-11,2026-11-12
1829,1529,10000000213,297,1 capsule,QD,2025-11-28,2025-11-28,2025-12-03
1830,2064,10000000106,16456,500 mg,Q6H,2025-05-23,2025-05-23,2025-05-23
1831,115,10000000008,20,1 vial,BID,2025-02-14,2025-02-14,2025-02-14
1832,1112,10000000266,31837,1 tablet,QD,2025-09-15,2025-09-15,2025-09-19
1833,1250,10000000033,22,1 tablet,Q8H,2025-02-08,2025-02-08,2025-02-15
1834,1445,10000000022,97,1 vial,Q8H,2026-08-11,2026-08-11,2026-08-15
1835,2133,10000000291,80,1 capsule,BID,2025-07-04,2025-07-04,2025-07-05
1836,1375,10000000133,49,1 capsule,TID,2025-06-23,2025-06-23,2025-06-23
1837,3493,10000000181,192,1 capsule,TID,2026-05-04,2026-05-04,2026-05-07
1838,1120,10000000130,284,1 tablet,QD,2026-09-25,2026-09-25,2026-09-27
1839,1653,10000000291,65,1 vial,QD,2025-03-16,2025-03-16,2025-03-22
1840,2319,10000000106,363,1 tablet,BID,2026-01-22,2026-01-22,2026-01-22
1841,45,10000000291,400,40 mg,BID,2025-03-07,2025-03-07,2025-03-08
1842,470,10000000035,178,1 capsule,Q6H,2025-12-21,2025-12-21,2025-12-22
1843,1033,10000000190,103,1 capsule,BID,2026-06-10,2026-06-10,2026-06-14
1844,2156,10000000155,318,1 capsule,Q8H,2025-08-02,2025-08-02,2025-08-03
1845,108,10000000154,132,40 mg,QD,2025-07-15,2025-07-15,2025-07-19
1846,2984,10000000200,70,1 capsule,QD,2026-11-18,2026-11-18,2026-11-24
1847,737,10000000261,336,500 mg,Q8H,2026-08-27,2026-08-27,2026-08-28
1848,736,10000000255,228,1 capsule,TID,2026-08-23,2026-08-23,2026-08-27
1849,992,10000000263,15,500 mg,Q8H,2025-05-16,2025-05-16,2025-05-19
1850,277,10000000067,177,1 tablet,Q6H,2026-06-08,2026-06-08,2026-06-14
1851,2177,10000000260,53,1 capsule,BID,2026-08-31,2026-08-31,2026-09-08
1852,1231,10000000243,11,1 tablet,Q6H,2025-01-13,2025-01-13,2025-01-16
1853,3450,10000000225,120,1 tablet,Q6H,2025-03-27,2025-03-27,2025-04-01
1854,3013,10000000186,215,1 capsule,Q6H,2026-12-27,2026-12-27,2026-12-27
1855,2350,10000000131,272,1 tablet,Q8H,2026-02-13,2026-02-13,2026-02-13
1856,555,10000000222,288,1 tablet,Q8H,2026-02-24,2026-02-24,2026-02-27
1857,2462,10000000277,287,1 vial,TID,2025-07-01,2025-07-01,2025-07-01
1858,2087,10000000260,151,40 mg,BID,2026-05-18,2026-05-18,2026-05-21
1859,520,10000000123,386,1 vial,BID,2026-01-22,2026-01-22,2026-01-24
1860,2179,10000000002,447,1 vial,Q8H,2025-09-07,2025-09-07,2025-09-11
1861,69,10000000009,407,40 mg,Q6H,2026-10-07,2026-10-07,2026-10-10
1862,171,10000000054,184,1 vial,Q8H,2025-02-09,2025-02-09,2025-02-14
1863,1595,10000000024,50,1 vial,TID,2026-01-18,2026-01-18,2026-01-21
1864,2264,10000000212,1113,1 tablet,TID,2026-11-15,2026-11-15,2026-11-15
1865,2991,10000000041,351,1 capsule,BID,2025-12-25,2025-12-25,2025-12-25
1866,2279,10000000212,1116,500 mg,TID,2025-12-09,2025-12-09,2025-12-17
1867,1891,10000000257,26183,40 mg,Q6H,2025-11-24,2025-11-24,2025-11-27
1868,1220,10000000030,75,1 capsule,Q6H,2025-01-10,2025-01-10,2025-01-12
1869,901,10000000245,271,1 tablet,QD,2025-03-01,2025-03-01,2025-03-05
1870,1340,10000000022,83,1 capsule,TID,2025-05-04,2025-05-04,2025-05-05
1871,2702,10000000262,215,40 mg,TID,2025-02-27,2025-02-27,2025-03-03
1872,974,10000000201,30277,1 vial,QD,2026-04-26,2026-04-26,2026-04-30
1873,1300,10000000122,229,1 capsule,Q6H,2026-03-12,2026-03-12,2026-03-14
1874,2984,10000000201,162,1 tablet,Q6H,2026-11-19,2026-11-19,2026-11-24
1875,2589,10000000106,50,500 mg,QD,2026-10-04,2026-10-04,2026-10-06
1876,674,10000000204,130,40 mg,BID,2026-06-13,2026-06-13,2026-06-19
1877,3271,10000000251,277,1 capsule,QD,2025-09-22,2025-09-22,2025-09-29
1878,1574,10000000216,373,1 vial,QD,2026-12-31,2026-12-31,2027-01-04
1879,3541,10000000254,252,40 mg,Q6H,2025-06-20,2025-06-20,2025-06-20
1880,2913,10000000288,407,1 vial,TID,2025-09-16,2025-09-16,2025-09-16
1881,1751,10000000158,54,1 vial,BID,2026-06-11,2026-06-11,2026-06-11
1882,408,10000000296,318,40 mg,TID,2026-09-08,2026-09-08,2026-09-10
1883,427,10000000072,16453,1 tablet,Q8H,2026-10-05,2026-10-05,2026-10-11
1884,1928,10000000093,61,1 vial,QD,2026-12-16,2026-12-16,2026-12-16
1885,2075,10000000030,5,40 mg,Q6H,2026-05-23,2026-05-23,2026-05-24
1886,648,10000000292,276,40 mg,Q6H,2026-05-11,2026-05-11,2026-05-16
1887,1786,10000000253,377,1 tablet,TID,2026-07-19,2026-07-19,2026-07-20
1888,3275,10000000027,393,1 vial,Q6H,2026-09-18,2026-09-18,2026-09-18
1889,1090,10000000132,7159,500 mg,BID,2026-08-16,2026-08-16,2026-08-18
1890,1564,10000000016,310,1 vial,Q8H,2026-12-13,2026-12-13,2026-12-16
1891,2392,10000000064,16453,40 mg,Q8H,2025-04-25,2025-04-25,2025-04-28
1892,686,10000000153,441,40 mg,Q8H,2025-07-22,2025-07-22,2025-07-23
1893,3480,10000000227,389,40 mg,BID,2025-04-27,2025-04-27,2025-04-28
1894,2381,10000000156,346,1 capsule,BID,2026-03-13,2026-03-13,2026-03-16
1895,2852,10000000260,433,1 vial,TID,2025-07-04,2025-07-04,2025-07-04
1896,3017,10000000269,245,1 capsule,QD,2026-12-23,2026-12-23,2026-12-25
1897,2881,10000000257,68,1 tablet,TID,2025-08-08,2025-08-08,2025-08-10
1898,280,10000000135,388,1 capsule,Q6H,2026-05-30,2026-05-30,2026-05-31
1899,2960,10000000026,177,1 vial,BID,2025-11-17,2025-11-17,2025-11-18
1900,39,10000000276,39,500 mg,Q8H,2025-06-23,2025-06-23,2025-06-24
1901,2032,10000000064,293,40 mg,Q8H,2025-05-02,2025-05-02,2025-05-04
1902,914,10000000208,320,40 mg,BID,2026-02-19,2026-02-19,2026-02-21
1903,2772,10000000170,122,1 tablet,Q8H,2026-04-20,2026-04-20,2026-04-20
1904,499,10000000008,49517,1 capsule,BID,2025-01-07,2025-01-07,2025-01-10
1905,370,10000000129,81,1 vial,BID,2026-08-20,2026-08-20,2026-08-23
1906,815,10000000027,30279,1 tablet,BID,2026-11-08,2026-11-08,2026-11-14
1907,271,10000000257,395,1 vial,Q8H,2025-05-16,2025-05-16,2025-05-20
1908,2180,10000000034,204,1 capsule,BID,2025-09-12,2025-09-12,2025-09-12
1909,500,10000000036,213,500 mg,QD,2025-01-04,2025-01-04,2025-01-09
1910,2746,10000000247,72,40 mg,Q8H,2026-03-29,2026-03-29,2026-04-03
1911,1504,10000000014,444,1 capsule,Q6H,2026-10-30,2026-10-30,2026-10-30
1912,2752,10000000068,412,500 mg,Q6H,2025-04-25,2025-04-25,2025-04-29
1913,951,10000000040,245,40 mg,Q8H,2025-04-29,2025-04-29,2025-04-30
1914,2588,10000000082,397,500 mg,BID,2026-10-03,2026-10-03,2026-10-04
1915,651,10000000059,283,500 mg,BID,2025-06-09,2025-06-09,2025-06-12
1916,2127,10000000174,108,1 vial,TID,2025-07-28,2025-07-28,2025-07-29
1917,2082,10000000163,196,1 capsule,Q8H,2026-05-25,2026-05-25,2026-05-27
1918,976,10000000240,415,1 vial,BID,2026-04-23,2026-04-23,2026-04-26
1919,3557,10000000262,252,40 mg,Q6H,2026-06-12,2026-06-12,2026-06-13
1920,1849,10000000005,405,1 capsule,Q8H,2025-10-07,2025-10-07,2025-10-13
1921,24,10000000052,146,1 tablet,Q6H,2025-09-13,2025-09-13,2025-09-17
1922,1080,10000000233,7460,1 tablet,Q6H,2025-08-07,2025-08-07,2025-08-09
1923,3575,10000000020,428,1 capsule,Q8H,2026-07-09,2026-07-09,2026-07-16
1924,1662,10000000167,36,1 capsule,QD,2026-03-19,2026-03-19,2026-03-21
1925,548,10000000080,302,1 tablet,QD,2026-02-03,2026-02-03,2026-02-05
1926,270,10000000232,142,1 capsule,TID,2025-05-17,2025-05-17,2025-05-20
1927,2117,10000000265,432,500 mg,TID,2026-06-17,2026-06-17,2026-06-25
1928,1673,10000000086,169,1 capsule,TID,2025-04-25,2025-04-25,2025-04-25
1929,2180,10000000022,124,1 capsule,QD,2025-09-03,2025-09-03,2025-09-10
1930,1361,10000000148,166,40 mg,TID,2026-05-27,2026-05-27,2026-05-27
1931,1954,10000000006,3,40 mg,Q8H,2026-01-28,2026-01-28,2026-02-01
1932,3080,10000000027,258,500 mg,TID,2025-03-15,2025-03-15,2025-03-17
1933,2299,10000000002,380,1 tablet,Q8H,2025-01-04,2025-01-04,2025-01-09
1934,2818,10000000188,384,1 capsule,QD,2025-06-17,2025-06-17,2025-06-20
1935,1012,10000000063,237,1 tablet,QD,2025-06-12,2025-06-12,2025-06-17
1936,2789,10000000209,309,40 mg,BID,2025-05-11,2025-05-11,2025-05-13
1937,1397,10000000273,49515,500 mg,Q6H,2026-06-12,2026-06-12,2026-06-15
1938,1304,10000000201,201,1 tablet,Q8H,2026-03-27,2026-03-27,2026-03-29
1939,1240,10000000133,287,1 tablet,Q8H,2026-01-22,2026-01-22,2026-01-28
1940,252,10000000161,428,500 mg,QD,2026-04-18,2026-04-18,2026-04-21
1941,2955,10000000225,262,1 tablet,Q8H,2026-10-12,2026-10-12,2026-10-20
1942,3337,10000000065,291,500 mg,QD,2026-11-11,2026-11-11,2026-11-12
1943,1977,10000000164,202,1 tablet,BID,2025-02-16,2025-02-16,2025-02-17
1944,3084,10000000110,58,40 mg,QD,2025-03-20,2025-03-20,2025-03-20
1945,150,10000000222,52,1 capsule,TID,2025-01-14,2025-01-14,2025-01-16
1946,1515,10000000221,87,1 vial,QD,2026-10-10,2026-10-10,2026-10-15
1947,907,10000000079,211,1 tablet,Q8H,2026-02-06,2026-02-06,2026-02-08
1948,448,10000000183,273,1 vial,QD,2025-11-22,2025-11-22,2025-11-25
1949,2093,10000000096,116,1 vial,BID,2025-06-14,2025-06-14,2025-06-14
1950,2178,10000000298,30280,1 vial,Q8H,2026-08-27,2026-08-27,2026-08-28
1951,1248,10000000298,441,1 vial,BID,2026-01-07,2026-01-07,2026-01-08
1952,1467,10000000172,157,500 mg,QD,2025-09-09,2025-09-09,2025-09-17
1953,756,10000000058,176,500 mg,Q6H,2026-09-18,2026-09-18,2026-09-19
1954,2965,10000000127,377,500 mg,QD,2025-11-22,2025-11-22,2025-11-26
1955,2031,10000000040,30279,1 tablet,BID,2025-04-22,2025-04-22,2025-04-22
1956,838,10000000182,193,500 mg,Q6H,2025-12-07,2025-12-07,2025-12-07
1957,302,10000000275,7,1 capsule,BID,2025-06-22,2025-06-22,2025-06-23
1958,1121,10000000159,301,40 mg,Q6H,2026-09-23,2026-09-23,2026-09-25
1959,1603,10000000190,375,40 mg,Q6H,2026-01-18,2026-01-18,2026-01-23
1960,296,10000000152,315,1 capsule,TID,2025-06-21,2025-06-21,2025-06-21
1961,90,10000000006,7369,1 capsule,Q8H,2026-07-15,2026-07-15,2026-07-18
1962,3237,10000000176,140,1 vial,QD,2025-08-05,2025-08-05,2025-08-07
1963,1032,10000000176,345,500 mg,BID,2026-06-13,2026-06-13,2026-06-15
1964,802,10000000079,30277,1 vial,QD,2025-11-18,2025-11-18,2025-11-20
1965,195,10000000226,437,500 mg,BID,2026-02-22,2026-02-22,2026-02-23
1966,3177,10000000172,302,40 mg,Q6H,2025-07-03,2025-07-03,2025-07-10
1967,1546,10000000257,163,1 tablet,Q6H,2026-11-22,2026-11-22,2026-11-22
1968,1641,10000000053,16456,500 mg,TID,2025-03-16,2025-03-16,2025-03-18
1969,916,10000000240,99,40 mg,Q8H,2026-02-24,2026-02-24,2026-03-03
1970,1136,10000000146,186,1 capsule,Q6H,2025-10-17,2025-10-17,2025-10-23
1971,1495,10000000128,67,1 vial,QD,2025-10-13,2025-10-13,2025-10-19
1972,50,10000000067,57,1 vial,TID,2026-02-21,2026-02-21,2026-02-24
1973,1964,10000000205,222,1 vial,QD,2026-01-06,2026-01-06,2026-01-09
1974,1950,10000000237,146,1 tablet,Q8H,2025-01-17,2025-01-17,2025-01-25
1975,731,10000000146,177,500 mg,Q6H,2026-08-22,2026-08-22,2026-08-24
1976,2856,10000000055,402,40 mg,TID,2026-07-08,2026-07-08,2026-07-08
1977,3545,10000000022,190,500 mg,Q6H,2026-06-27,2026-06-27,2026-07-01
1978,846,10000000045,271,40 mg,Q6H,2026-12-16,2026-12-16,2026-12-16
1979,1353,10000000292,153,1 tablet,QD,2025-05-15,2025-05-15,2025-05-18
1980,1322,10000000260,248,1 vial,Q6H,2025-04-13,2025-04-13,2025-04-17
1981,2969,10000000202,108,40 mg,Q6H,2025-11-25,2025-11-25,2025-11-26
1982,1620,10000000226,350,40 mg,Q6H,2025-02-18,2025-02-18,2025-02-20
1983,2101,10000000240,239,40 mg,Q6H,2025-06-19,2025-06-19,2025-06-21
1984,3450,10000000228,1,1 vial,Q6H,2025-03-30,2025-03-30,2025-04-01
1985,1609,10000000003,350,1 capsule,Q8H,2025-02-08,2025-02-08,2025-02-14
1986,1495,10000000121,69,1 vial,TID,2025-10-18,2025-10-18,2025-10-20
1987,2525,10000000028,14,1 capsule,BID,2026-08-14,2026-08-14,2026-08-19
1988,904,10000000000,322,1 tablet,TID,2026-03-03,2026-03-03,2026-03-07
1989,3396,10000000057,16453,1 capsule,TID,2026-01-27,2026-01-27,2026-02-01
1990,3036,10000000057,252,1 vial,QD,2026-01-24,2026-01-24,2026-01-27
1991,921,10000000057,47,1 vial,TID,2025-03-19,2025-03-19,2025-03-19
1992,2435,10000000032,224,1 capsule,Q8H,2026-05-18,2026-05-18,2026-05-19
1993,2979,10000000102,263,1 vial,TID,2026-11-10,2026-11-10,2026-11-13
1994,2109,10000000111,35039,40 mg,TID,2026-06-08,2026-06-08,2026-06-13
1995,140,10000000035,49,1 capsule,Q8H,2025-01-10,2025-01-10,2025-01-11
1996,1512,10000000160,210,1 capsule,BID,2026-10-25,2026-10-25,2026-10-26
1997,277,10000000067,351,1 vial,Q6H,2026-07-13,2026-07-13,2026-07-18
1998,100,10000000299,184,1 capsule,QD,2026-05-15,2026-05-15,2026-05-15
1999,234,10000000109,315,500 mg,BID,2025-04-25,2025-04-25,2025-04-27
2000,996,10000000052,294,40 mg,Q6H,2026-05-19,2026-05-19,2026-05-21
2001,1767,10000000163,100,1 tablet,TID,2025-07-29,2025-07-29,2025-07-31
2002,3002,10000000263,258,1 vial,Q8H,2025-12-30,2025-12-30,2025-12-30
2003,198,10000000289,176,1 tablet,Q8H,2026-02-14,2026-02-14,2026-02-16
2004,966,10000000057,160,1 vial,BID,2026-04-14,2026-04-14,2026-04-15
2005,1276,10000000247,267,1 capsule,BID,2026-02-12,2026-02-12,2026-02-12
2006,446,10000000155,323,500 mg,TID,2025-11-25,2025-11-25,2025-11-25
2007,2613,10000000295,252,500 mg,TID,2025-11-13,2025-11-13,2025-11-13
2008,1175,10000000021,330,1 tablet,Q8H,2026-11-08,2026-11-08,2026-11-09
2009,2518,10000000199,347,40 mg,Q6H,2025-08-07,2025-08-07,2025-08-10
2010,175,10000000129,140,40 mg,BID,2025-02-21,2025-02-21,2025-02-28
2011,3293,10000000093,7460,500 mg,QD,2025-10-13,2025-10-13,2025-10-13
2012,2678,10000000087,172,1 vial,Q8H,2026-01-21,2026-01-21,2026-01-22
2013,1666,10000000257,363,500 mg,Q8H,2026-03-31,2026-03-31,2026-04-04
2014,2951,10000000145,96,1 capsule,Q6H,2026-10-11,2026-10-11,2026-10-13
2015,911,10000000149,389,40 mg,Q8H,2026-02-07,2026-02-07,2026-02-08
2016,2111,10000000152,162,1 tablet,Q8H,2026-06-11,2026-06-11,2026-06-15
2017,2733,10000000295,7427,1 capsule,Q6H,2025-03-05,2025-03-05,2025-03-06
2018,363,10000000293,121,1 capsule,Q6H,2025-08-16,2025-08-16,2025-08-18
2019,1713,10000000284,256,500 mg,TID,2025-05-23,2025-05-23,2025-05-29
2020,412,10000000065,105,1 capsule,TID,2025-10-15,2025-10-15,2025-10-16
2021,2693,10000000090,34,1 tablet,Q6H,2025-02-12,2025-02-12,2025-02-16
2022,2033,10000000080,22,40 mg,BID,2025-04-24,2025-04-24,2025-04-25
2023,902,10000000260,147,1 tablet,Q6H,2025-02-21,2025-02-21,2025-02-21
2024,3075,10000000237,318,500 mg,Q6H,2026-02-17,2026-02-17,2026-02-19
2025,3085,10000000133,319,500 mg,Q6H,2025-03-19,2025-03-19,2025-03-21
2026,3006,10000000040,31840,1 tablet,QD,2026-12-21,2026-12-21,2026-12-25
2027,3263,10000000099,14430,500 mg,Q6H,2025-09-10,2025-09-10,2025-09-12
2028,2250,10000000239,35039,1 tablet,TID,2025-11-24,2025-11-24,2025-11-28
2029,1731,10000000056,7159,40 mg,TID,2025-06-21,2025-06-21,2025-06-23
2030,1172,10000000267,291,1 vial,Q8H,2025-11-05,2025-11-05,2025-11-10
2031,1800,10000000223,89,500 mg,BID,2025-08-07,2025-08-07,2025-08-07
2032,3371,10000000144,116,40 mg,TID,2026-12-17,2026-12-17,2026-12-20
2033,567,10000000167,172,1 capsule,Q6H,2025-03-24,2025-03-24,2025-03-24
2034,2191,10000000257,7460,500 mg,Q8H,2025-09-14,2025-09-14,2025-09-14
2035,433,10000000191,360,1 vial,Q8H,2026-10-20,2026-10-20,2026-10-26
2036,1592,10000000272,9,1 capsule,Q8H,2025-01-20,2025-01-20,2025-01-20
2037,1980,10000000233,319,1 capsule,Q6H,2025-03-01,2025-03-01,2025-03-04
2038,425,10000000020,257,1 capsule,BID,2026-10-23,2026-10-23,2026-10-26
2039,23,10000000040,333,1 vial,TID,2025-07-14,2025-07-14,2025-07-16
2040,497,10000000270,31837,1 vial,Q6H,2026-12-24,2026-12-24,2026-12-31
2041,3596,10000000148,368,1 tablet,Q6H,2025-08-02,2025-08-02,2025-08-04
2042,1237,10000000072,65,1 tablet,QD,2026-01-20,2026-01-20,2026-01-22
2043,1854,10000000114,333,500 mg,Q8H,2025-10-26,2025-10-26,2025-10-26
2044,961,10000000253,85,1 vial,Q6H,2025-04-08,2025-04-08,2025-04-09
2045,368,10000000098,7459,500 mg,TID,2026-08-16,2026-08-16,2026-08-16
2046,3119,10000000210,157,500 mg,BID,2025-04-08,2025-04-08,2025-04-15
2047,2459,10000000205,1114,1 capsule,TID,2025-06-18,2025-06-18,2025-06-19
2048,3157,10000000069,325,500 mg,Q6H,2026-05-19,2026-05-19,2026-05-22
2049,329,10000000215,53,1 tablet,BID,2025-08-03,2025-08-03,2025-08-09
2050,1663,10000000194,205,500 mg,Q6H,2026-03-23,2026-03-23,2026-03-31
2051,2447,10000000265,249,1 tablet,BID,2026-05-17,2026-05-17,2026-05-22
2052,3474,10000000108,24,40 mg,Q6H,2025-05-03,2025-05-03,2025-05-05
2053,3351,10000000058,21,500 mg,QD,2025-12-25,2025-12-25,2025-12-27
2054,3060,10000000232,412,1 vial,Q6H,2025-02-18,2025-02-18,2025-02-22
2055,3436,10000000246,423,40 mg,TID,2026-02-10,2026-02-10,2026-02-15
2056,999,10000000110,64,500 mg,TID,2026-05-25,2026-05-25,2026-05-29
2057,2196,10000000055,164,1 capsule,QD,2026-09-19,2026-09-19,2026-09-20
2058,3274,10000000001,94,1 vial,Q8H,2026-09-19,2026-09-19,2026-09-19
2059,455,10000000030,273,500 mg,BID,2026-11-14,2026-11-14,2026-11-19
2060,2119,10000000001,119,40 mg,Q8H,2025-07-15,2025-07-15,2025-07-17
2061,1344,10000000112,155,500 mg,BID,2025-05-09,2025-05-09,2025-05-14
2062,1755,10000000238,430,500 mg,BID,2026-06-12,2026-06-12,2026-06-17
2063,429,10000000114,122,500 mg,TID,2026-10-08,2026-10-08,2026-10-09
2064,1538,10000000099,434,1 capsule,BID,2026-11-10,2026-11-10,2026-11-12
2065,2006,10000000158,127,1 capsule,QD,2025-03-22,2025-03-22,2025-03-24
2066,2260,10000000134,289,1 vial,TID,2026-11-16,2026-11-16,2026-11-17
2067,2190,10000000221,420,1 vial,Q6H,2025-09-14,2025-09-14,2025-09-22
2068,2662,10000000065,244,500 mg,Q6H,2025-01-04,2025-01-04,2025-01-06
2069,1058,10000000093,318,500 mg,TID,2026-07-11,2026-07-11,2026-07-15
2070,540,10000000226,411,500 mg,QD,2025-02-25,2025-02-25,2025-03-03
2071,2908,10000000183,121,40 mg,TID,2025-09-15,2025-09-15,2025-09-15
2072,2621,10000000144,1122,1 capsule,QD,2026-11-17,2026-11-17,2026-11-19
2073,3568,10000000182,253,1 vial,QD,2025-07-22,2025-07-22,2025-07-26
2074,1281,10000000050,382,500 mg,Q6H,2025-03-24,2025-03-24,2025-03-28
2075,3118,10000000191,16456,1 tablet,TID,2025-04-16,2025-04-16,2025-04-20
2076,2124,10000000118,82,500 mg,Q6H,2025-07-25,2025-07-25,2025-07-29
2077,2713,10000000181,88,1 tablet,Q6H,2026-02-21,2026-02-21,2026-02-24
2078,2230,10000000136,35039,500 mg,BID,2026-10-06,2026-10-06,2026-10-10
2079,1801,10000000240,414,500 mg,Q8H,2025-08-26,2025-08-26,2025-08-28
2080,621,10000000056,385,500 mg,Q6H,2025-05-05,2025-05-05,2025-05-06
2081,2334,10000000117,55,1 vial,Q8H,2025-02-12,2025-02-12,2025-02-14
2082,3204,10000000112,153,1 vial,BID,2025-07-29,2025-07-29,2025-08-03
2083,1006,10000000252,402,1 capsule,Q6H,2026-05-04,2026-05-04,2026-05-06
2084,86,10000000199,418,40 mg,TID,2026-03-11,2026-03-11,2026-03-13
2085,1471,10000000251,379,1 tablet,QD,2025-09-13,2025-09-13,2025-09-16
2086,479,10000000207,69,1 capsule,BID,2025-12-16,2025-12-16,2025-12-17
2087,353,10000000085,270,500 mg,TID,2025-08-27,2025-08-27,2025-08-28
2088,1248,10000000283,315,1 tablet,TID,2026-01-06,2026-01-06,2026-01-08
2089,816,10000000055,269,1 capsule,Q6H,2026-11-06,2026-11-06,2026-11-07
2090,2548,10000000180,323,500 mg,QD,2025-09-22,2025-09-22,2025-09-26
2091,1034,10000000206,15,1 tablet,Q6H,2026-06-19,2026-06-19,2026-06-21
2092,3171,10000000042,201,40 mg,Q6H,2025-06-13,2025-06-13,2025-06-20
2093,795,10000000225,186,500 mg,QD,2026-10-11,2026-10-11,2026-10-14
2094,2577,10000000165,161,1 tablet,QD,2025-10-15,2025-10-15,2025-10-19
2095,2109,10000000115,437,40 mg,BID,2026-06-03,2026-06-03,2026-06-09
2096,170,10000000034,58,1 capsule,Q8H,2025-02-10,2025-02-10,2025-02-12
2097,303,10000000291,413,1 capsule,Q6H,2025-06-25,2025-06-25,2025-06-27
2098,1684,10000000019,35,1 capsule,QD,2026-04-11,2026-04-11,2026-04-15
2099,2414,10000000205,315,1 vial,TID,2026-04-20,2026-04-20,2026-04-22
2100,316,10000000250,43,40 mg,Q8H,2026-06-14,2026-06-14,2026-06-14
2101,825,10000000226,195,40 mg,QD,2026-11-27,2026-11-27,2026-12-01
2102,507,10000000173,62,40 mg,TID,2025-01-24,2025-01-24,2025-01-27
2103,204,10000000109,64,1 vial,Q6H,2025-03-28,2025-03-28,2025-03-30
2104,3228,10000000280,15,1 tablet,TID,2026-07-24,2026-07-24,2026-07-28
2105,2668,10000000183,31838,40 mg,QD,2025-01-10,2025-01-10,2025-01-12
2106,1744,10000000017,383,1 tablet,TID,2026-06-24,2026-06-24,2026-06-28
2107,536,10000000147,425,1 capsule,BID,2025-02-27,2025-02-27,2025-02-27
2108,2899,10000000014,137,1 vial,TID,2025-09-01,2025-09-01,2025-09-07
2109,1393,10000000190,129,1 capsule,Q8H,2026-06-07,2026-06-07,2026-06-11
2110,1618,10000000190,7457,40 mg,TID,2025-02-20,2025-02-20,2025-02-28
2111,2873,10000000084,89,40 mg,QD,2025-08-25,2025-08-25,2025-08-27
2112,3480,10000000220,393,1 capsule,BID,2025-04-06,2025-04-06,2025-04-11
2113,158,10000000098,107,1 capsule,BID,2026-01-20,2026-01-20,2026-01-27
2114,3092,10000000266,441,1 vial,Q8H,2025-03-04,2025-03-04,2025-03-06
2115,791,10000000146,218,500 mg,QD,2026-10-18,2026-10-18,2026-10-20
2116,2972,10000000264,70,1 capsule,TID,2025-11-10,2025-11-10,2025-11-14
2117,1524,10000000112,113,500 mg,TID,2025-11-24,2025-11-24,2025-11-27
2118,1367,10000000260,236,1 capsule,BID,2026-05-11,2026-05-11,2026-05-14
2119,3257,10000000272,175,1 vial,QD,2026-09-07,2026-09-07,2026-09-10
2120,3307,10000000070,14429,1 vial,BID,2026-11-06,2026-11-06,2026-11-10
2121,3506,10000000154,27329,1 tablet,QD,2025-05-08,2025-05-08,2025-05-13
2122,937,10000000060,342,500 mg,Q8H,2026-03-07,2026-03-07,2026-03-11
2123,1833,10000000297,196,40 mg,BID,2025-09-16,2025-09-16,2025-09-17
2124,1608,10000000281,105,500 mg,TID,2026-01-08,2026-01-08,2026-01-08
2125,1309,10000000010,67,40 mg,Q6H,2025-04-30,2025-04-30,2025-05-01
2126,28,10000000033,92,40 mg,TID,2025-09-01,2025-09-01,2025-09-03
2127,2862,10000000174,212,1 capsule,Q8H,2026-07-23,2026-07-23,2026-07-28
2128,1992,10000000163,323,500 mg,Q6H,2026-02-07,2026-02-07,2026-02-09
2129,716,10000000159,173,1 capsule,Q8H,2025-08-08,2025-08-08,2025-08-08
2130,2658,10000000291,81,40 mg,Q6H,2027-01-01,2027-01-01,2027-01-04
2131,1610,10000000036,180,40 mg,Q8H,2025-02-08,2025-02-08,2025-02-12
2132,3511,10000000251,429,1 capsule,TID,2025-05-23,2025-05-23,2025-05-26
2133,2401,10000000254,28,1 capsule,Q6H,2025-04-09,2025-04-09,2025-04-10
2134,538,10000000189,135,1 tablet,Q6H,2025-02-16,2025-02-16,2025-02-18
2135,1107,10000000174,407,1 tablet,Q6H,2025-09-11,2025-09-11,2025-09-17
2136,3023,10000000091,352,1 capsule,Q8H,2025-01-05,2025-01-05,2025-01-06
2137,1989,10000000110,222,1 capsule,Q8H,2026-02-07,2026-02-07,2026-02-09
2138,1720,10000000132,130,40 mg,TID,2026-05-24,2026-05-24,2026-05-25
2139,3134,10000000205,101,40 mg,Q8H,2026-04-23,2026-04-23,2026-04-28
2140,3489,10000000106,7,500 mg,Q8H,2026-04-19,2026-04-19,2026-04-21
2141,1342,10000000060,71,500 mg,BID,2025-06-08,2025-06-08,2025-06-12
2142,1514,10000000219,267,1 vial,Q8H,2026-10-08,2026-10-08,2026-10-12
2143,1411,10000000240,76,1 tablet,TID,2025-07-18,2025-07-18,2025-07-19
2144,1579,10000000007,161,1 tablet,Q8H,2025-01-07,2025-01-07,2025-01-07
2145,343,10000000196,406,1 vial,BID,2026-07-14,2026-07-14,2026-07-18
2146,2893,10000000184,132,1 tablet,QD,2026-08-23,2026-08-23,2026-08-28
2147,1809,10000000106,306,1 tablet,BID,2026-08-19,2026-08-19,2026-08-24
2148,1371,10000000058,356,1 capsule,Q8H,2025-06-09,2025-06-09,2025-06-13
2149,1940,10000000024,60,1 tablet,Q8H,2025-01-03,2025-01-03,2025-01-05
2150,1744,10000000013,26181,1 tablet,Q6H,2026-06-28,2026-06-28,2026-07-01
2151,1601,10000000149,137,1 capsule,QD,2026-01-23,2026-01-23,2026-01-26
2152,2321,10000000159,390,1 tablet,QD,2026-01-23,2026-01-23,2026-01-27
2153,3055,10000000127,230,1 capsule,TID,2025-02-22,2025-02-22,2025-02-22
2154,2485,10000000135,350,500 mg,Q6H,2025-07-23,2025-07-23,2025-07-25
2155,1830,10000000234,115,1 capsule,Q6H,2025-09-23,2025-09-23,2025-09-25
2156,2299,10000000004,283,1 capsule,Q8H,2025-01-09,2025-01-09,2025-01-11
2157,132,10000000121,100,500 mg,Q8H,2025-07-17,2025-07-17,2025-07-18
2158,3562,10000000063,257,40 mg,BID,2025-07-22,2025-07-22,2025-07-23
2159,3077,10000000279,242,1 capsule,Q8H,2026-02-16,2026-02-16,2026-02-20
2160,854,10000000201,95,40 mg,Q8H,2026-12-22,2026-12-22,2026-12-22
2161,373,10000000180,4,1 capsule,Q8H,2026-08-22,2026-08-22,2026-08-25
2162,318,10000000290,226,1 tablet,TID,2026-06-22,2026-06-22,2026-06-26
2163,360,10000000231,15,1 tablet,BID,2025-08-06,2025-08-06,2025-08-09
2164,1900,10000000136,255,1 capsule,BID,2026-11-12,2026-11-12,2026-11-17
2165,1148,10000000089,1121,500 mg,BID,2026-10-03,2026-10-03,2026-10-04
2166,2453,10000000092,31837,500 mg,TID,2025-06-28,2025-06-28,2025-06-29
2167,3286,10000000252,353,40 mg,QD,2026-09-05,2026-09-05,2026-09-06
2168,259,10000000006,306,1 tablet,Q8H,2025-05-07,2025-05-07,2025-05-08
2169,3033,10000000289,126,1 capsule,BID,2025-01-20,2025-01-20,2025-01-25
2170,689,10000000200,104,500 mg,BID,2025-07-26,2025-07-26,2025-07-26
2171,2458,10000000186,1115,1 vial,TID,2025-06-18,2025-06-18,2025-06-20
2172,1432,10000000066,167,1 vial,Q8H,2025-08-23,2025-08-23,2025-08-30
2173,2795,10000000020,307,1 tablet,Q6H,2026-05-20,2026-05-20,2026-05-27
2174,1845,10000000238,236,1 capsule,Q8H,2026-09-05,2026-09-05,2026-09-10
2175,2675,10000000028,114,1 vial,QD,2026-01-17,2026-01-17,2026-01-25
2176,2373,10000000292,228,1 tablet,BID,2025-03-03,2025-03-03,2025-03-06
2177,1106,10000000145,168,1 capsule,BID,2025-09-11,2025-09-11,2025-09-15
2178,146,10000000155,2,40 mg,Q8H,2025-01-10,2025-01-10,2025-01-12
2179,1018,10000000186,372,500 mg,Q8H,2025-06-17,2025-06-17,2025-06-19
2180,2970,10000000233,96,1 vial,BID,2025-11-25,2025-11-25,2025-11-30
2181,1797,10000000165,113,1 tablet,Q6H,2025-08-10,2025-08-10,2025-08-12
2182,1902,10000000165,379,500 mg,Q8H,2026-12-05,2026-12-05,2026-12-06
2183,1443,10000000298,142,40 mg,QD,2025-08-09,2025-08-09,2025-08-12
2184,413,10000000098,409,1 vial,Q8H,2025-10-13,2025-10-13,2025-10-13
2185,607,10000000069,392,40 mg,QD,2026-04-17,2026-04-17,2026-04-19
2186,2843,10000000095,66,1 capsule,BID,2025-07-17,2025-07-17,2025-07-19
2187,149,10000000202,209,500 mg,TID,2025-01-12,2025-01-12,2025-01-20
2188,806,10000000154,389,1 vial,BID,2025-11-24,2025-11-24,2025-11-29
2189,2533,10000000188,208,1 vial,BID,2026-08-20,2026-08-20,2026-08-27
2190,1391,10000000144,296,1 capsule,QD,2026-06-10,2026-06-10,2026-06-13
2191,1714,10000000002,113,1 tablet,TID,2026-05-20,2026-05-20,2026-05-24
2192,133,10000000062,44,40 mg,Q6H,2026-02-14,2026-02-14,2026-02-14
2193,872,10000000274,208,40 mg,Q8H,2025-01-14,2025-01-14,2025-01-19
2194,1307,10000000276,6,1 capsule,BID,2026-04-05,2026-04-05,2026-04-07
2195,2297,10000000267,184,1 vial,TID,2026-12-30,2026-12-30,2027-01-02
2196,579,10000000117,30278,1 capsule,BID,2026-03-18,2026-03-18,2026-03-24
2197,1922,10000000277,262,1 tablet,Q6H,2025-12-08,2025-12-08,2025-12-12
2198,1162,10000000065,269,1 vial,BID,2025-11-27,2025-11-27,2025-12-02
2199,3158,10000000092,7158,1 tablet,Q8H,2026-05-22,2026-05-22,2026-05-23
2200,2144,10000000201,35038,1 tablet,Q8H,2026-07-14,2026-07-14,2026-07-16
2201,706,10000000240,7458,500 mg,QD,2026-08-09,2026-08-09,2026-08-09
2202,350,10000000027,257,1 vial,Q6H,2025-08-22,2025-08-22,2025-08-26
2203,414,10000000116,352,500 mg,Q6H,2025-10-13,2025-10-13,2025-10-17
2204,2937,10000000179,274,1 vial,TID,2025-10-15,2025-10-15,2025-10-17
2205,913,10000000182,146,1 vial,Q6H,2026-02-07,2026-02-07,2026-02-11
2206,3099,10000000117,128,40 mg,BID,2026-03-21,2026-03-21,2026-03-29
2207,3468,10000000282,274,500 mg,QD,2026-03-20,2026-03-20,2026-03-26
2208,2677,10000000062,18,1 capsule,TID,2026-01-21,2026-01-21,2026-01-23
2209,677,10000000264,128,40 mg,BID,2026-06-16,2026-06-16,2026-06-18
2210,2781,10000000057,280,1 tablet,QD,2025-05-04,2025-05-04,2025-05-05
2211,2448,10000000293,253,1 tablet,BID,2026-05-17,2026-05-17,2026-05-21
2212,2348,10000000089,46,1 tablet,QD,2026-02-05,2026-02-05,2026-02-05
2213,3507,10000000163,140,1 tablet,TID,2025-05-10,2025-05-10,2025-05-10
2214,1814,10000000213,361,1 vial,BID,2026-08-23,2026-08-23,2026-08-27
2215,3201,10000000048,160,40 mg,Q8H,2025-07-15,2025-07-15,2025-07-17
2216,63,10000000025,60,1 tablet,Q8H,2026-08-10,2026-08-10,2026-08-10
2217,3596,10000000140,345,40 mg,BID,2025-08-02,2025-08-02,2025-08-08
2218,401,10000000149,7458,500 mg,Q6H,2026-09-25,2026-09-25,2026-09-28
2219,2307,10000000165,117,40 mg,QD,2025-01-12,2025-01-12,2025-01-12
2220,1168,10000000193,385,1 capsule,Q8H,2025-12-01,2025-12-01,2025-12-09
2221,143,10000000090,12,500 mg,QD,2025-01-05,2025-01-05,2025-01-07
2222,2499,10000000113,41,1 vial,BID,2026-07-15,2026-07-15,2026-07-19
2223,1627,10000000079,153,1 capsule,BID,2026-02-02,2026-02-02,2026-02-06
2224,557,10000000271,445,1 vial,Q6H,2026-02-11,2026-02-11,2026-02-12
2225,2648,10000000098,23,40 mg,Q6H,2026-12-15,2026-12-15,2026-12-21
2226,3504,10000000110,324,1 tablet,Q8H,2025-05-21,2025-05-21,2025-05-25
2227,2870,10000000033,330,1 vial,Q8H,2025-08-29,2025-08-29,2025-08-29
2228,3346,10000000255,442,1 capsule,QD,2026-11-30,2026-11-30,2026-12-06
2229,3303,10000000286,135,500 mg,BID,2025-10-22,2025-10-22,2025-10-26
2230,520,10000000125,19200,40 mg,Q8H,2026-01-23,2026-01-23,2026-01-24
2231,788,10000000080,111,1 tablet,TID,2026-10-02,2026-10-02,2026-10-04
2232,655,10000000123,86,40 mg,Q8H,2025-06-16,2025-06-16,2025-06-18
2233,2773,10000000199,153,1 capsule,Q8H,2026-04-22,2026-04-22,2026-04-26
2234,2522,10000000275,379,1 vial,BID,2025-08-25,2025-08-25,2025-08-31
2235,2713,10000000195,375,40 mg,BID,2026-02-24,2026-02-24,2026-02-28
2236,553,10000000191,10,500 mg,Q6H,2026-02-13,2026-02-13,2026-02-21
2237,1992,10000000172,164,40 mg,QD,2026-02-06,2026-02-06,2026-02-09
2238,82,10000000027,417,1 vial,Q6H,2025-05-17,2025-05-17,2025-05-19
2239,2176,10000000245,305,1 tablet,Q8H,2026-08-23,2026-08-23,2026-08-28
2240,583,10000000182,172,1 capsule,Q8H,2026-03-13,2026-03-13,2026-03-19
2241,2651,10000000157,219,40 mg,BID,2026-12-20,2026-12-20,2026-12-22
2242,1634,10000000217,7459,1 tablet,TID,2026-02-09,2026-02-09,2026-02-14
2243,3214,10000000015,261,1 tablet,TID,2026-07-09,2026-07-09,2026-07-13
2244,1255,10000000123,7158,1 vial,Q8H,2025-02-13,2025-02-13,2025-02-21
2245,3418,10000000189,321,500 mg,TID,2025-02-24,2025-02-24,2025-02-26
2246,3193,10000000192,2,1 tablet,Q8H,2026-06-09,2026-06-09,2026-06-14
2247,1124,10000000207,318,40 mg,Q8H,2026-09-02,2026-09-02,2026-09-05
2248,1378,10000000187,441,1 tablet,BID,2025-06-18,2025-06-18,2025-06-20
2249,1697,10000000264,7158,1 capsule,Q8H,2026-04-24,2026-04-24,2026-04-28
2250,2710,10000000132,302,1 vial,BID,2026-02-14,2026-02-14,2026-02-16
2251,580,10000000131,317,40 mg,Q6H,2026-03-14,2026-03-14,2026-03-16
2252,1022,10000000278,300,1 capsule,Q8H,2025-07-02,2025-07-02,2025-07-09
2253,2228,10000000088,168,1 vial,QD,2026-10-02,2026-10-02,2026-10-04
2254,1899,10000000100,1121,500 mg,Q6H,2026-11-16,2026-11-16,2026-11-18
2255,3037,10000000065,386,40 mg,QD,2026-01-20,2026-01-20,2026-01-25
2256,2069,10000000215,264,500 mg,Q6H,2025-05-13,2025-05-13,2025-05-18
2257,1582,10000000069,381,1 vial,TID,2025-01-04,2025-01-04,2025-01-08
2258,210,10000000223,91,40 mg,TID,2025-03-25,2025-03-25,2025-03-27
2259,3510,10000000229,240,1 capsule,Q6H,2025-05-19,2025-05-19,2025-05-22
2260,2110,10000000136,312,1 capsule,Q8H,2026-06-06,2026-06-06,2026-06-10
2261,1939,10000000009,44,1 tablet,TID,2025-01-04,2025-01-04,2025-01-07
2262,2951,10000000150,185,40 mg,QD,2026-10-12,2026-10-12,2026-10-13
2263,2774,10000000204,52,1 capsule,TID,2026-04-28,2026-04-28,2026-04-30
2264,735,10000000228,68,1 tablet,QD,2026-08-24,2026-08-24,2026-08-28
2265,3526,10000000251,95,1 tablet,TID,2026-05-06,2026-05-06,2026-05-06
2266,1485,10000000222,312,500 mg,QD,2026-09-16,2026-09-16,2026-09-21
2267,2197,10000000061,186,500 mg,Q6H,2026-09-21,2026-09-21,2026-09-22
2268,3475,10000000134,291,1 tablet,Q8H,2025-04-05,2025-04-05,2025-04-09
2269,2205,10000000225,341,40 mg,BID,2026-09-05,2026-09-05,2026-09-07
2270,2036,10000000155,79,1 capsule,QD,2025-04-04,2025-04-04,2025-04-05
2271,2497,10000000073,173,1 capsule,QD,2026-07-08,2026-07-08,2026-07-08
2272,2607,10000000167,374,500 mg,TID,2025-12-07,2025-12-07,2025-12-12
2273,522,10000000172,308,1 vial,QD,2026-02-05,2026-02-05,2026-02-06
2274,879,10000000102,31,1 capsule,BID,2026-01-26,2026-01-26,2026-01-28
2275,1953,10000000283,1115,1 vial,TID,2025-01-23,2025-01-23,2025-01-26
2276,3489,10000000117,431,1 vial,QD,2026-04-16,2026-04-16,2026-04-19
2277,3130,10000000136,93,1 capsule,Q8H,2026-04-21,2026-04-21,2026-04-26
2278,3088,10000000197,36,40 mg,Q8H,2025-04-11,2025-04-11,2025-04-18
2279,382,10000000069,231,1 vial,Q8H,2025-09-06,2025-09-06,2025-09-09
2280,938,10000000085,22,1 vial,Q8H,2026-03-13,2026-03-13,2026-03-13
2281,2544,10000000100,253,1 tablet,QD,2025-09-15,2025-09-15,2025-09-19
2282,2234,10000000218,323,1 vial,Q8H,2026-10-09,2026-10-09,2026-10-15
2283,2293,10000000190,94,1 tablet,Q6H,2026-12-23,2026-12-23,2026-12-29
2284,1211,10000000149,97,500 mg,Q8H,2026-12-30,2026-12-30,2026-12-31
2285,488,10000000095,370,40 mg,Q8H,2026-12-14,2026-12-14,2026-12-15
2286,2826,10000000057,97,40 mg,Q8H,2026-07-01,2026-07-01,2026-07-03
2287,1464,10000000115,96,1 vial,QD,2025-09-09,2025-09-09,2025-09-10
2288,679,10000000004,1145,1 capsule,Q8H,2025-07-14,2025-07-14,2025-07-20
2289,1502,10000000274,402,40 mg,QD,2025-11-06,2025-11-06,2025-11-10
2290,2042,10000000279,361,500 mg,Q8H,2025-04-18,2025-04-18,2025-04-25
2291,803,10000000083,31840,1 capsule,Q8H,2025-11-17,2025-11-17,2025-11-18
2292,1697,10000000264,334,1 capsule,QD,2026-04-24,2026-04-24,2026-04-26
2293,3017,10000000263,278,40 mg,TID,2027-01-04,2027-01-04,2027-01-06
2294,2838,10000000296,47,40 mg,Q8H,2026-06-12,2026-06-12,2026-06-13
2295,174,10000000103,52,1 capsule,BID,2025-02-12,2025-02-12,2025-02-19
2296,2104,10000000009,62,1 tablet,Q6H,2026-06-27,2026-06-27,2026-06-27
2297,2122,10000000064,100,1 capsule,QD,2025-07-18,2025-07-18,2025-07-19
2298,2688,10000000295,189,1 vial,BID,2026-01-23,2026-01-23,2026-01-23
2299,278,10000000087,400,1 tablet,Q6H,2026-05-21,2026-05-21,2026-05-23
2300,2572,10000000075,56,500 mg,TID,2025-10-11,2025-10-11,2025-10-13
2301,1960,10000000127,273,1 vial,TID,2026-01-26,2026-01-26,2026-01-28
2302,2982,10000000160,31,500 mg,Q6H,2026-11-19,2026-11-19,2026-11-20
2303,168,10000000295,94,1 vial,QD,2026-01-06,2026-01-06,2026-01-07
2304,170,10000000026,45,1 tablet,QD,2025-02-10,2025-02-10,2025-02-15
2305,3117,10000000163,192,500 mg,TID,2025-04-17,2025-04-17,2025-04-21
2306,1713,10000000295,195,1 vial,TID,2025-05-27,2025-05-27,2025-05-31
2307,1672,10000000063,439,500 mg,QD,2025-05-07,2025-05-07,2025-05-15
2308,1783,10000000191,49516,1 tablet,BID,2026-07-28,2026-07-28,2026-07-29
2309,51,10000000026,126,500 mg,Q6H,2026-04-12,2026-04-12,2026-04-12
2310,274,10000000005,19200,500 mg,QD,2026-05-19,2026-05-19,2026-05-24
2311,2904,10000000106,130,500 mg,BID,2025-09-15,2025-09-15,2025-09-22
2312,433,10000000197,6,500 mg,Q6H,2026-10-25,2026-10-25,2026-10-26
2313,3392,10000000275,289,1 capsule,Q8H,2025-01-20,2025-01-20,2025-01-28
2314,292,10000000066,179,500 mg,Q6H,2025-06-21,2025-06-21,2025-06-24
2315,995,10000000024,215,1 vial,BID,2026-05-18,2026-05-18,2026-05-21
2316,2679,10000000115,293,1 vial,TID,2026-01-25,2026-01-25,2026-01-27
2317,412,10000000065,200,40 mg,BID,2025-10-10,2025-10-10,2025-10-16
2318,3166,10000000255,50,1 vial,Q8H,2026-05-22,2026-05-22,2026-05-27
2319,1719,10000000117,440,500 mg,TID,2026-06-07,2026-06-07,2026-06-07
2320,3190,10000000136,93,1 vial,TID,2026-06-17,2026-06-17,2026-06-19
2321,114,10000000085,98,500 mg,Q8H,2026-07-16,2026-07-16,2026-07-18
2322,571,10000000257,349,500 mg,BID,2025-03-22,2025-03-22,2025-03-24
2323,3442,10000000072,81,40 mg,Q6H,2025-03-28,2025-03-28,2025-03-28
2324,3534,10000000119,214,1 tablet,QD,2025-06-21,2025-06-21,2025-06-26
2325,914,10000000204,114,1 capsule,BID,2026-02-12,2026-02-12,2026-02-16
2326,823,10000000195,235,1 capsule,QD,2026-11-25,2026-11-25,2026-11-28
2327,962,10000000278,268,1 tablet,TID,2025-04-21,2025-04-21,2025-04-22
2328,1322,10000000262,393,1 tablet,TID,2025-04-09,2025-04-09,2025-04-14
2329,2047,10000000069,29,500 mg,Q6H,2026-04-14,2026-04-14,2026-04-19
2330,686,10000000151,113,1 capsule,TID,2025-07-23,2025-07-23,2025-07-23
2331,1318,10000000190,63,500 mg,TID,2025-04-09,2025-04-09,2025-04-15
2332,1184,10000000209,208,1 tablet,Q6H,2026-11-15,2026-11-15,2026-11-15
2333,1517,10000000278,231,1 tablet,QD,2026-10-15,2026-10-15,2026-10-15
2334,2723,10000000084,443,1 tablet,Q8H,2025-03-19,2025-03-19,2025-03-25
2335,41,10000000290,275,1 capsule,BID,2025-04-13,2025-04-13,2025-04-13
2336,3188,10000000083,105,1 vial,BID,2026-06-03,2026-06-03,2026-06-08
2337,3573,10000000287,159,40 mg,BID,2025-07-08,2025-07-08,2025-07-13
2338,1354,10000000004,26180,40 mg,Q6H,2026-05-21,2026-05-21,2026-05-23
2339,1904,10000000201,1116,1 vial,Q8H,2026-11-15,2026-11-15,2026-11-23
2340,762,10000000162,125,1 capsule,Q6H,2026-10-17,2026-10-17,2026-10-22
2341,1744,10000000001,26181,40 mg,BID,2026-06-23,2026-06-23,2026-06-25
2342,960,10000000224,369,1 capsule,Q8H,2025-04-23,2025-04-23,2025-04-24
2343,125,10000000224,67,1 vial,BID,2026-06-15,2026-06-15,2026-06-18
2344,2210,10000000027,400,1 capsule,BID,2025-10-11,2025-10-11,2025-10-16
2345,2143,10000000190,394,1 capsule,QD,2026-07-14,2026-07-14,2026-07-16
2346,2661,10000000056,369,1 capsule,Q6H,2025-01-04,2025-01-04,2025-01-06
2347,303,10000000288,23,500 mg,Q8H,2025-06-23,2025-06-23,2025-06-28
2348,2264,10000000214,38,1 tablet,QD,2026-11-15,2026-11-15,2026-11-15
2349,3590,10000000028,185,1 capsule,TID,2025-08-23,2025-08-23,2025-08-30
2350,289,10000000003,108,1 vial,Q8H,2025-06-10,2025-06-10,2025-06-10
2351,1370,10000000021,310,1 capsule,TID,2025-06-08,2025-06-08,2025-06-11
2352,2646,10000000054,131,1 tablet,BID,2026-12-18,2026-12-18,2026-12-26
2353,1217,10000000266,192,1 tablet,Q8H,2026-12-24,2026-12-24,2026-12-26
2354,1723,10000000185,195,1 vial,Q6H,2026-05-10,2026-05-10,2026-05-17
2355,188,10000000086,170,500 mg,QD,2026-02-02,2026-02-02,2026-02-05
2356,1745,10000000025,425,40 mg,QD,2026-06-24,2026-06-24,2026-06-26
2357,1003,10000000197,332,1 capsule,BID,2026-05-22,2026-05-22,2026-05-23
2358,395,10000000036,416,1 vial,BID,2026-09-19,2026-09-19,2026-09-19
2359,2109,10000000107,77,500 mg,Q6H,2026-06-09,2026-06-09,2026-06-11
2360,1968,10000000285,24429,500 mg,Q8H,2026-01-08,2026-01-08,2026-01-08
2361,2448,10000000288,147,1 vial,Q6H,2026-05-21,2026-05-21,2026-05-25
2362,2030,10000000031,343,500 mg,Q6H,2025-04-23,2025-04-23,2025-04-23
2363,959,10000000219,113,1 tablet,QD,2025-04-05,2025-04-05,2025-04-07
2364,1845,10000000236,310,1 capsule,QD,2026-09-08,2026-09-08,2026-09-11
2365,3493,10000000198,14430,1 vial,QD,2026-04-19,2026-04-19,2026-04-27
2366,2855,10000000032,130,1 tablet,Q8H,2026-07-10,2026-07-10,2026-07-15
2367,1446,10000000056,426,1 capsule,BID,2026-08-12,2026-08-12,2026-08-15
2368,1450,10000000121,31838,1 capsule,BID,2026-08-19,2026-08-19,2026-08-22
2369,718,10000000194,87,1 capsule,Q6H,2025-08-23,2025-08-23,2025-08-25
2370,2673,10000000293,246,40 mg,Q8H,2025-01-15,2025-01-15,2025-01-16
2371,2013,10000000299,261,1 capsule,Q8H,2025-03-05,2025-03-05,2025-03-06
2372,1007,10000000266,139,500 mg,Q8H,2026-05-09,2026-05-09,2026-05-11
2373,3317,10000000278,181,500 mg,QD,2026-10-14,2026-10-14,2026-10-14
2374,1005,10000000231,33024,1 vial,QD,2026-05-10,2026-05-10,2026-05-10
2375,3292,10000000061,319,1 tablet,QD,2025-10-13,2025-10-13,2025-10-13
2376,1969,10000000011,121,1 vial,QD,2025-02-20,2025-02-20,2025-02-20
2377,2629,10000000015,59,500 mg,Q6H,2025-12-30,2025-12-30,2026-01-01
2378,3576,10000000044,283,1 tablet,BID,2026-07-07,2026-07-07,2026-07-09
2379,517,10000000060,203,1 tablet,TID,2026-03-04,2026-03-04,2026-03-09
2380,1740,10000000231,363,40 mg,QD,2025-06-21,2025-06-21,2025-06-27
2381,2270,10000000025,37,1 capsule,QD,2025-12-21,2025-12-21,2025-12-23
2382,2202,10000000173,110,500 mg,TID,2026-10-15,2026-10-15,2026-10-19
2383,854,10000000207,378,1 capsule,BID,2026-12-21,2026-12-21,2026-12-22
2384,747,10000000165,310,500 mg,Q8H,2025-09-10,2025-09-10,2025-09-12
2385,2390,10000000022,99,1 tablet,Q8H,2025-04-20,2025-04-20,2025-04-21
2386,2548,10000000196,14,1 vial,BID,2025-09-27,2025-09-27,2025-10-03
2387,1434,10000000110,104,1 vial,BID,2025-09-01,2025-09-01,2025-09-05
2388,3556,10000000247,265,1 vial,QD,2026-06-18,2026-06-18,2026-06-23
2389,23,10000000049,192,500 mg,Q6H,2025-07-14,2025-07-14,2025-07-16
2390,1556,10000000158,24,1 capsule,BID,2025-12-09,2025-12-09,2025-12-09
2391,1045,10000000134,81,1 tablet,Q8H,2025-07-20,2025-07-20,2025-07-24
2392,2366,10000000143,166,500 mg,BID,2025-03-26,2025-03-26,2025-03-26
2393,2766,10000000046,250,500 mg,TID,2026-04-15,2026-04-15,2026-04-18
2394,84,10000000057,224,1 capsule,BID,2025-07-18,2025-07-18,2025-07-20
2395,3536,10000000149,233,500 mg,Q8H,2025-06-15,2025-06-15,2025-06-16
2396,3148,10000000181,416,1 tablet,Q8H,2025-05-25,2025-05-25,2025-05-25
2397,1420,10000000126,230,40 mg,QD,2026-07-17,2026-07-17,2026-07-20
2398,230,10000000031,145,1 vial,BID,2025-04-23,2025-04-23,2025-04-23
2399,1248,10000000281,72,40 mg,BID,2026-01-07,2026-01-07,2026-01-08
2400,1440,10000000221,360,1 tablet,BID,2025-08-06,2025-08-06,2025-08-09
2401,224,10000000203,31838,500 mg,Q8H,2026-03-15,2026-03-15,2026-03-16
2402,2438,10000000095,344,1 tablet,Q6H,2026-05-20,2026-05-20,2026-05-22
2403,884,10000000209,361,500 mg,QD,2026-01-13,2026-01-13,2026-01-16
2404,1133,10000000092,26180,40 mg,Q6H,2025-10-13,2025-10-13,2025-10-15
2405,3407,10000000271,19,1 tablet,Q8H,2026-01-16,2026-01-16,2026-01-22
2406,2513,10000000083,200,1 tablet,QD,2025-08-25,2025-08-25,2025-08-25
2407,2420,10000000029,211,1 vial,BID,2025-05-08,2025-05-08,2025-05-12
2408,1559,10000000210,31840,1 vial,QD,2025-12-11,2025-12-11,2025-12-14
2409,815,10000000027,159,1 tablet,Q8H,2026-11-15,2026-11-15,2026-11-15
2410,2647,10000000074,426,500 mg,QD,2026-12-31,2026-12-31,2027-01-07
2411,3076,10000000252,374,40 mg,BID,2026-02-10,2026-02-10,2026-02-13
2412,2140,10000000137,36,1 vial,Q8H,2026-07-12,2026-07-12,2026-07-17
2413,2389,10000000014,161,1 vial,BID,2025-04-27,2025-04-27,2025-05-03
2414,757,10000000061,292,1 vial,Q6H,2026-09-20,2026-09-20,2026-09-23
2415,973,10000000191,438,1 capsule,Q6H,2026-04-30,2026-04-30,2026-05-03
2416,36,10000000152,445,500 mg,Q8H,2025-08-02,2025-08-02,2025-08-07
2417,351,10000000044,360,500 mg,TID,2025-08-24,2025-08-24,2025-08-26
2418,2045,10000000033,363,1 vial,Q6H,2026-04-15,2026-04-15,2026-04-20
2419,1225,10000000137,357,500 mg,BID,2025-01-11,2025-01-11,2025-01-16
2420,3190,10000000132,26182,1 tablet,BID,2026-06-09,2026-06-09,2026-06-17
2421,2591,10000000158,87,40 mg,TID,2026-10-07,2026-10-07,2026-10-12
2422,1559,10000000211,146,40 mg,Q8H,2025-12-11,2025-12-11,2025-12-15
2423,3458,10000000080,62,1 capsule,QD,2026-03-08,2026-03-08,2026-03-10
2424,580,10000000128,248,500 mg,TID,2026-03-16,2026-03-16,2026-03-16
2425,541,10000000259,443,500 mg,QD,2025-02-22,2025-02-22,2025-02-23
2426,1854,10000000118,321,40 mg,Q6H,2025-10-20,2025-10-20,2025-10-22
2427,376,10000000247,283,1 vial,BID,2026-08-28,2026-08-28,2026-09-03
2428,1807,10000000073,180,500 mg,BID,2026-08-19,2026-08-19,2026-08-19
2429,38,10000000260,100,1 tablet,QD,2025-04-20,2025-04-20,2025-04-22
2430,3017,10000000267,332,1 tablet,TID,2026-12-27,2026-12-27,2027-01-04
2431,63,10000000027,16455,500 mg,QD,2026-08-10,2026-08-10,2026-08-10
2432,1190,10000000027,229,500 mg,QD,2025-12-24,2025-12-24,2025-12-28
2433,3130,10000000139,406,500 mg,QD,2026-04-19,2026-04-19,2026-04-26
2434,523,10000000186,202,1 capsule,Q8H,2026-01-02,2026-01-02,2026-01-07
2435,349,10000000019,161,1 tablet,QD,2025-08-28,2025-08-28,2025-08-30
2436,3490,10000000121,285,1 vial,QD,2026-04-20,2026-04-20,2026-04-22
2437,1188,10000000289,4,1 tablet,BID,2026-11-27,2026-11-27,2026-12-01
2438,2317,10000000070,296,1 vial,Q8H,2026-01-20,2026-01-20,2026-01-22
2439,2315,10000000022,407,1 tablet,BID,2026-01-21,2026-01-21,2026-01-24
2440,1558,10000000189,59,40 mg,Q6H,2025-12-17,2025-12-17,2025-12-21
2441,1728,10000000285,318,40 mg,TID,2026-05-06,2026-05-06,2026-05-13
2442,3287,10000000260,114,1 tablet,QD,2026-09-08,2026-09-08,2026-09-10
2443,883,10000000197,30,1 tablet,TID,2026-01-03,2026-01-03,2026-01-07
2444,2670,10000000238,258,1 vial,BID,2025-01-13,2025-01-13,2025-01-17
2445,2902,10000000071,362,1 tablet,TID,2025-09-27,2025-09-27,2025-09-30
2446,1641,10000000051,11,40 mg,QD,2025-03-16,2025-03-16,2025-03-22
2447,516,10000000059,258,500 mg,BID,2026-01-21,2026-01-21,2026-01-21
2448,463,10000000197,270,1 capsule,BID,2026-11-23,2026-11-23,2026-11-27
2449,1254,10000000101,198,1 capsule,Q8H,2025-02-13,2025-02-13,2025-02-15
2450,824,10000000205,359,500 mg,TID,2026-11-16,2026-11-16,2026-11-17
2451,1149,10000000111,375,1 vial,BID,2026-10-04,2026-10-04,2026-10-10
2452,3353,10000000088,16,1 tablet,Q6H,2025-12-25,2025-12-25,2025-12-26
2453,721,10000000247,148,1 vial,BID,2025-08-17,2025-08-17,2025-08-23
2454,1320,10000000234,25,1 tablet,Q6H,2025-04-07,2025-04-07,2025-04-14
2455,1651,10000000251,436,40 mg,QD,2025-03-17,2025-03-17,2025-03-23
2456,2242,10000000071,86,500 mg,Q6H,2025-11-21,2025-11-21,2025-11-23
2457,385,10000000127,27329,1 tablet,Q6H,2025-09-09,2025-09-09,2025-09-12
2458,159,10000000112,1113,1 tablet,TID,2026-01-31,2026-01-31,2026-02-01
2459,844,10000000019,49514,1 vial,QD,2026-12-11,2026-12-11,2026-12-18
2460,1070,10000000028,372,1 tablet,Q8H,2025-08-21,2025-08-21,2025-08-28
2461,1921,10000000240,292,1 vial,Q6H,2025-12-14,2025-12-14,2025-12-22
2462,1763,10000000098,107,40 mg,QD,2025-07-20,2025-07-20,2025-07-21
2463,979,10000000009,434,1 vial,QD,2025-05-02,2025-05-02,2025-05-04
2464,2424,10000000108,165,500 mg,BID,2025-05-08,2025-05-08,2025-05-08
2465,2310,10000000224,405,1 capsule,BID,2025-01-21,2025-01-21,2025-01-26
2466,558,10000000291,190,40 mg,Q6H,2026-02-13,2026-02-13,2026-02-13
2467,20,10000000187,252,1 capsule,QD,2025-09-24,2025-09-24,2025-09-25
2468,52,10000000239,101,40 mg,Q8H,2026-01-07,2026-01-07,2026-01-10
2469,2002,10000000068,163,40 mg,Q8H,2025-03-17,2025-03-17,2025-03-23
2470,2340,10000000232,270,1 tablet,QD,2025-02-22,2025-02-22,2025-02-25
2471,2384,10000000207,14430,1 vial,Q6H,2026-03-15,2026-03-15,2026-03-16
2472,3140,10000000037,285,1 tablet,BID,2025-05-12,2025-05-12,2025-05-15
2473,1514,10000000207,156,1 tablet,TID,2026-10-10,2026-10-10,2026-10-12
2474,2908,10000000182,137,1 tablet,TID,2025-09-15,2025-09-15,2025-09-15
2475,2237,10000000269,28,40 mg,Q8H,2026-10-11,2026-10-11,2026-10-13
2476,3217,10000000060,372,500 mg,BID,2026-07-13,2026-07-13,2026-07-14
2477,2275,10000000120,320,1 tablet,Q8H,2025-12-03,2025-12-03,2025-12-05
2478,1198,10000000181,154,500 mg,Q6H,2025-12-04,2025-12-04,2025-12-09
2479,2055,10000000230,401,1 vial,Q6H,2026-04-26,2026-04-26,2026-04-27
2480,787,10000000062,348,1 vial,QD,2026-11-25,2026-11-25,2026-11-27
2481,768,10000000297,49517,1 capsule,Q6H,2026-09-07,2026-09-07,2026-09-07
2482,1360,10000000136,427,500 mg,Q8H,2026-05-31,2026-05-31,2026-06-02
2483,2432,10000000269,447,1 capsule,Q8H,2025-05-22,2025-05-22,2025-05-24
2484,517,10000000075,1145,1 tablet,Q6H,2026-01-22,2026-01-22,2026-01-30
2485,3255,10000000220,146,1 capsule,TID,2026-08-21,2026-08-21,2026-08-23
2486,252,10000000161,89,1 vial,BID,2026-04-18,2026-04-18,2026-04-21
2487,2560,10000000122,92,40 mg,TID,2026-09-22,2026-09-22,2026-09-25
2488,674,10000000217,277,1 capsule,Q6H,2026-06-11,2026-06-11,2026-06-19
2489,2029,10000000010,82,500 mg,Q6H,2025-04-23,2025-04-23,2025-04-23
2490,2601,10000000054,323,40 mg,TID,2025-11-23,2025-11-23,2025-11-24
2491,2632,10000000062,47,500 mg,BID,2026-01-03,2026-01-03,2026-01-09
2492,1090,10000000138,96,500 mg,Q6H,2026-08-24,2026-08-24,2026-08-24
2493,3047,10000000278,369,1 vial,Q6H,2026-01-09,2026-01-09,2026-01-15
2494,2889,10000000103,26181,1 tablet,BID,2026-08-16,2026-08-16,2026-08-17
2495,2080,10000000124,229,1 capsule,QD,2026-05-31,2026-05-31,2026-06-02
2496,102,10000000264,185,1 capsule,Q6H,2026-07-20,2026-07-20,2026-07-21
2497,1976,10000000158,142,1 vial,BID,2025-02-16,2025-02-16,2025-02-18
2498,395,10000000038,442,1 capsule,Q6H,2026-09-18,2026-09-18,2026-09-19
2499,1886,10000000148,10,500 mg,Q6H,2025-11-20,2025-11-20,2025-11-23
2500,693,10000000292,50,40 mg,Q8H,2025-07-06,2025-07-06,2025-07-06
2501,2818,10000000188,35041,1 capsule,BID,2025-06-18,2025-06-18,2025-06-20
2502,3479,10000000205,14,40 mg,TID,2025-04-13,2025-04-13,2025-04-13
2503,3540,10000000227,181,1 tablet,BID,2025-06-20,2025-06-20,2025-06-24
2504,3408,10000000295,246,500 mg,Q6H,2026-01-07,2026-01-07,2026-01-10
2505,1523,10000000092,211,1 vial,Q8H,2025-11-17,2025-11-17,2025-11-20
2506,2529,10000000106,63,1 vial,Q6H,2026-08-29,2026-08-29,2026-08-31
2507,760,10000000128,199,1 capsule,Q6H,2026-09-27,2026-09-27,2026-09-28
2508,1514,10000000208,444,1 tablet,BID,2026-10-11,2026-10-11,2026-10-12
2509,3295,10000000121,239,1 vial,Q8H,2025-10-16,2025-10-16,2025-10-18
2510,2753,10000000085,315,1 capsule,BID,2025-04-27,2025-04-27,2025-04-27
2511,688,10000000184,15,1 capsule,BID,2025-07-24,2025-07-24,2025-07-26
2512,1634,10000000203,54,1 tablet,BID,2026-02-17,2026-02-17,2026-02-21
2513,1735,10000000135,254,500 mg,Q8H,2025-06-18,2025-06-18,2025-06-23
2514,3411,10000000045,415,40 mg,BID,2025-02-10,2025-02-10,2025-02-12
2515,919,10000000002,67,1 tablet,Q6H,2025-03-15,2025-03-15,2025-03-23
2516,661,10000000254,30277,1 capsule,QD,2025-06-26,2025-06-26,2025-06-28
2517,1022,10000000273,223,1 vial,BID,2025-07-07,2025-07-07,2025-07-12
2518,1610,10000000034,39,40 mg,QD,2025-02-10,2025-02-10,2025-02-12
2519,3584,10000000209,162,1 vial,BID,2026-07-14,2026-07-14,2026-07-22
2520,2162,10000000278,299,1 capsule,Q6H,2025-08-14,2025-08-14,2025-08-20
2521,154,10000000016,421,500 mg,BID,2026-01-25,2026-01-25,2026-01-25
2522,2162,10000000273,393,1 tablet,TID,2025-08-16,2025-08-16,2025-08-19
2523,2011,10000000240,66,40 mg,Q6H,2025-03-01,2025-03-01,2025-03-05
2524,1957,10000000076,443,500 mg,Q8H,2026-03-09,2026-03-09,2026-03-14
2525,2575,10000000133,407,1 vial,Q8H,2025-10-17,2025-10-17,2025-10-21
2526,3462,10000000162,13,1 tablet,Q6H,2026-03-14,2026-03-14,2026-03-14
2527,2833,10000000184,85,1 tablet,TID,2026-06-20,2026-06-20,2026-06-22
2528,2194,10000000001,443,1 vial,BID,2026-09-22,2026-09-22,2026-09-25
2529,1885,10000000121,383,1 vial,TID,2025-11-21,2025-11-21,2025-11-25
2530,1246,10000000258,74,40 mg,QD,2026-01-05,2026-01-05,2026-01-06
2531,849,10000000103,123,1 capsule,BID,2026-12-18,2026-12-18,2026-12-21
2532,3493,10000000190,177,1 vial,Q8H,2026-04-27,2026-04-27,2026-05-04
2533,1558,10000000189,357,40 mg,TID,2025-12-20,2025-12-20,2025-12-21
2534,2048,10000000089,70,1 vial,Q6H,2026-04-19,2026-04-19,2026-04-20
2535,1251,10000000054,247,1 capsule,Q6H,2025-02-09,2025-02-09,2025-02-13
2536,251,10000000148,4,1 capsule,BID,2026-04-22,2026-04-22,2026-04-22
2537,403,10000000187,171,40 mg,Q6H,2026-09-26,2026-09-26,2026-09-28
2538,3396,10000000054,159,1 capsule,Q6H,2026-01-21,2026-01-21,2026-01-25
2539,1249,10000000007,11,1 tablet,Q6H,2025-02-07,2025-02-07,2025-02-09
2540,75,10000000169,184,1 vial,BID,2026-12-08,2026-12-08,2026-12-11
2541,1875,10000000226,406,500 mg,Q6H,2026-10-12,2026-10-12,2026-10-18
2542,3179,10000000212,232,500 mg,QD,2025-06-19,2025-06-19,2025-06-20
2543,1847,10000000272,196,1 vial,Q8H,2026-09-13,2026-09-13,2026-09-16
2544,29,10000000211,206,500 mg,Q8H,2025-03-03,2025-03-03,2025-03-06
2545,846,10000000045,48,500 mg,QD,2026-12-12,2026-12-12,2026-12-16
2546,2058,10000000299,100,1 tablet,TID,2026-04-29,2026-04-29,2026-04-29
2547,1750,10000000136,219,1 tablet,BID,2026-06-14,2026-06-14,2026-06-16
2548,3091,10000000250,153,40 mg,Q6H,2025-03-04,2025-03-04,2025-03-05
2549,2191,10000000246,7457,1 vial,Q6H,2025-09-14,2025-09-14,2025-09-14
2550,1663,10000000196,235,40 mg,Q6H,2026-03-13,2026-03-13,2026-03-17
2551,2103,10000000291,7460,40 mg,TID,2025-06-22,2025-06-22,2025-06-24
2552,2045,10000000031,392,1 vial,Q6H,2026-04-13,2026-04-13,2026-04-16
2553,928,10000000194,189,500 mg,Q8H,2025-03-23,2025-03-23,2025-03-28
2554,832,10000000060,36,1 vial,BID,2026-02-10,2026-02-10,2026-02-15
2555,1986,10000000053,7460,40 mg,Q6H,2026-02-24,2026-02-24,2026-02-26
2556,2641,10000000248,130,1 capsule,TID,2025-12-13,2025-12-13,2025-12-21
2557,2039,10000000218,215,1 vial,TID,2025-04-10,2025-04-10,2025-04-17
2558,3178,10000000185,61,1 tablet,Q8H,2025-06-27,2025-06-27,2025-07-05
2559,626,10000000157,7459,1 tablet,TID,2025-05-12,2025-05-12,2025-05-12
2560,1452,10000000173,19200,40 mg,BID,2026-09-05,2026-09-05,2026-09-09
2561,966,10000000055,281,500 mg,Q6H,2026-04-15,2026-04-15,2026-04-15
2562,777,10000000166,293,1 vial,BID,2025-10-24,2025-10-24,2025-10-28
2563,3288,10000000296,22,40 mg,TID,2026-09-07,2026-09-07,2026-09-10
2564,464,10000000218,274,1 tablet,Q8H,2026-11-16,2026-11-16,2026-11-17
2565,3499,10000000004,222,1 capsule,QD,2025-05-09,2025-05-09,2025-05-10
2566,2192,10000000262,184,1 capsule,TID,2025-09-20,2025-09-20,2025-09-20
2567,981,10000000055,377,1 capsule,TID,2025-05-04,2025-05-04,2025-05-06
2568,3176,10000000155,221,1 tablet,Q8H,2025-06-15,2025-06-15,2025-06-16
2569,355,10000000121,383,1 tablet,QD,2025-08-03,2025-08-03,2025-08-07
2570,3451,10000000258,382,40 mg,Q6H,2025-03-03,2025-03-03,2025-03-07
2571,614,10000000207,72,1 tablet,BID,2026-04-24,2026-04-24,2026-04-30
2572,2372,10000000263,14427,1 vial,Q8H,2025-03-12,2025-03-12,2025-03-13
2573,3178,10000000185,302,1 tablet,BID,2025-06-24,2025-06-24,2025-06-29
2574,1994,10000000216,104,40 mg,Q8H,2026-02-08,2026-02-08,2026-02-11
2575,3227,10000000276,156,1 capsule,TID,2026-07-18,2026-07-18,2026-07-20
2576,2674,10000000004,16455,40 mg,TID,2026-01-26,2026-01-26,2026-01-30
2577,3031,10000000254,5,1 capsule,Q8H,2025-01-14,2025-01-14,2025-01-16
2578,672,10000000171,25,40 mg,QD,2026-06-19,2026-06-19,2026-06-21
2579,1398,10000000286,317,40 mg,BID,2026-06-12,2026-06-12,2026-06-16
2580,3526,10000000255,49515,1 vial,BID,2026-05-05,2026-05-05,2026-05-06
2581,2788,10000000192,26181,40 mg,Q8H,2025-05-12,2025-05-12,2025-05-12
2582,1759,10000000006,17,500 mg,Q8H,2025-07-15,2025-07-15,2025-07-15
2583,2422,10000000071,115,1 tablet,BID,2025-05-06,2025-05-06,2025-05-08
2584,3454,10000000013,291,1 tablet,BID,2026-03-08,2026-03-08,2026-03-12
2585,3304,10000000015,49,500 mg,Q8H,2026-10-28,2026-10-28,2026-10-29
2586,3312,10000000174,206,1 tablet,QD,2026-10-14,2026-10-14,2026-10-17
2587,2312,10000000276,389,40 mg,TID,2025-01-15,2025-01-15,2025-01-16
2588,3433,10000000192,259,1 tablet,TID,2026-02-08,2026-02-08,2026-02-16
2589,1166,10000000151,315,1 tablet,Q8H,2025-11-20,2025-11-20,2025-11-21
2590,2821,10000000256,145,1 vial,Q8H,2025-06-20,2025-06-20,2025-06-20
2591,2205,10000000227,115,1 tablet,Q8H,2026-09-05,2026-09-05,2026-09-08
2592,903,10000000287,101,500 mg,TID,2025-02-27,2025-02-27,2025-03-04
2593,2027,10000000269,26180,1 tablet,QD,2026-03-18,2026-03-18,2026-03-22
2594,3208,10000000184,244,1 tablet,QD,2025-07-29,2025-07-29,2025-08-01
2595,853,10000000182,346,1 tablet,QD,2026-12-19,2026-12-19,2026-12-25
2596,1306,10000000249,128,1 tablet,Q8H,2026-03-31,2026-03-31,2026-04-04
2597,166,10000000251,99,1 vial,BID,2026-01-05,2026-01-05,2026-01-05
2598,206,10000000150,218,40 mg,Q8H,2025-03-25,2025-03-25,2025-03-28
2599,2427,10000000165,353,1 tablet,Q6H,2025-05-13,2025-05-13,2025-05-15
2600,3080,10000000020,27,40 mg,Q6H,2025-03-23,2025-03-23,2025-03-23
2601,2405,10000000033,16453,500 mg,TID,2026-04-14,2026-04-14,2026-04-14
2602,1542,10000000161,158,500 mg,BID,2026-11-12,2026-11-12,2026-11-14
2603,1982,10000000268,19,500 mg,BID,2025-02-20,2025-02-20,2025-02-27
2604,3231,10000000052,364,1 vial,BID,2025-08-23,2025-08-23,2025-08-23
2605,3244,10000000003,258,1 tablet,Q8H,2026-08-14,2026-08-14,2026-08-17
2606,3447,10000000163,406,40 mg,TID,2025-03-23,2025-03-23,2025-03-28
2607,2748,10000000294,304,500 mg,QD,2026-03-19,2026-03-19,2026-03-19
2608,2395,10000000139,375,1 tablet,Q6H,2025-04-06,2025-04-06,2025-04-10
2609,2687,10000000267,322,1 capsule,BID,2026-01-05,2026-01-05,2026-01-07
2610,2313,10000000294,378,500 mg,TID,2025-01-15,2025-01-15,2025-01-17
2611,1084,10000000001,437,1 capsule,Q6H,2026-08-12,2026-08-12,2026-08-13
2612,3249,10000000115,35040,1 vial,BID,2026-08-19,2026-08-19,2026-08-21
2613,3515,10000000027,106,500 mg,QD,2026-05-26,2026-05-26,2026-05-30
2614,262,10000000067,112,1 capsule,Q8H,2025-05-21,2025-05-21,2025-05-27
2615,2499,10000000111,367,1 tablet,Q6H,2026-07-20,2026-07-20,2026-07-22
2616,523,10000000194,97,500 mg,BID,2026-01-01,2026-01-01,2026-01-08
2617,2481,10000000042,425,500 mg,QD,2025-07-18,2025-07-18,2025-07-18
2618,1299,10000000114,42,40 mg,TID,2026-03-11,2026-03-11,2026-03-18
2619,112,10000000292,24429,500 mg,TID,2026-05-13,2026-05-13,2026-05-17
2620,2204,10000000219,432,1 vial,Q6H,2026-09-06,2026-09-06,2026-09-10
2621,1348,10000000184,410,1 vial,Q6H,2025-05-29,2025-05-29,2025-06-03
2622,817,10000000064,241,1 tablet,Q8H,2026-11-08,2026-11-08,2026-11-11
2623,2862,10000000162,204,1 vial,TID,2026-07-24,2026-07-24,2026-07-29
2624,1623,10000000287,55,1 capsule,BID,2025-02-23,2025-02-23,2025-02-27
2625,1633,10000000191,413,500 mg,BID,2026-02-10,2026-02-10,2026-02-16
2626,2901,10000000043,330,40 mg,BID,2025-09-17,2025-09-17,2025-09-18
2627,3094,10000000017,150,1 capsule,QD,2026-03-04,2026-03-04,2026-03-08
2628,2800,10000000126,157,1 capsule,TID,2026-05-26,2026-05-26,2026-05-29
2629,192,10000000174,197,40 mg,QD,2026-02-14,2026-02-14,2026-02-19
2630,2349,10000000108,382,40 mg,Q6H,2026-02-07,2026-02-07,2026-02-08
2631,1608,10000000290,16455,1 capsule,QD,2026-01-08,2026-01-08,2026-01-08
2632,1069,10000000002,7369,40 mg,TID,2025-08-19,2025-08-19,2025-08-26
2633,2890,10000000130,355,40 mg,TID,2026-08-25,2026-08-25,2026-08-28
2634,716,10000000150,97,1 vial,Q8H,2025-08-06,2025-08-06,2025-08-08
2635,2955,10000000220,391,1 vial,BID,2026-10-11,2026-10-11,2026-10-18
2636,2063,10000000093,274,40 mg,QD,2025-05-06,2025-05-06,2025-05-09
2637,2249,10000000218,175,500 mg,BID,2025-11-23,2025-11-23,2025-11-25
2638,885,10000000228,213,1 capsule,BID,2026-01-04,2026-01-04,2026-01-07
2639,256,10000000258,423,500 mg,Q8H,2026-04-27,2026-04-27,2026-04-27
2640,1591,10000000245,261,500 mg,QD,2025-02-08,2025-02-08,2025-02-10
2641,2191,10000000255,1121,500 mg,TID,2025-09-13,2025-09-13,2025-09-14
2642,2344,10000000018,410,500 mg,QD,2026-02-24,2026-02-24,2026-03-04
2643,79,10000000274,170,1 capsule,BID,2025-02-12,2025-02-12,2025-02-15
2644,1869,10000000106,200,1 vial,QD,2026-10-21,2026-10-21,2026-10-26
2645,168,10000000289,332,500 mg,Q8H,2026-01-06,2026-01-06,2026-01-07
2646,158,10000000081,443,40 mg,TID,2026-01-30,2026-01-30,2026-01-31
2647,386,10000000151,288,40 mg,Q8H,2025-09-08,2025-09-08,2025-09-10
2648,850,10000000129,30280,1 vial,Q6H,2026-12-24,2026-12-24,2026-12-31
2649,2734,10000000006,67,1 vial,QD,2026-03-05,2026-03-05,2026-03-05
2650,2638,10000000190,56,1 tablet,Q6H,2025-12-09,2025-12-09,2025-12-09
2651,2514,10000000109,293,1 vial,TID,2025-08-27,2025-08-27,2025-08-29
2652,940,10000000130,28,1 capsule,Q8H,2026-03-20,2026-03-20,2026-03-22
2653,3171,10000000054,333,1 capsule,Q8H,2025-06-19,2025-06-19,2025-06-21
2654,2899,10000000012,382,40 mg,Q8H,2025-09-08,2025-09-08,2025-09-11
2655,1541,10000000157,231,40 mg,QD,2026-11-13,2026-11-13,2026-11-14
2656,3101,10000000140,38,1 vial,Q8H,2026-03-15,2026-03-15,2026-03-17
2657,23,10000000041,372,1 capsule,BID,2025-07-10,2025-07-10,2025-07-16
2658,2554,10000000002,21,1 vial,Q8H,2026-09-23,2026-09-23,2026-09-25
2659,2304,10000000115,61,500 mg,BID,2025-01-14,2025-01-14,2025-01-22
2660,24,10000000047,185,1 capsule,BID,2025-09-17,2025-09-17,2025-09-17
2661,1092,10000000171,354,1 capsule,QD,2026-08-18,2026-08-18,2026-08-25
2662,2662,10000000076,175,1 tablet,TID,2025-01-05,2025-01-05,2025-01-06
2663,327,10000000162,339,500 mg,TID,2025-07-24,2025-07-24,2025-07-26
2664,1138,10000000187,244,1 capsule,BID,2025-11-01,2025-11-01,2025-11-03
2665,1638,10000000295,339,1 capsule,QD,2026-02-13,2026-02-13,2026-02-15
2666,645,10000000223,234,40 mg,TID,2026-05-08,2026-05-08,2026-05-08
2667,196,10000000252,260,1 vial,TID,2026-02-12,2026-02-12,2026-02-19
2668,1674,10000000113,181,1 capsule,BID,2025-04-28,2025-04-28,2025-05-01
2669,126,10000000115,27329,500 mg,QD,2026-07-19,2026-07-19,2026-07-19
2670,267,10000000179,441,1 vial,Q6H,2025-05-11,2025-05-11,2025-05-12
2671,2837,10000000267,16456,500 mg,Q6H,2026-06-21,2026-06-21,2026-06-23
2672,3137,10000000263,408,500 mg,BID,2026-05-01,2026-05-01,2026-05-09
2673,1823,10000000083,303,1 vial,QD,2025-09-07,2025-09-07,2025-09-08
2674,644,10000000216,439,40 mg,QD,2026-05-02,2026-05-02,2026-05-05
2675,3500,10000000022,302,500 mg,TID,2025-05-13,2025-05-13,2025-05-13
2676,2798,10000000093,407,500 mg,Q8H,2026-05-20,2026-05-20,2026-05-23
2677,2899,10000000016,169,1 tablet,QD,2025-09-10,2025-09-10,2025-09-11
2678,2910,10000000224,52,1 capsule,Q8H,2025-09-19,2025-09-19,2025-09-21
2679,589,10000000003,280,1 tablet,Q8H,2025-04-21,2025-04-21,2025-04-28
2680,1579,10000000000,382,1 capsule,Q8H,2025-01-02,2025-01-02,2025-01-07
2681,1083,10000000291,357,1 tablet,QD,2025-08-12,2025-08-12,2025-08-12
2682,880,10000000127,403,1 tablet,Q6H,2026-02-01,2026-02-01,2026-02-01
2683,2301,10000000040,70,1 tablet,BID,2025-01-04,2025-01-04,2025-01-04
2684,2657,10000000260,16456,1 tablet,BID,2026-12-24,2026-12-24,2027-01-01
2685,1432,10000000060,328,40 mg,Q8H,2025-08-22,2025-08-22,2025-08-26
2686,680,10000000032,198,1 tablet,Q6H,2025-07-22,2025-07-22,2025-07-25
2687,3223,10000000180,344,40 mg,TID,2026-07-19,2026-07-19,2026-07-22
2688,2047,10000000069,256,500 mg,BID,2026-04-17,2026-04-17,2026-04-19
2689,619,10000000000,7428,1 vial,QD,2025-05-01,2025-05-01,2025-05-07
2690,3500,10000000029,248,1 capsule,Q8H,2025-05-04,2025-05-04,2025-05-08
2691,1443,10000000289,28,1 tablet,BID,2025-08-09,2025-08-09,2025-08-12
2692,2975,10000000023,229,1 vial,QD,2026-11-12,2026-11-12,2026-11-17
2693,2008,10000000181,289,1 vial,Q8H,2025-04-12,2025-04-12,2025-04-14
2694,2831,10000000151,137,1 tablet,Q8H,2026-06-06,2026-06-06,2026-06-09
2695,178,10000000197,187,1 capsule,BID,2025-03-05,2025-03-05,2025-03-10
2696,443,10000000095,405,500 mg,Q6H,2025-11-17,2025-11-17,2025-11-18
2697,1319,10000000207,58,40 mg,TID,2025-04-09,2025-04-09,2025-04-16
2698,749,10000000206,393,500 mg,TID,2025-09-15,2025-09-15,2025-09-15
2699,1443,10000000285,33,1 tablet,TID,2025-08-10,2025-08-10,2025-08-12
2700,2817,10000000172,196,40 mg,BID,2025-06-15,2025-06-15,2025-06-21
2701,2564,10000000213,291,1 tablet,Q6H,2026-09-05,2026-09-05,2026-09-06
2702,1268,10000000098,310,1 capsule,QD,2026-02-07,2026-02-07,2026-02-07
2703,2104,10000000008,329,1 tablet,TID,2026-06-26,2026-06-26,2026-06-27
2704,3423,10000000280,26181,1 tablet,Q8H,2025-02-23,2025-02-23,2025-02-23
2705,501,10000000040,299,40 mg,BID,2025-01-07,2025-01-07,2025-01-08
2706,3227,10000000270,55,40 mg,BID,2026-07-19,2026-07-19,2026-07-20
2707,1853,10000000086,378,1 vial,QD,2025-10-13,2025-10-13,2025-10-17
2708,1358,10000000083,45,1 tablet,BID,2026-05-23,2026-05-23,2026-05-23
2709,3145,10000000126,50,500 mg,TID,2025-05-15,2025-05-15,2025-05-16
2710,3044,10000000200,303,500 mg,BID,2026-01-09,2026-01-09,2026-01-11
2711,55,10000000179,159,1 capsule,BID,2026-03-05,2026-03-05,2026-03-10
2712,1620,10000000237,275,1 tablet,TID,2025-02-19,2025-02-19,2025-02-20
2713,336,10000000041,190,40 mg,TID,2026-07-10,2026-07-10,2026-07-10
2714,2458,10000000194,108,1 tablet,BID,2025-06-26,2025-06-26,2025-07-03
2715,3101,10000000145,236,40 mg,QD,2026-03-12,2026-03-12,2026-03-18
2716,1316,10000000140,431,40 mg,TID,2025-04-05,2025-04-05,2025-04-07
2717,645,10000000228,359,40 mg,BID,2026-05-07,2026-05-07,2026-05-08
2718,1418,10000000084,404,1 vial,Q8H,2026-07-08,2026-07-08,2026-07-12
2719,1745,10000000025,12638,40 mg,Q8H,2026-06-24,2026-06-24,2026-06-26
2720,1358,10000000087,215,1 capsule,TID,2026-05-20,2026-05-20,2026-05-23
2721,3443,10000000096,237,1 capsule,QD,2025-03-18,2025-03-18,2025-03-19
2722,1275,10000000220,264,1 vial,TID,2026-02-19,2026-02-19,2026-02-21
2723,3567,10000000161,90,40 mg,BID,2025-07-31,2025-07-31,2025-08-04
2724,2554,10000000013,391,1 tablet,TID,2026-09-16,2026-09-16,2026-09-22
2725,3493,10000000180,264,1 vial,Q8H,2026-04-24,2026-04-24,2026-04-27
2726,1768,10000000185,69,1 tablet,Q8H,2025-08-05,2025-08-05,2025-08-09
2727,934,10000000011,252,1 vial,QD,2026-03-10,2026-03-10,2026-03-11
2728,70,10000000257,95,1 capsule,Q8H,2026-07-06,2026-07-06,2026-07-10
2729,569,10000000208,154,500 mg,Q8H,2025-03-31,2025-03-31,2025-04-01
2730,1058,10000000087,7458,1 vial,Q8H,2026-07-13,2026-07-13,2026-07-18
2731,533,10000000099,243,40 mg,BID,2025-02-13,2025-02-13,2025-02-13
2732,601,10000000244,331,1 tablet,QD,2025-04-09,2025-04-09,2025-04-09
2733,2714,10000000203,428,1 vial,QD,2026-02-16,2026-02-16,2026-02-24
2734,1098,10000000287,1116,500 mg,BID,2026-08-27,2026-08-27,2026-08-27
2735,61,10000000084,237,1 vial,TID,2026-05-05,2026-05-05,2026-05-10
2736,2749,10000000013,295,1 tablet,Q8H,2025-04-20,2025-04-20,2025-04-24
2737,1214,10000000200,382,40 mg,TID,2027-01-01,2027-01-01,2027-01-02
2738,1863,10000000282,418,500 mg,Q6H,2025-10-29,2025-10-29,2025-10-31
2739,1624,10000000013,267,1 capsule,BID,2026-02-24,2026-02-24,2026-02-28
2740,2818,10000000190,415,500 mg,QD,2025-06-18,2025-06-18,2025-06-21
2741,2089,10000000010,213,500 mg,Q8H,2025-06-11,2025-06-11,2025-06-13
2742,3372,10000000162,74,1 tablet,Q8H,2026-12-21,2026-12-21,2026-12-23
2743,1542,10000000164,213,500 mg,Q6H,2026-11-14,2026-11-14,2026-11-14
2744,1459,10000000005,1116,1 tablet,Q6H,2025-09-03,2025-09-03,2025-09-07
2745,601,10000000250,14430,1 vial,QD,2025-04-09,2025-04-09,2025-04-09
2746,1112,10000000263,318,1 vial,Q8H,2025-09-20,2025-09-20,2025-09-22
2747,3260,10000000022,195,1 capsule,Q6H,2025-09-02,2025-09-02,2025-09-03
2748,2033,10000000087,200,1 tablet,Q6H,2025-04-23,2025-04-23,2025-04-25
2749,1564,10000000015,248,40 mg,Q6H,2026-12-14,2026-12-14,2026-12-17
2750,3422,10000000278,158,500 mg,Q8H,2025-02-20,2025-02-20,2025-02-26
2751,1137,10000000174,9,1 capsule,TID,2025-10-21,2025-10-21,2025-10-22
2752,1249,10000000018,87,1 capsule,Q6H,2025-02-07,2025-02-07,2025-02-09
2753,1899,10000000118,235,40 mg,Q6H,2026-11-15,2026-11-15,2026-11-18
2754,1358,10000000088,255,1 vial,Q6H,2026-05-22,2026-05-22,2026-05-23
2755,2379,10000000119,53,500 mg,BID,2026-03-15,2026-03-15,2026-03-22
2756,1828,10000000191,442,1 tablet,BID,2025-09-26,2025-09-26,2025-10-01
2757,748,10000000189,77,40 mg,Q8H,2025-09-16,2025-09-16,2025-09-24
2758,304,10000000008,314,40 mg,BID,2026-06-22,2026-06-22,2026-06-28
2759,2188,10000000199,7429,40 mg,Q6H,2025-09-10,2025-09-10,2025-09-14
2760,3177,10000000179,35,1 tablet,QD,2025-07-08,2025-07-08,2025-07-13
2761,2219,10000000213,344,500 mg,QD,2025-10-18,2025-10-18,2025-10-20
2762,3046,10000000243,27329,1 vial,TID,2026-01-16,2026-01-16,2026-01-22
2763,2784,10000000101,401,40 mg,BID,2025-05-09,2025-05-09,2025-05-11
2764,3182,10000000272,76,1 tablet,QD,2025-06-29,2025-06-29,2025-07-02
2765,98,10000000176,83,500 mg,BID,2026-03-14,2026-03-14,2026-03-15
2766,2301,10000000043,193,40 mg,BID,2025-01-03,2025-01-03,2025-01-04
2767,124,10000000119,140,1 vial,TID,2026-05-13,2026-05-13,2026-05-18
2768,287,10000000276,431,1 vial,QD,2026-05-10,2026-05-10,2026-05-14
2769,2342,10000000277,207,1 tablet,QD,2025-03-02,2025-03-02,2025-03-07
2770,3294,10000000116,30278,40 mg,QD,2025-10-16,2025-10-16,2025-10-19
2771,3443,10000000083,32,1 vial,BID,2025-03-19,2025-03-19,2025-03-19
2772,2732,10000000262,301,1 capsule,BID,2025-03-12,2025-03-12,2025-03-14
2773,218,10000000085,306,1 capsule,QD,2026-03-09,2026-03-09,2026-03-11
2774,2358,10000000285,122,40 mg,TID,2026-02-14,2026-02-14,2026-02-14
2775,1755,10000000220,93,40 mg,QD,2026-06-11,2026-06-11,2026-06-17
2776,2938,10000000184,16453,500 mg,Q8H,2025-10-21,2025-10-21,2025-10-22
2777,1958,10000000082,7457,1 capsule,Q8H,2026-01-25,2026-01-25,2026-01-26
2778,2084,10000000214,206,500 mg,TID,2026-05-03,2026-05-03,2026-05-04
2779,3375,10000000235,44,40 mg,TID,2026-12-22,2026-12-22,2026-12-24
2780,1160,10000000036,7458,40 mg,QD,2025-11-19,2025-11-19,2025-11-22
2781,1853,10000000084,27,1 tablet,TID,2025-10-11,2025-10-11,2025-10-17
2782,1571,10000000154,60,40 mg,Q6H,2026-12-24,2026-12-24,2026-12-24
2783,1305,10000000224,332,1 tablet,BID,2026-03-28,2026-03-28,2026-03-30
2784,574,10000000016,282,1 vial,TID,2026-03-06,2026-03-06,2026-03-13
2785,1457,10000000273,46,1 tablet,Q8H,2026-08-23,2026-08-23,2026-08-26
2786,3350,10000000038,33024,1 vial,TID,2025-12-21,2025-12-21,2025-12-23
2787,605,10000000027,26182,500 mg,Q8H,2026-04-24,2026-04-24,2026-04-28
2788,790,10000000133,75,1 vial,Q8H,2026-10-04,2026-10-04,2026-10-07
2789,1677,10000000161,431,1 capsule,Q8H,2025-04-05,2025-04-05,2025-04-08
2790,2091,10000000050,265,1 capsule,Q6H,2025-06-10,2025-06-10,2025-06-12
2791,1858,10000000190,419,1 capsule,QD,2025-10-18,2025-10-18,2025-10-20
2792,2652,10000000169,28,500 mg,Q8H,2026-12-19,2026-12-19,2026-12-23
2793,860,10000000032,7158,1 capsule,Q6H,2025-01-09,2025-01-09,2025-01-11
2794,1014,10000000116,355,40 mg,TID,2025-06-12,2025-06-12,2025-06-15
2795,2632,10000000073,110,500 mg,Q6H,2025-12-28,2025-12-28,2026-01-05
2796,673,10000000185,345,1 vial,QD,2026-06-11,2026-06-11,2026-06-19
2797,928,10000000191,419,1 tablet,QD,2025-03-30,2025-03-30,2025-04-05
2798,3451,10000000254,426,1 capsule,BID,2025-03-03,2025-03-03,2025-03-06
2799,1364,10000000200,71,40 mg,Q8H,2026-05-11,2026-05-11,2026-05-11
2800,1772,10000000279,390,1 capsule,TID,2025-07-07,2025-07-07,2025-07-09
2801,3314,10000000201,238,500 mg,Q6H,2026-10-09,2026-10-09,2026-10-10
2802,3202,10000000076,214,1 vial,QD,2025-07-22,2025-07-22,2025-07-26
2803,2860,10000000126,77,40 mg,TID,2026-07-13,2026-07-13,2026-07-16
2804,2507,10000000279,117,500 mg,TID,2026-07-20,2026-07-20,2026-07-20
2805,968,10000000089,419,1 vial,Q6H,2026-04-17,2026-04-17,2026-04-17
2806,818,10000000081,235,40 mg,QD,2026-11-09,2026-11-09,2026-11-16
2807,396,10000000057,6,40 mg,TID,2026-09-21,2026-09-21,2026-09-26
2808,2650,10000000130,175,500 mg,Q8H,2026-12-23,2026-12-23,2026-12-24
2809,3293,10000000097,332,1 tablet,QD,2025-10-13,2025-10-13,2025-10-13
2810,3400,10000000135,78,1 vial,Q6H,2026-01-25,2026-01-25,2026-01-30
2811,2713,10000000189,216,500 mg,TID,2026-02-19,2026-02-19,2026-02-23
2812,1816,10000000259,383,1 tablet,QD,2026-08-22,2026-08-22,2026-08-24
2813,301,10000000259,187,1 vial,Q8H,2025-07-06,2025-07-06,2025-07-08
2814,1741,10000000258,7427,500 mg,QD,2025-06-20,2025-06-20,2025-06-22
2815,2757,10000000161,122,1 capsule,Q8H,2025-04-04,2025-04-04,2025-04-07
2816,3463,10000000198,307,1 tablet,BID,2026-04-04,2026-04-04,2026-04-06
2817,1452,10000000165,177,1 vial,QD,2026-08-24,2026-08-24,2026-08-26
2818,2375,10000000031,35040,1 capsule,Q6H,2026-03-06,2026-03-06,2026-03-09
2819,930,10000000227,61,1 capsule,Q6H,2025-03-31,2025-03-31,2025-04-01
2820,3360,10000000239,260,1 tablet,BID,2025-12-15,2025-12-15,2025-12-15
2821,1200,10000000235,302,1 capsule,BID,2025-12-10,2025-12-10,2025-12-12
2822,3000,10000000226,215,1 tablet,Q6H,2025-12-12,2025-12-12,2025-12-16
2823,2114,10000000200,160,40 mg,Q8H,2026-06-08,2026-06-08,2026-06-10
2824,1776,10000000047,369,40 mg,Q6H,2026-07-16,2026-07-16,2026-07-19
2825,2513,10000000093,85,500 mg,Q6H,2025-08-23,2025-08-23,2025-08-25
2826,170,10000000033,357,1 tablet,QD,2025-02-14,2025-02-14,2025-02-15
2827,3060,10000000235,94,1 capsule,QD,2025-02-26,2025-02-26,2025-02-26
2828,325,10000000128,256,500 mg,Q6H,2025-07-23,2025-07-23,2025-07-27
2829,3411,10000000055,1146,40 mg,BID,2025-02-10,2025-02-10,2025-02-12
2830,3433,10000000197,111,500 mg,QD,2026-02-13,2026-02-13,2026-02-15
2831,3158,10000000083,311,40 mg,BID,2026-05-23,2026-05-23,2026-05-23
2832,2405,10000000028,185,500 mg,QD,2026-04-13,2026-04-13,2026-04-14
2833,954,10000000108,7086,1 capsule,Q8H,2025-04-25,2025-04-25,2025-04-27
2834,196,10000000242,16455,1 tablet,TID,2026-02-24,2026-02-24,2026-03-02
2835,3263,10000000090,297,1 tablet,BID,2025-09-05,2025-09-05,2025-09-07
2836,1531,10000000247,365,1 vial,Q8H,2025-11-05,2025-11-05,2025-11-06
2837,1709,10000000202,260,1 capsule,BID,2025-05-12,2025-05-12,2025-05-16
2838,3581,10000000154,131,500 mg,QD,2026-07-12,2026-07-12,2026-07-14
2839,479,10000000213,316,1 capsule,BID,2025-12-05,2025-12-05,2025-12-09
2840,45,10000000284,184,1 tablet,BID,2025-03-04,2025-03-04,2025-03-08
2841,3492,10000000162,111,40 mg,TID,2026-04-22,2026-04-22,2026-04-22
2842,2385,10000000228,261,500 mg,Q6H,2026-03-15,2026-03-15,2026-03-16
2843,1568,10000000098,229,1 capsule,Q6H,2026-12-15,2026-12-15,2026-12-17
2844,1018,10000000185,192,500 mg,Q8H,2025-06-17,2025-06-17,2025-06-19
2845,1437,10000000172,419,500 mg,BID,2025-08-09,2025-08-09,2025-08-11
2846,2689,10000000019,26,1 tablet,QD,2025-02-19,2025-02-19,2025-02-20
2847,3146,10000000148,79,40 mg,Q8H,2025-05-13,2025-05-13,2025-05-15
2848,38,10000000260,332,500 mg,TID,2025-04-22,2025-04-22,2025-04-22
2849,1167,10000000164,335,500 mg,TID,2025-11-21,2025-11-21,2025-11-25
2850,294,10000000115,33,1 vial,Q8H,2025-06-14,2025-06-14,2025-06-15
2851,2357,10000000261,159,1 capsule,BID,2026-02-12,2026-02-12,2026-02-18
2852,182,10000000271,289,1 tablet,Q6H,2025-02-28,2025-02-28,2025-03-03
2853,3136,10000000242,332,1 vial,Q8H,2026-04-24,2026-04-24,2026-04-25
2854,1324,10000000012,373,500 mg,BID,2026-04-12,2026-04-12,2026-04-16
2855,1908,10000000283,39,40 mg,Q6H,2026-11-19,2026-11-19,2026-11-19
2856,1003,10000000180,28,40 mg,Q8H,2026-05-18,2026-05-18,2026-05-23
2857,3409,10000000013,99,1 tablet,BID,2025-02-11,2025-02-11,2025-02-13
2858,523,10000000189,379,40 mg,Q8H,2026-01-04,2026-01-04,2026-01-10
2859,3278,10000000086,300,1 vial,Q6H,2026-09-20,2026-09-20,2026-09-22
2860,3465,10000000226,136,1 tablet,Q6H,2026-03-19,2026-03-19,2026-03-27
2861,1051,10000000255,33024,1 capsule,Q8H,2025-07-04,2025-07-04,2025-07-04
2862,3081,10000000040,325,1 tablet,Q8H,2025-03-21,2025-03-21,2025-03-21
2863,511,10000000256,50,500 mg,Q6H,2025-01-17,2025-01-17,2025-01-25
2864,1166,10000000144,316,500 mg,BID,2025-11-21,2025-11-21,2025-11-21
2865,623,10000000098,326,40 mg,TID,2025-05-05,2025-05-05,2025-05-07
2866,1458,10000000280,244,1 vial,Q8H,2026-08-25,2026-08-25,2026-08-29
2867,1650,10000000227,359,500 mg,TID,2025-04-04,2025-04-04,2025-04-04
2868,1536,10000000059,284,1 vial,Q8H,2026-11-07,2026-11-07,2026-11-08
2869,614,10000000209,32,1 tablet,QD,2026-04-28,2026-04-28,2026-04-30
2870,1581,10000000052,324,40 mg,QD,2025-01-11,2025-01-11,2025-01-11
2871,2355,10000000229,138,1 vial,Q6H,2026-02-14,2026-02-14,2026-02-19
2872,3487,10000000074,7427,1 tablet,BID,2026-04-14,2026-04-14,2026-04-19
2873,1290,10000000234,314,1 vial,BID,2025-04-07,2025-04-07,2025-04-08
2874,1956,10000000051,42,40 mg,Q8H,2026-01-25,2026-01-25,2026-01-28
2875,496,10000000248,224,1 capsule,TID,2026-12-25,2026-12-25,2026-12-25
2876,2294,10000000218,143,40 mg,TID,2026-12-22,2026-12-22,2026-12-22
2877,2156,10000000146,295,1 vial,Q8H,2025-08-02,2025-08-02,2025-08-03
2878,3243,10000000297,330,500 mg,BID,2025-08-17,2025-08-17,2025-08-17
2879,2093,10000000081,119,1 tablet,Q8H,2025-06-13,2025-06-13,2025-06-14
2880,1275,10000000223,136,500 mg,BID,2026-02-16,2026-02-16,2026-02-21
2881,3001,10000000245,206,500 mg,Q8H,2025-12-14,2025-12-14,2025-12-21
2882,1342,10000000069,167,1 tablet,TID,2025-06-26,2025-06-26,2025-06-29
2883,1025,10000000031,49514,1 vial,BID,2026-06-26,2026-06-26,2026-06-28
2884,2094,10000000106,1116,1 tablet,BID,2025-06-18,2025-06-18,2025-06-23
2885,480,10000000223,312,40 mg,Q6H,2025-12-18,2025-12-18,2025-12-19
2886,1353,10000000288,109,1 tablet,QD,2025-05-17,2025-05-17,2025-05-18
2887,1406,10000000151,16456,1 tablet,BID,2025-07-23,2025-07-23,2025-07-24
2888,2622,10000000178,368,40 mg,TID,2026-11-18,2026-11-18,2026-11-20
2889,980,10000000031,87,500 mg,Q8H,2025-05-03,2025-05-03,2025-05-05
2890,2616,10000000049,231,1 capsule,Q6H,2026-11-08,2026-11-08,2026-11-09
2891,1776,10000000047,447,1 capsule,BID,2026-07-19,2026-07-19,2026-07-19
2892,1616,10000000147,89,1 capsule,TID,2025-02-15,2025-02-15,2025-02-17
2893,1979,10000000209,7159,40 mg,TID,2025-02-17,2025-02-17,2025-02-19
2894,301,10000000259,338,1 vial,TID,2025-06-26,2025-06-26,2025-06-30
2895,2767,10000000072,308,500 mg,QD,2026-04-16,2026-04-16,2026-04-18
2896,2966,10000000144,308,1 tablet,BID,2025-11-23,2025-11-23,2025-11-23
2897,2985,10000000236,323,1 vial,QD,2026-11-28,2026-11-28,2026-12-01
2898,637,10000000070,322,1 capsule,Q8H,2026-05-20,2026-05-20,2026-05-21
2899,1899,10000000116,19200,500 mg,TID,2026-11-12,2026-11-12,2026-11-17
2900,1119,10000000108,312,40 mg,TID,2026-09-26,2026-09-26,2026-09-30
2901,499,10000000002,352,1 tablet,TID,2025-01-10,2025-01-10,2025-01-10
2902,2969,10000000214,423,500 mg,Q6H,2025-11-23,2025-11-23,2025-11-26
2903,2234,10000000212,157,1 capsule,BID,2026-10-20,2026-10-20,2026-10-22
2904,1864,10000000005,412,40 mg,Q8H,2026-10-25,2026-10-25,2026-10-29
2905,2451,10000000056,415,1 vial,Q8H,2025-06-11,2025-06-11,2025-06-11
2906,2304,10000000106,1115,1 capsule,QD,2025-01-09,2025-01-09,2025-01-16
2907,3064,10000000016,146,1 capsule,TID,2026-02-27,2026-02-27,2026-03-02
2908,2929,10000000012,32,40 mg,Q6H,2025-10-14,2025-10-14,2025-10-16
2909,345,10000000239,330,1 capsule,BID,2026-07-17,2026-07-17,2026-07-25
2910,3581,10000000157,420,1 vial,QD,2026-07-13,2026-07-13,2026-07-14
2911,1235,10000000034,430,40 mg,Q8H,2026-01-18,2026-01-18,2026-01-20
2912,2068,10000000181,210,1 vial,QD,2025-05-27,2025-05-27,2025-05-27
2913,2375,10000000035,163,1 vial,QD,2026-03-05,2026-03-05,2026-03-11
2914,1886,10000000142,158,500 mg,Q8H,2025-11-25,2025-11-25,2025-11-26
2915,2440,10000000121,42,40 mg,TID,2026-05-30,2026-05-30,2026-06-01
2916,355,10000000139,369,40 mg,TID,2025-08-05,2025-08-05,2025-08-08
2917,2632,10000000079,45,500 mg,Q8H,2026-01-31,2026-01-31,2026-02-02
2918,3237,10000000176,287,500 mg,Q8H,2025-08-25,2025-08-25,2025-08-25
2919,186,10000000041,397,1 tablet,QD,2026-03-04,2026-03-04,2026-03-05
2920,1393,10000000193,251,1 capsule,BID,2026-06-12,2026-06-12,2026-06-12
2921,2996,10000000155,341,40 mg,BID,2025-12-03,2025-12-03,2025-12-06
2922,1860,10000000239,21,1 capsule,Q6H,2025-10-20,2025-10-20,2025-10-21
2923,2345,10000000025,363,1 tablet,TID,2026-02-25,2026-02-25,2026-02-25
2924,1185,10000000222,385,500 mg,TID,2026-11-17,2026-11-17,2026-11-18
2925,1310,10000000029,314,1 tablet,Q8H,2025-04-24,2025-04-24,2025-04-27
2926,2279,10000000210,7159,1 vial,TID,2025-12-13,2025-12-13,2025-12-16
2927,3012,10000000168,196,1 vial,Q6H,2026-12-21,2026-12-21,2026-12-24
2928,741,10000000041,7457,1 tablet,Q8H,2025-09-03,2025-09-03,2025-09-08
2929,2441,10000000154,292,1 vial,BID,2026-05-23,2026-05-23,2026-05-27
2930,1064,10000000213,152,500 mg,Q6H,2026-07-15,2026-07-15,2026-07-17
2931,2926,10000000252,164,1 capsule,Q8H,2026-09-08,2026-09-08,2026-09-08
2932,2961,10000000051,19,1 vial,BID,2025-11-26,2025-11-26,2025-11-26
2933,107,10000000295,104,40 mg,Q8H,2025-06-14,2025-06-14,2025-06-17
2934,1473,10000000299,211,500 mg,BID,2025-09-15,2025-09-15,2025-09-16
2935,1383,10000000289,214,1 tablet,BID,2025-06-21,2025-06-21,2025-06-27
2936,1581,10000000050,79,40 mg,QD,2025-01-07,2025-01-07,2025-01-11
2937,2920,10000000122,186,1 capsule,TID,2026-10-01,2026-10-01,2026-10-04
2938,1048,10000000186,9,40 mg,TID,2025-07-26,2025-07-26,2025-07-27
2939,1619,10000000201,428,40 mg,QD,2025-02-19,2025-02-19,2025-02-23
2940,2612,10000000272,394,1 capsule,QD,2025-11-07,2025-11-07,2025-11-15
2941,646,10000000254,366,500 mg,Q8H,2026-05-06,2026-05-06,2026-05-07
2942,855,10000000237,386,1 capsule,TID,2026-12-22,2026-12-22,2026-12-27
2943,393,10000000298,76,500 mg,QD,2025-09-25,2025-09-25,2025-09-29
2944,2020,10000000126,326,1 capsule,QD,2026-03-21,2026-03-21,2026-03-24
2945,2494,10000000013,100,1 vial,QD,2026-07-05,2026-07-05,2026-07-09
2946,658,10000000180,319,1 vial,Q6H,2025-06-26,2025-06-26,2025-07-03
2947,2705,10000000020,124,1 tablet,Q8H,2026-02-24,2026-02-24,2026-02-27
2948,1900,10000000134,217,1 tablet,QD,2026-11-10,2026-11-10,2026-11-16
2949,1693,10000000199,272,1 capsule,BID,2026-05-02,2026-05-02,2026-05-03
2950,3487,10000000077,395,40 mg,QD,2026-04-19,2026-04-19,2026-04-19
2951,3510,10000000225,439,40 mg,TID,2025-05-15,2025-05-15,2025-05-22
2952,916,10000000247,394,500 mg,Q8H,2026-02-10,2026-02-10,2026-02-13
2953,2582,10000000262,264,1 capsule,Q8H,2025-10-25,2025-10-25,2025-11-01
2954,3461,10000000159,239,1 capsule,Q6H,2026-03-16,2026-03-16,2026-03-19
2955,2657,10000000278,218,1 vial,QD,2026-12-24,2026-12-24,2026-12-28
2956,2803,10000000189,432,500 mg,Q8H,2026-05-14,2026-05-14,2026-05-16
2957,1175,10000000025,208,1 vial,Q8H,2026-11-09,2026-11-09,2026-11-09
2958,2608,10000000186,445,40 mg,BID,2025-12-10,2025-12-10,2025-12-14
2959,1274,10000000217,35038,1 capsule,BID,2026-02-18,2026-02-18,2026-02-20
2960,3136,10000000253,292,1 capsule,BID,2026-04-25,2026-04-25,2026-04-25
2961,1108,10000000188,174,1 capsule,Q8H,2025-09-14,2025-09-14,2025-09-20
2962,1979,10000000201,352,1 tablet,BID,2025-02-18,2025-02-18,2025-02-19
2963,2478,10000000298,26182,1 tablet,QD,2026-06-12,2026-06-12,2026-06-16
2964,2011,10000000257,43,1 tablet,BID,2025-03-04,2025-03-04,2025-03-05
2965,1310,10000000038,3,500 mg,Q6H,2025-04-21,2025-04-21,2025-04-24
2966,657,10000000175,102,40 mg,BID,2025-06-15,2025-06-15,2025-06-21
2967,1412,10000000273,227,1 vial,QD,2025-07-05,2025-07-05,2025-07-07
2968,519,10000000104,223,500 mg,TID,2026-02-06,2026-02-06,2026-02-11
2969,2733,10000000280,420,1 capsule,Q8H,2025-03-03,2025-03-03,2025-03-05
2970,580,10000000135,56,1 vial,Q8H,2026-03-16,2026-03-16,2026-03-16
2971,991,10000000242,244,40 mg,Q6H,2025-05-24,2025-05-24,2025-06-01
2972,3318,10000000297,345,40 mg,Q8H,2026-10-12,2026-10-12,2026-10-13
2973,1837,10000000061,346,1 vial,Q8H,2026-09-21,2026-09-21,2026-09-25
2974,2858,10000000083,27329,1 capsule,QD,2026-07-09,2026-07-09,2026-07-09
2975,2030,10000000038,443,1 vial,Q6H,2025-04-23,2025-04-23,2025-04-23
2976,643,10000000189,379,40 mg,BID,2026-05-07,2026-05-07,2026-05-07
2977,189,10000000107,1114,1 vial,Q6H,2026-02-05,2026-02-05,2026-02-11
2978,3146,10000000151,16,500 mg,TID,2025-05-08,2025-05-08,2025-05-15
2979,2761,10000000248,261,1 vial,BID,2025-04-08,2025-04-08,2025-04-09
2980,537,10000000173,194,40 mg,QD,2025-02-15,2025-02-15,2025-02-17
2981,1523,10000000092,312,1 vial,TID,2025-11-18,2025-11-18,2025-11-20
2982,2599,10000000017,22,1 capsule,BID,2025-11-14,2025-11-14,2025-11-19
2983,178,10000000180,30278,40 mg,BID,2025-02-16,2025-02-16,2025-02-22
2984,1594,10000000002,113,1 capsule,Q8H,2026-01-16,2026-01-16,2026-01-19
2985,1159,10000000016,108,1 capsule,TID,2025-11-17,2025-11-17,2025-11-18
2986,397,10000000067,432,1 capsule,QD,2026-09-20,2026-09-20,2026-09-24
2987,2123,10000000097,26,1 tablet,QD,2025-07-18,2025-07-18,2025-07-22
2988,2134,10000000011,174,500 mg,Q6H,2026-07-04,2026-07-04,2026-07-12
2989,202,10000000070,371,1 vial,QD,2025-03-21,2025-03-21,2025-03-21
2990,3353,10000000086,167,1 capsule,BID,2025-12-25,2025-12-25,2025-12-26
2991,991,10000000259,252,40 mg,Q8H,2025-05-26,2025-05-26,2025-05-29
2992,1656,10000000045,40,1 vial,TID,2026-03-07,2026-03-07,2026-03-10
2993,2889,10000000109,198,40 mg,BID,2026-08-17,2026-08-17,2026-08-17
2994,2437,10000000062,268,500 mg,Q6H,2026-05-21,2026-05-21,2026-05-21
2995,3005,10000000020,110,1 capsule,Q8H,2026-12-23,2026-12-23,2026-12-25
2996,1134,10000000104,49,500 mg,TID,2025-10-20,2025-10-20,2025-10-24
2997,2095,10000000121,116,500 mg,Q6H,2025-06-13,2025-06-13,2025-06-16
2998,2418,10000000291,59,40 mg,TID,2026-04-24,2026-04-24,2026-04-26
2999,1336,10000000256,218,1 tablet,Q6H,2026-04-28,2026-04-28,2026-05-02
3000,2286,10000000040,153,40 mg,Q8H,2026-12-18,2026-12-18,2026-12-20
