ProcCode,ProcName,ProcType,ProcDuration,ProcCost
A400001,ΑΝΑΙΣΘΗΣΙΑ ΓΙΑ ΕΠΕΜΒΑΣΕΙΣ ΠΟΥ ΑΦΟΡΟΥΝ ΤΟΥΣ ΣΙΕΛΟΓΟ,Therapeutic,60,135
A400005,ΑΝΑΙΣΘΗΣΙΑ ΓΙΑ ΕΠΕΜΒΑΣΕΙΣ ΣΧΕΤΙΚΕΣ ΜΕ ΤΗΝ ΠΛΑΣΤΙΚΗ,Therapeutic,60,195
A400007,ΑΝΑΙΣΘΗΣΙΑ ΓΙΑ ΕΠΕΜΒΑΣΕΙΣ ΕΠΑΝΟΡΘΩΤΙΚΗΣ ΧΕΙΡΟΥΡΓΙΚ,Therapeutic,90,225
A400009,ΑΝΑΙΣΘΗΣΙΑ ΓΙΑ ΗΛΕΚΤΡΟΣΠΑΣΜΟΘΕΡΑΠΕΙΑ,Therapeutic,60,255
A400041,"ΑΝΑΙΣΘΗΣΙΑ ΓΙΑ ΕΠΕΜΒΑΣΕΙΣ ΠΟΥ ΑΦΟΡΟΥΝ ΤΟ ΕΞΩ, ΤΟ Μ",Therapeutic,60,135
A400049,"ΑΝΑΙΣΘΗΣΙΑ ΓΙΑ ΕΠΕΜΒΑΣΕΙΣ ΠΟΥ ΑΦΟΡΟΥΝ ΤΟ ΕΞΩ, ΤΟ Μ",Therapeutic,60,255
A400053,"ΑΝΑΙΣΘΗΣΙΑ ΓΙΑ ΕΠΕΜΒΑΣΕΙΣ ΠΟΥ ΑΦΟΡΟΥΝ ΤΟ ΕΞΩ, ΤΟ Μ",Therapeutic,60,315
A400081,ΑΝΑΙΣΘΗΣΙΑ ΓΙΑ ΕΠΕΜΒΑΣΕΙΣ ΠΟΥ ΑΦΟΡΟΥΝ ΤΟΝ ΟΦΘΑΛΜΟ·,Therapeutic,60,135
A400085,ΑΝΑΙΣΘΗΣΙΑ ΓΙΑ ΕΠΕΜΒΑΣΕΙΣ ΠΟΥ ΑΦΟΡΟΥΝ ΤΟΝ ΟΦΘΑΛΜΟ·,Therapeutic,60,195
A400089,ΑΝΑΙΣΘΗΣΙΑ ΓΙΑ ΕΠΕΜΒΑΣΕΙΣ ΠΟΥ ΑΦΟΡΟΥΝ ΤΟΝ ΟΦΘΑΛΜΟ·,Therapeutic,60,255
A400091,ΑΝΑΙΣΘΗΣΙΑ ΓΙΑ ΕΠΕΜΒΑΣΕΙΣ ΠΟΥ ΑΦΟΡΟΥΝ ΤΟΝ ΟΦΘΑΛΜΟ·,Therapeutic,90,285
A400095,ΑΝΑΙΣΘΗΣΙΑ ΓΙΑ ΕΠΕΜΒΑΣΕΙΣ ΠΟΥ ΑΦΟΡΟΥΝ ΤΟΝ ΟΦΘΑΛΜΟ·,Therapeutic,90,345
A400097,ΑΝΑΙΣΘΗΣΙΑ ΓΙΑ ΕΠΕΜΒΑΣΕΙΣ ΠΟΥ ΑΦΟΡΟΥΝ ΤΟΝ ΟΦΘΑΛΜΟ·,Therapeutic,60,375
A400121,ΑΝΑΙΣΘΗΣΙΑ ΓΙΑ ΕΠΕΜΒΑΣΕΙΣ ΠΟΥ ΑΦΟΡΟΥΝ ΤΗ ΡΙΝΑ ΚΑΙ ,Therapeutic,60,135
A400125,ΑΝΑΙΣΘΗΣΙΑ ΓΙΑ ΕΠΕΜΒΑΣΕΙΣ ΠΟΥ ΑΦΟΡΟΥΝ ΤΗ ΡΙΝΑ ΚΑΙ ,Therapeutic,60,195
A400129,ΑΝΑΙΣΘΗΣΙΑ ΓΙΑ ΕΠΕΜΒΑΣΕΙΣ ΠΟΥ ΑΦΟΡΟΥΝ ΤΗ ΡΙΝΑ ΚΑΙ ,Therapeutic,60,255
A400141,"ΑΝΑΙΣΘΗΣΙΑ ΓΙΑ ΕΝΔΟΣΤΟΜΑΤΙΚΕΣ ΕΠΕΜΒΑΣΕΙΣ, ΣΥΜΠΕΡΙΛ",Therapeutic,60,135
A400145,"ΑΝΑΙΣΘΗΣΙΑ ΓΙΑ ΕΝΔΟΣΤΟΜΑΤΙΚΕΣ ΕΠΕΜΒΑΣΕΙΣ, ΣΥΜΠΕΡΙΛ",Therapeutic,60,195
A400149,"ΑΝΑΙΣΘΗΣΙΑ ΓΙΑ ΕΝΔΟΣΤΟΜΑΤΙΚΕΣ ΕΠΕΜΒΑΣΕΙΣ, ΣΥΜΠΕΡΙΛ",Therapeutic,60,255
A400153,"ΑΝΑΙΣΘΗΣΙΑ ΓΙΑ ΕΝΔΟΣΤΟΜΑΤΙΚΕΣ ΕΠΕΜΒΑΣΕΙΣ, ΣΥΜΠΕΡΙΛ",Therapeutic,60,315
A400181,ΑΝΑΙΣΘΗΣΙΑ ΓΙΑ ΕΠΕΜΒΑΣΕΙΣ ΠΟΥ ΑΦΟΡΟΥΝ TA ΟΣΤΑ ΤΟΥ ,Therapeutic,60,135
A400185,ΑΝΑΙΣΘΗΣΙΑ ΓΙΑ ΕΠΕΜΒΑΣΕΙΣ ΠΟΥ ΑΦΟΡΟΥΝ ΤΑ ΟΣΤΑ ΤΟΥ ,Therapeutic,60,195
A400221,ΑΝΑΙΣΘΗΣΙΑ ΓΙΑ ΕΝΔΟΚΡΑΝΙΑΚΕΣ ΕΠΕΜΒΑΣΕΙΣ· ΔΕΝ ΠΡΟΣΔ,Therapeutic,60,135
A400223,ΑΝΑΙΣΘΗΣΙΑ ΓΙΑ ΕΝΔΟΚΡΑΝΙΑΚΕΣ ΕΠΕΜΒΑΣΕΙΣ· ΚΡΑΝΙΟΤΟΜ,Therapeutic,90,165
A400225,ΑΝΑΙΣΘΗΣΙΑ ΓΙΑ ΕΝΔΟΚΡΑΝΙΑΚΕΣ ΕΠΕΜΒΑΣΕΙΣ· ΥΠΟΣΚΛΗΡΙ,Therapeutic,60,195
A400229,ΑΝΑΙΣΘΗΣΙΑ ΓΙΑ ΕΝΔΟΚΡΑΝΙΑΚΕΣ ΕΠΕΜΒΑΣΕΙΣ· ΟΠΕΣ ΚΡΑΝ,Therapeutic,60,255
A400231,ΑΝΑΙΣΘΗΣΙΑ ΓΙΑ ΕΝΔΟΚΡΑΝΙΑΚΕΣ ΕΠΕΜΒΑΣΕΙΣ· ΚΡΑΝΙΟΠΛΑ,Therapeutic,90,285
A400233,ΑΝΑΙΣΘΗΣΙΑ ΓΙΑ ΕΝΔΟΚΡΑΝΙΑΚΕΣ ΕΠΕΜΒΑΣΕΙΣ· ΕΠΕΜΒΑΣΕΙ,Therapeutic,60,315
A400237,ΑΝΑΙΣΘΗΣΙΑ ΓΙΑ ΕΝΔΟΚΡΑΝΙΑΚΕΣ ΕΠΕΜΒΑΣΕΙΣ· ΕΠΕΜΒΑΣΕΙ,Therapeutic,60,375
A400241,ΑΝΑΙΣΘΗΣΙΑ ΓΙΑ ΕΝΔΟΚΡΑΝΙΑΚΕΣ ΕΠΕΜΒΑΣΕΙΣ· ΕΠΕΜΒΑΣΕΙ,Therapeutic,60,135
A400245,ΑΝΑΙΣΘΗΣΙΑ ΓΙΑ ΕΝΔΟΚΡΑΝΙΑΚΕΣ ΕΠΕΜΒΑΣΕΙΣ· ΗΛΕΚΤΡΟΚΑ,Therapeutic,60,195
A400401,ΑΝΑΙΣΘΗΣΙΑ ΓΙΑ ΟΛΕΣ ΤΙΣ ΕΠΕΜΒΑΣΕΙΣ ΠΟΥ ΑΦΟΡΟΥΝ ΤΟ ,Therapeutic,60,135
A400441,ΑΝΑΙΣΘΗΣΙΑ ΓΙΑ ΟΛΕΣ ΤΙΣ ΕΠΕΜΒΑΣΕΙΣ ΠΟΥ ΑΦΟΡΟΥΝ ΤΟΝ,Therapeutic,60,135
A400445,ΑΝΑΙΣΘΗΣΙΑ ΓΙΑ ΟΛΕΣ ΤΙΣ ΕΠΕΜΒΑΣΕΙΣ ΠΟΥ ΑΦΟΡΟΥΝ ΤΟΝ,Therapeutic,60,195
A400453,ΑΝΑΙΣΘΗΣΙΑ ΓΙΑ ΟΛΕΣ ΤΙΣ ΕΠΕΜΒΑΣΕΙΣ ΠΟΥ ΑΦΟΡΟΥΝ ΤΟΝ,Therapeutic,60,315
A400501,ΑΝΑΙΣΘΗΣΙΑ ΓΙΑ ΕΠΕΜΒΑΣΕΙΣ ΠΟΥ ΑΦΟΡΟΥΝ ΤΑ ΚΥΡΙΑ ΑΓΓ,Therapeutic,60,135
A400505,ΑΝΑΙΣΘΗΣΙΑ ΓΙΑ ΕΠΕΜΒΑΣΕΙΣ ΠΟΥ ΑΦΟΡΟΥΝ ΤΑ ΚΥΡΙΑ ΑΓΓ,Therapeutic,60,195
A400601,ΑΝΑΙΣΘΗΣΙΑ ΓΙΑ ΕΠΕΜΒΑΣΕΙΣ ΠΟΥ ΑΦΟΡΟΥΝ ΤΟ ΔΕΡΜΑ ΣΤΑ,Therapeutic,60,135
A400605,ΑΝΑΙΣΘΗΣΙΑ ΓΙΑ ΕΠΕΜΒΑΣΕΙΣ ΠΟΥ ΑΦΟΡΟΥΝ ΤΟ ΔΕΡΜΑ ΣΤΑ,Therapeutic,60,195
A400609,ΑΝΑΙΣΘΗΣΙΑ ΓΙΑ ΕΠΕΜΒΑΣΕΙΣ ΠΟΥ ΑΦΟΡΟΥΝ ΤΟ ΔΕΡΜΑ ΣΤΑ,Therapeutic,60,255
A400613,ΑΝΑΙΣΘΗΣΙΑ ΓΙΑ ΕΠΕΜΒΑΣΕΙΣ ΠΟΥ ΑΦΟΡΟΥΝ ΤΟ ΔΕΡΜΑ ΣΤΑ,Therapeutic,60,315
A400621,ΑΝΑΙΣΘΗΣΙΑ ΓΙΑ ΕΠΕΜΒΑΣΕΙΣ ΠΟΥ ΑΦΟΡΟΥΝ ΤΟ ΔΕΡΜΑ ΣΤΑ,Therapeutic,60,135
A400701,ΑΝΑΙΣΘΗΣΙΑ ΓΙΑ ΕΠΕΜΒΑΣΕΙΣ ΠΟΥ ΑΦΟΡΟΥΝ ΤΗΝ ΚΛΕΙΔΑ Κ,Therapeutic,60,135
A400705,ΑΝΑΙΣΘΗΣΙΑ ΓΙΑ ΕΠΕΜΒΑΣΕΙΣ ΠΟΥ ΑΦΟΡΟΥΝ ΤΗΝ ΚΛΕΙΔΑ Κ,Therapeutic,60,195
A400709,ΑΝΑΙΣΘΗΣΙΑ ΓΙΑ ΕΠΕΜΒΑΣΕΙΣ ΠΟΥ ΑΦΟΡΟΥΝ ΤΗΝ ΚΛΕΙΔΑ Κ,Therapeutic,60,255
A400741,ΑΝΑΙΣΘΗΣΙΑ ΓΙΑ ΜΕΡΙΚΗ ΕΚΤΟΜΗ ΤΩΝ ΠΛΕΥΡΩΝ· ΔΕΝ ΠΡΟΣ,Therapeutic,60,135
A400745,ΑΝΑΙΣΘΗΣΙΑ ΓΙΑ ΜΕΡΙΚΗ ΕΚΤΟΜΗ ΤΩΝ ΠΛΕΥΡΩΝ· ΘΩΡΑΚΟΠΛ,Therapeutic,60,195
A400749,ΑΝΑΙΣΘΗΣΙΑ ΓΙΑ ΜΕΡΙΚΗ ΕΚΤΟΜΗ ΤΩΝ ΠΛΕΥΡΩΝ· ΡΙΖΙΚΕΣ ,Therapeutic,60,255
A400801,ΑΝΑΙΣΘΗΣΙΑ ΓΙΑ ΟΛΕΣ ΤΙΣ ΕΠΕΜΒΑΣΕΙΣ ΠΟΥ ΑΦΟΡΟΥΝ ΤΟΝ,Therapeutic,60,135
A400841,ΑΝΑΙΣΘΗΣΙΑ ΓΙΑ ΕΠΕΜΒΑΣΕΙΣ ΜΕ ΚΛΕΙΣΤΟ ΘΩΡΑΚΙΚΟ ΤΟΙΧ,Therapeutic,60,135
A400845,ΑΝΑΙΣΘΗΣΙΑ ΓΙΑ ΕΠΕΜΒΑΣΕΙΣ ΜΕ ΚΛΕΙΣΤΟ ΘΩΡΑΚΙΚΟ ΤΟΙΧ,Therapeutic,60,195
A400849,ΑΝΑΙΣΘΗΣΙΑ ΓΙΑ ΕΠΕΜΒΑΣΕΙΣ ΜΕ ΚΛΕΙΣΤΟ ΘΩΡΑΚΙΚΟ ΤΟΙΧ,Therapeutic,60,255
A400857,ΑΝΑΙΣΘΗΣΙΑ ΓΙΑ ΕΠΕΜΒΑΣΕΙΣ ΜΕ ΚΛΕΙΣΤΟ ΘΩΡΑΚΙΚΟ ΤΟΙΧ,Therapeutic,60,375
A400859,ΑΝΑΙΣΘΗΣΙΑ ΓΙΑ ΕΠΕΜΒΑΣΕΙΣ ΜΕ ΚΛΕΙΣΤΟ ΘΩΡΑΚΙΚΟ ΤΟΙΧ,Therapeutic,90,405
A400861,ΑΝΑΙΣΘΗΣΙΑ ΓΙΑ ΤΟΠΟΘΕΤΗΣΗ ΜΟΝΙΜΟΥ ΔΙΑΦΛΕΒΙΟΥ ΒΗΜΑΤ,Therapeutic,60,135
A400865,ΑΝΑΙΣΘΗΣΙΑ ΓΙΑ ΠΡΟΣΒΑΣΗ ΣΤΗΝ ΚΕΝΤΡΙΚΗ ΦΛΕΒΙΚΗ ΚΥΚΛ,Therapeutic,60,195
A400869,ΑΝΑΙΣΘΗΣΙΑ ΓΙΑ ΔΙΑΦΛΕΒΙΑ ΕΙΣΑΓΩΓΗ Ή ΑΝΤΙΚΑΤΑΣΤΑΣΗ ,Therapeutic,60,255
A400875,ΑΝΑΙΣΘΗΣΙΑ ΓΙΑ ΚΑΡΔΙΑΚΕΣ ΗΛΕΚΤΡΟΦΥΣΙΟΛΟΓΙΚΕΣ ΕΠΕΜΒ,Therapeutic,90,345
A400879,ΑΝΑΙΣΘΗΣΙΑ ΓΙΑ ΤΡΑΧΕΙΟΒΡΟΓΧΙΚΗ ΑΝΑΚΑΤΑΣΚΕΥΗ,Therapeutic,90,405
A400881,ΑΝΑΙΣΘΗΣΙΑ ΓΙΑ ΕΠΕΜΒΑΣΕΙΣ ΘΩΡΑΚΟΤΟΜΗΣ ΠΟΥ ΑΦΟΡΟΥΝ ,Therapeutic,60,135
A400883,ΑΝΑΙΣΘΗΣΙΑ ΓΙΑ ΕΠΕΜΒΑΣΕΙΣ ΘΩΡΑΚΟΤΟΜΗΣ ΠΟΥ ΑΦΟΡΟΥΝ ,Therapeutic,90,165
A400885,ΑΝΑΙΣΘΗΣΙΑ ΓΙΑ ΕΠΕΜΒΑΣΕΙΣ ΘΩΡΑΚΟΤΟΜΗΣ ΠΟΥ ΑΦΟΡΟΥΝ ,Therapeutic,60,195
A400893,ΑΝΑΙΣΘΗΣΙΑ ΓΙΑ ΕΠΕΜΒΑΣΕΙΣ ΘΩΡΑΚΟΤΟΜΗΣ ΠΟΥ ΑΦΟΡΟΥΝ ,Therapeutic,60,315
A400897,ΑΝΑΙΣΘΗΣΙΑ ΓΙΑ ΕΠΕΜΒΑΣΕΙΣ ΘΩΡΑΚΟΤΟΜΗΣ ΠΟΥ ΑΦΟΡΟΥΝ ,Therapeutic,60,375
A400901,ΑΝΑΙΣΘΗΣΙΑ ΓΙΑ ΧΕΙΡΟΥΡΓΙΚΟ ΚΑΘΑΡΙΣΜΟ ΤΟΥ ΣΤΕΡΝΟΥ,Therapeutic,60,135
A400921,"ΑΝΑΙΣΘΗΣΙΑ ΓΙΑ ΕΠΕΜΒΑΣΕΙΣ ΠΟΥ ΑΦΟΡΟΥΝ ΤΗΝ ΚΑΡΔΙΑ, ",Therapeutic,60,135
A400923,"ΑΝΑΙΣΘΗΣΙΑ ΓΙΑ ΕΠΕΜΒΑΣΕΙΣ ΠΟΥ ΑΦΟΡΟΥΝ ΤΗΝ ΚΑΡΔΙΑ, ",Therapeutic,90,165
A400925,"ΑΝΑΙΣΘΗΣΙΑ ΓΙΑ ΕΠΕΜΒΑΣΕΙΣ ΠΟΥ ΑΦΟΡΟΥΝ ΤΗΝ ΚΑΡΔΙΑ, ",Therapeutic,60,195
A400927,"ΑΝΑΙΣΘΗΣΙΑ ΓΙΑ ΕΠΕΜΒΑΣΕΙΣ ΠΟΥ ΑΦΟΡΟΥΝ ΤΗΝ ΚΑΡΔΙΑ, ",Therapeutic,90,225
A400933,ΑΝΑΙΣΘΗΣΙΑ ΓΙΑ ΜΟΣΧΕΥΜΑ ΑΜΕΣΗΣ ΑΟΡΤΟΣΤΕΦΑΝΙΑΙΑΣ ΠΑ,Therapeutic,60,315
A400935,ΑΝΑΙΣΘΗΣΙΑ ΓΙΑ ΜΟΣΧΕΥΜΑ ΑΜΕΣΗΣ ΑΟΡΤΟΣΤΕΦΑΝΙΑΙΑΣ ΠΑ,Therapeutic,90,345
A400961,ΑΝΑΙΣΘΗΣΙΑ ΓΙΑ ΜΕΤΑΜΟΣΧΕΥΣΗ ΚΑΡΔΙΑΣ Ή ΜΕΤΑΜΟΣΧΕΥΣΗ,Therapeutic,60,135
A401001,ΑΝΑΙΣΘΗΣΙΑ ΓΙΑ ΕΠΕΜΒΑΣΕΙΣ ΠΟΥ ΑΦΟΡΟΥΝ ΤΗΝ ΑΥΧΕΝΙΚΗ,Therapeutic,60,135
A401009,ΑΝΑΙΣΘΗΣΙΑ ΓΙΑ ΕΠΕΜΒΑΣΕΙΣ ΠΟΥ ΑΦΟΡΟΥΝ ΤΗΝ ΑΥΧΕΝΙΚΗ,Therapeutic,60,255
A401041,ΑΝΑΙΣΘΗΣΙΑ ΓΙΑ ΕΠΕΜΒΑΣΕΙΣ ΠΟΥ ΑΦΟΡΟΥΝ ΤΗ ΘΩΡΑΚΙΚΗ ,Therapeutic,60,135
A401045,ΑΝΑΙΣΘΗΣΙΑ ΓΙΑ ΕΠΕΜΒΑΣΕΙΣ ΠΟΥ ΑΦΟΡΟΥΝ ΤΗ ΘΩΡΑΚΙΚΗ ,Therapeutic,60,195
A401051,ΑΝΑΙΣΘΗΣΙΑ ΓΙΑ ΕΠΕΜΒΑΣΕΙΣ ΠΟΥ ΑΦΟΡΟΥΝ ΤΗ ΘΩΡΑΚΙΚΗ ,Therapeutic,90,285
A401053,ΑΝΑΙΣΘΗΣΙΑ ΓΙΑ ΕΠΕΜΒΑΣΕΙΣ ΠΟΥ ΑΦΟΡΟΥΝ ΤΗ ΘΩΡΑΚΙΚΗ ,Therapeutic,60,315
A401061,ΑΝΑΙΣΘΗΣΙΑ ΓΙΑ ΕΠΕΜΒΑΣΕΙΣ ΠΟΥ ΑΦΟΡΟΥΝ ΤΗΝ ΟΣΦΥΙΚΗ ,Therapeutic,60,135
A401065,ΑΝΑΙΣΘΗΣΙΑ ΓΙΑ ΕΠΕΜΒΑΣΕΙΣ ΠΟΥ ΑΦΟΡΟΥΝ ΤΗΝ ΟΣΦΥΙΚΗ ,Therapeutic,60,195
A401069,ΑΝΑΙΣΘΗΣΙΑ ΓΙΑ ΕΠΕΜΒΑΣΕΙΣ ΠΟΥ ΑΦΟΡΟΥΝ ΤΗΝ ΟΣΦΥΙΚΗ ,Therapeutic,60,255
A401071,ΑΝΑΙΣΘΗΣΙΑ ΓΙΑ ΕΠΕΜΒΑΣΕΙΣ ΠΟΥ ΑΦΟΡΟΥΝ ΤΗΝ ΟΣΦΥΙΚΗ ,Therapeutic,90,285
A401081,ΑΝΑΙΣΘΗΣΙΑ ΓΙΑ ΧΕΙΡΙΣΜΟ ΤΗΣ ΣΠΟΝΔΥΛΙΚΗΣ ΣΤΗΛΗΣ Ή Γ,Therapeutic,60,135
A401141,ΑΝΑΙΣΘΗΣΙΑ ΓΙΑ ΕΚΤΕΤΑΜΕΝΕΣ ΕΠΕΜΒΑΣΕΙΣ ΠΟΥ ΑΦΟΡΟΥΝ ,Therapeutic,60,135
A401201,ΑΝΑΙΣΘΗΣΙΑ ΓΙΑ ΕΠΕΜΒΑΣΕΙΣ ΠΟΥ ΑΦΟΡΟΥΝ ΤΟ ΑΝΩ ΠΡΟΣΘ,Therapeutic,60,135
A401205,ΑΝΑΙΣΘΗΣΙΑ ΓΙΑ ΕΠΕΜΒΑΣΕΙΣ ΠΟΥ ΑΦΟΡΟΥΝ ΤΟ ΑΝΩ ΠΡΟΣΘ,Therapeutic,60,195
A401261,ΑΝΑΙΣΘΗΣΙΑ ΓΙΑ ΕΠΕΜΒΑΣΕΙΣ ΠΟΥ ΑΦΟΡΟΥΝ ΤΟ ΑΝΩ ΟΠΙΣΘ,Therapeutic,60,135
A401281,ΑΝΑΙΣΘΗΣΙΑ ΓΙΑ ΕΝΔΟΣΚΟΠΙΚΕΣ ΕΠΕΜΒΑΣΕΙΣ ΠΟΥ ΑΦΟΡΟΥΝ,Therapeutic,60,135
A401301,ΑΝΑΙΣΘΗΣΙΑ ΓΙΑ ΠΛΑΣΤΙΚΗ ΚΗΛΗΣ ΔΕΝ ΠΡΟΣΔΙΟΡΙΖΕΤΑΙ Π,Therapeutic,60,135
A401305,ΑΝΑΙΣΘΗΣΙΑ ΓΙΑ ΠΛΑΣΤΙΚΗ ΚΗΛΗΣ ΣΤΗΝ ΑΝΩ ΚΟΙΛΙΑΚΗ ΧΩ,Therapeutic,60,195
A401309,ΑΝΑΙΣΘΗΣΙΑ ΓΙΑ ΠΛΑΣΤΙΚΗ ΚΗΛΗΣ ΣΤΗΝ ΑΝΩ ΚΟΙΛΙΑΚΗ ΧΩ,Therapeutic,60,255
A401313,ΑΝΑΙΣΘΗΣΙΑ ΓΙΑ ΠΛΑΣΤΙΚΗ ΚΗΛΗΣ ΣΤΗΝ ΑΝΩ ΚΟΙΛΙΑΚΗ ΧΩ,Therapeutic,60,315
A401341,ΑΝΑΙΣΘΗΣΙΑ ΓΙΑ ΟΛΕΣ ΤΙΣ ΕΠΕΜΒΑΣΕΙΣ ΠΟΥ ΑΦΟΡΟΥΝ ΤΑ ,Therapeutic,60,135
A401381,ΑΝΑΙΣΘΗΣΙΑ ΓΙΑ ΕΝΔΟΠΕΡΙΤΟΝΑΪΚΕΣ ΕΠΕΜΒΑΣΕΙΣ ΣΤΗΝ ΑΝ,Therapeutic,60,135
A401385,ΑΝΑΙΣΘΗΣΙΑ ΓΙΑ ΕΝΔΟΠΕΡΙΤΟΝΑΪΚΕΣ ΕΠΕΜΒΑΣΕΙΣ ΣΤΗΝ ΑΝ,Therapeutic,60,195
A401389,ΑΝΑΙΣΘΗΣΙΑ ΓΙΑ ΕΝΔΟΠΕΡΙΤΟΝΑΪΚΕΣ ΕΠΕΜΒΑΣΕΙΣ ΣΤΗΝ ΑΝ,Therapeutic,60,255
A401393,ΑΝΑΙΣΘΗΣΙΑ ΓΙΑ ΕΝΔΟΠΕΡΙΤΟΝΑΪΚΕΣ ΕΠΕΜΒΑΣΕΙΣ ΣΤΗΝ ΑΝ,Therapeutic,60,315
A401395,ΑΝΑΙΣΘΗΣΙΑ ΓΙΑ ΕΝΔΟΠΕΡΙΤΟΝΑΪΚΕΣ ΕΠΕΜΒΑΣΕΙΣ ΣΤΗΝ ΑΝ,Therapeutic,90,345
A401401,ΑΝΑΙΣΘΗΣΙΑ ΓΙΑ ΕΠΕΜΒΑΣΕΙΣ ΠΟΥ ΑΦΟΡΟΥΝ ΤΟ ΚΑΤΩ ΠΡΟΣ,Therapeutic,60,135
A401405,ΑΝΑΙΣΘΗΣΙΑ ΓΙΑ ΕΠΕΜΒΑΣΕΙΣ ΠΟΥ ΑΦΟΡΟΥΝ ΤΟ ΚΑΤΩ ΠΡΟΣ,Therapeutic,60,195
A401421,ΑΝΑΙΣΘΗΣΙΑ ΓΙΑ ΕΝΔΟΣΚΟΠΙΚΕΣ ΕΠΕΜΒΑΣΕΙΣ ΠΟΥ ΑΦΟΡΟΥΝ,Therapeutic,60,135
A401441,ΑΝΑΙΣΘΗΣΙΑ ΓΙΑ ΕΠΕΜΒΑΣΕΙΣ ΠΟΥ ΑΦΟΡΟΥΝ ΤΟ ΚΑΤΩ ΟΠΙΣ,Therapeutic,60,135
A401461,ΑΝΑΙΣΘΗΣΙΑ ΓΙΑ ΠΛΑΣΤΙΚΗ ΚΗΛΗΣ ΣΤΗΝ ΚΑΤΩ ΚΟΙΛΙΑΚΗ Χ,Therapeutic,60,135
A401465,ΑΝΑΙΣΘΗΣΙΑ ΓΙΑ ΠΛΑΣΤΙΚΗ ΚΗΛΗΣ ΣΤΗΝ ΚΑΤΩ ΚΟΙΛΙΑΚΗ Χ,Therapeutic,60,195
A401469,ΑΝΑΙΣΘΗΣΙΑ ΓΙΑ ΠΛΑΣΤΙΚΗ ΚΗΛΗΣ ΣΤΗΝ ΚΑΤΩ ΚΟΙΛΙΑΚΗ Χ,Therapeutic,60,255
A401473,ΑΝΑΙΣΘΗΣΙΑ ΓΙΑ ΠΛΑΣΤΙΚΗ ΚΗΛΗΣ ΣΤΗΝ ΚΑΤΩ ΚΟΙΛΙΑΚΗ Χ,Therapeutic,60,315
A401481,ΑΝΑΙΣΘΗΣΙΑ ΓΙΑ ΕΝΔΟΠΕΡΙΤΟΝΑΪΚΕΣ ΕΠΕΜΒΑΣΕΙΣ ΣΤΗΝ ΚΑ,Therapeutic,60,135
A401485,ΑΝΑΙΣΘΗΣΙΑ ΓΙΑ ΕΝΔΟΠΕΡΙΤΟΝΑΪΚΕΣ ΕΠΕΜΒΑΣΕΙΣ ΣΤΗΝ ΚΑ,Therapeutic,60,195
A401489,ΑΝΑΙΣΘΗΣΙΑ ΓΙΑ ΕΝΔΟΠΕΡΙΤΟΝΑΪΚΕΣ ΕΠΕΜΒΑΣΕΙΣ ΣΤΗΝ ΚΑ,Therapeutic,60,255
A401493,ΑΝΑΙΣΘΗΣΙΑ ΓΙΑ ΕΝΔΟΠΕΡΙΤΟΝΑΪΚΕΣ ΕΠΕΜΒΑΣΕΙΣ ΣΤΗΝ ΚΑ,Therapeutic,60,315
A401497,ΑΝΑΙΣΘΗΣΙΑ ΓΙΑ ΕΝΔΟΠΕΡΙΤΟΝΑΪΚΕΣ ΕΠΕΜΒΑΣΕΙΣ ΣΤΗΝ ΚΑ,Therapeutic,60,375
A401503,ΑΝΑΙΣΘΗΣΙΑ ΓΙΑ ΕΝΔΟΠΕΡΙΤΟΝΑΪΚΕΣ ΕΠΕΜΒΑΣΕΙΣ ΣΤΗΝ ΚΑ,Therapeutic,90,165
A401521,ΑΝΑΙΣΘΗΣΙΑ ΓΙΑ ΕΞΩΠΕΡΙΤΟΝΑΪΚΕΣ ΕΠΕΜΒΑΣΕΙΣ ΣΤΗΝ ΚΑΤ,Therapeutic,60,135
A401525,ΑΝΑΙΣΘΗΣΙΑ ΓΙΑ ΕΞΩΠΕΡΙΤΟΝΑΪΚΕΣ ΕΠΕΜΒΑΣΕΙΣ ΣΤΗΝ ΚΑΤ,Therapeutic,60,195
A401529,ΑΝΑΙΣΘΗΣΙΑ ΓΙΑ ΕΞΩΠΕΡΙΤΟΝΑΪΚΕΣ ΕΠΕΜΒΑΣΕΙΣ ΣΤΗΝ ΚΑΤ,Therapeutic,60,255
A401531,ΑΝΑΙΣΘΗΣΙΑ ΓΙΑ ΕΞΩΠΕΡΙΤΟΝΑΪΚΕΣ ΕΠΕΜΒΑΣΕΙΣ ΣΤΗΝ ΚΑΤ,Therapeutic,90,285
A401533,ΑΝΑΙΣΘΗΣΙΑ ΓΙΑ ΕΞΩΠΕΡΙΤΟΝΑΪΚΕΣ ΕΠΕΜΒΑΣΕΙΣ ΣΤΗΝ ΚΑΤ,Therapeutic,60,315
A401537,ΑΝΑΙΣΘΗΣΙΑ ΓΙΑ ΕΞΩΠΕΡΙΤΟΝΑΪΚΕΣ ΕΠΕΜΒΑΣΕΙΣ ΣΤΗΝ ΚΑΤ,Therapeutic,60,375
A401541,ΑΝΑΙΣΘΗΣΙΑ ΓΙΑ ΕΞΩΠΕΡΙΤΟΝΑΪΚΕΣ ΕΠΕΜΒΑΣΕΙΣ ΣΤΗΝ ΚΑΤ,Therapeutic,60,135
A401545,"ΑΝΑΙΣΘΗΣΙΑ ΓΙΑ ΛΙΘΟΤΡΙΨΙΑ, ΕΞΩΣΩΜΑΤΙΚΗ ΜΕ ΚΥΜΑΤΑ Κ",Therapeutic,60,195
A401547,"ΑΝΑΙΣΘΗΣΙΑ ΓΙΑ ΛΙΘΟΤΡΙΨΙΑ, ΕΞΩΣΩΜΑΤΙΚΗ ΜΕ ΚΥΜΑΤΑ Κ",Therapeutic,90,225
A401561,ΑΝΑΙΣΘΗΣΙΑ ΓΙΑ ΤΙΣ ΕΠΕΜΒΑΣΕΙΣ ΠΟΥ ΑΦΟΡΟΥΝ ΤΑ ΚΥΡΙΑ,Therapeutic,60,135
A401565,ΑΝΑΙΣΘΗΣΙΑ ΓΙΑ ΤΙΣ ΕΠΕΜΒΑΣΕΙΣ ΠΟΥ ΑΦΟΡΟΥΝ ΤΑ ΚΥΡΙΑ,Therapeutic,60,195
A401605,ΑΝΑΙΣΘΗΣΙΑ ΓΙΑ· ΟΡΘΟΠΡΩΚΤΙΚΕΣ ΕΠΕΜΒΑΣΕΙΣ,Therapeutic,60,195
A401609,ΑΝΑΙΣΘΗΣΙΑ ΓΙΑ· ΡΙΖΙΚΕΣ ΕΠΕΜΒΑΣΕΙΣ ΠΟΥ ΑΦΟΡΟΥΝ ΤΟ ,Therapeutic,60,255
A401613,ΑΝΑΙΣΘΗΣΙΑ ΓΙΑ· ΕΚΤΟΜΗ ΑΙΔΟΙΟΥ,Therapeutic,60,315
A401617,ΑΝΑΙΣΘΗΣΙΑ ΓΙΑ· ΠΕΡΙΝΕΪΚΗ ΠΡΟΣΤΑΤΕΚΤΟΜΗ,Therapeutic,60,375
A401621,ΑΝΑΙΣΘΗΣΙΑ ΓΙΑ ΔΙΟΥΡΗΘΡΙΚΕΣ ΕΠΕΜΒΑΣΕΙΣ (ΣΥΜΠΕΡΙΛΑΜ,Therapeutic,60,135
A401625,ΑΝΑΙΣΘΗΣΙΑ ΓΙΑ ΔΙΟΥΡΗΘΡΙΚΕΣ ΕΠΕΜΒΑΣΕΙΣ (ΣΥΜΠΕΡΙΛΑΜ,Therapeutic,60,195
A401629,ΑΝΑΙΣΘΗΣΙΑ ΓΙΑ ΔΙΟΥΡΗΘΡΙΚΕΣ ΕΠΕΜΒΑΣΕΙΣ (ΣΥΜΠΕΡΙΛΑΜ,Therapeutic,60,255
A401633,ΑΝΑΙΣΘΗΣΙΑ ΓΙΑ ΔΙΟΥΡΗΘΡΙΚΕΣ ΕΠΕΜΒΑΣΕΙΣ (ΣΥΜΠΕΡΙΛΑΜ,Therapeutic,60,315
A401637,ΑΝΑΙΣΘΗΣΙΑ ΓΙΑ ΔΙΟΥΡΗΘΡΙΚΕΣ ΕΠΕΜΒΑΣΕΙΣ (ΣΥΜΠΕΡΙΛΑΜ,Therapeutic,60,375
A401641,ΑΝΑΙΣΘΗΣΙΑ ΓΙΑ ΕΠΕΜΒΑΣΕΙΣ ΠΟΥ ΑΦΟΡΟΥΝ ΤΑ ΑΝΤΡΙΚΑ Γ,Therapeutic,60,135
A401643,ΑΝΑΙΣΘΗΣΙΑ ΓΙΑ ΕΠΕΜΒΑΣΕΙΣ ΠΟΥ ΑΦΟΡΟΥΝ ΤΑ ΑΝΤΡΙΚΑ Γ,Therapeutic,90,165
A401645,ΑΝΑΙΣΘΗΣΙΑ ΓΙΑ ΕΠΕΜΒΑΣΕΙΣ ΠΟΥ ΑΦΟΡΟΥΝ ΤΑ ΑΝΤΡΙΚΑ Γ,Therapeutic,60,195
A401649,ΑΝΑΙΣΘΗΣΙΑ ΓΙΑ ΕΠΕΜΒΑΣΕΙΣ ΠΟΥ ΑΦΟΡΟΥΝ ΤΑ ΑΝΤΡΙΚΑ Γ,Therapeutic,60,255
A401653,ΑΝΑΙΣΘΗΣΙΑ ΓΙΑ ΕΠΕΜΒΑΣΕΙΣ ΠΟΥ ΑΦΟΡΟΥΝ ΤΑ ΑΝΤΡΙΚΑ Γ,Therapeutic,60,315
A401657,ΑΝΑΙΣΘΗΣΙΑ ΓΙΑ ΕΠΕΜΒΑΣΕΙΣ ΠΟΥ ΑΦΟΡΟΥΝ ΤΑ ΑΝΤΡΙΚΑ Γ,Therapeutic,60,375
A401661,ΑΝΑΙΣΘΗΣΙΑ ΓΙΑ ΕΠΕΜΒΑΣΕΙΣ ΠΟΥ ΑΦΟΡΟΥΝ ΤΑ ΑΝΤΡΙΚΑ Γ,Therapeutic,60,135
A401665,ΑΝΑΙΣΘΗΣΙΑ ΓΙΑ ΕΠΕΜΒΑΣΕΙΣ ΠΟΥ ΑΦΟΡΟΥΝ ΤΑ ΑΝΤΡΙΚΑ Γ,Therapeutic,60,195
A401669,ΑΝΑΙΣΘΗΣΙΑ ΓΙΑ ΕΠΕΜΒΑΣΕΙΣ ΠΟΥ ΑΦΟΡΟΥΝ ΤΑ ΑΝΤΡΙΚΑ Γ,Therapeutic,60,255
A401673,ΑΝΑΙΣΘΗΣΙΑ ΓΙΑ ΕΠΕΜΒΑΣΕΙΣ ΠΟΥ ΑΦΟΡΟΥΝ ΤΑ ΑΝΤΡΙΚΑ Γ,Therapeutic,60,315
A401677,ΑΝΑΙΣΘΗΣΙΑ ΓΙΑ ΕΠΕΜΒΑΣΕΙΣ ΠΟΥ ΑΦΟΡΟΥΝ ΤΑ ΑΝΤΡΙΚΑ Γ,Therapeutic,60,375
A401681,ΑΝΑΙΣΘΗΣΙΑ ΓΙΑ ΕΠΕΜΒΑΣΕΙΣ ΠΟΥ ΑΦΟΡΟΥΝ ΤΟΝ ΚΟΛΠΟ (Σ,Therapeutic,60,135
A401685,ΑΝΑΙΣΘΗΣΙΑ ΓΙΑ ΕΠΕΜΒΑΣΕΙΣ ΠΟΥ ΑΦΟΡΟΥΝ ΤΟΝ ΚΟΛΠΟ (Σ,Therapeutic,60,195
A401689,ΑΝΑΙΣΘΗΣΙΑ ΓΙΑ ΕΠΕΜΒΑΣΕΙΣ ΠΟΥ ΑΦΟΡΟΥΝ ΤΟΝ ΚΟΛΠΟ (Σ,Therapeutic,60,255
A401697,ΑΝΑΙΣΘΗΣΙΑ ΓΙΑ ΕΠΕΜΒΑΣΕΙΣ ΠΟΥ ΑΦΟΡΟΥΝ ΤΟΝ ΚΟΛΠΟ (Σ,Therapeutic,60,375
A401701,ΑΝΑΙΣΘΗΣΙΑ ΓΙΑ ΕΠΕΜΒΑΣΕΙΣ ΠΟΥ ΑΦΟΡΟΥΝ ΤΟΝ ΚΟΛΠΟ (Σ,Therapeutic,60,135
A401705,ΑΝΑΙΣΘΗΣΙΑ ΓΙΑ ΕΠΕΜΒΑΣΕΙΣ ΠΟΥ ΑΦΟΡΟΥΝ ΤΟΝ ΚΟΛΠΟ (Σ,Therapeutic,60,195
A402025,ΑΝΑΙΣΘΗΣΙΑ ΓΙΑ ΑΝΑΡΡΟΦΗΣΗ ΜΥΕΛΟΥ ΤΩΝ ΟΣΤΩΝ ΚΑΙ/Ή Β,Therapeutic,60,195
A402041,ΑΝΑΙΣΘΗΣΙΑ ΓΙΑ ΕΠΕΜΒΑΣΕΙΣ ΠΟΥ ΑΦΟΡΟΥΝ ΣΤΑ ΟΣΤΑ ΤΗΣ,Therapeutic,60,135
A402061,ΑΝΑΙΣΘΗΣΙΑ ΓΙΑ ΕΦΑΡΜΟΓΗ Ή ΑΝΑΘΕΩΡΗΣΗ ΓΥΨΟΥ ΣΩΜΑΤΟΣ,Therapeutic,60,135
A402081,ΑΝΑΙΣΘΗΣΙΑ ΓΙΑ ΔΙΑΠΥΕΛΟΚΟΙΛΙΑΚΟ (ΓΛΟΥΤΙΑΙΟ) ΑΚΡΩΤΗ,Therapeutic,60,135
A402101,ΑΝΑΙΣΘΗΣΙΑ ΓΙΑ ΡΙΖΙΚΕΣ ΕΠΕΜΒΑΣΕΙΣ ΠΟΥ ΑΦΟΡΟΥΝ ΟΓΚΟ,Therapeutic,60,135
A402121,ΑΝΑΙΣΘΗΣΙΑ ΓΙΑ ΚΛΕΙΣΤΕΣ ΕΠΕΜΒΑΣΕΙΣ ΠΟΥ ΑΦΟΡΟΥΝ ΤΗΝ,Therapeutic,60,135
A402141,ΑΝΑΙΣΘΗΣΙΑ ΓΙΑ ΑΝΟΙΚΤΕΣ ΕΠΕΜΒΑΣΕΙΣ ΠΟΥ ΑΦΟΡΟΥΝ ΤΗΝ,Therapeutic,60,135
A402147,ΑΝΑΙΣΘΗΣΙΑ ΓΙΑ ΑΝΟΙΚΤΗ ΑΠΟΚΑΤΑΣΤΑΣΗ ΚΑΤΑΓΜΑΤΟΣ ΜΕ ,Therapeutic,90,225
A402161,ΑΝΑΙΣΘΗΣΙΑ ΓΙΑ ΕΚΤΟΜΗ ΤΟΥ ΝΕΥΡΟΥ ΤΟΥ ΘΥΡΟΕΙΔΗ· ΕΞΩ,Therapeutic,60,135
A402181,ΑΝΑΙΣΘΗΣΙΑ ΓΙΑ ΕΚΤΟΜΗ ΤΟΥ ΝΕΥΡΟΥ ΤΟΥ ΘΥΡΟΕΙΔΗ· ΕΝΔ,Therapeutic,60,135
A402201,ΑΝΑΙΣΘΗΣΙΑ ΓΙΑ ΟΛΕΣ ΤΙΣ ΚΛΕΙΣΤΕΣ ΕΠΕΜΒΑΣΕΙΣ ΠΟΥ ΑΦ,Therapeutic,60,135
A402205,ΑΝΑΙΣΘΗΣΙΑ ΓΙΑ ΕΠΕΜΒΑΣΕΙΣ ΑΡΘΡΟΣΚΟΠΗΣΗΣ ΤΗΣ ΑΡΘΡΩΣ,Therapeutic,60,195
A402221,ΑΝΑΙΣΘΗΣΙΑ ΓΙΑ ΑΝΟΙΚΤΕΣ ΕΠΕΜΒΑΣΕΙΣ ΠΟΥ ΑΦΟΡΟΥΝ ΤΗΝ,Therapeutic,60,135
A402225,ΑΝΑΙΣΘΗΣΙΑ ΓΙΑ ΑΝΟΙΚΤΕΣ ΕΠΕΜΒΑΣΕΙΣ ΠΟΥ ΑΦΟΡΟΥΝ ΤΗΝ,Therapeutic,60,195
A402229,ΑΝΑΙΣΘΗΣΙΑ ΓΙΑ ΑΝΟΙΚΤΕΣ ΕΠΕΜΒΑΣΕΙΣ ΠΟΥ ΑΦΟΡΟΥΝ ΤΗΝ,Therapeutic,60,255
A402231,ΑΝΑΙΣΘΗΣΙΑ ΓΙΑ ΑΝΟΙΚΤΕΣ ΕΠΕΜΒΑΣΕΙΣ ΠΟΥ ΑΦΟΡΟΥΝ ΤΗΝ,Therapeutic,90,285
A402241,ΑΝΑΙΣΘΗΣΙΑ ΓΙΑ ΟΛΕΣ ΤΙΣ ΚΛΕΙΣΤΕΣ ΕΠΕΜΒΑΣΕΙΣ ΠΟΥ ΑΦ,Therapeutic,60,135
A402261,ΑΝΑΙΣΘΗΣΙΑ ΓΙΑ ΟΛΕΣ ΤΙΣ ΑΝΟΙΚΤΕΣ ΕΠΕΜΒΑΣΕΙΣ ΠΟΥ ΑΦ,Therapeutic,60,135
A402265,ΑΝΑΙΣΘΗΣΙΑ ΓΙΑ ΑΝΟΙΚΤΕΣ ΕΠΕΜΒΑΣΕΙΣ ΠΟΥ ΑΦΟΡΟΥΝ ΤΑ ,Therapeutic,60,195
A402269,ΑΝΑΙΣΘΗΣΙΑ ΓΙΑ ΑΝΟΙΚΤΕΣ ΕΠΕΜΒΑΣΕΙΣ ΠΟΥ ΑΦΟΡΟΥΝ ΤΑ ,Therapeutic,60,255
A402301,ΑΝΑΙΣΘΗΣΙΑ ΓΙΑ ΟΛΕΣ ΤΙΣ ΕΠΕΜΒΑΣΕΙΣ ΠΟΥ ΑΦΟΡΟΥΝ ΤΑ ,Therapeutic,60,135
A402321,ΑΝΑΙΣΘΗΣΙΑ ΓΙΑ ΟΛΕΣ ΤΙΣ ΕΠΕΜΒΑΣΕΙΣ ΠΟΥ ΑΦΟΡΟΥΝ ΦΛΕ,Therapeutic,60,135
A402341,ΑΝΑΙΣΘΗΣΙΑ ΓΙΑ ΟΛΕΣ ΤΙΣ ΕΠΕΜΒΑΣΕΙΣ ΠΟΥ ΑΦΟΡΟΥΝ ΑΡΤ,Therapeutic,60,135
A402345,ΑΝΑΙΣΘΗΣΙΑ ΓΙΑ ΟΛΕΣ ΤΙΣ ΕΠΕΜΒΑΣΕΙΣ ΠΟΥ ΑΦΟΡΟΥΝ ΑΡΤ,Therapeutic,60,195
A402349,ΑΝΑΙΣΘΗΣΙΑ ΓΙΑ ΟΛΕΣ ΤΙΣ ΕΠΕΜΒΑΣΕΙΣ ΠΟΥ ΑΦΟΡΟΥΝ ΑΡΤ,Therapeutic,60,255
A402441,ΑΝΑΙΣΘΗΣΙΑ ΓΙΑ ΟΛΕΣ ΤΙΣ ΕΠΕΜΒΑΣΕΙΣ ΠΟΥ ΑΦΟΡΟΥΝ ΤΑ ,Therapeutic,60,135
A402481,ΑΝΑΙΣΘΗΣΙΑ ΓΙΑ ΟΛΕΣ ΤΙΣ ΚΛΕΙΣΤΕΣ ΕΠΕΜΒΑΣΕΙΣ ΠΟΥ ΑΦ,Therapeutic,60,135
A402521,ΑΝΑΙΣΘΗΣΙΑ ΓΙΑ ΟΛΕΣ ΤΙΣ ΑΝΟΙΚΤΕΣ ΕΠΕΜΒΑΣΕΙΣ ΠΟΥ ΑΦ,Therapeutic,60,135
A402561,ΑΝΑΙΣΘΗΣΙΑ ΓΙΑ ΟΛΕΣ ΤΙΣ ΚΛΕΙΣΤΕΣ ΕΠΕΜΒΑΣΕΙΣ ΠΟΥ ΑΦ,Therapeutic,60,135
A402565,ΑΝΑΙΣΘΗΣΙΑ ΓΙΑ ΔΙΑΓΝΩΣΤΙΚΕΣ ΕΠΕΜΒΑΣΕΙΣ ΑΡΘΡΟΣΚΟΠΗΣ,Therapeutic,60,195
A402581,ΑΝΑΙΣΘΗΣΙΑ ΓΙΑ ΟΛΕΣ ΤΙΣ ΚΛΕΙΣΤΕΣ ΕΠΕΜΒΑΣΕΙΣ ΠΟΥ ΑΦ,Therapeutic,60,135
A402585,ΑΝΑΙΣΘΗΣΙΑ ΓΙΑ ΟΛΕΣ ΤΙΣ ΑΝΟΙΚΤΕΣ ΕΠΕΜΒΑΣΕΙΣ ΠΟΥ ΑΦ,Therapeutic,60,195
A402601,ΑΝΑΙΣΘΗΣΙΑ ΓΙΑ ΑΝΟΙΚΤΕΣ Ή ΑΡΘΡΟΣΚΟΠΙΚΕΣ ΕΠΕΜΒΑΣΕΙΣ,Therapeutic,60,135
A402605,ΑΝΑΙΣΘΗΣΙΑ ΓΙΑ ΑΝΟΙΚΤΕΣ Ή ΑΡΘΡΟΣΚΟΠΙΚΕΣ ΕΠΕΜΒΑΣΕΙΣ,Therapeutic,60,195
A402609,ΑΝΑΙΣΘΗΣΙΑ ΓΙΑ ΑΝΟΙΚΤΕΣ Ή ΑΡΘΡΟΣΚΟΠΙΚΕΣ ΕΠΕΜΒΑΣΕΙΣ,Therapeutic,60,255
A402641,"ΑΝΑΙΣΘΗΣΙΑ ΓΙΑ ΟΛΕΣ ΤΙΣ ΕΦΑΡΜΟΓΕΣ, ΤΗΝ ΑΦΑΙΡΕΣΗ Ή ",Therapeutic,60,135
A402661,ΑΝΑΙΣΘΗΣΙΑ ΓΙΑ ΕΠΕΜΒΑΣΕΙΣ ΠΟΥ ΑΦΟΡΟΥΝ ΤΙΣ ΦΛΕΒΕΣ Τ,Therapeutic,60,135
A402665,ΑΝΑΙΣΘΗΣΙΑ ΓΙΑ ΕΠΕΜΒΑΣΕΙΣ ΠΟΥ ΑΦΟΡΟΥΝ ΤΙΣ ΦΛΕΒΕΣ Τ,Therapeutic,60,195
A402681,ΑΝΑΙΣΘΗΣΙΑ ΓΙΑ ΕΠΕΜΒΑΣΕΙΣ ΠΟΥ ΑΦΟΡΟΥΝ ΤΙΣ ΑΡΤΗΡΙΕΣ,Therapeutic,60,135
A402685,ΑΝΑΙΣΘΗΣΙΑ ΓΙΑ ΕΠΕΜΒΑΣΕΙΣ ΠΟΥ ΑΦΟΡΟΥΝ ΤΙΣ ΑΡΤΗΡΙΕΣ,Therapeutic,60,195
A402689,ΑΝΑΙΣΘΗΣΙΑ ΓΙΑ ΕΠΕΜΒΑΣΕΙΣ ΠΟΥ ΑΦΟΡΟΥΝ ΤΙΣ ΑΡΤΗΡΙΕΣ,Therapeutic,60,255
A402725,ΑΝΑΙΣΘΗΣΙΑ ΓΙΑ ΟΛΕΣ ΤΙΣ ΚΛΕΙΣΤΕΣ ΕΠΕΜΒΑΣΕΙΣ ΣΤΟ ΚΑ,Therapeutic,60,195
A402729,ΑΝΑΙΣΘΗΣΙΑ ΓΙΑ ΕΠΕΜΒΑΣΕΙΣ ΑΡΘΡΟΣΚΟΠΗΣΗΣ ΤΗΣ ΠΟΔΟΚΝ,Therapeutic,60,255
A402741,"ΑΝΑΙΣΘΗΣΙΑ ΓΙΑ ΕΠΕΜΒΑΣΕΙΣ ΠΟΥ ΑΦΟΡΟΥΝ ΤΑ ΝΕΥΡΑ, ΤΟ",Therapeutic,60,135
A402745,"ΑΝΑΙΣΘΗΣΙΑ ΓΙΑ ΕΠΕΜΒΑΣΕΙΣ ΠΟΥ ΑΦΟΡΟΥΝ ΤΑ ΝΕΥΡΑ, ΤΟ",Therapeutic,60,195
A402749,"ΑΝΑΙΣΘΗΣΙΑ ΓΙΑ ΕΠΕΜΒΑΣΕΙΣ ΠΟΥ ΑΦΟΡΟΥΝ ΤΑ ΝΕΥΡΑ, ΤΟ",Therapeutic,60,255
A402761,ΑΝΑΙΣΘΗΣΙΑ ΓΙΑ ΑΝΟΙΚΤΕΣ ΕΠΕΜΒΑΣΕΙΣ ΣΤΟ ΚΑΤΩ ΤΜΗΜΑ ,Therapeutic,60,135
A402765,ΑΝΑΙΣΘΗΣΙΑ ΓΙΑ ΑΝΟΙΚΤΕΣ ΕΠΕΜΒΑΣΕΙΣ ΣΤΑ ΟΣΤΑ ΤΟΥ ΚΑ,Therapeutic,60,195
A402769,ΑΝΑΙΣΘΗΣΙΑ ΓΙΑ ΑΝΟΙΚΤΕΣ ΕΠΕΜΒΑΣΕΙΣ ΣΤΑ ΟΣΤΑ ΤΟΥ ΚΑ,Therapeutic,60,255
A402773,ΑΝΑΙΣΘΗΣΙΑ ΓΙΑ ΑΝΟΙΚΤΕΣ ΕΠΕΜΒΑΣΕΙΣ ΣΤΑ ΟΣΤΑ ΤΟΥ ΤΟ,Therapeutic,60,315
A402781,"ΑΝΑΙΣΘΗΣΙΑ ΓΙΑ ΤΗΝ ΕΠΑΝΑΤΟΠΟΘΕΤΗΣΗ, ΤΗΝ ΑΦΑΙΡΕΣΗ Ή",Therapeutic,60,135
A402801,ΑΝΑΙΣΘΗΣΙΑ ΓΙΑ ΟΛΕΣ ΤΙΣ ΕΠΕΜΒΑΣΕΙΣ ΠΟΥ ΑΦΟΡΟΥΝ ΑΡΤ,Therapeutic,60,135
A402805,ΑΝΑΙΣΘΗΣΙΑ ΓΙΑ ΟΛΕΣ ΤΙΣ ΕΠΕΜΒΑΣΕΙΣ ΠΟΥ ΑΦΟΡΟΥΝ ΑΡΤ,Therapeutic,60,195
A402841,ΑΝΑΙΣΘΗΣΙΑ ΓΙΑ ΕΠΕΜΒΑΣΕΙΣ ΠΟΥ ΑΦΟΡΟΥΝ ΦΛΕΒΕΣ ΣΤΟ Κ,Therapeutic,60,135
A402845,ΑΝΑΙΣΘΗΣΙΑ ΓΙΑ ΕΠΕΜΒΑΣΕΙΣ ΠΟΥ ΑΦΟΡΟΥΝ ΦΛΕΒΕΣ ΤΟΥ Κ,Therapeutic,60,195
A403021,"ΑΝΑΙΣΘΗΣΙΑ ΓΙΑ ΕΠΕΜΒΑΣΕΙΣ ΠΟΥ ΑΦΟΡΟΥΝ ΝΕΥΡΑ, ΜΥΕΣ,",Therapeutic,60,135
A403041,ΑΝΑΙΣΘΗΣΙΑ ΓΙΑ ΟΛΟΥΣ ΤΟΥΣ ΧΕΙΡΙΣΜΟΥΣ ΠΟΥ ΑΦΟΡΟΥΝ Τ,Therapeutic,60,135
A403045,ΑΝΑΙΣΘΗΣΙΑ ΓΙΑ ΔΙΑΓΝΩΣΤΙΚΕΣ ΕΠΕΜΒΑΣΕΙΣ ΑΡΘΡΟΣΚΟΠΗΣ,Therapeutic,60,195
A403061,ΑΝΑΙΣΘΗΣΙΑ ΓΙΑ ΑΝΟΙΚΤΕΣ Ή ΑΡΘΡΟΣΚΟΠΙΚΕΣ ΕΠΕΜΒΑΣΕΙΣ,Therapeutic,60,135
A403065,ΑΝΑΙΣΘΗΣΙΑ ΓΙΑ ΑΝΟΙΚΤΕΣ Ή ΑΡΘΡΟΣΚΟΠΙΚΕΣ ΕΠΕΜΒΑΣΕΙΣ,Therapeutic,60,195
A403069,ΑΝΑΙΣΘΗΣΙΑ ΓΙΑ ΑΝΟΙΚΤΕΣ Ή ΑΡΘΡΟΣΚΟΠΙΚΕΣ ΕΠΕΜΒΑΣΕΙΣ,Therapeutic,60,255
A403073,ΑΝΑΙΣΘΗΣΙΑ ΓΙΑ ΑΝΟΙΚΤΕΣ Ή ΑΡΘΡΟΣΚΟΠΙΚΕΣ ΕΠΕΜΒΑΣΕΙΣ,Therapeutic,60,315
A403077,ΑΝΑΙΣΘΗΣΙΑ ΓΙΑ ΑΝΟΙΚΤΕΣ Ή ΑΡΘΡΟΣΚΟΠΙΚΕΣ ΕΠΕΜΒΑΣΕΙΣ,Therapeutic,60,375
A403101,ΑΝΑΙΣΘΗΣΙΑ ΓΙΑ ΕΠΕΜΒΑΣΕΙΣ ΠΟΥ ΑΦΟΡΟΥΝ ΤΙΣ ΑΡΤΗΡΙΕΣ,Therapeutic,60,135
A403105,ΑΝΑΙΣΘΗΣΙΑ ΓΙΑ ΕΠΕΜΒΑΣΕΙΣ ΠΟΥ ΑΦΟΡΟΥΝ ΤΙΣ ΑΡΤΗΡΙΕΣ,Therapeutic,60,195
A403109,ΑΝΑΙΣΘΗΣΙΑ ΓΙΑ ΕΠΕΜΒΑΣΕΙΣ ΠΟΥ ΑΦΟΡΟΥΝ ΤΙΣ ΑΡΤΗΡΙΕΣ,Therapeutic,60,255
A403113,ΑΝΑΙΣΘΗΣΙΑ ΓΙΑ ΕΠΕΜΒΑΣΕΙΣ ΠΟΥ ΑΦΟΡΟΥΝ ΤΙΣ ΑΡΤΗΡΙΕΣ,Therapeutic,60,315
A403141,ΑΝΑΙΣΘΗΣΙΑ ΓΙΑ ΟΛΕΣ ΤΙΣ ΕΠΕΜΒΑΣΕΙΣ ΠΟΥ ΑΦΟΡΟΥΝ ΤΙΣ,Therapeutic,60,135
A403161,"ΑΝΑΙΣΘΗΣΙΑ ΓΙΑ ΤΗΝ ΕΦΑΡΜΟΓΗ, ΤΗΝ ΑΦΑΙΡΕΣΗ Ή ΤΗΝ ΕΠ",Therapeutic,60,135
A403165,"ΑΝΑΙΣΘΗΣΙΑ ΓΙΑ ΤΗΝ ΕΦΑΡΜΟΓΗ, ΤΗΝ ΑΦΑΙΡΕΣΗ Ή ΤΗΝ ΕΠ",Therapeutic,60,195
A403221,"ΑΝΑΙΣΘΗΣΙΑ ΓΙΑ ΕΠΕΜΒΑΣΕΙΣ ΠΟΥ ΑΦΟΡΟΥΝ ΝΕΥΡΑ, ΜΥΕΣ,",Therapeutic,60,135
A403225,"ΑΝΑΙΣΘΗΣΙΑ ΓΙΑ ΕΠΕΜΒΑΣΕΙΣ ΠΟΥ ΑΦΟΡΟΥΝ ΝΕΥΡΑ, ΜΥΕΣ,",Therapeutic,60,195
A403229,"ΑΝΑΙΣΘΗΣΙΑ ΓΙΑ ΕΠΕΜΒΑΣΕΙΣ ΠΟΥ ΑΦΟΡΟΥΝ ΝΕΥΡΑ, ΜΥΕΣ,",Therapeutic,60,255
A403233,"ΑΝΑΙΣΘΗΣΙΑ ΓΙΑ ΕΠΕΜΒΑΣΕΙΣ ΠΟΥ ΑΦΟΡΟΥΝ ΝΕΥΡΑ, ΜΥΕΣ,",Therapeutic,60,315
A403261,ΑΝΑΙΣΘΗΣΙΑ ΓΙΑ ΟΛΟΥΣ ΤΟΥΣ ΧΕΙΡΙΣΜΟΥΣ ΠΟΥ ΑΦΟΡΟΥΝ Τ,Therapeutic,60,135
A403265,ΑΝΑΙΣΘΗΣΙΑ ΓΙΑ ΔΙΑΓΝΩΣΤΙΚΕΣ ΕΠΕΜΒΑΣΕΙΣ ΑΡΘΡΟΣΚΟΠΗΣ,Therapeutic,60,195
A403281,ΑΝΑΙΣΘΗΣΙΑ ΓΙΑ ΑΝΟΙΚΤΕΣ Ή ΑΡΘΡΟΣΚΟΠΙΚΕΣ ΕΠΕΜΒΑΣΕΙΣ,Therapeutic,60,135
A403285,ΑΝΑΙΣΘΗΣΙΑ ΓΙΑ ΑΝΟΙΚΤΕΣ Ή ΑΡΘΡΟΣΚΟΠΙΚΕΣ ΕΠΕΜΒΑΣΕΙΣ,Therapeutic,60,195
A403289,ΑΝΑΙΣΘΗΣΙΑ ΓΙΑ ΑΝΟΙΚΤΕΣ Ή ΑΡΘΡΟΣΚΟΠΙΚΕΣ ΕΠΕΜΒΑΣΕΙΣ,Therapeutic,60,255
A403313,ΑΝΑΙΣΘΗΣΙΑ ΓΙΑ ΑΝΟΙΚΤΕΣ Ή ΑΡΘΡΟΣΚΟΠΙΚΕΣ ΕΠΕΜΒΑΣΕΙΣ,Therapeutic,60,315
A403317,ΑΝΑΙΣΘΗΣΙΑ ΓΙΑ ΑΝΟΙΚΤΕΣ Ή ΑΡΘΡΟΣΚΟΠΙΚΕΣ ΕΠΕΜΒΑΣΕΙΣ,Therapeutic,60,375
A403321,ΑΝΑΙΣΘΗΣΙΑ ΓΙΑ ΑΝΟΙΚΤΕΣ Ή ΑΡΘΡΟΣΚΟΠΙΚΕΣ ΕΠΕΜΒΑΣΕΙΣ,Therapeutic,60,135
A403341,ΑΝΑΙΣΘΗΣΙΑ ΓΙΑ ΕΠΕΜΒΑΣΕΙΣ ΠΟΥ ΑΦΟΡΟΥΝ ΤΙΣ ΑΡΤΗΡΙΕΣ,Therapeutic,60,135
A403345,ΑΝΑΙΣΘΗΣΙΑ ΓΙΑ ΕΠΕΜΒΑΣΕΙΣ ΠΟΥ ΑΦΟΡΟΥΝ ΤΙΣ ΑΡΤΗΡΙΕΣ,Therapeutic,60,195
A403361,ΑΝΑΙΣΘΗΣΙΑ ΓΙΑ ΕΠΕΜΒΑΣΕΙΣ ΠΟΥ ΑΦΟΡΟΥΝ ΤΙΣ ΦΛΕΒΕΣ Τ,Therapeutic,60,135
A403365,ΑΝΑΙΣΘΗΣΙΑ ΓΙΑ ΕΠΕΜΒΑΣΕΙΣ ΠΟΥ ΑΦΟΡΟΥΝ ΤΙΣ ΦΛΕΒΕΣ Τ,Therapeutic,60,195
A403421,"ΑΝΑΙΣΘΗΣΙΑ ΓΙΑ ΕΠΕΜΒΑΣΕΙΣ ΠΟΥ ΑΦΟΡΟΥΝ ΝΕΥΡΑ, ΜΥΕΣ,",Therapeutic,60,135
A403441,ΑΝΑΙΣΘΗΣΙΑ ΓΙΑ ΟΛΟΥΣ ΤΟΥΣ ΧΕΙΡΙΣΜΟΥΣ ΠΟΥ ΑΦΟΡΟΥΝ Τ,Therapeutic,60,135
A403459,ΑΝΑΙΣΘΗΣΙΑ ΓΙΑ ΔΙΑΓΝΩΣΤΙΚΕΣ ΕΠΕΜΒΑΣΕΙΣ ΑΡΘΡΟΣΚΟΠΗΣ,Therapeutic,90,405
A403461,ΑΝΑΙΣΘΗΣΙΑ ΓΙΑ ΑΝΟΙΚΤΕΣ Ή ΑΡΘΡΟΣΚΟΠΙΚΕΣ ΕΠΕΜΒΑΣΕΙΣ,Therapeutic,60,135
A403465,ΑΝΑΙΣΘΗΣΙΑ ΓΙΑ ΑΝΟΙΚΤΕΣ Ή ΑΡΘΡΟΣΚΟΠΙΚΕΣ ΕΠΕΜΒΑΣΕΙΣ,Therapeutic,60,195
A403481,ΑΝΑΙΣΘΗΣΙΑ ΓΙΑ ΕΠΕΜΒΑΣΕΙΣ ΠΟΥ ΑΦΟΡΟΥΝ ΤΙΣ ΑΡΤΗΡΙΕΣ,Therapeutic,60,135
A403485,ΑΝΑΙΣΘΗΣΙΑ ΓΙΑ ΕΠΕΜΒΑΣΕΙΣ ΠΟΥ ΑΦΟΡΟΥΝ ΤΙΣ ΑΡΤΗΡΙΕΣ,Therapeutic,60,195
A403489,ΑΝΑΙΣΘΗΣΙΑ ΓΙΑ ΑΓΓΕΙΑΚΗ ΠΑΡΑΚΑΜΨΗ Ή ΑΝΑΘΕΩΡΗΣΗ ΤΗΣ,Therapeutic,60,255
A403501,ΑΝΑΙΣΘΗΣΙΑ ΓΙΑ ΕΠΕΜΒΑΣΕΙΣ ΠΟΥ ΑΦΟΡΟΥΝ ΤΙΣ ΦΛΕΒΕΣ Τ,Therapeutic,60,135
A403505,ΑΝΑΙΣΘΗΣΙΑ ΓΙΑ ΕΠΕΜΒΑΣΕΙΣ ΠΟΥ ΑΦΟΡΟΥΝ ΤΙΣ ΦΛΕΒΕΣ Τ,Therapeutic,60,195
A403521,"ΑΝΑΙΣΘΗΣΙΑ ΓΙΑ ΕΦΑΡΜΟΓΗ, ΑΦΑΙΡΕΣΗ Ή ΕΠΑΝΑΤΟΠΟΘΕΤΗΣ",Therapeutic,60,135
A403633,ΑΝΑΙΣΘΗΣΙΑ ΓΙΑ ΔΙΑΓΝΩΣΤΙΚΗ ΑΡΤΗΡΙΟΓΡΑΦΙΑ/ΦΛΕΒΟΓΡΑΦ,Therapeutic,60,315
A403641,"ΑΝΑΙΣΘΗΣΙΑ ΓΙΑ ΚΑΘΕΤΗΡΙΑΣΜΟ ΚΑΡΔΙΑΣ, ΣΥΜΠΕΡΙΛΑΜΒΑΝ",Therapeutic,60,135
A403645,ΑΝΑΙΣΘΗΣΙΑ ΓΙΑ ΜΗ ΕΠΕΜΒΑΤΙΚΗ ΑΠΕΙΚΟΝΙΣΗ Ή ΘΕΡΑΠΕΙΑ,Therapeutic,60,195
A403649,ΑΝΑΙΣΘΗΣΙΑ ΓΙΑ ΘΕΡΑΠΕΥΤΙΚΕΣ ΕΠΕΜΒΑΤΙΚΕΣ ΑΚΤΙΝΟΛΟΓΙ,Therapeutic,60,255
A403651,ΑΝΑΙΣΘΗΣΙΑ ΓΙΑ ΘΕΡΑΠΕΥΤΙΚΕΣ ΕΠΕΜΒΑΤΙΚΕΣ ΑΚΤΙΝΟΛΟΓΙ,Therapeutic,90,285
A403653,ΑΝΑΙΣΘΗΣΙΑ ΓΙΑ ΘΕΡΑΠΕΥΤΙΚΕΣ ΕΠΕΜΒΑΤΙΚΕΣ ΑΚΤΙΝΟΛΟΓΙ,Therapeutic,60,315
A403661,ΑΝΑΙΣΘΗΣΙΑ ΓΙΑ ΘΕΡΑΠΕΥΤΙΚΕΣ ΕΠΕΜΒΑΤΙΚΕΣ ΑΚΤΙΝΟΛΟΓΙ,Therapeutic,60,135
A403663,ΑΝΑΙΣΘΗΣΙΑ ΓΙΑ ΘΕΡΑΠΕΥΤΙΚΕΣ ΕΠΕΜΒΑΤΙΚΕΣ ΑΚΤΙΝΟΛΟΓΙ,Therapeutic,90,165
A403665,ΑΝΑΙΣΘΗΣΙΑ ΓΙΑ ΘΕΡΑΠΕΥΤΙΚΕΣ ΕΠΕΜΒΑΤΙΚΕΣ ΑΚΤΙΝΟΛΟΓΙ,Therapeutic,60,195
A403667,ΑΝΑΙΣΘΗΣΙΑ ΓΙΑ ΘΕΡΑΠΕΥΤΙΚΕΣ ΕΠΕΜΒΑΤΙΚΕΣ ΑΚΤΙΝΟΛΟΓΙ,Therapeutic,90,225
A403671,ΑΝΑΙΣΘΗΣΙΑ ΓΙΑ ΔΙΑΔΕΡΜΙΚΕΣ ΕΠΕΜΒΑΣΕΙΣ ΑΠΕΙΚΟΝΙΣΤΙΚ,Therapeutic,90,285
A403673,ΑΝΑΙΣΘΗΣΙΑ ΓΙΑ ΔΙΑΔΕΡΜΙΚΕΣ ΕΠΕΜΒΑΣΕΙΣ ΑΠΕΙΚΟΝΙΣΤΙΚ,Therapeutic,60,315
A403703,ΑΝΑΙΣΘΗΣΙΑ ΓΙΑ ΕΚΤΟΜΗ ΚΑΙ ΧΕΙΡΟΥΡΓΙΚΟ ΚΑΘΑΡΙΣΜΟ ΕΓ,Therapeutic,90,165
A403705,ΑΝΑΙΣΘΗΣΙΑ ΓΙΑ ΕΚΤΟΜΗ ΚΑΙ ΧΕΙΡΟΥΡΓΙΚΟ ΚΑΘΑΡΙΣΜΟ ΕΓ,Therapeutic,60,195
A403707,ΑΝΑΙΣΘΗΣΙΑ ΓΙΑ ΕΚΤΟΜΗ ΚΑΙ ΧΕΙΡΟΥΡΓΙΚΟ ΚΑΘΑΡΙΣΜΟ ΕΓ,Therapeutic,90,225
A403717,ΑΝΑΙΣΘΗΣΙΑ ΓΙΑ ΔΙΑΔΙΚΑΣΙΑ ΕΞΩΤΕΡΙΚΗΣ ΚΕΦΑΛΙΚΗΣ ΣΤΡ,Therapeutic,60,375
A403721,ΑΝΑΙΣΘΗΣΙΑ ΑΠΟΚΛΕΙΣΤΙΚΑ ΓΙΑ ΚΟΛΠΙΚΟ ΤΟΚΕΤΟ,Therapeutic,60,135
A403723,ΑΝΑΙΣΘΗΣΙΑ ΑΠΟΚΛΕΙΣΤΙΚΑ ΓΙΑ ΚΑΙΣΑΡΙΚΗ ΤΟΜΗ,Therapeutic,90,165
A403725,ΑΝΑΙΣΘΗΣΙΑ ΓΙΑ ΕΠΕΙΓΟΥΣΑ ΥΣΤΕΡΕΚΤΟΜΗ ΚΑΤΟΠΙΝ ΤΟΚΕΤ,Therapeutic,60,195
A403727,ΑΝΑΙΣΘΗΣΙΑ ΓΙΑ ΚΑΙΣΑΡΙΚΗ ΥΣΤΕΡΕΚΤΟΜΗ ΧΩΡΙΣ ΚΥΗΣΗ Φ,Therapeutic,90,225
A403731,ΑΝΑΙΣΘΗΣΙΑ ΓΙΑ ΕΠΕΜΒΑΣΕΙΣ ΑΤΕΛΟΥΣ Ή ΠΑΛΙΝΔΡΟΜΗΣ ΑΠ,Therapeutic,90,285
A403733,ΑΝΑΙΣΘΗΣΙΑ ΓΙΑ ΕΠΕΜΒΑΣΕΙΣ ΠΡΟΚΛΗΤΗΣ ΕΚΤΡΩΣΗΣ,Therapeutic,60,315
A403735,ΝΕΥΡΑΞΟΝΙΚΗ ΑΝΑΛΓΗΣΙΑ ΓΙΑ ΤΟΝ ΚΥΗΣΗ/ΑΝΑΙΣΘΗΣΙΑ ΓΙΑ,Therapeutic,90,345
A403737,ΑΝΑΙΣΘΗΣΙΑ ΓΙΑ ΚΑΙΣΑΡΙΚΗ ΤΟΜΗ ΠΟΥ ΑΚΟΛΟΥΘΕΙ ΝΕΥΡΑΞ,Therapeutic,60,375
A403739,ΑΝΑΙΣΘΗΣΙΑ ΓΙΑ ΚΑΙΣΑΡΙΚΗ ΥΣΤΕΡΕΚΤΟΜΗ ΠΟΥ ΑΚΟΛΟΥΘΕΙ,Therapeutic,90,405
A403781,ΦΥΣΙΟΛΟΓΙΚΗ ΥΠΟΣΤΗΡΙΞΗ ΓΙΑ ΤΗ ΣΥΛΛΟΓΗ ΤΟΥ(ΤΩΝ) ΟΡΓ,Therapeutic,60,135
A403783,ΑΝΑΙΣΘΗΣΙΑ ΓΙΑ ΔΙΑΓΝΩΣΤΙΚΑ Ή ΘΕΡΑΠΕΥΤΙΚΟΥΣ ΝΕΥΡΙΚΟ,Therapeutic,90,165
A403785,ΑΝΑΙΣΘΗΣΙΑ ΓΙΑ ΔΙΑΓΝΩΣΤΙΚΑ Ή ΘΕΡΑΠΕΥΤΙΚΟΥΣ ΝΕΥΡΙΚΟ,Therapeutic,60,195
A403793,ΑΝΕΝΕΡΓΟΣ,Therapeutic,60,315
A403799,ΜΗ ΚΑΤΑΓΕΓΡΑΜΜΕΝΗ(ΕΣ) ΔΙΑΔΙΚΑΣΙΑ(ΕΣ) ΑΝΑΙΣΘΗΣΙΑΣ,Therapeutic,90,405
X600001,ΑΝΑΡΡΟΦΗΣΗ ΜΕ ΛΕΠΤΗ ΒΕΛΟΝΗ· ΧΩΡΙΣ ΟΠΤΙΚΗ ΚΑΘΟΔΗΓΗΣ,Surgical,80,530
X600003,ΑΝΑΡΡΟΦΗΣΗ ΜΕ ΛΕΠΤΗ ΒΕΛΟΝΗ· ΜΕ ΟΠΤΙΚΗ ΚΑΘΟΔΗΓΗΣΗ,Surgical,120,690
X600039,"ΧΕΙΡΟΥΡΓΙΚΗ ΑΚΜΗΣ (Π.Χ., ΜΑΡΣΙΠΟΠΟΙΗΣΗ, ΔΙΑΝΟΙΞΗ Ή",Surgical,240,2020
X600079,ΤΟΜΗ ΚΑΙ ΠΑΡΟΧΕΤΕΥΣΗ ΑΠΟΣΤΗΜΑΤΟΣ (Π.Χ. ΨΕΥΔΑΝΘΡΑΚΑ,Surgical,80,770
X600081,ΤΟΜΗ ΚΑΙ ΠΑΡΟΧΕΤΕΥΣΗ ΑΠΟΣΤΗΜΑΤΟΣ (Π.Χ. ΨΕΥΔΑΝΘΡΑΚΑ,Surgical,120,930
X600119,ΤΟΜΗ ΚΑΙ ΠΑΡΟΧΕΤΕΥΣΗ ΚΥΣΤΗΣ ΚΟΚΚΥΓΟΣ· ΑΠΛΗ,Surgical,160,1970
X600121,ΤΟΜΗ ΚΑΙ ΠΑΡΟΧΕΤΕΥΣΗ ΚΥΣΤΗΣ ΚΟΚΚΥΓΟΣ· ΣΥΝΘΕΤΗ,Surgical,80,2130
X600199,"ΤΟΜΗ ΚΑΙ ΑΦΑΙΡΕΣΗ ΞΕΝΟΥ ΣΩΜΑΤΟΣ, ΥΠΟΔΟΡΙΟΙ ΙΣΤΟΙ· ",Surgical,240,2820
X600201,"ΤΟΜΗ ΚΑΙ ΑΦΑΙΡΕΣΗ ΞΕΝΟΥ ΣΩΜΑΤΟΣ, ΥΠΟΔΟΡΙΟΙ ΙΣΤΟΙ· ",Surgical,150,980
X600239,"ΤΟΜΗ ΚΑΙ ΠΑΡΟΧΕΤΕΥΣΗ ΑΙΜΑΤΩΜΑΤΟΣ, ΣΥΛΛΟΓΗΣ ΟΡΟΥ Ή ",Surgical,160,1570
X600279,"ΑΝΑΡΡΟΦΗΣΗ ΜΕ ΠΑΡΑΚΕΝΤΗΣΗ ΑΠΟΣΤΗΜΑΤΟΣ, ΑΙΜΑΤΩΜΑΤΟΣ",Surgical,120,770
X600319,"ΤΟΜΗ ΚΑΙ ΠΑΡΟΧΕΤΕΥΣΗ, ΣΥΝΘΕΤΗ, ΜΟΛΥΝΣΗ ΜΕΤΕΓΧΕΙΡΗΤ",Surgical,80,1970
X601959,ΑΝΕΝΕΡΓΟΣ,Surgical,160,1170
X601961,ΑΝΕΝΕΡΓΟΣ,Surgical,80,1330
X601967,"ΧΕΙΡΟΥΡΓΙΚΟΣ ΚΑΘΑΡΙΣΜΟΣ ΤΟΥ ΔΕΡΜΑΤΟΣ, ΥΠΟΔΟΡΙΟΥ ΙΣ",Surgical,80,1810
X601969,"ΧΕΙΡΟΥΡΓΙΚΟΣ ΚΑΘΑΡΙΣΜΟΣ ΤΟΥ ΔΕΡΜΑΤΟΣ, ΥΠΟΔΟΡΙΟΥ ΙΣ",Surgical,120,1970
X601971,"ΧΕΙΡΟΥΡΓΙΚΟΣ ΚΑΘΑΡΙΣΜΟΣ ΤΟΥ ΔΕΡΜΑΤΟΣ, ΥΠΟΔΟΡΙΟΥ ΙΣ",Surgical,160,2130
X601975,ΑΦΑΙΡΕΣΗ ΠΡΟΣΘΕΤΙΚΟΥ ΥΛΙΚΟΥ Ή ΠΛΕΓΜΑΤΟΣ ΚΟΙΛΙΑΚΟΥ ,Surgical,120,900
X601979,ΧΕΙΡΟΥΡΓΙΚΟΣ ΚΑΘΑΡΙΣΜΟΣ ΣΥΜΠΕΡΙΛΑΜΒΑΝΟΜΕΝΗΣ ΤΗΣ ΑΦ,Surgical,240,1220
X601981,ΧΕΙΡΟΥΡΓΙΚΟΣ ΚΑΘΑΡΙΣΜΟΣ ΣΥΜΠΕΡΙΛΑΜΒΑΝΟΜΕΝΗΣ ΤΗΣ ΑΦ,Surgical,150,1380
X601983,ΧΕΙΡΟΥΡΓΙΚΟΣ ΚΑΘΑΡΙΣΜΟΣ ΣΥΜΠΕΡΙΛΑΜΒΑΝΟΜΕΝΗΣ ΤΗΣ ΑΦ,Surgical,210,1540
X602039,"ΧΕΙΡΟΥΡΓΙΚΟΣ ΚΑΘΑΡΙΣΜΟΣ· ΔΕΡΜΑ, ΜΕΡΙΚΟ ΠΑΧΟΣ",Surgical,120,1570
X602041,"ΧΕΙΡΟΥΡΓΙΚΟΣ ΚΑΘΑΡΙΣΜΟΣ· ΔΕΡΜΑ, ΟΛΙΚΟ ΠΑΧΟ",Surgical,160,1730
X602043,"ΧΕΙΡΟΥΡΓΙΚΟΣ ΚΑΘΑΡΙΣΜΟΣ· ΔΕΡΜΑ, ΚΑΙ ΥΠΟΔΟΡΙΟΣ ΙΣΤΟ",Surgical,80,1890
X602045,"ΧΕΙΡΟΥΡΓΙΚΟΣ ΚΑΘΑΡΙΣΜΟΣ· ΔΕΡΜΑ, ΥΠΟΔΟΡΙΟΣ ΙΣΤΟΣ, Κ",Surgical,120,2050
X602047,"ΧΕΙΡΟΥΡΓΙΚΟΣ ΚΑΘΑΡΙΣΜΟΣ· ΔΕΡΜΑ, ΥΠΟΔΟΡΙΟΣ ΙΣΤΟΣ, Μ",Surgical,160,2210
X602069,ΑΠΟΞΕΣΗ Ή ΕΚΤΟΜΗ ΚΑΛΟΗΘΟΥΣ ΥΠΕΡΚΕΡΑΤΩΣΙΚΗΣ ΒΛΑΒΗΣ ,Surgical,240,2420
X602071,ΑΠΟΞΕΣΗ Ή ΕΚΤΟΜΗ ΚΑΛΟΗΘΟΥΣ ΥΠΕΡΚΕΡΑΤΩΣΙΚΗΣ ΒΛΑΒΗΣ ,Surgical,150,2580
X602073,ΑΠΟΞΕΣΗ Ή ΕΚΤΟΜΗ ΚΑΛΟΗΘΟΥΣ ΥΠΕΡΚΕΡΑΤΩΣΙΚΗΣ ΒΛΑΒΗΣ ,Surgical,210,2740
X602159,"ΒΙΟΨΙΑ ΔΕΡΜΑΤΟΣ, ΥΠΟΔΟΡΙΟΥ ΙΣΤΟΥ ΚΑΙ/Ή ΒΛΕΝΝΟΓΟΝΟΥ",Surgical,120,1170
X602161,"ΒΙΟΨΙΑ ΔΕΡΜΑΤΟΣ, ΥΠΟΔΟΡΙΟΥ ΙΣΤΟΥ ΚΑΙ/Ή ΒΛΕΝΝΟΓΟΝΟΥ",Surgical,160,1330
X602359,ΑΦΑΙΡΕΣΗ ΠΟΛΛΑΠΛΩΝ ΑΚΡΟΧΟΡΔΟΝΩΝ ΚΑΘΕ ΠΕΡΙΟΧΗ· ΜΕΧΡ,Surgical,240,1620
X602361,ΑΦΑΙΡΕΣΗ ΠΟΛΛΑΠΛΩΝ ΑΚΡΟΧΟΡΔΟΝΩΝ. ΓΙΑ ΚΑΘΕ ΕΠΙΠΛΕΟΝ,Surgical,150,1780
X602559,"ΑΠΟΞΕΣΗ ΕΠΙΔΕΡΜΙΚΗΣ Ή ΔΕΡΜΑΤΙΚΗΣ ΒΛΑΒΗΣ, ΜΙΑ ΒΛΑΒΗ",Surgical,80,1170
X602561,"ΑΠΟΞΕΣΗ ΕΠΙΔΕΡΜΙΚΗΣ Ή ΔΕΡΜΑΤΙΚΗΣ ΒΛΑΒΗΣ, ΜΙΑ ΒΛΑΒΗ",Surgical,120,1330
X602563,"ΑΠΟΞΕΣΗ ΕΠΙΔΕΡΜΙΚΗΣ Ή ΔΕΡΜΑΤΙΚΗΣ ΒΛΑΒΗΣ, ΜΙΑ ΒΛΑΒΗ",Surgical,160,1490
X602565,"ΑΠΟΞΕΣΗ ΕΠΙΔΕΡΜΙΚΗΣ Ή ΔΕΡΜΑΤΙΚΗΣ ΒΛΑΒΗΣ, ΜΙΑ ΒΛΑΒΗ",Surgical,80,1650
X602569,"ΑΠΟΞΕΣΗ ΕΠΙΔΕΡΜΙΚΗΣ Ή ΔΕΡΜΑΤΙΚΗΣ ΒΛΑΒΗΣ, ΜΙΑ ΒΛΑΒΗ",Surgical,160,1970
X602571,"ΑΠΟΞΕΣΗ ΕΠΙΔΕΡΜΙΚΗΣ Ή ΔΕΡΜΑΤΙΚΗΣ ΒΛΑΒΗΣ, ΜΙΑ ΒΛΑΒΗ",Surgical,80,2130
X602573,"ΑΠΟΞΕΣΗ ΕΠΙΔΕΡΜΙΚΗΣ Ή ΔΕΡΜΑΤΙΚΗΣ ΒΛΑΒΗΣ, ΜΙΑ ΒΛΑΒΗ",Surgical,120,2290
X602575,"ΑΠΟΞΕΣΗ ΕΠΙΔΕΡΜΙΚΗΣ Ή ΔΕΡΜΑΤΙΚΗΣ ΒΛΑΒΗΣ, ΜΙΑ ΒΛΑΒΗ",Surgical,160,450
X602579,"ΑΠΟΞΕΣΗ ΕΠΙΔΕΡΜΙΚΗΣ Ή ΔΕΡΜΑΤΙΚΗΣ ΒΛΑΒΗΣ, ΜΙΑ ΒΛΑΒΗ",Surgical,120,770
X602581,"ΑΠΟΞΕΣΗ ΕΠΙΔΕΡΜΙΚΗΣ Ή ΔΕΡΜΑΤΙΚΗΣ ΒΛΑΒΗΣ, ΜΙΑ ΒΛΑΒΗ",Surgical,160,930
X602583,"ΑΠΟΞΕΣΗ ΕΠΙΔΕΡΜΙΚΗΣ Ή ΔΕΡΜΑΤΙΚΗΣ ΒΛΑΒΗΣ, ΜΙΑ ΒΛΑΒΗ",Surgical,80,1090
X602585,"ΑΠΟΞΕΣΗ ΕΠΙΔΕΡΜΙΚΗΣ Ή ΔΕΡΜΑΤΙΚΗΣ ΒΛΑΒΗΣ, ΜΙΑ ΒΛΑΒΗ",Surgical,120,1250
X602759,"ΕΚΤΟΜΗ, ΚΑΛΟΗΘΗΣ ΒΛΑΒΗ ΕΠΙ ΥΓΕΙΩΝ ΟΡΙΩΝ, ΕΚΤΟΣ ΑΚΡ",Surgical,240,1620
X602761,"ΕΚΤΟΜΗ, ΚΑΛΟΗΘΗΣ ΒΛΑΒΗ ΕΠΙ ΥΓΕΙΩΝ ΟΡΙΩΝ, ΕΚΤΟΣ ΑΚΡ",Surgical,150,1780
X602763,"ΕΚΤΟΜΗ, ΚΑΛΟΗΘΗΣ ΒΛΑΒΗ ΕΠΙ ΥΓΕΙΩΝ ΟΡΙΩΝ, ΕΚΤΟΣ ΑΚΡ",Surgical,210,1940
X602765,"ΕΚΤΟΜΗ, ΚΑΛΟΗΘΗΣ ΒΛΑΒΗ ΕΠΙ ΥΓΕΙΩΝ ΟΡΙΩΝ, ΕΚΤΟΣ ΑΚΡ",Surgical,120,2100
X602767,"ΕΚΤΟΜΗ, ΚΑΛΟΗΘΗΣ ΒΛΑΒΗ ΕΠΙ ΥΓΕΙΩΝ ΟΡΙΩΝ, ΕΚΤΟΣ ΑΚΡ",Surgical,180,2260
X602771,"ΕΚΤΟΜΗ, ΚΑΛΟΗΘΗΣ ΒΛΑΒΗ ΕΠΙ ΥΓΕΙΩΝ ΟΡΙΩΝ, ΕΚΤΟΣ ΑΚΡ",Surgical,150,2580
X602799,"ΕΚΤΟΜΗ, ΚΑΛΟΗΘΗΣ ΒΛΑΒΗ ΕΠΙ ΥΓΕΙΩΝ ΟΡΙΩΝ, ΕΚΤΟΣ ΑΚΡ",Surgical,240,2820
X602801,"ΕΚΤΟΜΗ, ΚΑΛΟΗΘΗΣ ΒΛΑΒΗ ΕΠΙ ΥΓΕΙΩΝ ΟΡΙΩΝ, ΕΚΤΟΣ ΑΚΡ",Surgical,150,980
X602803,"ΕΚΤΟΜΗ, ΚΑΛΟΗΘΗΣ ΒΛΑΒΗ ΕΠΙ ΥΓΕΙΩΝ ΟΡΙΩΝ, ΕΚΤΟΣ ΑΚΡ",Surgical,210,1140
X602805,"ΕΚΤΟΜΗ, ΚΑΛΟΗΘΗΣ ΒΛΑΒΗ ΕΠΙ ΥΓΕΙΩΝ ΟΡΙΩΝ, ΕΚΤΟΣ ΑΚΡ",Surgical,120,1300
X602807,"ΕΚΤΟΜΗ, ΚΑΛΟΗΘΗΣ ΒΛΑΒΗ ΕΠΙ ΥΓΕΙΩΝ ΟΡΙΩΝ, ΕΚΤΟΣ ΑΚΡ",Surgical,180,1460
X602811,"ΕΚΤΟΜΗ, ΚΑΛΟΗΘΗΣ ΒΛΑΒΗ ΕΠΙ ΥΓΕΙΩΝ ΟΡΙΩΝ, ΕΚΤΟΣ ΑΚΡ",Surgical,150,1780
X602839,"ΕΚΤΟΜΗ, ΑΛΛΗ ΚΑΛΟΗΘΗΣ ΒΛΑΒΗ ΕΠΙ ΥΓΕΙΩΝ ΟΡΙΩΝ, ΕΚΤΟ",Surgical,240,2020
X602841,"ΕΚΤΟΜΗ, ΑΛΛΗ ΚΑΛΟΗΘΗΣ ΒΛΑΒΗ ΕΠΙ ΥΓΕΙΩΝ ΟΡΙΩΝ, ΕΚΤΟ",Surgical,150,2180
X602843,"ΕΚΤΟΜΗ, ΑΛΛΗ ΚΑΛΟΗΘΗΣ ΒΛΑΒΗ ΕΠΙ ΥΓΕΙΩΝ ΟΡΙΩΝ, ΕΚΤΟ",Surgical,210,2340
X602845,"ΕΚΤΟΜΗ, ΑΛΛΗ ΚΑΛΟΗΘΗΣ ΒΛΑΒΗ ΕΠΙ ΥΓΕΙΩΝ ΟΡΙΩΝ, ΕΚΤΟ",Surgical,120,2500
X602847,"ΕΚΤΟΜΗ, ΑΛΛΗ ΚΑΛΟΗΘΗΣ ΒΛΑΒΗ ΕΠΙ ΥΓΕΙΩΝ ΟΡΙΩΝ, ΕΚΤΟ",Surgical,180,2660
X602851,"ΕΚΤΟΜΗ, ΑΛΛΗ ΚΑΛΟΗΘΗΣ ΒΛΑΒΗ ΕΠΙ ΥΓΕΙΩΝ ΟΡΙΩΝ, ΕΚΤΟ",Surgical,150,980
X602859,ΕΚΤΟΜΗ ΔΕΡΜΑΤΟΣ ΚΑΙ ΥΠΟΔΟΡΙΟΥ ΙΣΤΟΥ ΓΙΑ ΙΔΡΩΤΑΔΕΝΙ,Surgical,240,1620
X602861,ΕΚΤΟΜΗ ΔΕΡΜΑΤΟΣ ΚΑΙ ΥΠΟΔΟΡΙΟΥ ΙΣΤΟΥ ΓΙΑ ΙΔΡΩΤΑΔΕΝΙ,Surgical,150,1780
X602883,ΕΚΤΟΜΗ ΔΕΡΜΑΤΟΣ ΚΑΙ ΥΠΟΔΟΡΙΟΥ ΙΣΤΟΥ ΓΙΑ ΙΔΡΩΤΑΔΕΝΙ,Surgical,210,1540
X602885,ΕΚΤΟΜΗ ΔΕΡΜΑΤΟΣ ΚΑΙ ΥΠΟΔΟΡΙΟΥ ΙΣΤΟΥ ΓΙΑ ΙΔΡΩΤΑΔΕΝΙ,Surgical,120,1700
X602899,ΕΚΤΟΜΗ ΔΕΡΜΑΤΟΣ ΚΑΙ ΥΠΟΔΟΡΙΟΥ ΙΣΤΟΥ ΓΙΑ ΙΔΡΩΤΑΔΕΝΙ,Surgical,240,2820
X602901,ΕΚΤΟΜΗ ΔΕΡΜΑΤΟΣ ΚΑΙ ΥΠΟΔΟΡΙΟΥ ΙΣΤΟΥ ΓΙΑ ΙΔΡΩΤΑΔΕΝΙ,Surgical,150,980
X603159,"ΕΚΤΟΜΗ, ΚΑΚΟΗΘΗΣ ΒΛΑΒΗ ΕΠΙ ΥΓΕΙΩΝ ΟΡΙΩΝ, ΚΟΡΜΟΣ, Α",Surgical,240,1620
X603161,"ΕΚΤΟΜΗ, ΚΑΚΟΗΘΗΣ ΒΛΑΒΗ ΕΠΙ ΥΓΕΙΩΝ ΟΡΙΩΝ, ΚΟΡΜΟΣ, Α",Surgical,150,1780
X603163,"ΕΚΤΟΜΗ, ΚΑΚΟΗΘΗΣ ΒΛΑΒΗ ΕΠΙ ΥΓΕΙΩΝ ΟΡΙΩΝ, ΚΟΡΜΟΣ, Α",Surgical,210,1940
X603165,"ΕΚΤΟΜΗ, ΚΑΚΟΗΘΗΣ ΒΛΑΒΗ ΕΠΙ ΥΓΕΙΩΝ ΟΡΙΩΝ, ΚΟΡΜΟΣ, Α",Surgical,120,2100
X603167,"ΕΚΤΟΜΗ, ΚΑΚΟΗΘΗΣ ΒΛΑΒΗ ΕΠΙ ΥΓΕΙΩΝ ΟΡΙΩΝ, ΚΟΡΜΟΣ, Α",Surgical,180,2260
X603171,"ΕΚΤΟΜΗ, ΚΑΚΟΗΘΗΣ ΒΛΑΒΗ ΕΠΙ ΥΓΕΙΩΝ ΟΡΙΩΝ, ΚΟΡΜΟΣ, Α",Surgical,150,2580
X603199,"ΕΚΤΟΜΗ, ΚΑΚΟΗΘΗΣ ΒΛΑΒΗ ΕΠΙ ΥΓΕΙΩΝ ΟΡΙΩΝ, ΚΡΑΝΙΟ, Α",Surgical,240,2820
X603201,"ΕΚΤΟΜΗ, ΚΑΚΟΗΘΗΣ ΒΛΑΒΗ ΕΠΙ ΥΓΕΙΩΝ ΟΡΙΩΝ, ΚΡΑΝΙΟ, Α",Surgical,150,980
X603203,"ΕΚΤΟΜΗ, ΚΑΚΟΗΘΗΣ ΒΛΑΒΗ ΕΠΙ ΥΓΕΙΩΝ ΟΡΙΩΝ, ΚΡΑΝΙΟ, Α",Surgical,210,1140
X603205,"ΕΚΤΟΜΗ, ΚΑΚΟΗΘΗΣ ΒΛΑΒΗ ΕΠΙ ΥΓΕΙΩΝ ΟΡΙΩΝ, ΚΡΑΝΙΟ, Α",Surgical,120,1300
X603207,"ΕΚΤΟΜΗ, ΚΑΚΟΗΘΗΣ ΒΛΑΒΗ ΕΠΙ ΥΓΕΙΩΝ ΟΡΙΩΝ, ΚΡΑΝΙΟ, Α",Surgical,180,1460
X603211,"ΕΚΤΟΜΗ, ΚΑΚΟΗΘΗΣ ΒΛΑΒΗ ΕΠΙ ΥΓΕΙΩΝ ΟΡΙΩΝ, ΚΡΑΝΙΟ, Α",Surgical,150,1780
X603239,"ΕΚΤΟΜΗ, ΚΑΚΟΗΘΗΣ ΒΛΑΒΗ ΕΠΙ ΥΓΕΙΩΝ ΟΡΙΩΝ, ΠΡΟΣΩΠΟ, ",Surgical,240,2020
X603241,"ΕΚΤΟΜΗ, ΚΑΚΟΗΘΗΣ ΒΛΑΒΗ ΕΠΙ ΥΓΕΙΩΝ ΟΡΙΩΝ, ΠΡΟΣΩΠΟ, ",Surgical,150,2180
X603243,"ΕΚΤΟΜΗ, ΚΑΚΟΗΘΗΣ ΒΛΑΒΗ ΕΠΙ ΥΓΕΙΩΝ ΟΡΙΩΝ, ΠΡΟΣΩΠΟ, ",Surgical,210,2340
X603245,"ΕΚΤΟΜΗ, ΚΑΚΟΗΘΗΣ ΒΛΑΒΗ ΕΠΙ ΥΓΕΙΩΝ ΟΡΙΩΝ, ΠΡΟΣΩΠΟ, ",Surgical,120,2500
X603247,"ΕΚΤΟΜΗ, ΚΑΚΟΗΘΗΣ ΒΛΑΒΗ ΕΠΙ ΥΓΕΙΩΝ ΟΡΙΩΝ, ΠΡΟΣΩΠΟ, ",Surgical,180,2660
X603251,"ΕΚΤΟΜΗ, ΚΑΚΟΗΘΗΣ ΒΛΑΒΗ ΕΠΙ ΥΓΕΙΩΝ ΟΡΙΩΝ, ΠΡΟΣΩΠΟ, ",Surgical,150,980
X603397,"ΚΟΠΗ ΜΗ ΔΥΣΤΡΟΦΙΚΩΝ ΝΥΧΙΩΝ, ΚΑΘΕ ΑΡΙΘΜΟΥ",Surgical,80,2210
X603399,ΧΕΙΡΟΥΡΓΙΚΟΣ ΚΑΘΑΡΙΣΜΟΣ ΝΥΧΙΟΥ(ΩΝ) ΜΕ ΚΑΘΕ ΜΕΘΟΔΟ(,Surgical,120,2370
X603401,ΧΕΙΡΟΥΡΓΙΚΟΣ ΚΑΘΑΡΙΣΜΟΣ ΝΥΧΙΟΥ(ΩΝ) ΜΕ ΚΑΘΕ ΜΕΘΟΔΟ(,Surgical,160,530
X603419,"ΟΝΥΧΕΚΤΟΜΗ, ΜΕΡΙΚΗ Ή ΟΛΙΚΗ, ΑΠΛΗ· ΠΡΩΤΗ",Surgical,240,2420
X603423,"ΟΝΥΧΕΚΤΟΜΗ, ΜΕΡΙΚΗ Ή ΟΛΙΚΗ, ΑΠΛΗ· ΚΑΘΕ ΕΠΙΠΛΕΟΝ ΟΝ",Surgical,210,2740
X603439,ΕΚΚΕΝΩΣΗ ΥΠΩΝΥΧΙΟΥ ΑΙΜΑΤΩΜΑΤΟΣ,Surgical,80,1570
X603459,"ΟΝΥΧΕΚΤΟΜΗ ΣΥΜΠΕΡΙΛΑΜΒΑΝΟΜΕΝΗΣ ΤΗΣ ΜΗΤΡΑΣ, ΜΕΡΙΚΗ ",Surgical,240,1620
X603463,"ΟΝΥΧΕΚΤΟΜΗ ΣΥΜΠΕΡΙΛΑΜΒΑΝΟΜΕΝΗΣ ΤΗΣ ΜΗΤΡΑΣ, ΜΕΡΙΚΗ ",Surgical,210,1940
X603469,"ΒΙΟΨΙΑ ΤΜΗΜΑΤΟΣ ΝΥΧΙΟΥ (Π.Χ. ΠΛΑΚΑ, ΚΟΙΤΗ, ΜΗΤΡΑ, ",Surgical,80,1970
X603479,ΑΠΟΚΑΤΑΣΤΑΣΗ ΚΟΙΤΗΣ ΝΥΧΙΟΥ,Surgical,160,770
X603483,ΑΝΑΠΛΑΣΗ ΚΟΙΤΗΣ ΝΥΧΙΟΥ ΜΕ ΜΟΣΧΕΥΜΑ,Surgical,120,1090
X603489,ΣΦΗΝΟΕΙΔΗΣ ΕΚΤΟΜΗ ΤΟΥ ΔΕΡΜΑΤΟΣ ΤΗΣ ΠΤΥΧΗΣ (Π.Χ. ΓΙ,Surgical,240,2020
X603499,ΕΚΤΟΜΗ ΚΥΣΤΗ ΚΟΚΚΥΓΟΣ Ή ΚΟΙΛΟΤΗΤΟΣ· ΑΠΛΗ,Surgical,240,2820
X603501,ΕΚΤΟΜΗ ΚΥΣΤΗ ΚΟΚΚΥΓΟΣ Ή ΚΟΙΛΟΤΗΤΟΣ· ΕΚΤΕΤΑΜΕΝΗ,Surgical,150,980
X603503,ΕΚΤΟΜΗ ΚΥΣΤΗ ΚΟΚΚΥΓΟΣ Ή ΚΟΙΛΟΤΗΤΟΣ· ΣΥΝΘΕΤΗ,Surgical,210,1140
X603759,"ΕΝΕΣΗ, ΕΝΔΟΒΛΑΒΙΚΗ· ΕΩΣ ΚΑΙ 7 ΒΛΑΒΕΣ",Surgical,120,1170
X603761,"ΕΝΕΣΗ, ΕΝΔΟΒΛΑΒΙΚΗ·ΑΝΩ ΤΩΝ 7 ΒΛΑΒΩΝ",Surgical,160,1330
X603799,"ΔΕΡΜΑΤΟΣΤΙΞΙΑ (ΤΑΤΟΥΑΖ), ΕΝΔΟΔΕΡΜΙΚΗ ΕΙΣΑΓΩΓΗ ΑΔΙΑ",Surgical,80,2370
X603801,"ΔΕΡΜΑΤΟΣΤΙΞΙΑ (ΤΑΤΟΥΑΖ), ΕΝΔΟΔΕΡΜΙΚΗ ΕΙΣΑΓΩΓΗ ΑΔΙΑ",Surgical,120,530
X603803,"ΔΕΡΜΑΤΟΣΤΙΞΙΑ (ΤΑΤΟΥΑΖ), ΕΝΔΟΔΕΡΜΙΚΗ ΕΙΣΑΓΩΓΗ ΑΔΙΑ",Surgical,160,690
X603859,ΥΠΟΔΟΡΙΑ ΕΝΕΣΗ ΥΛΙΚΟΥ ΠΛΗΡΩΣΕΩΣ (Π.Χ. ΚΟΛΛΑΓΟΝΟΥ) ,Surgical,80,1170
X603861,ΥΠΟΔΟΡΙΑ ΕΝΕΣΗ ΥΛΙΚΟΥ ΠΛΗΡΩΣΕΩΣ (Π.Χ. ΚΟΛΛΑΓΟΝΟΥ) ,Surgical,120,1330
X603863,ΥΠΟΔΟΡΙΑ ΕΝΕΣΗ ΥΛΙΚΟΥ ΠΛΗΡΩΣΕΩΣ (Π.Χ. ΚΟΛΛΑΓΟΝΟΥ) ,Surgical,160,1490
X603867,ΥΠΟΔΟΡΙΑ ΕΝΕΣΗ ΥΛΙΚΟΥ ΠΛΗΡΩΣΕΩΣ (Π.Χ. ΚΟΛΛΑΓΟΝΟΥ)·,Surgical,120,1810
X603879,ΕΙΣΑΓΩΓΗ ΔΙΑΣΤΟΛΕΑ(ΩΝ) ΙΣΤΩΝ ΓΙΑ ΠΕΡΙΠΤΩΣΕΙΣ ΕΚΤΟΣ,Surgical,120,770
X603899,ΑΝΤΙΚΑΤΑΣΤΑΣΗ ΤΟΥ ΔΙΑΣΤΟΛΕΑ ΙΣΤΩΝ ΜΕ ΜΟΝΙΜΟ ΕΜΦΥΤΕ,Surgical,160,2370
X603901,ΑΦΑΙΡΕΣΗ ΤΟΥ ΔΙΑΣΤΟΛΕΑ(ΩΝ) ΙΣΤΩΝ ΧΩΡΙΣ ΕΙΣΑΓΩΓΗ ΕΜ,Surgical,150,980
X603909,"ΕΙΣΑΓΩΓΗ, ΕΜΦΥΤΕΥΣΙΜΕΣ ΑΝΤΙΣΥΛΛΗΠΤΙΚΕΣ ΚΑΨΟΥΛΕΣ",Surgical,120,1170
X603911,"ΑΦΑΙΡΕΣΗ, ΕΜΦΥΤΕΥΣΙΜΕΣ ΑΝΤΙΣΥΛΛΗΠΤΙΚΕΣ ΚΑΨΟΥΛΕΣ",Surgical,150,1780
X603913,"ΑΦΑΙΡΕΣΗ ΜΕ ΕΚ ΝΕΟΥ ΕΙΣΑΓΩΓΗ, ΕΜΦΥΤΕΥΣΙΜΕΣ ΑΝΤΙΣΥΛ",Surgical,210,1940
X603919,ΥΠΟΔΟΡΙΑ ΕΜΦΥΤΕΥΣΗ ΔΙΣΚΙΟΥ ΟΡΜΟΝΩΝ (ΕΜΦΥΤΕΥΣΗ ΔΙΣΚ,Surgical,80,1970
X603921,"ΕΙΣΑΓΩΓΗ, ΜΗ-ΒΙΟΔΙΑΣΠΩΜΕΝΟ ΕΜΦΥΤΕΥΜΑ ΠΑΡΟΧΗΣ ΦΑΡΜΑ",Surgical,120,2130
X603923,"ΑΦΑΙΡΕΣΗ, ΜΗ-ΒΙΟΔΙΑΣΠΩΜΕΝΟ ΕΜΦΥΤΕΥΜΑ ΠΑΡΟΧΗΣ ΦΑΡΜΑ",Surgical,210,2740
X603925,"ΑΦΑΙΡΕΣΗ ΜΕ ΕΚ ΝΕΟΥ ΕΙΣΑΓΩΓΗ, ΜΗ-ΒΙΟΔΙΑΣΠΩΜΕΝΟ ΕΜΦ",Surgical,120,900
X603961,ΑΠΛΗ ΑΠΟΚΑΤΑΣΤΑΣΗ ΕΠΙΦΑΝΕΙΑΚΩΝ ΤΡΑΥΜΑΤΩΝ ΤΟΥ ΔΕΡΜΑ,Surgical,80,1330
X603963,ΑΠΛΗ ΑΠΟΚΑΤΑΣΤΑΣΗ ΕΠΙΦΑΝΕΙΑΚΩΝ ΤΡΑΥΜΑΤΩΝ ΤΟΥ ΔΕΡΜΑ,Surgical,120,1490
X603967,ΑΠΛΗ ΑΠΟΚΑΤΑΣΤΑΣΗ ΕΠΙΦΑΝΕΙΑΚΩΝ ΤΡΑΥΜΑΤΩΝ ΤΟΥ ΔΕΡΜΑ,Surgical,80,1810
X603969,ΑΠΛΗ ΑΠΟΚΑΤΑΣΤΑΣΗ ΕΠΙΦΑΝΕΙΑΚΩΝ ΤΡΑΥΜΑΤΩΝ ΤΟΥ ΔΕΡΜΑ,Surgical,120,1970
X603971,ΑΠΛΗ ΑΠΟΚΑΤΑΣΤΑΣΗ ΕΠΙΦΑΝΕΙΑΚΩΝ ΤΡΑΥΜΑΤΩΝ ΤΟΥ ΔΕΡΜΑ,Surgical,160,2130
X603973,ΑΠΛΗ ΑΠΟΚΑΤΑΣΤΑΣΗ ΕΠΙΦΑΝΕΙΑΚΩΝ ΤΡΑΥΜΑΤΩΝ ΤΟΥ ΔΕΡΜΑ,Surgical,80,2290
X603981,ΑΠΛΗ ΑΠΟΚΑΤΑΣΤΑΣΗ ΕΠΙΦΑΝΕΙΑΚΩΝ ΤΡΑΥΜΑΤΩΝ ΣΤΟ ΠΡΟΣΩ,Surgical,120,930
X603985,ΑΠΛΗ ΑΠΟΚΑΤΑΣΤΑΣΗ ΕΠΙΦΑΝΕΙΑΚΩΝ ΤΡΑΥΜΑΤΩΝ ΣΤΟ ΠΡΟΣΩ,Surgical,80,1250
X603987,ΑΠΛΗ ΑΠΟΚΑΤΑΣΤΑΣΗ ΕΠΙΦΑΝΕΙΑΚΩΝ ΤΡΑΥΜΑΤΩΝ ΣΤΟ ΠΡΟΣΩ,Surgical,120,1410
X603989,ΑΠΛΗ ΑΠΟΚΑΤΑΣΤΑΣΗ ΕΠΙΦΑΝΕΙΑΚΩΝ ΤΡΑΥΜΑΤΩΝ ΣΤΟ ΠΡΟΣΩ,Surgical,160,1570
X603991,ΑΠΛΗ ΑΠΟΚΑΤΑΣΤΑΣΗ ΕΠΙΦΑΝΕΙΑΚΩΝ ΤΡΑΥΜΑΤΩΝ ΣΤΟ ΠΡΟΣΩ,Surgical,80,1730
X603993,ΑΠΛΗ ΑΠΟΚΑΤΑΣΤΑΣΗ ΕΠΙΦΑΝΕΙΑΚΩΝ ΤΡΑΥΜΑΤΩΝ ΣΤΟ ΠΡΟΣΩ,Surgical,120,1890
X603995,ΑΠΛΗ ΑΠΟΚΑΤΑΣΤΑΣΗ ΕΠΙΦΑΝΕΙΑΚΩΝ ΤΡΑΥΜΑΤΩΝ ΣΤΟ ΠΡΟΣΩ,Surgical,160,2050
X603999,ΘΕΡΑΠΕΙΑ ΔΙΑΣΠΑΣΗΣ ΕΠΙΦΑΝΕΙΑΚΟΥ ΤΡΑΥΜΑΤΟΣ· ΑΠΛΗ ΣΥ,Surgical,120,2370
X604001,ΘΕΡΑΠΕΙΑ ΔΙΑΣΠΑΣΗΣ ΕΠΙΦΑΝΕΙΑΚΟΥ ΤΡΑΥΜΑΤΟΣ· ΜΕ ΕΠΙΔ,Surgical,80,530
X604021,"ΑΠΟΚΑΤΑΣΤΑΣΗ, ΜΕΣΑΙΑ, ΤΡΑΥΜΑΤΑ ΤΟΥ ΔΕΡΜΑΤΟΣ ΤΟΥ ΚΡ",Surgical,120,2130
X604023,"ΑΠΟΚΑΤΑΣΤΑΣΗ, ΜΕΣΑΙΑ, ΤΡΑΥΜΑΤΑ ΤΟΥ ΔΕΡΜΑΤΟΣ ΤΟΥ ΚΡ",Surgical,160,2290
X604027,"ΑΠΟΚΑΤΑΣΤΑΣΗ, ΜΕΣΑΙΑ, ΤΡΑΥΜΑΤΑ ΤΟΥ ΔΕΡΜΑΤΟΣ ΤΟΥ ΚΡ",Surgical,120,610
X604029,"ΑΠΟΚΑΤΑΣΤΑΣΗ, ΜΕΣΑΙΑ, ΤΡΑΥΜΑΤΑ ΤΟΥ ΔΕΡΜΑΤΟΣ ΤΟΥ ΚΡ",Surgical,160,770
X604031,"ΑΠΟΚΑΤΑΣΤΑΣΗ, ΜΕΣΑΙΑ, ΤΡΑΥΜΑΤΑ ΤΟΥ ΔΕΡΜΑΤΟΣ ΤΟΥ ΚΡ",Surgical,80,930
X604033,"ΑΠΟΚΑΤΑΣΤΑΣΗ, ΜΕΣΑΙΑ, ΤΡΑΥΜΑΤΑ ΤΟΥ ΔΕΡΜΑΤΟΣ ΤΟΥ ΚΡ",Surgical,120,1090
X604041,"ΑΠΟΚΑΤΑΣΤΑΣΗ, ΜΕΣΑΙΑ, ΤΡΑΥΜΑΤΑ ΑΥΧΕΝΑ, ΑΚΡΑΣ ΧΕΙΡΟ",Surgical,160,1730
X604043,"ΑΠΟΚΑΤΑΣΤΑΣΗ, ΜΕΣΑΙΑ, ΤΡΑΥΜΑΤΑ ΑΥΧΕΝΑ, ΑΚΡΑΣ ΧΕΙΡΟ",Surgical,80,1890
X604047,"ΑΠΟΚΑΤΑΣΤΑΣΗ, ΜΕΣΑΙΑ, ΤΡΑΥΜΑΤΑ ΑΥΧΕΝΑ, ΑΚΡΑΣ ΧΕΙΡΟ",Surgical,160,2210
X604049,"ΑΠΟΚΑΤΑΣΤΑΣΗ, ΜΕΣΑΙΑ, ΤΡΑΥΜΑΤΑ ΑΥΧΕΝΑ, ΑΚΡΑΣ ΧΕΙΡΟ",Surgical,80,2370
X604051,"ΑΠΟΚΑΤΑΣΤΑΣΗ, ΜΕΣΑΙΑ, ΤΡΑΥΜΑΤΑ ΑΥΧΕΝΑ, ΑΚΡΑΣ ΧΕΙΡΟ",Surgical,120,530
X604053,"ΑΠΟΚΑΤΑΣΤΑΣΗ, ΜΕΣΑΙΑ, ΤΡΑΥΜΑΤΑ ΑΥΧΕΝΑ, ΑΚΡΑΣ ΧΕΙΡΟ",Surgical,160,690
X604061,"ΑΠΟΚΑΤΑΣΤΑΣΗ, ΜΕΣΑΙΑ, ΤΡΑΥΜΑΤΑ ΠΡΟΣΩΠΟΥ, ΩΤΩΝ, ΒΛΕ",Surgical,80,1330
X604063,"ΑΠΟΚΑΤΑΣΤΑΣΗ, ΜΕΣΑΙΑ, ΤΡΑΥΜΑΤΑ ΠΡΟΣΩΠΟΥ, ΩΤΩΝ, ΒΛΕ",Surgical,120,1490
X604065,"ΑΠΟΚΑΤΑΣΤΑΣΗ, ΜΕΣΑΙΑ, ΤΡΑΥΜΑΤΑ ΠΡΟΣΩΠΟΥ, ΩΤΩΝ, ΒΛΕ",Surgical,160,1650
X604067,"ΑΠΟΚΑΤΑΣΤΑΣΗ, ΜΕΣΑΙΑ, ΤΡΑΥΜΑΤΑ ΠΡΟΣΩΠΟΥ, ΩΤΩΝ, ΒΛΕ",Surgical,80,1810
X604069,"ΑΠΟΚΑΤΑΣΤΑΣΗ, ΜΕΣΑΙΑ, ΤΡΑΥΜΑΤΑ ΠΡΟΣΩΠΟΥ, ΩΤΩΝ, ΒΛΕ",Surgical,120,1970
X604071,"ΑΠΟΚΑΤΑΣΤΑΣΗ, ΜΕΣΑΙΑ, ΤΡΑΥΜΑΤΑ ΠΡΟΣΩΠΟΥ, ΩΤΩΝ, ΒΛΕ",Surgical,160,2130
X604073,"ΑΠΟΚΑΤΑΣΤΑΣΗ, ΜΕΣΑΙΑ, ΤΡΑΥΜΑΤΑ ΠΡΟΣΩΠΟΥ, ΩΤΩΝ, ΒΛΕ",Surgical,80,2290
X606159,"ΑΠΟΚΑΤΑΣΤΑΣΗ, ΣΥΝΘΕΤΗ, ΚΟΡΜΟΣ· 1.1 ΕΩΣ 2.5 cm",Surgical,120,1170
X606161,"ΑΠΟΚΑΤΑΣΤΑΣΗ, ΣΥΝΘΕΤΗ, ΚΟΡΜΟΣ· 2.6 ΕΩΣ 7.5 cm",Surgical,160,1330
X606163,"ΑΠΟΚΑΤΑΣΤΑΣΗ, ΣΥΝΘΕΤΗ, ΚΟΡΜΟΣ· ΚΑΘΕ ΕΠΙΠΛΕΟΝ 5 cm ",Surgical,80,1490
X606199,"ΑΠΟΚΑΤΑΣΤΑΣΗ, ΣΥΝΘΕΤΗ, ΚΡΑΝΙΟ, ΑΝΩ ΑΚΡΑ, ΚΑΙ/Ή ΚΑΤ",Surgical,80,2370
X606201,"ΑΠΟΚΑΤΑΣΤΑΣΗ, ΣΥΝΘΕΤΗ, ΚΡΑΝΙΟ, ΑΝΩ ΑΚΡΑ, ΚΑΙ/Ή ΚΑΤ",Surgical,120,530
X606203,"ΑΠΟΚΑΤΑΣΤΑΣΗ, ΣΥΝΘΕΤΗ, ΚΡΑΝΙΟ, ΑΝΩ ΑΚΡΑ, ΚΑΙ/Ή ΚΑΤ",Surgical,160,690
X606221,"ΑΠΟΚΑΤΑΣΤΑΣΗ, ΣΥΝΘΕΤΗ, ΜΕΤΩΠΟ, ΠΑΡΕΙΕΣ, ΠΩΓΩΝ, ΣΤΟ",Surgical,160,2130
X606223,"ΑΠΟΚΑΤΑΣΤΑΣΗ, ΣΥΝΘΕΤΗ, ΜΕΤΩΠΟ, ΠΑΡΕΙΕΣ, ΠΩΓΩΝ, ΣΤΟ",Surgical,80,2290
X606225,"ΑΠΟΚΑΤΑΣΤΑΣΗ, ΣΥΝΘΕΤΗ, ΜΕΤΩΠΟ, ΠΑΡΕΙΕΣ, ΠΩΓΩΝ, ΣΤΟ",Surgical,120,450
X606259,"ΑΠΟΚΑΤΑΣΤΑΣΗ, ΣΥΝΘΕΤΗ, ΒΛΕΦΑΡΑ, ΡΙΣ, ΩΤΑ ΚΑΙ/Ή ΧΕΙ",Surgical,80,1170
X606261,"ΑΠΟΚΑΤΑΣΤΑΣΗ, ΣΥΝΘΕΤΗ, ΒΛΕΦΑΡΑ, ΡΙΣ, ΩΤΑ ΚΑΙ/Ή ΧΕΙ",Surgical,120,1330
X606263,"ΑΠΟΚΑΤΑΣΤΑΣΗ, ΣΥΝΘΕΤΗ, ΒΛΕΦΑΡΑ, ΡΙΣ, ΩΤΑ ΚΑΙ/Ή ΧΕΙ",Surgical,160,1490
X606265,"ΑΠΟΚΑΤΑΣΤΑΣΗ, ΣΥΝΘΕΤΗ, ΒΛΕΦΑΡΑ, ΡΙΣ, ΩΤΑ ΚΑΙ/Ή ΧΕΙ",Surgical,80,1650
X606279,ΔΕΥΤΕΡΕΟΥΣΑ ΣΥΓΚΛΕΙΣΗ ΧΕΙΡΟΥΡΓΙΚΟΥ ΤΡΑΥΜΑΤΟΣ Ή ΔΙΑ,Surgical,120,770
X607959,"ΜΕΤΑΦΟΡΑ ΠΑΡΑΚΕΙΜΕΝΟΥ ΙΣΤΟΥ Ή ΑΝΑΔΙΟΡΓΑΝΩΣΗ ΙΣΤΩΝ,",Surgical,160,1170
X607961,"ΜΕΤΑΦΟΡΑ ΠΑΡΑΚΕΙΜΕΝΟΥ ΙΣΤΟΥ Ή ΑΝΑΔΙΟΡΓΑΝΩΣΗ ΙΣΤΩΝ,",Surgical,80,1330
X607999,"ΜΕΤΑΦΟΡΑ ΠΑΡΑΚΕΙΜΕΝΟΥ ΙΣΤΟΥ Ή ΑΝΑΔΙΟΡΓΑΝΩΣΗ ΙΣΤΩΝ,",Surgical,120,2370
X608001,"ΜΕΤΑΦΟΡΑ ΠΑΡΑΚΕΙΜΕΝΟΥ ΙΣΤΟΥ Ή ΑΝΑΔΙΟΡΓΑΝΩΣΗ ΙΣΤΩΝ,",Surgical,80,530
X608039,"ΜΕΤΑΦΟΡΑ ΠΑΡΑΚΕΙΜΕΝΟΥ ΙΣΤΟΥ Ή ΑΝΑΔΙΟΡΓΑΝΩΣΗ ΙΣΤΩΝ,",Surgical,120,1570
X608041,"ΜΕΤΑΦΟΡΑ ΠΑΡΑΚΕΙΜΕΝΟΥ ΙΣΤΟΥ Ή ΑΝΑΔΙΟΡΓΑΝΩΣΗ ΙΣΤΩΝ,",Surgical,160,1730
X608079,"ΜΕΤΑΦΟΡΑ ΠΑΡΑΚΕΙΜΕΝΟΥ ΙΣΤΟΥ Ή ΑΝΑΔΙΟΡΓΑΝΩΣΗ ΙΣΤΩΝ,",Surgical,80,770
X608081,"ΜΕΤΑΦΟΡΑ ΠΑΡΑΚΕΙΜΕΝΟΥ ΙΣΤΟΥ Ή ΑΝΑΔΙΟΡΓΑΝΩΣΗ ΙΣΤΩΝ,",Surgical,120,930
X608559,"ΜΕΤΑΦΟΡΑ ΠΑΡΑΚΕΙΜΕΝΟΥ ΙΣΤΟΥ Ή ΑΝΑΔΙΟΡΓΑΝΩΣΗ ΙΣΤΩΝ,",Surgical,80,1170
X608659,"ΚΡΗΜΝΟΣ ΔΑΚΤΥΛΟΥ ΤΟΥ ΧΕΡΙΟΥ Ή ΤΟΥ ΠΟΔΙΟΥ, ΣΥΜΠΕΡΙΛ",Surgical,160,1170
X609963,ΧΕΙΡΟΥΡΓΙΚΗ ΠΡΟΕΤΟΙΜΑΣΙΑ Ή ΔΗΜΙΟΥΡΓΙΑ ΤΗΣ ΠΕΡΙΟΧΗΣ,Surgical,210,1940
X609965,ΧΕΙΡΟΥΡΓΙΚΗ ΠΡΟΕΤΟΙΜΑΣΙΑ Ή ΔΗΜΙΟΥΡΓΙΑ ΤΗΣ ΠΕΡΙΟΧΗΣ,Surgical,120,2100
X609967,ΧΕΙΡΟΥΡΓΙΚΗ ΠΡΟΕΤΟΙΜΑΣΙΑ Ή ΔΗΜΙΟΥΡΓΙΑ ΤΗΣ ΠΕΡΙΟΧΗΣ,Surgical,180,2260
X609969,ΧΕΙΡΟΥΡΓΙΚΗ ΠΡΟΕΤΟΙΜΑΣΙΑ Ή ΔΗΜΙΟΥΡΓΙΑ ΤΗΣ ΠΕΡΙΟΧΗΣ,Surgical,240,2420
X610039,ΛΗΨΗ ΔΕΡΜΑΤΟΣ ΓΙΑ ΔΕΡΜΑΤΙΚΟ ΑΥΤΟΜΟΣΧΕΥΜΑ ΙΣΤΙΚΗΣ Κ,Surgical,120,1570
X610059,"ΜΟΣΧΕΥΜΑ ΠΟΥ ΛΑΜΒΑΝΕΤΑΙ ΜΕ ΧΡΗΣΗ ΛΑΒΙΔΑΣ, ENA Ή ΠΟ",Surgical,240,1170
X610159,"ΑΥΤΟΜΟΣΧΕΥΜΑ ΜΕΡΙΚΟΥ ΠΑΧΟΥΣ, ΚΟΡΜΟΣ, ΑΝΩ ΚΑΙ ΚΑΤΩ ",Surgical,120,1170
X610161,"ΑΥΤΟΜΟΣΧΕΥΜΑ ΜΕΡΙΚΟΥ ΠΑΧΟΥΣ, ΚΟΡΜΟΣ, ΑΝΩ ΚΑΙ ΚΑΤΩ ",Surgical,160,1330
X610179,"ΕΠΙΔΕΡΜΙΚΟ ΑΥΤΟΜΟΣΧΕΥΜΑ, ΚΟΡΜΟΣ, ΑΝΩ ΚΑΙ ΚΑΤΩ ΑΚΡΑ",Surgical,160,770
X610181,"ΕΠΙΔΕΡΜΙΚΟ ΑΥΤΟΜΟΣΧΕΥΜΑ, ΚΟΡΜΟΣ, ΑΝΩ ΚΑΙ ΚΑΤΩ ΑΚΡΑ",Surgical,80,930
X610189,"ΕΠΙΔΕΡΜΙΚΟ ΑΥΤΟΜΟΣΧΕΥΜΑ, ΠΡΟΣΩΠΟ, ΔΕΡΜΑ ΚΡΑΝΙΟΥ, Β",Surgical,120,1570
X610191,"ΕΠΙΔΕΡΜΙΚΟ ΑΥΤΟΜΟΣΧΕΥΜΑ, ΠΡΟΣΩΠΟ, ΔΕΡΜΑ ΚΡΑΝΙΟΥ, Β",Surgical,160,1730
X610199,"ΑΥΤΟΜΟΣΧΕΥΜΑ ΜΕΡΙΚΟΥ ΠΑΧΟΥΣ, ΠΡΟΣΩΠΟ, ΔΕΡΜΑ ΚΡΑΝΙΟ",Surgical,80,2370
X610201,"ΑΥΤΟΜΟΣΧΕΥΜΑ ΜΕΡΙΚΟΥ ΠΑΧΟΥΣ, ΠΡΟΣΩΠΟ, ΔΕΡΜΑ ΚΡΑΝΙΟ",Surgical,120,530
X610219,"ΔΕΡΜΑΤΙΚΟ ΑΥΤΟΜΟΣΧΕΥΜΑ, ΚΟΡΜΟΣ, ΑΝΩ ΚΑΙ ΚΑΤΩ ΑΚΡΑ,",Surgical,120,1970
X610221,"ΔΕΡΜΑΤΙΚΟ ΑΥΤΟΜΟΣΧΕΥΜΑ, ΚΟΡΜΟΣ, ΑΝΩ ΚΑΙ ΚΑΤΩ ΑΚΡΑ·",Surgical,160,2130
X610229,"ΔΕΡΜΑΤΙΚΟ ΑΥΤΟΜΟΣΧΕΥΜΑ, ΠΡΟΣΩΠΟ, ΔΕΡΜΑ ΚΡΑΝΙΟΥ, ΒΛ",Surgical,80,770
X610231,"ΔΕΡΜΑΤΙΚΟ ΑΥΤΟΜΟΣΧΕΥΜΑ, ΠΡΟΣΩΠΟ, ΔΕΡΜΑ ΚΡΑΝΙΟΥ, ΒΛ",Surgical,120,930
X610259,"ΕΠΙΔΕΡΜΙΚΟ ΑΥΤΟΜΟΣΧΕΥΜΑ ΙΣΤΙΚΗΣ ΚΑΛΛΙΕΡΓΕΙΑΣ, ΚΟΡΜ",Surgical,80,1170
X610261,"ΕΠΙΔΕΡΜΙΚΟ ΑΥΤΟΜΟΣΧΕΥΜΑ ΙΣΤΙΚΗΣ ΚΑΛΛΙΕΡΓΕΙΑΣ, ΚΟΡΜ",Surgical,120,1330
X610263,"ΕΠΙΔΕΡΜΙΚΟ ΑΥΤΟΜΟΣΧΕΥΜΑ ΙΣΤΙΚΗΣ ΚΑΛΛΙΕΡΓΕΙΑΣ, ΚΟΡΜ",Surgical,160,1490
X610269,"ΕΠΙΔΕΡΜΙΚΟ ΑΥΤΟΜΟΣΧΕΥΜΑ ΙΣΤΙΚΗΣ ΚΑΛΛΙΕΡΓΕΙΑΣ, ΠΡΟΣ",Surgical,160,1970
X610271,"ΕΠΙΔΕΡΜΙΚΟ ΑΥΤΟΜΟΣΧΕΥΜΑ ΙΣΤΙΚΗΣ ΚΑΛΛΙΕΡΓΕΙΑΣ, ΠΡΟΣ",Surgical,80,2130
X610273,"ΕΠΙΔΕΡΜΙΚΟ ΑΥΤΟΜΟΣΧΕΥΜΑ ΙΣΤΙΚΗΣ ΚΑΛΛΙΕΡΓΕΙΑΣ, ΠΡΟΣ",Surgical,120,2290
X610299,"ΑΚΥΤΤΑΡΙΚΟ ΔΕΡΜΑΤΙΚΟ ΜΟΣΧΕΥΜΑ, ΚΟΡΜΟΣ, ΑΝΩ ΚΑΙ ΚΑΤ",Surgical,160,2370
X610301,"ΑΚΥΤΤΑΡΙΚΟ ΔΕΡΜΑΤΙΚΟ ΜΟΣΧΕΥΜΑ, ΚΟΡΜΟΣ, ΑΝΩ ΚΑΙ ΚΑΤ",Surgical,80,530
X610309,"ΑΚΥΤΤΑΡΙΚΟ ΔΕΡΜΑΤΙΚΟ ΜΟΣΧΕΥΜΑ, ΠΡΟΣΩΠΟ, ΔΕΡΜΑ ΚΡΑΝ",Surgical,120,1170
X610311,"ΑΚΥΤΤΑΡΙΚΟ ΔΕΡΜΑΤΙΚΟ ΜΟΣΧΕΥΜΑ, ΠΡΟΣΩΠΟ, ΔΕΡΜΑ ΚΡΑΝ",Surgical,160,1330
X610359,"ΜΟΣΧΕΥΜΑ ΟΛΙΚΟΥ ΠΑΧΟΥΣ, ΕΛΕΥΘΕΡΟ, ΣΥΜΠΕΡΙΛΑΜΒΑΝΟΜΕ",Surgical,160,1170
X610361,"ΜΟΣΧΕΥΜΑ ΟΛΙΚΟΥ ΠΑΧΟΥΣ, ΕΛΕΥΘΕΡΟ, ΣΥΜΠΕΡΙΛΑΜΒΑΝΟΜΕ",Surgical,80,1330
X610399,"ΜΟΣΧΕΥΜΑ ΟΛΙΚΟΥ ΠΑΧΟΥΣ, ΕΛΕΥΘΕΡΟ, ΣΥΜΠΕΡΙΛΑΜΒΑΝΟΜΕ",Surgical,120,2370
X610401,"ΜΟΣΧΕΥΜΑ ΟΛΙΚΟΥ ΠΑΧΟΥΣ, ΕΛΕΥΘΕΡΟ, ΣΥΜΠΕΡΙΛΑΜΒΑΝΟΜΕ",Surgical,160,530
X610439,"ΜΟΣΧΕΥΜΑ ΟΛΙΚΟΥ ΠΑΧΟΥΣ, ΕΛΕΥΘΕΡΟ, ΣΥΜΠΕΡΙΛΑΜΒΑΝΟΜΕ",Surgical,80,1570
X610441,"ΜΟΣΧΕΥΜΑ ΟΛΙΚΟΥ ΠΑΧΟΥΣ, ΕΛΕΥΘΕΡΟ, ΣΥΜΠΕΡΙΛΑΜΒΑΝΟΜΕ",Surgical,120,1730
X610479,"ΜΟΣΧΕΥΜΑ ΟΛΙΚΟΥ ΠΑΧΟΥΣ, ΕΛΕΥΘΕΡΟ, ΣΥΜΠΕΡΙΛΑΜΒΑΝΟΜΕ",Surgical,160,770
X610481,"ΜΟΣΧΕΥΜΑ ΟΛΙΚΟΥ ΠΑΧΟΥΣ, ΕΛΕΥΘΕΡΟ, ΣΥΜΠΕΡΙΛΑΜΒΑΝΟΜΕ",Surgical,80,930
X610559,ΑΛΛΟΜΟΣΧΕΥΜΑ ΔΕΡΜΑΤΟΣ ΓΙΑ ΠΡΟΣΩΡΙΝΗ ΣΥΓΚΛΕΙΣΗ ΤΡΑΥ,Surgical,80,1170
X610561,ΑΛΛΟΜΟΣΧΕΥΜΑ ΔΕΡΜΑΤΟΣ ΓΙΑ ΠΡΟΣΩΡΙΝΗ ΣΥΓΚΛΕΙΣΗ ΤΡΑΥ,Surgical,120,1330
X610599,ΑΛΛΟΜΟΣΧΕΥΜΑ ΔΕΡΜΑΤΟΣ ΓΙΑ ΠΡΟΣΩΡΙΝΗ ΣΥΓΚΛΕΙΣΗ ΤΡΑΥ,Surgical,160,2370
X610601,ΑΛΛΟΜΟΣΧΕΥΜΑ ΔΕΡΜΑΤΟΣ ΓΙΑ ΠΡΟΣΩΡΙΝΗ ΣΥΓΚΛΕΙΣΗ ΤΡΑΥ,Surgical,80,530
X610619,"ΑΚΥΤΤΑΡΙΚΟ ΔΕΡΜΑΤΙΚΟ ΑΛΛΟΜΟΣΧΕΥΜΑ, ΚΟΡΜΟΣ, ΑΝΩ, ΚΑ",Surgical,80,1970
X610621,"ΑΚΥΤΤΑΡΙΚΟ ΔΕΡΜΑΤΙΚΟ ΑΛΛΟΜΟΣΧΕΥΜΑ, ΚΟΡΜΟΣ, ΑΝΩ, ΚΑ",Surgical,120,2130
X610629,"ΑΚΥΤΤΑΡΙΚΟ ΔΕΡΜΑΤΙΚΟ ΑΛΛΟΜΟΣΧΕΥΜΑ, ΠΡΟΣΩΠΟ, ΔΕΡΜΑ ",Surgical,160,770
X610631,"ΑΚΥΤΤΑΡΙΚΟ ΔΕΡΜΑΤΙΚΟ ΑΛΛΟΜΟΣΧΕΥΜΑ, ΠΡΟΣΩΠΟ, ΔΕΡΜΑ ",Surgical,80,930
X610639,"ΑΛΛΟΓΕΝΕΣ ΔΕΡΜΑΤΙΚΟ ΜΟΣΧΕΥΜΑ ΙΣΤΙΚΗΣ ΚΑΛΛΙΕΡΓΕΙΑΣ,",Surgical,120,1570
X610641,"ΑΛΛΟΓΕΝΕΣ ΔΕΡΜΑΤΙΚΟ ΜΟΣΧΕΥΜΑ ΙΣΤΙΚΗΣ ΚΑΛΛΙΕΡΓΕΙΑΣ,",Surgical,160,1730
X610679,"ΑΛΛΟΓΕΝΕΣ ΔΕΡΜΑΤΙΚΟ ΜΟΣΧΕΥΜΑ ΙΣΤΙΚΗΣ ΚΑΛΛΙΕΡΓΕΙΑΣ,",Surgical,80,770
X610681,"ΑΛΛΟΓΕΝΕΣ ΔΕΡΜΑΤΙΚΟ ΜΟΣΧΕΥΜΑ ΙΣΤΙΚΗΣ ΚΑΛΛΙΕΡΓΕΙΑΣ,",Surgical,120,930
X610689,"ΑΛΛΟΓΕΝΕΣ ΔΕΡΜΑΤΙΚΟ ΜΟΣΧΕΥΜΑ ΙΣΤΙΚΗΣ ΚΑΛΛΙΕΡΓΕΙΑΣ,",Surgical,160,1570
X610691,"ΑΛΛΟΓΕΝΕΣ ΔΕΡΜΑΤΙΚΟ ΜΟΣΧΕΥΜΑ ΙΣΤΙΚΗΣ ΚΑΛΛΙΕΡΓΕΙΑΣ,",Surgical,80,1730
X610759,"ΞΕΝΟΜΟΣΧΕΥΜΑ, (ΔΕΡΜΑΤΙΚΟ), ΓΙΑ ΠΡΟΣΩΡΙΝΗ ΣΥΓΚΛΕΙΣΗ",Surgical,120,1170
X610761,"ΞΕΝΟΜΟΣΧΕΥΜΑ, (ΔΕΡΜΑΤΙΚΟ), ΓΙΑ ΠΡΟΣΩΡΙΝΗ ΣΥΓΚΛΕΙΣΗ",Surgical,160,1330
X610799,"ΞΕΝΟΜΟΣΧΕΥΜΑ, (ΔΕΡΜΑΤΙΚΟ), ΓΙΑ ΠΡΟΣΩΡΙΝΗ ΣΥΓΚΛΕΙΣΗ",Surgical,80,2370
X610801,"ΞΕΝΟΜΟΣΧΕΥΜΑ, (ΔΕΡΜΑΤΙΚΟ), ΓΙΑ ΠΡΟΣΩΡΙΝΗ ΣΥΓΚΛΕΙΣΗ",Surgical,120,530
X610819,"ΕΜΦΥΤΕΥΣΗ ΑΚΥΤΤΑΡΙΚΟΥ ΞΕΝΟΜΟΣΧΕΥΜΑΤΟΣ, ΠΡΩΤΑ 100 c",Surgical,120,1970
X610821,"ΕΜΦΥΤΕΥΣΗ ΑΚΥΤΤΑΡΙΚΟΥ ΞΕΝΟΜΟΣΧΕΥΜΑΤΟΣ, ΚΑΘΕ ΕΠΙΠΛΕ",Surgical,160,2130
X611099,ΔΗΜΙΟΥΡΓΙΑ ΑΜΕΣΟΥ Ή ΚΥΛΙΝΔΡΙΚΟΥ ΜΙΣΧΩΤΟΥ ΜΟΣΧΕΥΜΑΤ,Surgical,120,2370
X611103,ΔΗΜΙΟΥΡΓΙΑ ΑΜΕΣΟΥ Ή ΚΥΛΙΝΔΡΙΚΟΥ ΜΙΣΧΩΤΟΥ ΜΟΣΧΕΥΜΑΤ,Surgical,80,690
X611107,ΔΗΜΙΟΥΡΓΙΑ ΑΜΕΣΟΥ Ή ΚΥΛΙΝΔΡΙΚΟΥ ΜΙΣΧΩΤΟΥ ΜΟΣΧΕΥΜΑΤ,Surgical,160,1010
X611111,ΔΗΜΙΟΥΡΓΙΑ ΑΜΕΣΟΥ Ή ΚΥΛΙΝΔΡΙΚΟΥ ΜΙΣΧΩΤΟΥ ΜΟΣΧΕΥΜΑΤ,Surgical,120,1330
X611159,ΚΡΗΜΝΟΣ ΜΕ ΤΕΧΝΙΚΗ ΚΑΘΥΣΤΕΡΗΣΗΣ Ή ΔΙΑΧΩΡΙΣΜΟΥ (DEL,Surgical,120,1170
X611179,ΚΡΗΜΝΟΣ ΜΕ ΤΕΧΝΙΚΗ ΚΑΘΥΣΤΕΡΗΣΗΣ Ή ΔΙΑΧΩΡΙΣΜΟΥ (DEL,Surgical,160,770
X611199,ΚΡΗΜΝΟΣ ΜΕ ΤΕΧΝΙΚΗ ΚΑΘΥΣΤΕΡΗΣΗΣ Ή ΔΙΑΧΩΡΙΣΜΟΥ (DEL,Surgical,80,2370
X611219,ΚΡΗΜΝΟΣ ΜΕ ΤΕΧΝΙΚΗ ΚΑΘΥΣΤΕΡΗΣΗΣ Ή ΔΙΑΧΩΡΙΣΜΟΥ (DEL,Surgical,120,1970
X611259,"ΜΕΤΑΦΟΡΑ, ΕΝΔΙΑΜΕΣΗ, ΟΠΟΙΟΥΔΗΠΟΤΕ ΜΙΣΧΩΤΟΥ ΚΡΗΜΝΟΥ",Surgical,80,1170
X611421,ΜΕΤΩΠΙΑΙΟΣ ΚΡΗΜΝΟΣ ΜΕ ΔΙΑΤΗΡΗΣΗ ΤΟΥ ΑΓΓΕΙΑΚΟΥ ΜΙΣΧ,Surgical,80,2130
X611423,"ΜΥΣ, ΜΥΟΔΕΡΜΑΤΙΚΟΣ, Ή ΠΕΡΙΤΟΝΙΟΔΕΡΜΑΤΙΚΟΣ ΚΡΗΜΝΟΣ,",Surgical,120,2290
X611427,"ΜΥΣ, ΜΥΟΔΕΡΜΑΤΙΚΟΣ, Ή ΠΕΡΙΤΟΝΙΟΔΕΡΜΑΤΙΚΟΣ ΚΡΗΜΝΟΣ,",Surgical,80,610
X611431,"ΜΥΣ, ΜΥΟΔΕΡΜΑΤΙΚΟΣ, Ή ΠΕΡΙΤΟΝΙΟΔΕΡΜΑΤΙΚΟΣ ΚΡΗΜΝΟΣ,",Surgical,160,930
X611435,"ΜΥΣ, ΜΥΟΔΕΡΜΑΤΙΚΟΣ, Ή ΠΕΡΙΤΟΝΙΟΔΕΡΜΑΤΙΚΟΣ ΚΡΗΜΝΟΣ,",Surgical,120,1250
X611439,"ΚΡΗΜΝΟΣ, ΝΗΣΙΔΙΑΚΟΣ, ΜΙΣΧΩΤΟΣ",Surgical,80,1570
X611459,"ΚΡΗΜΝΟΣ, ΝΕΥΡΟΑΓΓΕΙΑΚΟΣ ΜΙΣΧΟΣ",Surgical,120,1170
X611471,ΕΛΕΥΘΕΡΟΣ ΜΥΙΚΟΣ Ή ΜΥΟΔΕΡΜΑΤΙΚΟΣ ΚΡΗΜΝΟΣ ΜΕ ΜΙΚΡΟΑ,Surgical,120,2580
X611473,ΕΛΕΥΘΕΡΟΣ ΔΕΡΜΑΤΙΚΟΣ ΚΡΗΜΝΟΣ ΜΕ ΜΙΚΡΟΑΓΓΕΙΑΚΗ ΑΝΑΣ,Surgical,160,2740
X611475,ΕΛΕΥΘΕΡΟΣ ΚΡΗΜΝΟΣ ΠΕΡΙΤΟΝΙΑΣ ΜΕ ΜΙΚΡΟΑΓΓΕΙΑΚΗ ΑΝΑΣ,Surgical,80,900
X611479,"ΜΟΣΧΕΥΜΑ, ΣΥΝΘΕΤΟ (Π.Χ. ΟΛΙΚΟΥ ΠΑΧΟΥΣ ΤΟΥ ΕΞΩ ΩΤΟΣ",Surgical,160,770
X611499,"ΜΟΣΧΕΥΜΑ, ΔΕΡΜΟ-ΛΙΠΟ-ΠΕΡΙΤΟΝΙΑ",Surgical,80,2370
X611509,"ΜΟΣΧΕΥΜΑ ΜΕ PUNCH ΓΙΑ ΜΕΤΑΜΟΣΧΕΥΣΗ ΜΑΛΛΙΩΝ, 1 ΕΩΣ ",Surgical,240,2220
X611511,"ΜΟΣΧΕΥΜΑ ΜΕ PUNCH ΓΙΑ ΜΕΤΑΜΟΣΧΕΥΣΗ ΜΑΛΛΙΩΝ, ΠΕΡΙΣΣ",Surgical,150,2380
X611519,"ΑΠΟΛΕΠΙΣΗ ΔΕΡΜΑΤΟΣ, ΣΥΝΟΛΟ ΠΡΟΣΩΠΟΥ, (Π.Χ. ΓΙΑ ΟΥΛ",Surgical,120,1970
X611521,ΔΕΡΜΟΑΠΟΞΕΣΗ ΔΕΡΜΑΤΟΣ ΠΡΟΣΩΠΟΥ (ΕΠΙΔΕΡΜΙΔΙΚΗ),Surgical,160,2130
X611523,ΔΕΡΜΟΑΠΟΞΕΣΗ ΔΕΡΜΑΤΟΣ ΕΚΤΟΣ ΠΡΟΣΩΠΟΥ (ΕΠΙΔΕΡΜΙΔΙΚΗ,Surgical,80,2290
X611525,"ΔΕΡΜΟΑΠΟΞΕΣΗ ΔΕΡΜΑΤΟΣ, ΟΠΟΙΑΔΗΠΟΤΕ ΤΟΠΟΘΕΣΙΑ (ΜΕΣΟ",Surgical,120,450
X611531,ΔΕΡΜΟΑΠΟΞΕΣΗ - ΜΙΑ ΒΛΑΒΗ,Surgical,120,930
X611533,ΔΕΡΜΟΑΠΟΞΕΣΗ ΚΆΘΕ ΕΠΙΠΛΕΟΝ ΒΛΑΒΗ ΜΕΧΡΙ ΤΕΣΣΕΡΕΙΣ,Surgical,160,1090
X611535,ΧΗΜΕΙΟΑΠΟΦΟΛΙΔΩΣΗ (PEELING) ΕΠΙΔΕΡΜΙΔΟΣ ΠΡΟΣΩΠΟΥ -,Surgical,80,1250
X611537,ΧΗΜΕΙΟΑΠΟΦΟΛΙΔΩΣΗ (PEELING) ΔΕΡΜΑΤΟΣ ΠΡΟΣΩΠΟΥ - ΕΝ,Surgical,120,1410
X611543,ΧΗΜΕΙΟΑΠΟΦΟΛΙΔΩΣΗ (PEELING) ΕΠΙΔΕΡΜΙΔΟΣ ΕΚΤΟΣ ΠΡΟΣ,Surgical,120,1890
X611545,ΧΗΜΕΙΟΑΠΟΦΟΛΙΔΩΣΗ (PEELING)ΔΕΡΜΑΤΟΣ ΕΚΤΟΣ ΠΡΟΣΩΠΟΥ,Surgical,160,2050
X611597,ΠΛΑΣΤΙΚΗ ΤΡΑΧΗΛΙΚΗΣ ΧΩΡΑΣ,Surgical,120,2210
X611599,"ΒΛΕΦΑΡΟΠΛΑΣΤΙΚΗ, ΚΑΤΩ ΒΛΕΦΑΡΟ,",Surgical,160,2370
X611601,"ΒΛΕΦΑΡΟΠΛΑΣΤΙΚΗ, ΚΑΤΩ ΒΛΕΦΑΡΟ, ΜΕ ΕΚΤΕΤΑΜΕΝΑ ΛΙΠΩΔ",Surgical,80,530
X611603,"ΒΛΕΦΑΡΟΠΛΑΣΤΙΚΗ, ΑΝΩ ΒΛΕΦΑΡΟ,",Surgical,120,690
X611605,"ΒΛΕΦΑΡΟΠΛΑΣΤΙΚΗ, ΑΝΩ ΒΛΕΦΑΡΟ, ΜΕ ΕΝΤΟΝΗ ΒΛΕΦΑΡΟΠΤΩ",Surgical,160,850
X611607,"ΡΥΤΙΔΕΚΤΟΜΗ, ΜΕΤΩΠΟ",Surgical,180,1460
X611609,"ΡΥΤΙΔΕΚΤΟΜΗ, ΑΥΧΕΝΑΣ ΜΕ ΣΥΣΦΙΞΗ ΣΤΟ ΜΥΩΔΕΣ ΠΛΑΤΥΣΜ",Surgical,240,1620
X611611,"ΡΥΤΙΔΕΚΤΟΜΗ, ΜΕΣΟΦΡΥΟΙ ΓΡΑΜΜΕΣ ΕΚΦΡΑΣΗΣ",Surgical,150,1780
X611615,"ΡΥΤΙΔΕΚΤΟΜΗ, ΠΑΡΕΙΕΣ, ΠΩΓΩΝ, ΚΑΙ ΑΥΧΕΝΑΣ",Surgical,120,2100
X611617,"ΡΥΤΙΔΕΚΤΟΜΗ, ΚΡΗΜΝΟΣ ΕΠΙΠΟΛΗΣ ΜΥΟΑΠΟΝΕΥΡΩΤΙΚΟΥ ΣΥΣ",Surgical,180,2260
X611619,"ΕΚΤΟΜΗ, ΠΕΡΙΤΤΟ ΔΕΡΜΑ ΚΑΙ ΥΠΟΔΟΡΙΟΣ ΙΣΤΟΣ (ΠΕΡΙΛΑΜ",Surgical,240,2420
X611623,"ΕΚΤΟΜΗ, ΠΕΡΙΤΤΟ ΔΕΡΜΑ ΚΑΙ ΥΠΟΔΟΡΙΟΣ ΙΣΤΟΣ (ΠΕΡΙΛΑΜ",Surgical,210,2740
X611625,"ΕΚΤΟΜΗ, ΠΕΡΙΤΤΟ ΔΕΡΜΑ ΚΑΙ ΥΠΟΔΟΡΙΟΣ ΙΣΤΟΣ (ΠΕΡΙΛΑΜ",Surgical,120,900
X611627,"ΕΚΤΟΜΗ, ΠΕΡΙΤΤΟ ΔΕΡΜΑ ΚΑΙ ΥΠΟΔΟΡΙΟΣ ΙΣΤΟΣ (ΠΕΡΙΛΑΜ",Surgical,180,1060
X611629,"ΕΚΤΟΜΗ, ΠΕΡΙΤΤΟ ΔΕΡΜΑ ΚΑΙ ΥΠΟΔΟΡΙΟΣ ΙΣΤΟΣ (ΠΕΡΙΛΑΜ",Surgical,240,1220
X611631,"ΕΚΤΟΜΗ, ΠΕΡΙΤΤΟ ΔΕΡΜΑ ΚΑΙ ΥΠΟΔΟΡΙΟΣ ΙΣΤΟΣ (ΠΕΡΙΛΑΜ",Surgical,150,1380
X611633,"ΕΚΤΟΜΗ, ΠΕΡΙΤΤΟ ΔΕΡΜΑ ΚΑΙ ΥΠΟΔΟΡΙΟΣ ΙΣΤΟΣ (ΠΕΡΙΛΑΜ",Surgical,210,1540
X611635,"ΕΚΤΟΜΗ, ΠΕΡΙΤΤΟ ΔΕΡΜΑ ΚΑΙ ΥΠΟΔΟΡΙΟΣ ΙΣΤΟΣ (ΠΕΡΙΛΑΜ",Surgical,120,1700
X611637,"ΕΚΤΟΜΗ, ΠΕΡΙΤΤΟ ΔΕΡΜΑ ΚΑΙ ΥΠΟΔΟΡΙΟΣ ΙΣΤΟΣ (ΠΕΡΙΛΑΜ",Surgical,180,1860
X611639,"ΜΟΣΧΕΥΜΑ ΓΙΑ ΝΕΥΡΙΚΗ ΠΑΡΑΛΥΣΗ ΠΡΟΣΩΠΟΥ, ΕΛΕΥΘΕΡΟ Μ",Surgical,120,1570
X611641,"ΜΟΣΧΕΥΜΑ ΓΙΑ ΝΕΥΡΙΚΗ ΠΑΡΑΛΥΣΗ ΠΡΟΣΩΠΟΥ, ΕΛΕΥΘΕΡΟ Μ",Surgical,160,1730
X611643,"ΜΟΣΧΕΥΜΑ ΓΙΑ ΝΕΥΡΙΚΗ ΠΑΡΑΛΥΣΗ ΠΡΟΣΩΠΟΥ, ΕΛΕΥΘΕΡΟ Μ",Surgical,80,1890
X611649,"ΜΟΣΧΕΥΜΑ ΓΙΑ ΝΕΥΡΙΚΗ ΠΑΡΑΛΥΣΗ ΠΡΟΣΩΠΟΥ, ΜΕΤΑΦΟΡΑ Τ",Surgical,80,2370
X611653,"ΕΚΤΟΜΗ, ΠΕΡΙΤΤΟ ΔΕΡΜΑ ΚΑΙ ΥΠΟΔΟΡΙΟΣ ΙΣΤΟΣ (ΠΕΡΙΛΑΜ",Surgical,210,1140
X611659,ΑΦΑΙΡΕΣΗ ΡΑΜΜΑΤΩΝ ΙΔΙΟΣ ΙΑΤΡΟΣ,Surgical,240,1620
X611661,ΑΦΑΙΡΕΣΗ ΡΑΜΜΑΤΩΝ ΑΛΛΟΣ ΙΑΤΡΟΣ,Surgical,150,1780
X611663,ΑΛΛΑΓΗ ΕΠΙΔΕΣΜΩΝ (ΕΚΤΟΣ ΑΠΟ ΕΓΚΑΥΜΑΤΑ),Surgical,120,1490
X611679,"ΕΝΔΟΦΛΕΒΙΑ ΕΝΕΣΗ ΠΑΡΑΓΟΝΤΑ (Π.Χ. ΦΛΟΥΟΡΟΣΚΕΪΝΗ), Γ",Surgical,80,770
X611711,"ΛΙΠΟΑΝΑΡΡΟΦΗΣΗ, ΚΕΦΑΛΗ ΚΑΙ ΑΥΧΕΝΑΣ",Surgical,120,1330
X611713,"ΛΙΠΟΑΝΑΡΡΟΦΗΣΗ, ΚΟΡΜΟΣ",Surgical,160,1490
X611715,"ΛΙΠΟΑΝΑΡΡΟΦΗΣΗ, ΑΝΩ ΑΚΡΟ",Surgical,80,1650
X611717,"ΛΙΠΟΑΝΑΡΡΟΦΗΣΗ, ΚΑΤΩ ΑΚΡΟ",Surgical,120,1810
X611799,"ΕΚΤΟΜΗ, ΚΟΚΚΥΓΙΚΟ ΕΛΚΟΣ ΚΑΤΑΚΛΙΣΕΩΣ, ΜΕ ΚΟΚΚΥΓΕΚΤΟ",Surgical,240,2820
X611803,"ΕΚΤΟΜΗ, ΚΟΚΚΥΓΙΚΟ ΕΛΚΟΣ ΚΑΤΑΚΛΙΣΕΩΣ, ΜΕ ΚΟΚΚΥΓΕΚΤΟ",Surgical,210,1140
X611821,"ΕΚΤΟΜΗ, ΚΑΤΑΚΛΙΣΗ ΑΠΟ ΠΙΕΣΗ ΣΤΟ ΙΕΡΟ ΣΤΟΥΝ, ΜΕ ΠΡΩ",Surgical,150,2580
X611825,"ΕΚΤΟΜΗ, ΕΛΚΟΣ ΚΑΤΑΚΛΙΣΕΩΣ ΙΕΡΟΚΟΚΚΥΓΙΚΗ ΠΕΡΙΟΧΗ, Μ",Surgical,120,900
X611827,"ΕΚΤΟΜΗ, ΕΛΚΟΣ ΚΑΤΑΚΛΙΣΕΩΣ ΙΕΡΟΚΟΚΚΥΓΙΚΗ ΠΕΡΙΟΧΗ, Μ",Surgical,180,1060
X611829,"ΕΚΤΟΜΗ, ΕΛΚΟΣ ΚΑΤΑΚΛΙΣΕΩΣ ΙΕΡΟΚΟΚΚΥΓΙΚΗ ΠΕΡΙΟΧΗ, Μ",Surgical,240,1220
X611831,"ΕΚΤΟΜΗ, ΕΛΚΟΣ ΚΑΤΑΚΛΙΣΕΩΣ ΙΕΡΟΚΟΚΚΥΓΙΚΗ ΠΕΡΙΟΧΗ, Μ",Surgical,150,1380
X611833,"ΕΚΤΟΜΗ, ΕΛΚΟΣ ΚΑΤΑΚΛΙΣΕΩΣ ΙΕΡΟΚΟΚΚΥΓΙΚΗ ΠΕΡΙΟΧΗ, Μ",Surgical,210,1540
X611839,"ΕΚΤΟΜΗ, ΕΛΚΟΣ ΚΑΤΑΚΛΙΣΕΩΣ ΣΤΟ ΙΣΧΙΟ, ΜΕ ΠΡΩΤΟΓΕΝΗ ",Surgical,240,2020
X611841,"ΕΚΤΟΜΗ, ΕΛΚΟΣ ΚΑΤΑΚΛΙΣΕΩΣ ΣΤΟ ΙΣΧΙΟ, ΜΕ ΕΚΤΟΜΗ ΟΣΤ",Surgical,150,2180
X611847,"ΕΚΤΟΜΗ, ΕΛΚΟΣ ΚΑΤΑΚΛΙΣΕΩΣ ΣΤΟ ΙΣΧΙΟ, ΣΥΓΚΛΕΙΣΗ ΜΕ ",Surgical,180,2660
X611849,"ΕΚΤΟΜΗ, ΕΛΚΟΣ ΚΑΤΑΚΛΙΣΕΩΣ ΣΤΟ ΙΣΧΙΟ, ΣΥΓΚΛΕΙΣΗ ΜΕ ",Surgical,240,2820
X611851,"ΕΚΤΟΜΗ, ΕΛΚΟΣ ΚΑΤΑΚΛΙΣΕΩΣ ΣΤΟ ΙΣΧΙΟ, ΜΕ ΕΚΤΟΜΗ ΟΣΤ",Surgical,150,980
X611859,"ΕΚΤΟΜΗ, ΕΛΚΟΣ ΚΑΤΑΚΛΙΣΕΩΣ ΣΤΟΝ ΤΡΟΧΑΝΤΗΡΑ, ΜΕ ΠΡΩΤ",Surgical,240,1620
X611861,"ΕΚΤΟΜΗ, ΕΛΚΟΣ ΚΑΤΑΚΛΙΣΕΩΣ ΣΤΟΝ ΤΡΟΧΑΝΤΗΡΑ, ΜΕ ΠΡΩΤ",Surgical,150,1780
X611863,"ΕΚΤΟΜΗ, ΕΛΚΟΣ ΚΑΤΑΚΛΙΣΕΩΣ ΣΤΟΝ ΤΡΟΧΑΝΤΗΡΑ, ΣΥΓΚΛΕΙ",Surgical,210,1940
X611865,"ΕΚΤΟΜΗ, ΚΑΤΑΚΛΙΣΗ ΑΠΟ ΠΙΕΣΗ ΣΤΟΝ ΤΡΟΧΑΝΤΗΡΑ, ΣΥΓΚΛ",Surgical,120,2100
X611871,"ΕΚΤΟΜΗ, ΕΛΚΟΣ ΚΑΤΑΚΛΙΣΕΩΣ ΣΤΟΝ ΤΡΟΧΑΝΤΗΡΑ, ΩΣ ΠΡΟΕ",Surgical,150,2580
X611875,"ΕΚΤΟΜΗ, ΕΛΚΟΣ ΚΑΤΑΚΛΙΣΕΩΣ ΣΤΟΝ ΤΡΟΧΑΝΤΗΡΑ, ΩΣ ΠΡΟΕ",Surgical,120,900
X611957,"ΜΗ ΚΑΤΑΓΕΓΡΑΜΜΕΝΗ ΔΙΑΔΙΚΑΣΙΑ, ΕΚΤΟΜΗ ΕΛΚΟΥΣ ΚΑΤΑΚΛ",Surgical,180,1460
X611959,"ΑΡΧΙΚΗ ΘΕΡΑΠΕΙΑ, ΠΡΩΤΟΥ ΒΑΘΜΟΥ ΕΓΚΑΥΜΑ, ΟΤΑΝ ΑΠΑΙΤ",Surgical,160,1170
X611999,ΕΠΙΔΕΣΜΟΙ ΚΑΙ/Ή ΚΑΘΑΡΙΣΜΟΙ ΕΓΚΑΥΜΑΤΩΝ ΜΕΡΙΚΟΥ ΠΑΧΟ,Surgical,120,2370
X612009,ΕΠΙΔΕΣΜΟΙ ΚΑΙ/Ή ΚΑΘΑΡΙΣΜΟΙ ΕΓΚΑΥΜΑΤΩΝ ΜΕΡΙΚΟΥ ΠΑΧΟ,Surgical,120,1170
X612019,ΕΠΙΔΕΣΜΟΙ ΚΑΙ/Ή ΚΑΘΑΡΙΣΜΟΙ ΕΓΚΑΥΜΑΤΩΝ ΜΕΡΙΚΟΥ ΠΑΧΟ,Surgical,240,3020
X612029,"ΕΣΧΑΡΟΤΟΜΗ, ΑΡΧΙΚΗ ΤΟΜΗ",Surgical,160,770
X612031,"ΕΣΧΑΡΟΤΟΜΗ, ΚΑΘΕ ΕΠΙΠΛΕΟΝ ΤΟΜΗ (ΚΑΤΑΓΡΑΦΕΤΑΙ ΧΩΡΙΣ",Surgical,80,930
X613959,"ΚΑΤΑΣΤΡΟΦΗ (Π.Χ. ΧΕΙΡΟΥΡΓΙΚΗ ΜΕ ΛΕΪΖΕΡ, ΗΛΕΚΤΡΟΧΕΙ",Surgical,160,1170
X613965,"ΚΑΤΑΣΤΡΟΦΗ (Π.Χ. ΧΕΙΡΟΥΡΓΙΚΗ ΜΕ ΛΕΪΖΕΡ, ΗΛΕΚΤΡΟΧΕΙ",Surgical,160,1650
X613967,"ΚΑΤΑΣΤΡΟΦΗ (Π.Χ. ΧΕΙΡΟΥΡΓΙΚΗ ΜΕ ΛΕΪΖΕΡ, ΗΛΕΚΤΡΟΧΕΙ",Surgical,80,1810
X614171,ΚΑΤΑΣΤΡΟΦΗ ΑΙΜΑΓΓΕΙΩΜΑΤΩΝ ΔΕΡΜΑΤΟΣ (Π.Χ. ΤΕΧΝΙΚΗ Λ,Surgical,120,2130
X614173,ΚΑΤΑΣΤΡΟΦΗ ΑΙΜΑΓΓΕΙΩΜΑΤΩΝ ΔΕΡΜΑΤΟΣ (Π.Χ. ΤΕΧΝΙΚΗ Λ,Surgical,160,2290
X614175,ΚΑΤΑΣΤΡΟΦΗ ΑΙΜΑΓΓΕΙΩΜΑΤΩΝ ΔΕΡΜΑΤΟΣ (Π.Χ. ΤΕΧΝΙΚΗ Λ,Surgical,80,450
X614179,"ΚΑΤΑΣΤΡΟΦΗ (Π.Χ. ΧΕΙΡΟΥΡΓΙΚΗ ΜΕ ΛΕΪΖΕΡ, ΗΛΕΚΤΡΟΧΕΙ",Surgical,160,770
X614181,"ΚΑΤΑΣΤΡΟΦΗ (Π.Χ. ΧΕΙΡΟΥΡΓΙΚΗ ΜΕ ΛΕΪΖΕΡ, ΗΛΕΚΤΡΟΧΕΙ",Surgical,80,930
X614459,ΧΗΜΙΚΗ ΚΑΥΤΗΡΙΑΣΗ ΚΟΚΚΙΩΔΟΥΣ ΙΣΤΟΥ (ΥΠΕΡΠΛΑΣΤΙΚΟΣ ,Surgical,120,1170
X614479,"ΚΑΤΑΣΤΡΟΦΗ, ΚΑΚΟΗΘΗΣ ΒΛΑΒΗ (Π.Χ. ΧΕΙΡΟΥΡΓΙΚΗ ΜΕ ΛΕ",Surgical,160,770
X614481,"ΚΑΤΑΣΤΡΟΦΗ, ΚΑΚΟΗΘΗΣ ΒΛΑΒΗ (Π.Χ. ΧΕΙΡΟΥΡΓΙΚΗ ΜΕ ΛΕ",Surgical,80,930
X614483,"ΚΑΤΑΣΤΡΟΦΗ, ΚΑΚΟΗΘΗΣ ΒΛΑΒΗ (Π.Χ. ΧΕΙΡΟΥΡΓΙΚΗ ΜΕ ΛΕ",Surgical,120,1090
X614485,"ΚΑΤΑΣΤΡΟΦΗ, ΚΑΚΟΗΘΗΣ ΒΛΑΒΗ (Π.Χ. ΧΕΙΡΟΥΡΓΙΚΗ ΜΕ ΛΕ",Surgical,160,1250
X614487,"ΚΑΤΑΣΤΡΟΦΗ, ΚΑΚΟΗΘΗΣ ΒΛΑΒΗ (Π.Χ. ΧΕΙΡΟΥΡΓΙΚΗ ΜΕ ΛΕ",Surgical,80,1410
X614491,"ΚΑΤΑΣΤΡΟΦΗ, ΚΑΚΟΗΘΗΣ ΒΛΑΒΗ (Π.Χ. ΧΕΙΡΟΥΡΓΙΚΗ ΜΕ ΛΕ",Surgical,160,1730
X614499,"ΚΑΤΑΣΤΡΟΦΗ, ΚΑΚΟΗΘΗΣ ΒΛΑΒΗ (Π.Χ. ΧΕΙΡΟΥΡΓΙΚΗ ΜΕ ΛΕ",Surgical,80,2370
X614501,"ΚΑΤΑΣΤΡΟΦΗ, ΚΑΚΟΗΘΗΣ ΒΛΑΒΗ (Π.Χ. ΧΕΙΡΟΥΡΓΙΚΗ ΜΕ ΛΕ",Surgical,120,530
X614503,"ΚΑΤΑΣΤΡΟΦΗ, ΚΑΚΟΗΘΗΣ ΒΛΑΒΗ (Π.Χ. ΧΕΙΡΟΥΡΓΙΚΗ ΜΕ ΛΕ",Surgical,160,690
X614505,"ΚΑΤΑΣΤΡΟΦΗ, ΚΑΚΟΗΘΗΣ ΒΛΑΒΗ (Π.Χ. ΧΕΙΡΟΥΡΓΙΚΗ ΜΕ ΛΕ",Surgical,80,850
X614507,"ΚΑΤΑΣΤΡΟΦΗ, ΚΑΚΟΗΘΗΣ ΒΛΑΒΗ (Π.Χ. ΧΕΙΡΟΥΡΓΙΚΗ ΜΕ ΛΕ",Surgical,120,1010
X614511,"ΚΑΤΑΣΤΡΟΦΗ, ΚΑΚΟΗΘΗΣ ΒΛΑΒΗ (Π.Χ. ΧΕΙΡΟΥΡΓΙΚΗ ΜΕ ΛΕ",Surgical,80,1330
X614519,"ΚΑΤΑΣΤΡΟΦΗ, ΚΑΚΟΗΘΗΣ ΒΛΑΒΗ (Π.Χ. ΧΕΙΡΟΥΡΓΙΚΗ ΜΕ ΛΕ",Surgical,120,1970
X614521,"ΚΑΤΑΣΤΡΟΦΗ, ΚΑΚΟΗΘΗΣ ΒΛΑΒΗ (Π.Χ. ΧΕΙΡΟΥΡΓΙΚΗ ΜΕ ΛΕ",Surgical,160,2130
X614523,"ΚΑΤΑΣΤΡΟΦΗ, ΚΑΚΟΗΘΗΣ ΒΛΑΒΗ (Π.Χ. ΧΕΙΡΟΥΡΓΙΚΗ ΜΕ ΛΕ",Surgical,80,2290
X614525,"ΚΑΤΑΣΤΡΟΦΗ, ΚΑΚΟΗΘΗΣ ΒΛΑΒΗ (Π.Χ. ΧΕΙΡΟΥΡΓΙΚΗ ΜΕ ΛΕ",Surgical,120,450
X614527,"ΚΑΤΑΣΤΡΟΦΗ, ΚΑΚΟΗΘΗΣ ΒΛΑΒΗ (Π.Χ. ΧΕΙΡΟΥΡΓΙΚΗ ΜΕ ΛΕ",Surgical,160,610
X614531,"ΚΑΤΑΣΤΡΟΦΗ, ΚΑΚΟΗΘΗΣ ΒΛΑΒΗ (Π.Χ. ΧΕΙΡΟΥΡΓΙΚΗ ΜΕ ΛΕ",Surgical,120,930
X614581,"ΜΙΚΡΟΓΡΑΦΙΚΗ ΤΕΧΝΙΚΗ MOHS, ΠΕΡΙΛΑΜΒΑΝΕΙ ΑΦΑΙΡΕΣΗ Τ",Surgical,150,1380
X614583,"ΜΙΚΡΟΓΡΑΦΙΚΗ ΤΕΧΝΙΚΗ MOHS, ΠΕΡΙΛΑΜΒΑΝΕΙ ΑΦΑΙΡΕΣΗ Τ",Surgical,210,1540
X614585,"ΜΙΚΡΟΓΡΑΦΙΚΗ ΤΕΧΝΙΚΗ MOHS, ΠΕΡΙΛΑΜΒΑΝΕΙ ΑΦΑΙΡΕΣΗ Τ",Surgical,120,1700
X614587,"ΜΙΚΡΟΓΡΑΦΙΚΗ ΤΕΧΝΙΚΗ MOHS, ΠΕΡΙΛΑΜΒΑΝΕΙ ΑΦΑΙΡΕΣΗ Τ",Surgical,180,1860
X614589,"ΜΙΚΡΟΓΡΑΦΙΚΗ ΤΕΧΝΙΚΗ MOHS, ΠΕΡΙΛΑΜΒΑΝΕΙ ΑΦΑΙΡΕΣΗ Τ",Surgical,240,2020
X614639,"ΚΡΥΟΘΕΡΑΠΕΙΑ (ΔΙΑΛΥΜΑ CO2, ΥΓΡΟ N2) ΓΙΑ ΑΚΜΗ",Surgical,120,1570
X614679,"ΧΗΜΙΚΗ ΑΠΟΦΟΛΙΔΩΣΗ(PEELING) ΓΙΑ ΑΚΜΗ, ΦΩΤΟΓΗΡΑΝΣΗ,",Surgical,80,770
X614719,"ΑΠΟΤΡΙΧΩΣΗ ΜΕ ΗΛΕΚΤΡΟΛΥΣΗ, ΜΕΤΑ ΑΠΟ ΙΑΤΡΙΚΗ ΓΝΩΜΑΤ",Surgical,160,1970
X615957,"ΜΗ ΚΑΤΑΓΕΓΡΑΜΜΕΝΗ ΔΙΑΔΙΚΑΣΙΑ, ΔΕΡΜΑ, ΒΛΕΝΝΟΓΟΝΟΙ Κ",Surgical,120,1010
X617959,ΑΝΑΡΡΟΦΗΣΗ ΜΕ ΠΑΡΑΚΕΝΤΗΣΗ ΚΥΣΤΗΣ ΜΑΣΤΟΥ,Surgical,160,1170
X617961,"ΑΝΑΡΡΟΦΗΣΗ ΜΕ ΠΑΡΑΚΕΝΤΗΣΗ ΚΥΣΤΗΣ ΜΑΣΤΟΥ, ΚΑΘΕ ΕΠΙΠ",Surgical,80,1330
X617999,ΤΟΜΗ ΣΤΟ ΜΑΣΤΟ ΜΕ ΔΙΕΡΕΥΝΗΣΗ Ή ΠΑΡΟΧΕΤΕΥΣΗ ΑΠΟΣΤΗΜ,Surgical,120,2370
X618019,ΔΙΑΔΙΚΑΣΙΑ ΕΝΕΣΗΣ ΜΟΝΟ ΓΙΑ ΜΑΣΤΙΚΗ ΠΟΡΟΓΡΑΦΙΑ Ή ΓΑ,Surgical,80,1970
X618159,"ΒΙΟΨΙΑ ΜΑΣΤΟΥ, ΔΙΑΔΕΡΜΙΚΗ, ΜΕΓΑΛΗ ΒΕΛΟΝΗ, ΧΩΡΙΣ ΑΠ",Surgical,240,2220
X618161,"ΒΙΟΨΙΑ ΜΑΣΤΟΥ, ΑΝΟΙΚΤΗ",Surgical,150,1330
X618163,"ΒΙΟΨΙΑ ΜΑΣΤΟΥ, ΔΙΑΔΕΡΜΙΚΗ, ΜΕΓΑΛΗ ΒΕΛΟΝΗ, ΜΕ ΑΠΕΙΚ",Surgical,210,2540
X618165,"ΒΙΟΨΙΑ ΜΑΣΤΟΥ, ΔΙΑΔΕΡΜΙΚΗ, ΜΕ ΣΥΣΚΕΥΗ ΒΙΟΨΙΑΣ ΑΡΝΗ",Surgical,120,1650
X618169,"ΑΦΑΙΡΕΣΗ, ΜΕ ΚΡΥΟΧΕΙΡΟΥΡΓΙΚΗ, ΙΝΟΑΔΕΝΩΜΑΤΟΣ, ΣΥΜΠΕ",Surgical,240,2420
X618179,"ΔΙΕΡΕΥΝΗΣΗ ΘΗΛΗΣ, ΜΕ Ή ΧΩΡΙΣ ΕΚΤΟΜΗ ΜΟΝΗΡΟΥΣ ΓΑΛΑΚ",Surgical,240,1220
X618183,ΕΚΤΟΜΗ ΣΥΡΙΓΓΙΟΥ ΓΑΛΑΚΤΟΦΟΡΟΥ ΠΟΡΟΥ,Surgical,210,1540
X618199,"ΕΚΤΟΜΗ ΚΥΣΤΗΣ, ΙΝΟΑΔΕΝΩΜΑΤΟΣ, Ή ΑΛΛΟΥ ΚΑΛΟΗΘΟΥΣ Ή ",Surgical,240,2820
X618209,ΕΚΤΟΜΗ ΒΛΑΒΗΣ ΜΑΣΤΟΥ ΤΑΥΤΟΠΟΙΗΜΕΝΗΣ ΑΠΟ ΠΡΟΕΓΧΕΙΡΗ,Surgical,240,1620
X618211,ΕΚΤΟΜΗ ΒΛΑΒΗΣ ΜΑΣΤΟΥ ΤΑΥΤΟΠΟΙΗΜΕΝΗΣ ΑΠΟ ΠΡΟΕΓΧΕΙΡΗ,Surgical,150,1780
X618479,ΕΚΤΟΜΗ ΟΓΚΟΥ ΘΩΡΑΚΙΚΟΥ ΤΟΙΧΩΜΑΤΟΣ ΣΥΜΠΕΡΙΛΑΜΒΑΝΟΜΕ,Surgical,240,1820
X618501,ΕΚΤΟΜΗ ΟΓΚΟΥ ΘΩΡΑΚΙΚΟΥ ΤΟΙΧΩΜΑΤΟΣ ΜΕ ΣΥΜΜΕΤΟΧΗ ΠΛΕ,Surgical,150,1580
X618503,ΕΚΤΟΜΗ ΟΓΚΟΥ ΘΩΡΑΚΙΚΟΥ ΤΟΙΧΩΜΑΤΟΣ ΜΕ ΣΥΜΜΕΤΟΧΗ ΠΛΕ,Surgical,210,1740
X618539,"ΠΡΟΕΓΧΕΙΡΗΤΙΚΗ ΤΟΠΟΘΕΤΗΣΗ ΣΥΡΜΑΤΟΣ ΕΝΤΟΠΙΣΜΟΥ, ΜΑΣ",Surgical,160,1570
X618541,"ΠΡΟΕΓΧΕΙΡΗΤΙΚΗ ΤΟΠΟΘΕΤΗΣΗ ΣΥΡΜΑΤΟΣ ΕΝΤΟΠΙΣΜΟΥ, ΜΑΣ",Surgical,80,1730
X618549,"ΤΟΠΟΘΕΤΗΣΗ ΜΕ ΑΠΕΙΚΟΝΙΣΤΙΚΗ ΚΑΘΟΔΗΓΗΣΗ, ΜΕΤΑΛΛΙΚΟΥ",Surgical,120,2370
X618551,ΤΟΠΟΘΕΤΗΣΗ – ΕΜΦΥΤΕΥΣΗ ΚΑΘΕΤΗΡΑ ΓΙΑ ΒΡΑΧΥΘΕΡΑΠΕΙΑ ,Surgical,150,980
X618553,ΤΟΠΟΘΕΤΗΣΗ – ΕΜΦΥΤΕΥΣΗ ΚΑΘΕΤΗΡΑ ΓΙΑ ΒΡΑΧΥΘΕΡΑΠΕΙΑ ,Surgical,210,1140
X618555,ΤΟΠΟΘΕΤΗΣΗ – ΕΜΦΥΤΕΥΣΗ ΚΑΘΕΤΗΡΩΝ (ΠΟΛΛΑΠΛΩΝ ΚΑΘΕΤΗ,Surgical,120,1300
X618559,ΜΑΣΤΕΚΤΟΜΗ ΓΙΑ ΓΥΝΑΙΚΟΜΑΣΤΙΑ,Surgical,240,1620
X618561,"ΜΑΣΤΕΚΤΟΜΗ, ΜΕΡΙΚΗ (Π.Χ. ΟΓΚΕΚΤΟΜΗ, ΤΕΤΑΡΤΕΚΤΟΜΗ, ",Surgical,150,1780
X618563,"ΜΑΣΤΕΚΤΟΜΗ, ΜΕΡΙΚΗ (Π.Χ. ΟΓΚΕΚΤΟΜΗ, ΤΕΤΑΡΤΕΚΤΟΜΗ, ",Surgical,210,1940
X618565,"ΜΑΣΤΕΚΤΟΜΗ, ΑΠΛΗ, ΟΛΙΚΗ",Surgical,120,2100
X618567,"ΜΑΣΤΕΚΤΟΜΗ, ΥΠΟΔΟΡΙΑ",Surgical,180,2260
X618569,"ΜΑΣΤΕΚΤΟΜΗ, ΡΙΖΙΚΗ, ΠΕΡΙΛΑΜΒΑΝΕΙ ΘΩΡΑΚΙΚΟΥΣ ΜΥΕΣ, ",Surgical,240,3020
X618571,"ΜΑΣΤΕΚΤΟΜΗ, ΡΙΖΙΚΗ, ΠΕΡΙΛΑΜΒΑΝΕΙ ΘΩΡΑΚΙΚΟΥΣ ΜΥΕΣ, ",Surgical,150,3180
X618573,"ΜΑΣΤΕΚΤΟΜΗ, ΤΡΟΠΟΠΟΙΗΜΕΝΗ ΡΙΖΙΚΗ, ΠΕΡΙΛΑΜΒΑΝΕΙ ΜΑΣ",Surgical,210,3340
X618591,ΜΑΣΤΟΠΗΞΙΑ,Surgical,120,1730
X618595,ΠΛΑΣΤΙΚΗ ΜΕΙΩΣΗΣ ΣΤΗΘΟΥΣ,Surgical,80,2050
X618607,"ΜΑΣΤΟΠΛΑΣΤΙΚΗ, ΑΥΞΗΤΙΚΗ, ΧΩΡΙΣ ΠΡΟΣΘΕΤΙΚΟ ΕΜΦΥΤΕΥΜ",Surgical,80,1010
X618609,"ΜΑΣΤΟΠΛΑΣΤΙΚΗ, ΑΥΞΗΤΙΚΗ, ΜΕ ΠΡΟΣΘΕΤΙΚΟ ΕΜΦΥΤΕΥΜΑ",Surgical,120,1170
X618615,ΑΦΑΙΡΕΣΗ ΑΘΙΚΤΟΥ ΜΑΣΤΙΚΟΥ ΕΜΦΥΤΕΥΜΑΤΟΣ,Surgical,120,2100
X618619,ΑΦΑΙΡΕΣΗ ΥΛΙΚΟΥ ΜΑΣΤΙΚΟΥ ΕΜΦΥΤΕΥΜΑΤΟΣ,Surgical,240,2420
X618639,ΑΜΕΣΗ ΕΙΣΑΓΩΓΗ ΕΝΘΕΜΑΤΟΣ ΜΑΣΤΟΥ ΚΑΤΟΠΙΝ ΜΑΣΤΟΠΗΞΙΑ,Surgical,240,2020
X618643,ΚΑΘΥΣΤΕΡΗΜΕΝΗ ΕΙΣΑΓΩΓΗ ΕΝΘΕΜΑΤΟΣ ΜΑΣΤΟΥ ΚΑΤΟΠΙΝ ΜΑ,Surgical,210,2340
X618659,ΑΠΟΚΑΤΑΣΤΑΣΗ ΘΗΛΗΣ/ΘΗΛΑΙΑΣ ΑΛΩ,Surgical,160,1170
X618669,ΔΙΟΡΘΩΣΗ ΑΝΕΣΤΡΑΜΜΕΝΩΝ ΘΗΛΩΝ,Surgical,120,1970
X618673,"ΑΠΟΚΑΤΑΣΤΑΣΗ ΜΑΣΤΟΥ, ΑΜΕΣΗ Ή ΜΕ ΚΑΘΥΣΤΕΡΗΣΗ, ΜΕ ΙΣ",Surgical,80,2290
X618681,ΑΠΟΚΑΤΑΣΤΑΣΗ ΜΑΣΤΟΥ ΜΕ ΚΡΗΜΝΟ ΑΠΟ ΤΟΝ ΠΛΑΤΥ ΡΑΧΙΑΙ,Surgical,120,930
X618687,ΑΠΟΚΑΤΑΣΤΑΣΗ ΜΑΣΤΟΥ ΜΕ ΕΛΕΥΘΕΡΟ ΚΡΗΜΝΟ,Surgical,120,1410
X618691,ΑΠΟΚΑΤΑΣΤΑΣΗ ΜΑΣΤΟΥ ΜΕ ΑΛΛΗ ΤΕΧΝΙΚΗ,Surgical,80,1730
X618693,ΑΠΟΚΑΤΑΣΤΑΣΗ ΜΑΣΤΟΥ ΜΕ ΜΥΟΔΕΡΜΑΤΙΚΟ ΚΡΗΜΝΟ ΑΠΟ ΤΟΝ,Surgical,120,1890
X618695,ΑΠΟΚΑΤΑΣΤΑΣΗ ΜΑΣΤΟΥ ΜΕ ΜΥΟΔΕΡΜΑΤΙΚΟ ΚΡΗΜΝΟ ΑΠΟ ΤΟΝ,Surgical,160,2500
X618697,ΑΠΟΚΑΤΑΣΤΑΣΗ ΜΑΣΤΟΥ ΜΕ ΜΥΟΔΕΡΜΑΤΙΚΟ ΚΡΗΜΝΟ ΑΠΟ ΤΟΝ,Surgical,80,2210
X618699,"ΑΝΟΙΚΤΗ ΠΕΡΙΠΡΟΣΘΕΤΙΚΗ ΘΥΛΑΚΟΤΟΜΗ, ΜΑΣΤΟΣ",Surgical,240,2370
X618701,"ΠΕΡΙΠΡΟΣΘΕΤΙΚΗ ΕΚΤΟΜΗ ΑΡΘΡΙΚΟΥ ΘΥΛΑΚΑ, ΜΑΣΤΟΣ",Surgical,150,980
X618719,ΑΝΑΘΕΩΡΗΣΗ ΜΑΣΤΙΚΗΣ ΑΠΟΚΑΤΑΣΤΑΣΗΣ,Surgical,160,1970
X618751,ΠΡΟΕΤΟΙΜΑΣΙΑ ΔΙΑΜΟΡΦΩΣΗΣ ΓΙΑ ΣΥΝΗΘΕΣ ΕΜΦΥΤΕΥΜΑ ΜΑΣ,Surgical,80,530
X618957,"ΜΗ ΚΑΤΑΓΕΓΡΑΜΜΕΝΗ ΔΙΑΔΙΚΑΣΙΑ, ΜΑΣΤΟΣ",Surgical,120,1010
X619959,ΔΙΑΝΟΙΞΗ ΑΠΟΣΤΗΜΑΤΟΣ ΜΑΛΑΚΟΥ ΙΣΤΟΥ (Π.Χ. ΔΕΥΤΕΡΟΠΑ,Surgical,160,1170
X619969,ΕΚΤΟΜΗ ΑΠΟΣΤΗΜΑΤΟΣ ΜΑΛΑΚΟΥ ΙΣΤΟΥ (Π.Χ. ΔΕΥΤΕΡΟΠΑΘΟ,Surgical,240,2420
X620159,ΔΙΕΡΕΥΝΗΣΗ ΝΗΣΣΟΝΟΣ ΤΡΑΥΜΑΤΟΣ (ΧΩΡΙΣΤΗ ΔΙΑΔΙΚΑΣΙΑ),Surgical,120,1170
X620161,ΔΙΕΡΕΥΝΗΣΗ ΝΗΣΣΟΝΟΣ ΤΡΑΥΜΑΤΟΣ (ΧΩΡΙΣΤΗ ΔΙΑΔΙΚΑΣΙΑ),Surgical,160,2380
X620163,ΔΙΕΡΕΥΝΗΣΗ ΝΗΣΣΟΝΟΣ ΤΡΑΥΜΑΤΟΣ (ΧΩΡΙΣΤΗ ΔΙΑΔΙΚΑΣΙΑ),Surgical,80,1490
X620165,ΔΙΕΡΕΥΝΗΣΗ ΝΗΣΣΟΝΟΣ ΤΡΑΥΜΑΤΟΣ (ΧΩΡΙΣΤΗ ΔΙΑΔΙΚΑΣΙΑ),Surgical,120,1650
X620259,"ΕΚΤΟΜΗ ΕΠΙΦΥΣΙΑΚΗΣ ΓΕΦΥΡΑΣ, ΜΕ Ή ΧΩΡΙΣ ΑΥΤΟΛΟΓΟ ΜΟ",Surgical,240,1620
X620359,"ΒΙΟΨΙΑ, ΜΥΣ, ΕΠΙΠΟΛΗΣ",Surgical,160,1170
X620369,"ΒΙΟΨΙΑ, ΜΥΣ, ΕΝ ΤΩ ΒΑΘΕΙ",Surgical,120,1970
X620371,"ΒΙΟΨΙΑ, ΜΥΣ, ΔΙΑΔΕΡΜΙΚΗ ΒΕΛΟΝΗ",Surgical,160,2130
X620399,"ΒΙΟΨΙΑ, ΟΣΤΟΥΝ, ΚΑΝΟΥΛΑ (TROCAR) Ή ΒΕΛΟΝΗ, ΕΠΙΠΟΛΗ",Surgical,120,2370
X620409,"ΒΙΟΨΙΑ, ΟΣΤΟΥΝ, ΚΑΝΟΥΛΑ (TROCAR) Ή ΒΕΛΟΝΗ, ΕΝ ΤΩ Β",Surgical,80,1170
X620439,"ΒΙΟΨΙΑ, ΟΣΤΟΥΝ, ΑΝΟΙΚΤΗ, ΕΠΙΠΟΛΗΣ (Π.Χ. ΛΑΓΟΝΙΟ,ΣΤ",Surgical,240,1570
X620449,"ΒΙΟΨΙΑ, ΟΣΤΟΥΝ, ΑΝΟΙΚΤΗ, ΕΝ ΤΩ ΒΑΘΕΙ (Π.Χ. ΒΡΑΧΙΟΝ",Surgical,240,2370
X620459,"ΒΙΟΨΙΑ, ΣΠΟΝΔΥΛΙΚΟ ΣΩΜΑ, ΑΝΟΙΚΤΗ, ΘΩΡΑΚΙΚΗ",Surgical,240,2220
X620461,"ΒΙΟΨΙΑ, ΣΠΟΝΔΥΛΙΚΟ ΣΩΜΑ, ΑΝΟΙΚΤΗ, ΟΣΦΥΙΚΗ Ή ΑΥΧΕΝΙ",Surgical,150,1330
X620959,"ΕΝΕΣΗ ΣΕ ΣΥΡΙΓΓΙΟ, ΘΕΡΑΠΕΥΤΙΚΗ (ΧΩΡΙΣΤΗ ΔΙΑΔΙΚΑΣΙΑ",Surgical,160,1170
X620961,"ΕΝΕΣΗ ΣΕ ΣΥΡΙΓΓΙΟ, ΔΙΑΓΝΩΣΤΙΚΗ (ΣΥΡΙΓΓΟΓΡΑΦΙΑ)",Surgical,80,1330
X620999,"ΑΦΑΙΡΕΣΗ ΞΕΝΟΥ ΣΩΜΑΤΟΣ ΣΕ ΜΥ Ή ΕΛΥΤΡΟ ΤΕΝΟΝΤΑ, ΑΠΛ",Surgical,240,2820
X621009,"ΑΦΑΙΡΕΣΗ ΞΕΝΟΥ ΣΩΜΑΤΟΣ ΣΕ ΜΥ Ή ΕΛΥΤΡΟ ΤΕΝΟΝΤΑ, ΕΝ ",Surgical,240,1620
X621011,"ΕΝΕΣΗ, ΘΕΡΑΠΕΥΤΙΚΗ (Π.Χ. ΜΕ ΤΟΠΙΚΟ ΑΝΑΙΣΘΗΤΙΚΟ/ΚΟΡ",Surgical,160,1330
X621059,"ΕΝΕΣΕΙΣ, ΕΝΑ ΕΛΥΤΡΟ ΤΕΝΟΝΤΑ Ή ΣΥΝΔΕΣΜΟΣ Ή ΑΠΟΝΕΥΡΩ",Surgical,160,1170
X621061,"ΕNEΣΗ(ΕΙΣ), ΕΝΑΣ ΤΕΝΟΝΤΑΣ ΕΚΦΥΣΗ/ΚΑΤΑΦΥΣΗ",Surgical,80,1330
X621063,"ΕΝΕΣΗ(ΕΙΣ), ΕΝΑ Ή ΠΟΛΛΑΠΛΑ ΕΚΛΥΤΙΚΑ ΣΗΜΕΙΑ, 1 Ή 2 ",Surgical,120,1490
X621065,"ΕΝΕΣΗ(ΕΙΣ), ΕΝΑ Ή ΠΟΛΛΑΠΛΑ ΕΚΛΥΤΙΚΑ ΣΗΜΕΙΑ, 3 Ή ΠΕ",Surgical,160,1650
X621069,ΕΜΦΥΤΕΥΣΗ ΒΕΛΟΝΩΝ Η ΚΑΘΕΤΗΡΑ ΣΕ ΜΥ Ή / ΚΑΙ ΣΕ ΜΑΛΑ,Surgical,120,1970
X621159,"ΑΡΘΡΟΚΕΝΤΗΣΗ, ΑΝΑΡΡΟΦΗΣΗ ΚΑΙ/Ή ΕΝΕΣΗ, ΜΙΚΡΗ ΑΡΘΡΩΣ",Surgical,120,1170
X621169,"ΑΡΘΡΟΚΕΝΤΗΣΗ, ΑΝΑΡΡΟΦΗΣΗ ΚΑΙ/Ή ΕΝΕΥΣΗ, ΜΕΣΑΙΑ ΑΡΘΡ",Surgical,80,1970
X621179,"ΑΡΘΡΟΚΕΝΤΗΣΗ, ΑΝΑΡΡΟΦΗΣΗ ΚΑΙ/Ή ΕΝΕΣΗ, ΜΕΙΖΩΝ ΑΡΘΡΩ",Surgical,160,770
X621183,ΑΝΑΡΡΟΦΗΣΗ ΚΑΙ/Ή ΕΝΕΣΗ ΚΥΣΤΗΣ(ΩΝ) ΓΑΓΓΛΙΟΥ ΟΠΟΙΑΔΗ,Surgical,120,1090
X621189,ΑΝΑΡΡΟΦΗΣΗ ΚΑΙ ΕΝΕΣΗ ΓΙΑ ΘΕΡΑΠΕΙΑ ΟΣΤΙΚΗΣ ΚΥΣΤΗΣ,Surgical,120,1570
X621259,ΤΟΠΟΘΕΤΗΣΗ ΣΥΡΜΑΤΟΣ Ή ΒΕΛΟΝΗΣ ΜΕ ΕΦΑΡΜΟΓΗ ΣΚΕΛΕΤΙΚ,Surgical,240,1620
X621279,"ΕΦΑΡΜΟΓΗ ΚΡΑΝΙΑΚΩΝ ΛΑΒΙΔΩΝ, ΝΑΡΘΗΚΑ, Ή ΣΤΕΡΕΟΤΑΚΤΙ",Surgical,240,1220
X621281,"ΕΦΑΡΜΟΓΗ ΣΥΣΚΕΥΗΣ ΣΚΕΛΕΤΙΚΗΣ ΣΥΓΚΡΑΤΗΣΗΣ HALO, ΠΕΡ",Surgical,150,1380
X621283,"ΕΦΑΡΜΟΓΗ ΣΥΣΚΕΥΗΣ ΣΚΕΛΕΤΙΚΗΣ ΣΥΓΚΡΑΤΗΣΗΣ HALO, ΠΕΡ",Surgical,210,1540
X621285,"ΕΦΑΡΜΟΓΗ ΣΥΣΚΕΥΗΣ ΣΚΕΛΕΤΙΚΗΣ ΣΥΓΚΡΑΤΗΣΗΣ HALO, ΠΕΡ",Surgical,120,1700
X621287,"ΕΦΑΡΜΟΓΗ ΣΥΣΚΕΥΗΣ ΣΚΕΛΕΤΙΚΗΣ ΣΥΓΚΡΑΤΗΣΗΣ HALO, ΠΕΡ",Surgical,180,1860
X621289,ΑΦΑΙΡΕΣΗ ΛΑΒΙΔΩΝ Ή ΣΚΕΛΕΤΙΚΩΝ ΣΤΗΡΙΓΜΑΤΩΝ HALO ΠΟΥ,Surgical,240,2020
X621299,"ΑΦΑΙΡΕΣΗ ΕΜΦΥΤΕΥΜΑΤΟΣ, ΕΠΙΠΟΛΗΣ, (Π.Χ ΘΑΜΕΝΟ ΣΥΡΜΑ",Surgical,240,2820
X621319,"ΑΦΑΙΡΕΣΗ ΕΜΦΥΤΕΥΜΑΤΟΣ, ΕΝ ΤΩ ΒΑΘΕΙ (Π.Χ. ΘΑΜΕΝΟ ΣΥ",Surgical,240,2420
X621339,ΕΦΑΡΜΟΓΗ ΜΟΝΟΑΞΟΝΙΚΗΣ ΣΥΣΚΕΥΗΣ (ΒΕΛΟΝΕΣ Ή ΣΥΡΜΑΤΑ ,Surgical,120,1570
X621343,ΕΦΑΡΜΟΓΗ ΠΟΛΥΑΞΟΝΙΚΗΣ ΣΥΣΚΕΥΗΣ (ΒΕΛΟΝΕΣ Ή ΣΥΡΜΑΤΑ ,Surgical,80,1890
X621345,ΠΡΟΣΑΡΜΟΓΗ Ή ΑΝΑΘΕΩΡΗΣΗ ΣΥΣΤΗΜΑΤΟΣ ΕΞΩΤΕΡΙΚΗΣ ΟΣΤΕ,Surgical,120,2050
X621347,"ΑΦΑΙΡΕΣΗ, ΥΠΟ ΑΝΑΙΣΘΗΣΙΑ, ΤΟΥ ΣΥΣΤΗΜΑΤΟΣ ΕΞΩΤΕΡΙΚΗ",Surgical,180,2660
X621351,ΕΦΑΡΜΟΓΗ ΠΟΛΥΑΞΟΝΙΚΗΣ ΣΥΣΚΕΥΗΣ (ΒΕΛΟΝΕΣ Ή ΣΥΡΜΑΤΑ ,Surgical,120,530
X621353,ΕΦΑΡΜΟΓΗ ΠΟΛΥΑΞΟΝΙΚΗΣ ΣΥΣΚΕΥΗΣ (ΒΕΛΟΝΕΣ Ή ΣΥΡΜΑΤΑ ,Surgical,210,1140
X621563,"ΕΠΑΝΕΜΦΥΤΕΥΣΗ, ΒΡΑΧΙΟΝΑΣ (ΠΕΡΙΛΑΜΒΑΝΕΙ ΧΕΙΡΟΥΡΓΙΚΟ",Surgical,160,1490
X621569,"ΕΠΑΝΕΜΦΥΤΕΥΣΗ, ΑΝΤΙΒΡΑΧΙΟ (ΠΕΡΙΛΑΜΒΑΝΕΙ ΤΗΝ ΚΕΡΚΙΔ",Surgical,160,1970
X621575,"ΕΠΑΝΕΜΦΥΤΕΥΣΗ, ΑΚΡΑ ΧΕΙΡΑ (ΠΕΡΙΛΑΜΒΑΝΕΙ ΤΗΝ ΠΑΛΑΜΗ",Surgical,160,450
X621591,"ΕΠΑΝΕΜΦΥΤΕΥΣΗ, ΔΑΚΤΥΛΟΣ, ΕΞΑΙΡΟΥΜΕΝΟΥ ΤΟΥ ΑΝΤΙΧΕΙΡ",Surgical,120,1730
X621603,"ΕΠΑΝΕΜΦΥΤΕΥΣΗ, ΔΑΚΤΥΛΟΣ, ΕΞΑΙΡΟΥΜΕΝΟΥ ΤΟΥ ΑΝΤΙΧΕΙΡ",Surgical,120,690
X621607,"ΕΠΑΝΕΜΦΥΤΕΥΣΗ, ΑΝΤΙΧΕΙΡΑΣ (ΠΕΡΙΛΑΜΒΑΝΕΙ ΑΠΟ ΤΗΝ ΚΑ",Surgical,80,1010
X621613,"ΕΠΑΝΕΜΦΥΤΕΥΣΗ, ΑΝΤΙΧΕΙΡΑΣ (ΠΕΡΙΛΑΜΒΑΝΕΙ ΑΠΟ ΤΟ ΠΕΡ",Surgical,80,1490
X621635,"ΕΠΑΝΕΜΦΥΤΕΥΣΗ, ΑΚΡΟΣ ΠΟΥΣ, ΟΛΙΚΟΣ ΑΚΡΩΤΗΡΙΑΣΜΟΣ",Surgical,160,1250
X621759,"ΟΣΤΙΚΟ ΜΟΣΧΕΥΜΑ, ΟΠΟΙΑΔΗΠΟΤΕ ΕΠΙΦΑΝΕΙΑ-ΔΟΤΗΣ, ΜΙΚΡ",Surgical,120,1170
X621763,"ΟΣΤΙΚΟ ΜΟΣΧΕΥΜΑ, ΟΠΟΙΑΔΗΠΟΤΕ ΕΠΙΦΑΝΕΙΑ-ΔΟΤΗΣ, ΜΕΓΑ",Surgical,210,2540
X621779,"ΧΟΝΔΡΙΚΟ ΜΟΣΧΕΥΜΑ, ΠΛΕΥΡΙΚΟΣ ΧΟΝΔΡΟΣ",Surgical,160,770
X621783,"ΧΟΝΔΡΙΚΟ ΜΟΣΧΕΥΜΑ, ΡΙΝΙΚΟ ΔΙΑΦΡΑΓΜΑ",Surgical,120,1090
X621799,"ΜΟΣΧΕΥΜΑ ΠΛΑΤΕΙΑΣ ΠΕΡΙΤΟΝΙΑΣ, ΜΕ ΕΡΓΑΛΕΙΟ ΛΗΨΗΣ ΜΟ",Surgical,80,2370
X621803,"ΜΟΣΧΕΥΜΑ ΠΛΑΤΕΙΑΣ ΠΕΡΙΤΟΝΙΑΣ, ΜΕ ΤΟΜΗ ΚΑΙ ΑΠΟΚΑΛΥΨ",Surgical,160,690
X621807,"ΜΟΣΧΕΥΜΑ ΤΕΝΟΝΤΑ, ΕΞ' ΑΠΟΣΤΑΣΕΩΣ (Π.Χ. ΠΑΛΑΜΙΑΙΟΣ,",Surgical,120,1010
X621811,"ΜΟΣΧΕΥΜΑΤΑ ΙΣΤΟΥ, ΑΛΛΑ (Π.Χ., ΠΑΡΑΤΕΝΟΝΤΙΟ ΛΙΠΟΣ, ",Surgical,80,1330
X621819,ΑΛΛΟΜΟΣΧΕΥΜΑ ΜΟΝΟ ΓΙΑ ΧΕΙΡΟΥΡΓΙΚΗ ΣΠΟΝΔΥΛΙΚΗΣ ΣΤΗΛ,Surgical,120,1970
X621821,ΑΛΛΟΜΟΣΧΕΥΜΑ ΜΟΝΟ ΓΙΑ ΧΕΙΡΟΥΡΓΙΚΗ ΣΠΟΝΔΥΛΙΚΗΣ ΣΤΗΛ,Surgical,160,2130
X621831,ΑΥΤΟΜΟΣΧΕΥΜΑ ΜΟΝΟ ΓΙΑ ΧΕΙΡΟΥΡΓΙΚΗ ΣΠΟΝΔΥΛΙΚΗΣ ΣΤΗΛ,Surgical,120,930
X621833,ΑΥΤΟΜΟΣΧΕΥΜΑ ΜΟΝΟ ΓΙΑ ΧΕΙΡΟΥΡΓΙΚΗ ΣΠΟΝΔΥΛΙΚΗΣ ΣΤΗΛ,Surgical,160,1090
X621835,ΑΥΤΟΜΟΣΧΕΥΜΑ ΜΟΝΟ ΓΙΑ ΧΕΙΡΟΥΡΓΙΚΗ ΣΠΟΝΔΥΛΙΚΗΣ ΣΤΗΛ,Surgical,80,1250
X621859,ΠΑΡΑΚΟΛΟΥΘΗΣΗ ΤΗΣ ΠΙΕΣΗΣ ΕΝΔΙΑΜΕΣΟΥ ΥΓΡΟΥ (ΠΕΡΙΛΑΜ,Surgical,80,1170
X621869,ΟΣΤΙΚΟ ΜΟΣΧΕΥΜΑ ΜΕ ΜΙΚΡΟΑΓΓΕΙΑΚΗ ΑΝΑΣΤΟΜΩΣΗ. ΠΕΡΟΝ,Surgical,160,2420
X621871,ΟΣΤΙΚΟ ΜΟΣΧΕΥΜΑ ΜΕ ΜΙΚΡΟΑΓΓΕΙΑΚΗ ΑΝΑΣΤΟΜΩΣΗ. ΛΑΓΟΝ,Surgical,80,2580
X621873,ΟΣΤΙΚΟ ΜΟΣΧΕΥΜΑ ΜΕ ΜΙΚΡΟΑΓΓΕΙΑΚΗ ΑΝΑΣΤΟΜΩΣΗ. ΜΕΤΑΤ,Surgical,120,2740
X621883,ΟΣΤΙΚΟ ΜΟΣΧΕΥΜΑ ΜΕ ΜΙΚΡΟΑΓΓΕΙΑΚΗ ΑΝΑΣΤΟΜΩΣΗ. ΕΚΤΟΣ,Surgical,80,1540
X621897,ΕΛΕΥΘΕΡΟΣ ΟΣΤΕΟΔΕΡΜΑΤΙΚΟΣ ΚΡΗΜΝΟΣ ΜΕ ΜΙΚΡΟΑΓΓΕΙΑΚΗ,Surgical,180,3260
X621899,ΕΛΕΥΘΕΡΟΣ ΟΣΤΕΟΔΕΡΜΑΤΙΚΟΣ ΚΡΗΜΝΟΣ ΜΕ ΜΙΚΡΟΑΓΓΕΙΑΚΗ,Surgical,160,2820
X621903,ΕΛΕΥΘΕΡΟΣ ΟΣΤΕΟΔΕΡΜΑΤΙΚΟΣ ΚΡΗΜΝΟΣ ΜΕ ΜΙΚΡΟΑΓΓΕΙΑΚΗ,Surgical,120,1140
X621905,ΕΛΕΥΘΕΡΟΣ ΟΣΤΕΟΔΕΡΜΑΤΙΚΟΣ ΚΡΗΜΝΟΣ ΜΕ ΜΙΚΡΟΑΓΓΕΙΑΚΗ,Surgical,120,1900
X621907,ΗΛΕΚΤΡΙΚΗ ΔΙΕΓΕΡΣΗ ΓΙΑ ΥΠΟΒΟΗΘΗΣΗ ΕΠΟΥΛΩΣΗΣ ΟΣΤΟΥ.,Surgical,80,1010
X621909,ΗΛΕΚΤΡΙΚΗ ΔΙΕΓΕΡΣΗ ΓΙΑ ΥΠΟΒΟΗΘΗΣΗ ΕΠΟΥΛΩΣΗΣ ΟΣΤΟΥ.,Surgical,120,1170
X621917,ΔΙΕΓΕΡΣΗ ΥΠΕΡΗΧΩΝ ΧΑΜΗΛΗΣ ΕΝΤΑΣΗΣ ΓΙΑ ΥΠΟΒΟΗΘΗΣΗ Ε,Surgical,160,1810
X621923,"ΑΦΑΙΡΕΣΗ ΟΓΚΟΣ/ΟΙ ΟΣΤΟΥ (Π.Χ., ΟΣΤΕΟΕΙΔΕΣ ΟΣΤΕΩΜΑ,",Surgical,210,2740
X621929,ΔΙΑΔΙΚΑΣΙΑ ΔΙΕΡΕΥΝΗΤΙΚΗΣ ΧΕΙΡΟΥΡΓΙΚΗΣ ΥΠΟΒΟΗΘΟΥΜΕΝ,Surgical,160,770
X621957,"ΜΗ ΚΑΤΑΓΕΓΡΑΜΜΕΝΗ ΔΙΑΔΙΚΑΣΙΑ, ΜΥΟΣΚΕΛΕΤΙΚΟ ΣΥΣΤΗΜΑ",Surgical,120,1010
X621979,"ΑΡΘΡΟΤΟΜΗ, ΚΡΟΤΑΦΟΓΝΑΘΙΚΗ ΑΡΘΡΩΣΗ",Surgical,80,770
X621989,"ΡΙΖΙΚΗ ΕΚΤΟΜΗ ΟΓΚΟΥ (Π.Χ. ΚΑΚΟΗΘΟΥΣ ΝΕΟΠΛΑΣΜΑΤΟΣ),",Surgical,240,2020
X622009,"ΕΚΤΟΜΗ ΟΣΤΟΥ (Π.Χ., ΓΙΑ ΟΣΤΕΟΜΥΕΛΙΤΙΔΑ Ή ΑΠΟΣΤΗΜΑ ",Surgical,240,1620
X622011,"ΕΚΤΟΜΗ ΟΣΤΟΥ (Π.Χ., ΓΙΑ ΟΣΤΕΟΜΥΕΛΙΤΙΔΑ Ή ΑΠΟΣΤΗΜΑ ",Surgical,150,1780
X622017,ΑΦΑΙΡΕΣΗ ΚΑΛΟΗΘΟΥΣ ΟΓΚΟΥ ΤΩΝ ΟΣΤΩΝ ΤΟΥ ΠΡΟΣΩΠΟΥ (Π,Surgical,180,2260
X622019,ΕΚΤΟΜΗ ΚΑΛΟΗΘΟΥΣ ΟΓΚΟΥ Ή ΚΥΣΤΗΣ ΑΝΩ ΓΝΑΘΟΥ Ή ΖΥΓΩΜ,Surgical,240,2420
X622021,ΕΚΤΟΜΗ ΓΝΑΘΙΑΙΟΥ ΟΓΚΩΜΑΤΟΣ,Surgical,150,2580
X622023,ΕΚΤΟΜΗ ΤΗΣ ΓΝΑΘΙΑΙΟΥ ΥΠΕΡΩΪΟΥ ΟΓΚΩΜΑΤΟΣ,Surgical,210,2740
X622027,ΕΚΤΟΜΗ ΚΑΚΟΗΘΟΥΣ ΟΓΚΟΥ ΤΗΣ ΑΝΩ ΓΝΑΘΟΥ Ή ΤΟΥ ΖΥΓΩΜΑ,Surgical,180,1060
X622039,"ΕΚΤΟΜΗ ΚΑΛΟΗΘΟΥΣ ΟΓΚΟΥ Ή ΚΥΣΤΗΣ ΚΑΤΩ ΓΝΑΘΟΥ, ΜΕ ΕΚ",Surgical,240,2020
X622047,ΕΚΤΟΜΗ ΚΑΚΟΗΘΟΥΣ ΟΓΚΟΥ ΤΗΣ ΚΑΤΩ ΓΝΑΘΟΥ. ΠΕΡΙΦΕΡΙΚΗ,Surgical,180,2660
X622049,ΕΚΤΟΜΗ ΚΑΚΟΗΘΟΥΣ ΟΓΚΟΥ ΤΗΣ ΚΑΤΩ ΓΝΑΘΟΥ. ΡΙΖΙΚΗ ΕΚΤ,Surgical,240,2820
X622051,ΕΚΤΟΜΗ ΚΑΛΟΗΘΟΥΣ ΟΓΚΟΥ Ή ΚΥΣΤΗΣ ΤΗΣ ΚΑΤΩ ΓΝΑΘΟΥ. Α,Surgical,150,980
X622053,ΕΚΤΟΜΗ ΚΑΛΟΗΘΟΥΣ ΟΓΚΟΥ Ή ΚΥΣΤΗΣ ΤΗΣ ΚΑΤΩ ΓΝΑΘΟΥ. Α,Surgical,210,1140
X622055,ΕΚΤΟΜΗ ΚΑΛΟΗΘΟΥΣ ΟΓΚΟΥ Ή ΚΥΣΤΗΣ ΤΗΣ ΑΝΩ ΓΝΑΘΟΥ. ΑΠ,Surgical,120,1300
X622057,ΕΚΤΟΜΗ ΚΑΛΟΗΘΟΥΣ ΟΓΚΟΥ Ή ΚΥΣΤΗΣ ΤΗΣ ΑΝΩ ΓΝΑΘΟΥ. ΑΠ,Surgical,180,1460
X622059,"ΚΟΝΔΥΛΕΚΤΟΜΗ, ΚΡΟΤΑΦΟΓΝΑΘΙΚΗ ΑΡΘΡΩΣΗ (ΞΕΧΩΡΙΣΤΗ ΔΙ",Surgical,240,1620
X622079,"ΕΚΤΟΜΗ ΜΗΝΙΣΚΟΥ, ΜΕΡΙΚΗ Ή ΠΛΗΡΗΣ, ΚΡΟΤΑΦΟΓΝΑΘΙΚΗ Α",Surgical,240,1220
X622099,ΚΟΡΩΝΟΕΙΔΕΚΤΟΜΗ (ΞΕΧΩΡΙΣΤΗ ΔΙΑΔΙΚΑΣΙΑ),Surgical,240,2820
X622105,ΘΕΡΑΠΕΥΤΙΚΟΣ ΧΕΙΡΙΣΜΟΣ ΤΗΣ/ΤΩΝ ΚΡΟΤΑΦΟΓΝΑΘΙΚΗΣ/ΩΝ ,Surgical,120,850
X622111,ΑΠΟΤΥΠΩΜΑ ΚΑΙ ΠΡΟΣΑΡΜΟΣΜΕΝΗ ΠΡΟΕΤΟΙΜΑΣΙΑ. ΧΕΙΡΟΥΡΓ,Surgical,120,1330
X622113,ΑΠΟΤΥΠΩΜΑ ΚΑΙ ΠΡΟΣΑΡΜΟΣΜΕΝΗ ΠΡΟΕΤΟΙΜΑΣΙΑ. ΚΟΓΧΙΚΗ ,Surgical,160,1490
X622117,ΑΠΟΤΥΠΩΜΑ ΚΑΙ ΠΡΟΣΑΡΜΟΣΜΕΝΗ ΠΡΟΕΤΟΙΜΑΣΙΑ. ΕΝΔΙΑΜΕΣ,Surgical,120,1810
X622119,ΑΠΟΤΥΠΩΜΑ ΚΑΙ ΠΡΟΣΑΡΜΟΣΜΕΝΗ ΠΡΟΕΤΟΙΜΑΣΙΑ. ΟΡΙΣΤΙΚΗ,Surgical,160,1970
X622121,ΑΠΟΤΥΠΩΜΑ ΚΑΙ ΠΡΟΣΑΡΜΟΣΜΕΝΗ ΠΡΟΕΤΟΙΜΑΣΙΑ. ΠΡΟΣΘΕΤΙ,Surgical,150,2580
X622123,ΑΠΟΤΥΠΩΜΑ ΚΑΙ ΠΡΟΣΑΡΜΟΣΜΕΝΗ ΠΡΟΕΤΟΙΜΑΣΙΑ. ΠΡΟΣΘΕΤΙ,Surgical,120,2290
X622125,ΑΠΟΤΥΠΩΜΑ ΚΑΙ ΠΡΟΣΑΡΜΟΣΜΕΝΗ ΠΡΟΕΤΟΙΜΑΣΙΑ. ΠΡΟΣΘΕΤΙ,Surgical,160,450
X622127,ΑΠΟΤΥΠΩΜΑ ΚΑΙ ΠΡΟΣΑΡΜΟΣΜΕΝΗ ΠΡΟΕΤΟΙΜΑΣΙΑ. ΠΡΟΣΘΕΤΙ,Surgical,80,610
X622129,ΑΠΟΤΥΠΩΜΑ ΚΑΙ ΠΡΟΣΑΡΜΟΣΜΕΝΗ ΠΡΟΕΤΟΙΜΑΣΙΑ. ΧΕΙΡΟΥΡΓ,Surgical,120,770
X622131,ΑΠΟΤΥΠΩΜΑ ΚΑΙ ΠΡΟΣΑΡΜΟΣΜΕΝΗ ΠΡΟΕΤΟΙΜΑΣΙΑ. ΩΤΙΚΗ ΠΡ,Surgical,160,930
X622133,ΑΠΟΤΥΠΩΜΑ ΚΑΙ ΠΡΟΣΑΡΜΟΣΜΕΝΗ ΠΡΟΕΤΟΙΜΑΣΙΑ. ΡΙΝΙΚΗ Π,Surgical,80,1090
X622135,ΑΠΟΤΥΠΩΜΑ ΚΑΙ ΠΡΟΣΑΡΜΟΣΜΕΝΗ ΠΡΟΕΤΟΙΜΑΣΙΑ. ΠΡΟΣΘΕΤΙ,Surgical,120,1250
X622137,ΜΗ-ΕΓΓΕΓΡΑΜΜΕΝΗ ΓΝΑΘΟΠΡΟΣΩΠΙΚΗ ΠΡΟΣΘΕΤΙΚΗ ΔΙΑΔΙΚΑΣ,Surgical,160,1410
X622159,ΕΦΑΡΜΟΓΗ ΔΙΑΤΑΞΗΣ ΤΥΠΟΥ HALO ΓΙΑ ΓΝΑΘΟΠΡΟΣΩΠΙΚΗ ΚΑ,Surgical,240,1620
X622179,ΕΦΑΡΜΟΓΗ ΣΥΣΚΕΥΗΣ ΔΙΑΓΝΑΘΙΚΗΣ ΑΚΙΝΗΤΟΠΟΙΗΣΗΣ ΕΚΤΟΣ,Surgical,240,1220
X622191,ΔΙΑΔΙΚΑΣΙΑ ΕΓΧΥΣΗΣ ΓΙΑ ΑΡΘΡΟΓΡΑΦΙΑ ΚΡΟΤΑΦΟΓΝΑΘΙΚΗΣ,Surgical,160,1730
X622199,"ΓΕΝΙΟΠΛΑΣΤΙΚΗ. ΑΥΞΗΤΙΚΗ (ΑΥΤΟΜΟΣΧΕΥΜΑ, ΑΛΛΟΜΟΣΧΕΥΜ",Surgical,80,2370
X622201,"ΓΕΝΙΟΠΛΑΣΤΙΚΗ. ΟΣΤΕΟΤΟΜΙΑ ΣΧΗΜΑΤΟΣ C, ΕΝΑ ΚΟΜΜΑΤΙ",Surgical,120,530
X622203,"ΓΕΝΙΟΠΛΑΣΤΙΚΗ. ΟΣΤΕΟΤΟΜΙΕΣ ΣΧΗΜΑΤΟΣ C, 2 Ή ΠΕΡΙΣΣΟ",Surgical,210,1140
X622205,"ΓΕΝΙΟΠΛΑΣΤΙΚΗ. ΟΣΤΕΟΤΟΜΙΑ ΣΧΗΜΑΤΟΣ C, ΑΥΞΗΣΗ ΜΕ ΕΝ",Surgical,80,850
X622209,"ΑΥΞΗΤΙΚΗ, ΣΩΜΑΤΟΣ Ή ΓΩΝΙΑΣ ΓΝΑΘΟΥ. ΠΡΟΣΘΕΤΙΚΟ ΥΛΙΚ",Surgical,160,1170
X622213,"ΑΥΞΗΤΙΚΗ, ΣΩΜΑΤΟΣ Ή ΓΩΝΙΑΣ ΓΝΑΘΟΥ. ΜΕ ΟΣΤΙΚΟ ΜΟΣΧΕ",Surgical,120,1490
X622233,ΣΜΙΚΡΥΝΣΗ ΜΕΤΩΠΟΥ. ΜΟΝΟ ΜΕ ΔΙΑΜΟΡΦΩΣΗ,Surgical,160,1090
X622235,ΣΜΙΚΡΥΝΣΗ ΜΕΤΩΠΟΥ. ΜΕ ΔΙΑΜΟΡΦΩΣΗ ΚΑΙ ΕΦΑΡΜΟΓΗ ΠΡΟΣ,Surgical,80,1250
X622237,ΣΜΙΚΡΥΝΣΗ ΜΕΤΩΠΟΥ. ΜΕ ΔΙΑΜΟΡΦΩΣΗ ΚΑΙ ΜΕΤΑΤΟΠΙΣΗ ΤΟ,Surgical,120,1410
X622241,"ΑΝΑΚΑΤΑΣΚΕΥΗ ΜΕΣOΠΡΟΣΩΠΟΥ, LEFORT I. ΕΝΑ ΤΕΜΑΧΙΟ, ",Surgical,80,1730
X622243,"ΑΝΑΚΑΤΑΣΚΕΥΗ ΜΕΣΟΤΗΤΑΣ ΠΡΟΣΩΠΟΥ, LEFORT I. ΔΥΟ ΤΕΜ",Surgical,120,1890
X622245,"ΑΝΑΚΑΤΑΣΚΕΥΗ ΜΕΣΟΤΗΤΑΣ ΠΡΟΣΩΠΟΥ, LEFORT I. ΤΡΙΑ Ή ",Surgical,160,2050
X622249,"ΑΝΑΚΑΤΑΣΚΕΥΗ ΜΕΣΟΤΗΤΑΣ ΠΡΟΣΩΠΟΥ, LEFORT I. ΈΝΑ ΤΕΜ",Surgical,120,2370
X622251,"ΑΝΑΚΑΤΑΣΚΕΥΗ ΜΕΣΟΤΗΤΑΣ ΠΡΟΣΩΠΟΥ, LEFORT I. ΔΥΟ ΤΕΜ",Surgical,150,1580
X622253,"ΑΝΑΚΑΤΑΣΚΕΥΗ ΜΕΣΟΤΗΤΑΣ ΠΡΟΣΩΠΟΥ, LEFORT I. ΤΡΙΑ Ή ",Surgical,210,1740
X622259,"ΑΝΑΚΑΤΑΣΚΕΥΗ ΜΕΣΟΤΗΤΑΣ ΠΡΟΣΩΠΟΥ, LEFORT II. ΠΡΟΣΘΙ",Surgical,80,1170
X622261,"ΑΝΑΚΑΤΑΣΚΕΥΗ ΜΕΣΟΤΗΤΑΣ ΠΡΟΣΩΠΟΥ, LEFORT II. ΟΠΟΙΑΔ",Surgical,120,1330
X622267,"ΑΝΑΚΑΤΑΣΚΕΥΗ ΜΕΣΟΤΗΤΑΣ ΠΡΟΣΩΠΟΥ, LEFORT III (ΕΞΩΚΡ",Surgical,120,1810
X622269,"ΑΝΑΚΑΤΑΣΚΕΥΗ ΜΕΣΟΤΗΤΑΣ ΠΡΟΣΩΠΟΥ, LEFORT III (ΕΞΩΚΡ",Surgical,160,1970
X622277,"ΑΝΑΚΑΤΑΣΚΕΥΗ ΜΕΣΟΤΗΤΑΣ ΠΡΟΣΩΠΟΥ, LEFORT III (ΕΞΩ Κ",Surgical,80,610
X622279,"ΑΝΑΚΑΤΑΣΚΕΥΗ ΜΕΣΟΤΗΤΑΣ ΠΡΟΣΩΠΟΥ, LEFORT III (ΕΞΩ Κ",Surgical,120,770
X622303,ΑΝΑΚΑΤΑΣΚΕΥΗ ΑΝΩ ΚΑΙ ΠΛΑΓΙΟΥ ΤΟΙΧΩΜΑΤΟΣ ΚΟΓΧΟΥ ΚΑΙ,Surgical,120,690
X622309,"ΑΝΑΚΑΤΑΣΚΕΥΗ, ΜΕΤΩΠΟΥ ΑΜΦΩ, ΑΝΩ ΚΑΙ ΠΛΑΓΙΟΥ ΤΟΙΧΩΜ",Surgical,120,1170
X622317,ΑΝΑΚΑΤΑΣΚΕΥΗ ΟΛΟΚΛΗΡΟΥ Ή ΤΟΥ ΜΕΓΑΛΥΤΕΡΟΥ ΤΜΗΜΑΤΟΣ ,Surgical,180,2860
X622319,ΑΝΑΚΑΤΑΣΚΕΥΗ ΟΛΟΚΛΗΡΟΥ Ή ΤΟΥ ΜΕΓΑΛΥΤΕΡΟΥ ΤΜΗΜΑΤΟΣ ,Surgical,240,3020
X622321,ΑΝΑΚΑΤΑΣΚΕΥΗ ΜΕΤΑ ΕΚΤΟΜΗ ΚΑΛΟΗΘΟΥΣ ΟΓΚΟΥ ΤΩΝ ΚΡΑΝΙ,Surgical,150,2580
X622323,ΑΝΑΚΑΤΑΣΚΕΥΗ ΤΩΝ ΚΟΓΧΙΚΩΝ ΤΟΙΧΩΜΑΤΩΝ ΚΑΙ ΔΑΚΤΥΛΙΟΥ,Surgical,210,2740
X622325,ΑΝΑΚΑΤΑΣΚΕΥΗ ΤΩΝ ΚΟΓΧΙΚΩΝ ΤΟΙΧΩΜΑΤΩΝ ΚΑΙ ΔΑΚΤΥΛΙΟΥ,Surgical,120,1500
X622327,ΑΝΑΚΑΤΑΣΚΕΥΗ ΤΩΝ ΚΟΓΧΙΚΩΝ ΤΟΙΧΩΜΑΤΩΝ ΚΑΙ ΔΑΚΤΥΛΙΟΥ,Surgical,180,1660
X622335,"ΑΝΑΚΑΤΑΣΚΕΥΗ ΜΕΣΟΤΗΤΑΣ ΠΡΟΣΩΠΟΥ, ΟΣΤΕΟΤΟΜΙΕΣ (ΠΛΗΝ",Surgical,160,1250
X622345,"ΑΝΑΚΑΤΑΣΚΕΥΗ ΤΩΝ ΓΝΑΘΙΑΙΩΝ ΚΛΑΔΩΝ, ΟΡΙΖΟΝΤΙΟΥ, ΚΑΘ",Surgical,120,2050
X622347,"ΑΝΑΚΑΤΑΣΚΕΥΗ ΤΩΝ ΓΝΑΘΙΑΙΩΝ ΚΛΑΔΩΝ, ΟΡΙΖΟΝΤΙΟΥ, ΚΑΘ",Surgical,160,2210
X622349,ΑΝΑΚΑΤΑΣΚΕΥΗ ΤΩΝ ΓΝΑΘΙΑΙΩΝ ΚΛΑΔΩΝ ΚΑΙ/Ή ΤΟΥ ΣΩΜΑΤΟ,Surgical,80,2370
X622351,ΑΝΑΚΑΤΑΣΚΕΥΗ ΤΩΝ ΓΝΑΘΙΑΙΩΝ ΚΛΑΔΩΝ ΚΑΙ/Ή ΤΟΥ ΣΩΜΑΤΟ,Surgical,120,530
X622355,"ΟΣΤΕΟΤΟΜΙΑ, ΚΑΤΩ ΓΝΑΘΟΣ, ΤΜΗΜΑΤΙΚΗ.",Surgical,80,850
X622357,"ΟΣΤΕΟΤΟΜΙΑ, ΚΑΤΩ ΓΝΑΘΟΣ, ΤΜΗΜΑΤΙΚΗ. ΜΕ ΓΕΝΙΟΓΛΩΣΣΙ",Surgical,120,1010
X622371,"ΟΣΤΕΟΤΟΜΙΑ, ΑΝΩ ΓΝΑΘΟΣ, ΤΜΗΜΑΤΙΚΗ (Π.Χ., WASSMUND ",Surgical,160,2130
X622375,"ΟΣΤΕΟΠΛΑΣΤΙΚΗ, ΠΡΟΣΩΠΙΚΑ ΟΣΤΑ. ΑΥΞΗΤΙΚΗ (ΑΥΤΟΜΟΣΧΕ",Surgical,120,450
X622377,"ΟΣΤΕΟΠΛΑΣΤΙΚΗ, ΠΡΟΣΩΠΙΚΑ ΟΣΤΑ. ΣΜΙΚΡΥΝΣΗ",Surgical,160,610
X622379,"ΜΟΣΧΕΥΜΑ, ΟΣΤΙΚΟ. ΠΕΡΙΟΧΕΣ ΡΙΝΟΣ, ΑΝΩ ΓΝΑΘΟΥ Ή ΠΑΡ",Surgical,80,770
X622389,"ΜΟΣΧΕΥΜΑ, ΟΣΤΟΥ. ΚΑΤΩ ΓΝΑΘΟΣ (ΠΕΡΙΛΑΜΒΑΝΕΙ ΤΗΝ ΛΗΨ",Surgical,160,1570
X622419,"ΜΟΣΧΕΥΜΑ. ΠΛΕΥΡΙΚΟΣ ΧΟΝΔΡΟΣ, ΑΥΤΟΛΟΓΟΣ. ΠΡΟΣΩΠΟ, Π",Surgical,160,1970
X622429,"ΜΟΣΧΕΥΜΑ. ΩΤΙΚΟΣ ΧΟΝΔΡΟΣ, ΑΥΤΟΛΟΓΟΣ ΡΙΣ Ή ΟΥΣ (ΠΕΡ",Surgical,120,770
X622439,"ΑΡΘΡΟΠΛΑΣΤΙΚΗ, ΚΡΟΤΑΦΟΓΝΑΘΙΚΗ ΑΡΘΡΩΣΗ, ΜΕ Ή ΧΩΡΙΣ ",Surgical,80,2020
X622443,"ΑΡΘΡΟΠΛΑΣΤΙΚΗ, ΚΡΟΤΑΦΟΓΝΑΘΙΚΗ ΑΡΘΡΩΣΗ, ΜΕ ΑΛΛΟΜΟΣΧ",Surgical,160,2340
X622445,"ΑΡΘΡΟΠΛΑΣΤΙΚΗ, ΚΡΟΤΑΦΟΓΝΑΘΙΚΗ ΑΡΘΡΩΣΗ, ΜΕ ΑΝΤΙΚΑΤΑ",Surgical,80,2500
X622447,"ΑΝΑΚΑΤΑΣΚΕΥΗ ΤΗΣ ΚΑΤΩ ΓΝΑΘΟΥ, ΕΞΩΣΤΟΜΑΤΙΚΗ, ΜΕ ΕΝΔ",Surgical,120,2210
X622449,"ΑΝΑΚΑΤΑΣΚΕΥΗ ΤΗΣ ΑΝΩ Ή ΚΑΤΩ ΓΝΑΘΟΥ, ΥΠΟΠΕΡΙΟΣΤΙΚΟ ",Surgical,160,2370
X622451,"ΑΝΑΚΑΤΑΣΚΕΥΗ ΤΗΣ ΑΝΩ Ή ΚΑΤΩ ΓΝΑΘΟΥ, ΥΠΟΠΕΡΙΟΣΤΙΚΟ ",Surgical,80,530
X622453,ΑΝΑΚΑΤΑΣΚΕΥΗ ΚΟΝΔΥΛΟΥ ΑΝΩ ΓΝΑΘΟΥ ΜΕ ΑΥΤΟΜΟΣΧΕΥΜΑΤΑ,Surgical,120,690
X622455,"ΑΝΑΚΑΤΑΣΚΕΥΗ ΤΗΣ ΑΝΩ Ή ΚΑΤΩ ΓΝΑΘΟΥ, ΕΝΔΟΣΤΙΚΟ ΕΜΦΥ",Surgical,160,850
X622457,"ΑΝΑΚΑΤΑΣΚΕΥΗ ΤΗΣ ΑΝΩ Ή ΚΑΤΩ ΓΝΑΘΟΥ, ΕΝΔΟΣΤΙΚΟ ΕΜΦΥ",Surgical,80,1010
X622469,ΑΝΑΚΑΤΑΣΚΕΥΗ ΤOY ΖΥΓΩΜΑΤΙΚOY TOΞΟΥ ΚΑΙ ΤΟΥ ΚΡΟΤΑΦΙ,Surgical,80,1970
X622471,ΑΝΑΚΑΤΑΣΚΕΥΗ ΤΗΣ ΚΟΓΧΗΣ ΜΕ ΟΣΤΕΟΤΟΜΕΣ (ΕΞΩΚΡΑΝΙΑΚΕ,Surgical,120,2130
X622479,"ΠΕΡΙΚΟΓΧΙΚΕΣ ΟΣΤΕΟΤΟΜΕΣ ΓΙΑ ΥΠΕΡΤΕΛΟΡΙΣΜΟ, ΜΕ ΜΟΣΧ",Surgical,160,770
X622481,"ΠΕΡΙΚΟΓΧΙΚΕΣ ΟΣΤΕΟΤΟΜΕΣ ΓΙΑ ΥΠΕΡΤΕΛΟΡΙΣΜΟ, ΜΕ ΜΟΣΧ",Surgical,80,930
X622485,"ΠΕΡΙΚΟΓΧΙΚΕΣ ΟΣΤΕΟΤΟΜΕΣ ΓΙΑ ΥΠΕΡΤΕΛΟΡΙΣΜΟ, ΜΕ ΜΟΣΧ",Surgical,160,1250
X622493,"ΑΝΑΔΙΑΤΑΞΗ ΚΟΓΧΟΥ, ΠΕΡΙΚΟΓΧΙΚΕΣ ΟΣΤΕΟΤΟΜΕΣ, ΕΤΕΡΟΠ",Surgical,80,1890
X622495,"ΑΝΑΔΙΑΤΑΞΗ ΚΟΓΧΟΥ, ΠΕΡΙΚΟΓΧΙΚΕΣ ΟΣΤΕΟΤΟΜΕΣ, ΕΤΕΡΟΠ",Surgical,120,2050
X622499,"ΕΝΙΣΧΥΣΗ ΖΥΓΩΜΑΤΙΚΟΥ, ΠΡΟΣΘΕΤΙΚΟ ΥΛΙΚΟ",Surgical,80,2370
X622509,ΜΕΘΥΣΤΕΡΗ ΑΝΑΘΕΩΡΗΣΗ ΚΟΓΧΟ-ΚΡΑΝΙΟ-ΠΡΟΣΩΠΙΚΗΣ ΑΝΑΚΑ,Surgical,160,1170
X622519,ΕΣΩ ΚΑΝΘΟΠΗΞΙΑ (ΞΕΧΩΡΙΣΤΗ ΕΠΕΜΒΑΣΗ),Surgical,120,1970
X622523,ΕΞΩ ΚΑΝΘΟΠΗΞΙΑ,Surgical,80,2290
X622549,"ΜΕΙΩΣΗ ΜΥ ΚΑΙ ΟΣΤΟΥ ΜΑΣΗΤΗΡΑ (Π.Χ., ΓΙΑ ΘΕΡΑΠΕΙΑ Κ",Surgical,120,2370
X622551,"ΜΕΙΩΣΗ ΜΥ ΚΑΙ ΟΣΤΟΥ ΜΑΣΗΤΗΡΑ (Π.Χ., ΓΙΑ ΤΗΝ ΘΕΡΑΠΕ",Surgical,160,530
X622557,ΜΗ ΚΑΤΑΓΕΓΡΑΜΜΕΝΗ ΚΡΑΝΙΟΠΡΟΣΩΠΙΚΗ ΚΑΙ ΓΝΑΘΟΠΡΟΣΩΠΙ,Surgical,160,1010
X622579,ΚΛΕΙΣΤΗ ΑΝΑΤΑΞΗ ΡΙΝΙΚΟΥ ΚΑΤΑΓΜΑΤΟΣ ΧΩΡΙΣ ΧΕΙΡΙΣΜΟ,Surgical,120,770
X622589,ΚΛΕΙΣΤΗ ΑΝΑΤΑΞΗ ΡΙΝΙΚΟΥ ΚΑΤΑΓΜΑΤΟΣ. ΧΩΡΙΣ ΣΤΑΘΕΡΟΠ,Surgical,80,1570
X622599,ΚΛΕΙΣΤΗ ΑΝΑΤΑΞΗ ΡΙΝΙΚΟΥ ΚΑΤΑΓΜΑΤΟΣ. ΜΕ ΣΤΑΘΕΡΟΠΟΙΗ,Surgical,160,2370
X622609,ΑΝΟΙΚΤΗ ΑΝΑΤΑΞΗ ΡΙΝΙΚΟΥ ΚΑΤΑΓΜΑΤΟΣ. ΜΗ ΕΠΙΠΛΕΓΜΕΝΟ,Surgical,240,1170
X622619,"ΑΝΟΙΚΤΗ ΑΝΑΤΑΞΗ ΡΙΝΙΚΟΥ ΚΑΤΑΓΜΑΤΟΣ.ΕΠΙΠΛΕΓΜΕΝΟΥ, Μ",Surgical,240,1970
X622629,ΑΝΟΙΚΤΗ ΑΝΑΤΑΞΗ ΡΙΝΙΚΟΥ ΚΑΤΑΓΜΑΤΟΣ. ΜΕ ΕΠΑΚΟΛΟΥΘΗ ,Surgical,240,770
X622631,"ΑΝΟΙΚΤΗ ΑΝΑΤΑΞΗ ΚΑΤΑΓΜΑΤΟΣ ΡΙΝΙΚΟΥ ΔΙΑΦΡΑΓΜΑΤΟΣ, Μ",Surgical,150,930
X622633,"ΚΛΕΙΣΤΗ ΑΝΑΤΑΞΗ ΚΑΤΑΓΜΑΤΟΣ ΡΙΝΙΚΟΥ ΔΙΑΦΡΑΓΜΑΤΟΣ, Μ",Surgical,120,1090
X622635,ΑΝΟΙΚΤΗ ΑΝΑΤΑΞΗ ΚΑΤΑΓΜΑΤΟΣ ΡΙΝΟΗΘΜΟΕΙΔΟΥΣ. ΧΩΡΙΣ Ε,Surgical,120,1250
X622637,ΑΝΟΙΚΤΗ ΑΝΑΤΑΞΗ ΚΑΤΑΓΜΑΤΟΣ ΡΙΝΟΗΘΜΟΕΙΔΟΥΣ. ΜΕ ΕΞΩΤ,Surgical,180,1410
X622639,ΔΙΑΔΕΡΜΙΚΗ ΑΝΑΤΑΞΗ ΚΑΤΑΓΜΑΤΟΣ ΡΙΝΟΗΘΜΟΕΙΔΟΥΣ ΣΥΜΠΛ,Surgical,120,1570
X622645,ΑΝΟΙΚΤΗ ΑΝΑΤΑΞΗ ΣΥΜΠΙΕΣΤΙΚΟΥ ΚΑΤΑΓΜΑΤΟΣ ΠΡΟΣΘΙΟΥΤΟ,Surgical,120,2050
X622647,"ΑΝΟΙΚΤΗ ΑΝΑΤΑΞΗ ΣΥΝΘΕΤΟΥ (Π.Χ.,ΣΥΝΤΡΙΠΤΙΚΟ Ή ΜΕ ΣΥ",Surgical,180,2210
X622649,ΚΛΕΙΣΤΗ ΑΝΑΤΑΞΗ ΚΑΤΑΓΜΑΤΟΣ ΡΙΝΟΓΝΑΘΙΚΟΥ ΣΥΜΠΛΕΓΜΑΤ,Surgical,80,2370
X622651,ΑΝΟΙΚΤΗ ΑΝΑΤΑΞΗ ΚΑΤΑΓΜΑΤΟΣ ΡΙΝΟΓΝΑΘΙΚΟΥ ΣΥΜΠΛΕΓΜΑΤ,Surgical,150,530
X622653,ΑΝΟΙΚΤΗ ΑΝΑΤΑΞΗ ΚΑΤΑΓΜΑΤΟΣ ΡΙΝΟΓΝΑΘΙΚΟΥ ΣΥΜΠΛΕΓΜΑΤ,Surgical,210,690
X622655,ΑΝΟΙΚΤΗ ΑΝΑΤΑΞΗ ΚΑΤΑΓΜΑΤΟΣ ΡΙΝΟΓΝΑΘΙΚΟΥ ΣΥΜΠΛΕΓΜΑΤ,Surgical,120,850
X622669,"ΔΙΑΔΕΡΜΙΚΗ ΑΝΑΤΑΞΗ ΚΑΤΑΓΜΑΤΟΣ ΖΥΓΩΜΑΤΙΚΗΣ ΧΩΡΑΣ, Σ",Surgical,120,1970
X622671,ΑΝΟΙΚΤΗ ΑΝΑΤΑΞΗ ΣΥΜΠΙΕΣΤΙΚΟΥ ΚΑΤΑΓΜΑΤΟΣ ΖΥΓΩΜΑΤΙΚΟ,Surgical,150,2130
X622679,ΑΝΟΙΚΤΗ ΑΝΑΤΑΞΗ ΣΥΜΠΙΕΣΤΙΚΟΥ ΚΑΤΑΓΜΑΤΟΣ ΖΥΓΩΜΑΤΙΚΟ,Surgical,240,770
X622689,"ΑΝΟΙΚΤΗ ΑΝΑΤΑΞΗ ΕΠΙΠΛΕΓΜΕΝΟΥ(ΩΝ) (Π.Χ.,ΣΥΝΤΡΙΠΤΙΚΟ",Surgical,240,1570
X622691,"ΑΝΟΙΚΤΗ ΑΝΑΤΑΞΗ ΕΠΙΠΛΕΓΜΕΝΟΥ(ΩΝ) (Π.Χ.,ΣΥΝΤΡΙΠΤΙΚΟ",Surgical,150,1730
X622729,ΑΝΟΙΚΤΗ ΑΝΑΤΑΞΗ ΚΑΤΑΓΜΑΤΟΣ ΕΔΑΦΟΥΣ ΚΟΓΧΟΥ ΤΥΠΟΥ BL,Surgical,240,770
X622731,ΑΝΟΙΚΤΗ ΑΝΑΤΑΞΗ ΚΑΤΑΓΜΑΤΟΣ ΕΔΑΦΟΥΣ ΚΟΓΧΟΥ ΤΥΠΟΥ BL,Surgical,150,930
X622733,ΑΝΟΙΚΤΗ ΑΝΑΤΑΞΗ ΚΑΤΑΓΜΑΤΟΣ ΕΔΑΦΟΥΣ ΚΟΓΧΟΥ ΤΥΠΟΥ BL,Surgical,210,1090
X622739,ΑΝΟΙΚΤΗ ΑΝΑΤΑΞΗ ΚΑΤΑΓΜΑΤΟΣ ΕΔΑΦΟΥΣ ΚΟΓΧΟΥ ΤΥΠΟΥ BL,Surgical,240,1570
X622749,ΑΝΟΙΚΤΗ ΑΝΑΤΑΞΗ ΚΑΤΑΓΜΑΤΟΣ ΕΔΑΦΟΥΣ ΚΟΓΧΟΥ ΤΥΠΟΥ BL,Surgical,240,2370
X622759,"ΚΛΕΙΣΤΗ ΑΝΑΤΑΞΗ ΚΑΤΑΓΜΑΤΟΣ ΚΟΓΧΟΥ, ΕΚΤΟΣ BLOWOUT. ",Surgical,120,1170
X622761,"ΚΛΕΙΣΤΗ ΑΝΑΤΑΞΗ ΚΑΤΑΓΜΑΤΟΣ ΚΟΓΧΟΥ, ΕΚΤΟΣ BLOWOUT. ",Surgical,160,1330
X622771,"ΑΝΟΙΚΤΗ ΑΝΑΤΑΞΗ ΚΑΤΑΓΜΑΤΟΣ ΚΟΓΧΟΥ, ΕΚΤΟΣ BLOWOUT. ",Surgical,150,2130
X622773,"ΑΝΟΙΚΤΗ ΑΝΑΤΑΞΗ ΚΑΤΑΓΜΑΤΟΣΚΟΓΧΟΥ, ΕΚΤΟΣ BLOWOUT. Μ",Surgical,210,2290
X622775,"ΑΝΟΙΚΤΗ ΑΝΑΤΑΞΗ ΚΑΤΑΓΜΑΤΟΣ ΚΟΓΧΟΥ, ΕΚΤΟΣ BLOWOUT. ",Surgical,120,450
X622801,ΚΛΕΙΣΤΗ ΑΝΑΤΑΞΗ ΚΑΤΑΓΜΑΤΟΣ ΥΠΕΡΩΑΣ Ή ΑΝΩ ΓΝΑΘΟΥ (Τ,Surgical,120,530
X622803,ΑΝΟΙΚΤΗ ΑΝΑΤΑΞΗ ΚΑΤΑΓΜΑΤΟΣ ΥΠΕΡΩΑΣ Ή ΑΝΩ ΓΝΑΘΟΥ (Τ,Surgical,210,690
X622805,ΑΝΟΙΚΤΗ ΑΝΑΤΑΞΗ ΚΑΤΑΓΜΑΤΟΣ ΥΠΕΡΩΑΣ Ή ΑΝΩ ΓΝΑΘΟΥ (Τ,Surgical,120,850
X622821,ΚΛΕΙΣΤΗ ΑΝΑΤΑΞΗ ΚΡΑΝΙΟΠΡΟΣΩΠΙΚΗΣ ΔΙΑΖΕΥΞΗΣ (ΤΥΠΟΥ ,Surgical,160,2130
X622823,ΑΝΟΙΚΤΗ ΑΝΑΤΑΞΗ ΚΡΑΝΙΟΠΡΟΣΩΠΙΚΗΣ ΔΙΑΖΕΥΞΗΣ (ΤΥΠΟΥ ,Surgical,210,2290
X622825,ΑΝΟΙΚΤΗ ΑΝΑΤΑΞΗ ΚΡΑΝΙΟΠΡΟΣΩΠΙΚΗΣ ΔΙΑΖΕΥΞΗΣ (ΤΥΠΟΥ ,Surgical,120,450
X622829,ΑΝΟΙΚΤΗ ΑΝΑΤΑΞΗ ΚΡΑΝΙΟΠΡΟΣΩΠΙΚΗΣ ΔΙΑΖΕΥΞΗΣ (ΤΥΠΟΥ ,Surgical,240,770
X622831,ΑΝΟΙΚΤΗ ΑΝΑΤΑΞΗ ΚΡΑΝΙΟΠΡΟΣΩΠΙΚΗΣ ΔΙΑΖΕΥΞΗΣ (ΤΥΠΟΥ ,Surgical,150,930
X622839,ΚΛΕΙΣΤΗ ΑΝΑΤΑΞΗ ΚΑΤΑΓΜΑΤΟΣ ΦΑΤΝΙΑΚΗΣ ΑΠΟΦΥΣΗΣ ΑΝΩ ,Surgical,160,1570
X622849,ΑΝΟΙΚΤΗ ΑΝΑΤΑΞΗ ΚΑΤΑΓΜΑΤΟΣ ΦΑΤΝΙΑΚΗΣ ΑΠΟΦΥΣΗΣ ΑΝΩ ,Surgical,240,2370
X622859,ΚΛΕΙΣΤΗ ΑΝΑΤΑΞΗ ΚΑΤΑΓΜΑΤΟΣ ΚΑΤΩ ΓΝΑΘΟΥ. ΧΩΡΙΣ ΧΕΙΡ,Surgical,80,1170
X622861,ΚΛΕΙΣΤΗ ΑΝΑΤΑΞΗ ΚΑΤΑΓΜΑΤΟΣ ΚΑΤΩ ΓΝΑΘΟΥ. ΜΕ ΧΕΙΡΙΣΜ,Surgical,120,1330
X622863,"ΔΙΑΔΕΡΜΙΚΗ ΑΝΑΤΑΞΗ ΚΑΤΑΓΜΑΤΟΣ ΚΑΤΩ ΓΝΑΘΟΥ, ΜΕ ΕΞΩΤ",Surgical,160,1490
X622865,ΚΛΕΙΣΤΗ ΑΝΑΤΑΞΗ ΚΑΤΑΓΜΑΤΟΣ ΚΑΤΩ ΓΝΑΘΟΥ ΜΕ ΕΝΔΟΔΟΝΤ,Surgical,80,1650
X622867,ΑΝΟΙΚΤΗ ΑΝΑΤΑΞΗ ΚΑΤΑΓΜΑΤΟΣ ΤΗΣ ΚΑΤΩ ΓΝΑΘΟΥ ΜΕ ΕΞΩΤ,Surgical,180,1810
X622881,ΑΝΟΙΚΤΗ ΑΝΑΤΑΞΗ ΚΑΤΑΓΜΑΤΟΣ ΤΗΣ ΚΑΤΩ ΓΝΑΘΟΥ. ΧΩΡΙΣ ,Surgical,150,930
X622883,ΑΝΟΙΚΤΗ ΑΝΑΤΑΞΗ ΚΑΤΑΓΜΑΤΟΣ ΤΗΣ ΚΑΤΩ ΓΝΑΘΟΥ. ΜΕ ΔΙΑ,Surgical,210,1090
X622889,ΑΝΟΙΚΤΗ ΑΝΑΤΑΞΗ ΚΑΤΑΓΜΑΤΟΣ ΚΟΝΔΥΛΟΥ ΤΗΣ ΚΑΤΩ ΓΝΑΘΟ,Surgical,240,1570
X622899,ΑΝΟΙΚΤΗ ΑΝΑΤΑΞΗ ΕΠΙΠΛΕΓΜΕΝΟΥ ΚΑΤΑΓΜΑΤΟΣ ΚΑΤΩ ΓΝΑΘΟ,Surgical,240,2370
X622919,ΚΛΕΙΣΤΗ ΑΝΑΤΑΞΗ ΚΡΟΤΑΦΟΓΝΑΘΙΚΗΣ ΕΞΑΡΘΡΩΣΗΣ. ΑΡΧΙΚΗ,Surgical,80,1970
X622929,ΚΛΕΙΣΤΗ ΑΝΑΤΑΞΗ ΚΡΟΤΑΦΟΓΝΑΘΙΚΗΣ ΕΞΑΡΘΡΩΣΗΣ. ΕΠΙΠΛΕ,Surgical,160,770
X622939,ΑΝΟΙΚΤΗ ΑΝΑΤΑΞΗ ΚΡΟΤΑΦΟΓΝΑΘΙΚΗΣ ΕΞΑΡΘΡΩΣΗΣ,Surgical,240,1570
X622949,ΑΝΟΙΚΤΗ ΑΝΑΤΑΞΗ ΚΑΤΑΓΜΑΤΟΣ ΥΟΕΙΔΟΥΣ ΟΣΤΟΥ,Surgical,240,2370
X622953,"ΔΙΑΓΝΑΘΙΚΗ ΤΟΠΟΘΕΤΗΣΗ ΣΥΡΜΑΤΟΣ, ΓΙΑ ΣΥΝΘΗΚΕΣ ΑΛΛΕΣ",Surgical,160,690
X622957,"ΜΗ ΚΑΤΑΓΕΓΡΑΜΜΕΝΗ ΔΙΑΔΙΚΑΣΙΑ, ΜΥΟΣΚΕΛΕΤΙΚΟ ΣΥΣΤΗΜΑ",Surgical,120,1010
X622961,ΤΟΜΗ ΚΑΙ ΠΑΡΟΧΕΤΕΥΣΗ. ΕΝ ΤΩ ΒΑΘΕΙ ΑΠΟΣΤΗΜΑ Ή ΑΙΜΑΤ,Surgical,80,2380
X622963,ΤΟΜΗ ΚΑΙ ΠΑΡΟΧΕΤΕΥΣΗ. ΕΝ ΤΩ ΒΑΘΕΙ ΑΠΟΣΤΗΜΑ Ή ΑΙΜΑΤ,Surgical,210,2540
X622979,"ΤΟΜΗ, ΕΝ ΤΩ ΒΑΘΕΙ, ΜΕ ΔΙΑΝΟΙΞΗ ΤΟΥ ΠΕΡΙΟΣΤΕΟΥ (Π.Χ",Surgical,80,1820
X623059,"ΒΙΟΨΙΑ, ΜΑΛΑΚΟΙ ΙΣΤΟΙ ΤΟΥ ΤΡΑΧΗΛΟΥ Ή ΤΟΥ ΘΩΡΑΚΑ",Surgical,160,2220
X623069,"ΕΚΤΟΜΗ ΟΓΚΟΥ, ΜΑΛΑΚΟΙ ΙΣΤΟΙ ΤΡΑΧΗΛΟΥ Ή ΘΩΡΑΚΑ. ΥΠΟ",Surgical,240,3020
X623071,"ΕΚΤΟΜΗ ΟΓΚΟΥ, ΜΑΛΑΚΟΙ ΙΣΤΟΙ ΤΡΑΧΗΛΟΥ Ή ΘΩΡΑΚΑ. ΕΝ ",Surgical,150,3180
X623073,ΡΙΖΙΚΗ ΑΦΑΙΡΕΣΗ ΤΟΥ ΟΓΚΟΥ (Π.Χ. ΚΑΚΟΗΘΟΥΣ ΝΕΟΠΛΑΣΜ,Surgical,210,3340
X623159,"ΕΚΤΟΜΗ ΠΛΕΥΡΑΣ, ΜΕΡΙΚΗ",Surgical,240,1620
X623179,ΕΚΤΟΜΗ ΤΜΗΜΑΤΟΣ ΠΛΕΥΡΑΣ ΚΑΙ ΣΠΟΝΔΥΛΟΥ (ΞΕΧΩΡΙΣΤΗ Δ,Surgical,240,1220
X623189,ΕΚΤΟΜΗ ΠΡΩΤΗΣ ΚΑΙ/Ή ΑΥΧΕΝΙΚΗΣ ΠΛΕΥΡΑΣ,Surgical,240,2020
X623191,ΕΚΤΟΜΗ ΠΡΩΤΗΣ ΚΑΙ/Ή ΑΥΧΕΝΙΚΗΣ ΠΛΕΥΡΑΣ.. ΜΕ ΣΥΜΠΑΘΕ,Surgical,150,2180
X623199,"ΕΚΤΟΜΗ ΣΤΕΡΝΟΥ, ΜΕΡΙΚΗ",Surgical,240,2820
X623213,ΚΑΘΑΡΙΣΜΟΣ ΣΤΕΡΝΟΥ,Surgical,120,1490
X623219,ΡΙΖΙΚΗ ΕΚΤΟΜΗ ΣΤΕΡΝΟΥ,Surgical,240,2420
X623223,ΡΙΖΙΚΗ ΕΚΤΟΜΗ ΣΤΕΡΝΟΥ. ΜΕ ΜΕΣΟΘΩΡΑΚΙΚΗ ΛΕΜΦΑΔΕΝΕΚΤ,Surgical,210,3340
X623329,ΜΥΟΤΟΜΗ ΥΟΕΙΔΟΥΣ ΚΑΙ ΑΝΑΡΤΗΣΗ,Surgical,160,770
X623359,ΔΙΑΤΟΜΗ ΤΟΥ ΣΚΑΛΗΝΟΥ. ΧΩΡΙΣ ΕΚΤΟΜΗ ΑΥΧΕΝΙΚΗΣ ΠΛΕΥΡ,Surgical,240,1620
X623369,ΔΙΑΤΟΜΗ ΤΟΥ ΣΚΑΛΗΝΟΥ. ΜΕ ΕΚΤΟΜΗ ΑΥΧΕΝΙΚΗΣ ΠΛΕΥΡΑΣ,Surgical,240,2420
X623399,ΔΙΑΤΟΜΗ ΤΟΥ ΣΤΕΡΝΟΚΛΕΙΔΟΜΑΣΤΟΕΙΔΟΥΣ ΓΙΑ ΡΑΙΒΟΚΡΑΝΟ,Surgical,240,2370
X623409,ΔΙΑΤΟΜΗ ΤΟΥ ΣΤΕΡΝΟΚΛΕΙΔΟΜΑΣΤΟΕΙΔΟΥΣ ΓΙΑ ΡΑΙΒΟΚΡΑΝΟ,Surgical,240,1170
X623439,ΑΠΟΚΑΤΑΣΤΑΣΗ ΤΟΥ ΣΚΑΦΟΕΙΔΟΥΣ Ή ΤΡΟΠΙΔΟΕΙΔΟΥΣ ΘΩΡΑΚ,Surgical,240,2620
X623443,ΑΠΟΚΑΤΑΣΤΑΣΗ ΤΟΥ ΣΚΑΦΟΕΙΔΟΥΣ Ή ΤΡΟΠΙΔΟΕΙΔΟΥΣ ΘΩΡΑΚ,Surgical,160,2940
X623445,ΑΠΟΚΑΤΑΣΤΑΣΗ ΤΟΥ ΣΚΑΦΟΕΙΔΟΥΣ Ή ΤΡΟΠΙΔΟΕΙΔΟΥΣ ΘΩΡΑΚ,Surgical,80,3100
X623459,ΑΠΟΚΑΤΑΣΤΑΣΗ ΤΟΥ ΔΙΑΧΩΡΙΣΜΟΥ ΤΟΥ ΣΤΕΡΝΟΥ ΜΕΤΑ ΜΕΣΗ,Surgical,120,1170
X623559,"ΚΛΕΙΣΤΗ ΘΕΡΑΠΕΙΑ ΚΑΤΑΓΜΑΤΟΣ ΠΛΕΥΡΑΣ, ΑΝΕΠΙΠΛΕΚΤΗ, ",Surgical,80,1170
X623569,ΑΝΟΙΚΤΗ ΘΕΡΑΠΕΙΑ ΚΑΤΑΓΜΑΤΟΣ ΠΛΕΥΡΑΣ ΧΩΡΙΣ ΟΣΤΕΟΣΥΝ,Surgical,240,1970
X623579,ΘΕΡΑΠΕΙΑΚΑΤΑΓΜΑΤΟΣ ΠΛΕΥΡΑΣ ΠΟΥ ΑΠΑΙΤΕΙ ΕΞΩΤΕΡΙΚΗ Ο,Surgical,120,1820
X623599,ΚΛΕΙΣΤΗ ΘΕΡΑΠΕΙΑ ΚΑΤΑΓΜΑΤΟΣ ΣΤΕΡΝΟΥ,Surgical,160,2370
X623609,"ΑΝΟΙΧΤΗ ΘΕΡΑΠΕΙΑ ΚΑΤΑΓΜΑΤΟΣ ΣΤΕΡΝΟΥ, ΜΕ Ή ΧΩΡΙΣ ΣΚ",Surgical,120,1170
X623757,"ΜΗ ΚΑΤΑΓΕΓΡΑΜΜΕΝΗ ΔΙΑΔΙΚΑΣΙΑ, ΤΡΑΧΗΛΟΥ Ή ΘΩΡΑΚΑ",Surgical,80,2060
X623799,"ΒΙΟΨΙΑ, ΜΑΛΑΚΟΥ ΙΣΤΟΥ ΡΑΧΙΑΙΑ Ή ΠΛΑΓΙΑ ΕΠΙΦΑΝΕΙΑ Τ",Surgical,80,2370
X623809,"ΒΙΟΨΙΑ, ΜΑΛΑΚΟΥ ΙΣΤΟΥ ΡΑΧΙΑΙΑ Ή ΠΛΑΓΙΑ ΕΠΙΦΑΝΕΙΑ Τ",Surgical,160,1170
X623819,"ΕΚΤΟΜΗ, ΟΓΚΟΣ, ΜΑΛΑΚΟΣ ΙΣΤΟΣ ΡΑΧΙΑΙΑΣ Ή ΠΛΑΓΙΑΣ ΕΠ",Surgical,240,2420
X623829,"ΡΙΖΙΚΗ ΕΚΤΟΜΗ ΟΓΚΟΥ (Π.Χ. ΚΑΚΟΗΘΟΥΣ ΝΕΟΠΛΑΣΜΑΤΟΣ),",Surgical,240,1220
X623979,"ΤΟΜΗ ΚΑΙ ΠΑΡΟΧΕΤΕΥΣΗ, ΑΝΟΙΚΤΗ, ΣΕ ΕΝ ΤΩ ΒΑΘΕΙ ΑΠΟΣ",Surgical,240,1820
X623989,"ΤΟΜΗ ΚΑΙ ΠΑΡΟΧΕΤΕΥΣΗ, ΑΝΟΙΚΤΗ, ΣΕ ΕΝ ΤΩ ΒΑΘΕΙ ΑΠΟΣ",Surgical,240,1570
X624159,"ΜΕΡΙΚΗ ΕΚΤΟΜΗ ΟΠΙΣΘΙΟΥ ΣΠΟΝΔΥΛΙΚΟΥ ΤΜΗΜΑΤΟΣ (Π.Χ.,",Surgical,240,1620
X624161,"ΜΕΡΙΚΗ ΕΚΤΟΜΗ ΟΠΙΣΘΙΟΥ ΣΠΟΝΔΥΛΙΚΟΥ ΤΜΗΜΑΤΟΣ (Π.Χ.,",Surgical,150,2380
X624163,"ΜΕΡΙΚΗ ΕΚΤΟΜΗ ΟΠΙΣΘΙΟΥ ΣΠΟΝΔΥΛΙΚΟΥ ΤΜΗΜΑΤΟΣ (Π.Χ.,",Surgical,210,1940
X624165,"ΜΕΡΙΚΗ ΕΚΤΟΜΗ ΟΠΙΣΘΙΟΥ ΣΠΟΝΔΥΛΙΚΟΥ ΤΜΗΜΑΤΟΣ (Π.Χ.,",Surgical,120,2100
X624179,"ΜΕΡΙΚΗ ΕΚΤΟΜΗ ΣΠΟΝΔΥΛΙΚΟΥ ΣΩΜΑΤΟΣ, ΓΙΑ ΕΣΩΤΕΡΙΚΗ Ο",Surgical,240,1220
X624183,"ΜΕΡΙΚΗ ΕΚΤΟΜΗ ΣΠΟΝΔΥΛΙΚΟΥ ΣΩΜΑΤΟΣ, ΓΙΑ ΕΣΩΤΕΡΙΚΗ Ο",Surgical,210,2140
X624187,"ΜΕΡΙΚΗ ΕΚΤΟΜΗ ΣΠΟΝΔΥΛΙΚΟΥ ΣΩΜΑΤΟΣ, ΓΙΑ ΕΣΩΤΕΡΙΚΗ Ο",Surgical,180,1860
X624191,"ΜΕΡΙΚΗ ΕΚΤΟΜΗ ΣΠΟΝΔΥΛΙΚΟΥ ΣΩΜΑΤΟΣ, ΓΙΑ ΕΣΩΤΕΡΙΚΗ Ο",Surgical,150,2180
X624371,"ΟΣΤΕΟΤΟΜΙΑ ΣΠΟΝΔΥΛΙΚΗΣ ΣΤΗΛΗΣ, ΟΠΙΣΘΙΑ Ή ΟΠΙΣΘΟΠΛΑ",Surgical,150,3180
X624373,"ΟΣΤΕΟΤΟΜΙΑ ΣΠΟΝΔΥΛΙΚΗΣ ΣΤΗΛΗΣ, ΟΠΙΣΘΙΑ Ή ΟΠΙΣΘΟΠΛΑ",Surgical,210,2740
X624375,"ΟΣΤΕΟΤΟΜΙΑ ΣΠΟΝΔΥΛΙΚΗΣ ΣΤΗΛΗΣ, ΟΠΙΣΘΙΑ Ή ΟΠΙΣΘΟΠΛΑ",Surgical,120,900
X624379,"ΟΣΤΕΟΤΟΜΙΑ ΤΗΣ ΣΠΟΝΔΥΛΙΚΗΣ ΣΤΗΛΗΣ, ΟΠΙΣΘΙΑ Ή ΟΠΙΣΘ",Surgical,80,770
X624383,"ΟΣΤΕΟΤΟΜΙΑ ΤΗΣ ΣΠΟΝΔΥΛΙΚΗΣ ΣΤΗΛΗΣ, ΟΠΙΣΘΙΑ Ή ΟΠΙΣΘ",Surgical,160,2140
X624387,"ΟΣΤΕΟΤΟΜΙΑ ΤΗΣ ΣΠΟΝΔΥΛΙΚΗΣ ΣΤΗΛΗΣ, ΟΠΙΣΘΙΑ Ή ΟΠΙΣΘ",Surgical,120,1410
X624391,"ΟΣΤΕΟΤΟΜΙΑ ΤΗΣ ΣΠΟΝΔΥΛΙΚΗΣ ΣΤΗΛΗΣ, ΟΠΙΣΘΙΑ Ή ΟΠΙΣΘ",Surgical,80,1730
X624399,"ΟΣΤΕΟΤΟΜΙΑ ΤΗΣ ΣΠΟΝΔΥΛΙΚΗΣ ΣΤΗΛΗΣ, ΣΥΜΠΕΡΙΛΑΜΒΑΝΟΜ",Surgical,240,2820
X624403,"ΟΣΤΕΟΤΟΜΙΑ ΤΗΣ ΣΠΟΝΔΥΛΙΚΗΣ ΣΤΗΛΗΣ, ΣΥΜΠΕΡΙΛΑΜΒΑΝΟΜ",Surgical,210,1740
X624407,"ΟΣΤΕΟΤΟΜΙΑ ΤΗΣ ΣΠΟΝΔΥΛΙΚΗΣ ΣΤΗΛΗΣ, ΣΥΜΠΕΡΙΛΑΜΒΑΝΟΜ",Surgical,180,1460
X624411,"ΟΣΤΕΟΤΟΜΙΑ ΤΗΣ ΣΠΟΝΔΥΛΙΚΗΣ ΣΤΗΛΗΣ, ΣΥΜΠΕΡΙΛΑΜΒΑΝΟΜ",Surgical,150,1780
X624569,ΚΛΕΙΣΤΗ ΘΕΡΑΠΕΙΑ ΚΑΤΑΓΜΑΤΟΣ/ΩΝ ΣΠΟΝΔΥΛΙΚΩΝ ΑΠΟΦΥΣΕ,Surgical,160,1970
X624579,ΚΛΕΙΣΤΗ ΘΕΡΑΠΕΙΑ ΚΑΤΑΓΜΑΤΟΣ/ΩΝ ΣΠΟΝΔΥΛΙΚΟΥ ΣΩΜΑΤΟΣ,Surgical,120,770
X624589,ΚΛΕΙΣΤΗ ΘΕΡΑΠΕΙΑ ΣΠΟΝΔΥΛΙΚΟΥ ΚΑΤΑΓΜΑΤΟΣ/ΩΝ ΚΑΙ/Ή Ε,Surgical,80,1570
X624595,ΑΝΟΙΚΤΗ ΘΕΡΑΠΕΙΑ ΚΑΙ/Ή ΑΝΑΤΑΞΗ ΚΑΤΑΓΜΑΤΩΝ ΟΔΟΝΤΟΕΙ,Surgical,120,2050
X624597,ΑΝΟΙΚΤΗ ΘΕΡΑΠΕΙΑ ΚΑΙ/Ή ΑΝΑΤΑΞΗ ΚΑΤΑΓΜΑΤΩΝ ΟΔΟΝΤΟΕΙ,Surgical,180,2210
X624609,ΑΝΟΙΚΤΗ ΘΕΡΑΠΕΙΑ ΚΑΙ/Ή ΑΝΑΤΑΞΗ ΣΠΟΝΔΥΛΙΚΩΝ ΚΑΤΑΓΜΑ,Surgical,240,1170
X624611,ΑΝΟΙΚΤΗ ΘΕΡΑΠΕΙΑ ΚΑΙ/Ή ΑΝΑΤΑΞΗ ΣΠΟΝΔΥΛΙΚΩΝ ΚΑΤΑΓΜΑ,Surgical,150,1330
X624613,ΑΝΟΙΚΤΗ ΘΕΡΑΠΕΙΑ ΚΑΙ/Ή ΑΝΑΤΑΞΗ ΣΠΟΝΔΥΛΙΚΩΝ ΚΑΤΑΓΜΑ,Surgical,210,2540
X624615,ΑΝΟΙΚΤΗ ΘΕΡΑΠΕΙΑ ΚΑΙ/Ή ΑΝΑΤΑΞΗ ΣΠΟΝΔΥΛΙΚΩΝ ΚΑΤΑΓΜΑ,Surgical,120,1650
X624969,ΧΕΙΡΙΣΜΟΣ ΤΗΣ ΣΠΟΝΔΥΛΙΚΗΣ ΣΤΗΛΗΣ ΠΟΥ ΑΠΑΙΤΕΙ ΝΑΡΚΩ,Surgical,120,1970
X624999,"ΔΙΑΔΕΡΜΙΚΗ ΣΠΟΝΔΥΛΟΠΛΑΣΤΙΚΗ, ΕΝΑ ΣΠΟΝΔΥΛΙΚΟ ΣΩΜΑ, ",Surgical,120,3420
X625001,"ΔΙΑΔΕΡΜΙΚΗ ΣΠΟΝΔΥΛΟΠΛΑΣΤΙΚΗ, ΕΝΑ ΣΠΟΝΔΥΛΙΚΟ ΣΩΜΑ, ",Surgical,80,530
X625003,"ΔΙΑΔΕΡΜΙΚΗ ΣΠΟΝΔΥΛΟΠΛΑΣΤΙΚΗ, ΕΝΑ ΣΠΟΝΔΥΛΙΚΟ ΣΩΜΑ, ",Surgical,120,1740
X625005,ΔΙΑΔΕΡΜΙΚΗ ΣΠΟΝΔΥΛΙΚΗ ΕΝΙΣΧΥΣΗ ΠΕΡΙΛΑΜΒΑΝΟΜΕΝΗΣ ΤΗ,Surgical,160,1900
X625007,ΔΙΑΔΕΡΜΙΚΗ ΣΠΟΝΔΥΛΙΚΗ ΕΝΙΣΧΥΣΗ ΠΕΡΙΛΑΜΒΑΝΟΜΕΝΗΣ ΤΗ,Surgical,80,1010
X625009,ΔΙΑΔΕΡΜΙΚΗ ΣΠΟΝΔΥΛΙΚΗ ΕΝΙΣΧΥΣΗ ΠΕΡΙΛΑΜΒΑΝΟΜΕΝΗΣ ΤΗ,Surgical,120,2220
X625011,"ΔΙΑΔΕΡΜΙΚΗ ΗΛΕΚΤΡΟΘΕΡΜΙΚΗ ΠΥΡΗΝΟΠΛΑΣΤΙΚΗ, ΕΤΕΡΟΠΛΕ",Surgical,160,1330
X625013,"ΔΙΑΔΕΡΜΙΚΗ ΗΛΕΚΤΡΟΘΕΡΜΙΚΗ ΠΥΡΗΝΟΠΛΑΣΤΙΚΗ, ΕΤΕΡΟΠΛΕ",Surgical,80,1490
X625023,"ΑΡΘΡΟΔΕΣΗ ΠΛΑΓΙΑ ΕΞΩΤΟΙΧΩΜΑΤΙΚΗ, ΣΥΜΠΕΡΙΛΑΜΒΑΝΟΜΕΝ",Surgical,210,3340
X625025,"ΑΡΘΡΟΔΕΣΗ, ΠΛΑΓΙΑ ΕΞΩΤΟΙΧΩΜΑΤΙΚΗ, ΣΥΜΠΕΡΙΛΑΜΒΑΝΟΜΕ",Surgical,120,900
X625027,"ΑΡΘΡΟΔΕΣΗ, ΠΛΑΓΙΑ ΕΞΩΤΟΙΧΩΜΑΤΙΚΗ, ΣΥΜΠΕΡΙΛΑΜΒΑΝΟΜΕ",Surgical,180,1660
X625055,"ΑΡΘΡΟΔΕΣΗ, ΠΡΟΣΘΙΑ ΔΙΑΣΤΟΜΑΤΙΚΗ Ή ΕΞΩΣΤΟΜΑΤΙΚΗ ΤΕΧ",Surgical,120,1300
X625067,"ΑΡΘΡΟΔΕΣΗ ΠΡΟΣΘΙΑ ΜΕΣΟΣΠΟΝΔΥΛΙΑ, ΣΥΜΠΕΡΙΛΑΜΒΑΝΟΜΕΝ",Surgical,180,2260
X625071,"ΑΡΘΡΟΔΕΣΗΠΡΟΣΘΙΑ ΜΕΣΟΣΠΟΝΔΥΛΙΑ , ΣΥΜΠΕΡΙΛΑΜΒΑΝΟΜΕΝ",Surgical,150,3180
X625075,"ΑΡΘΡΟΔΕΣΗΠΡΟΣΘΙΑ ΜΕΣΟΣΠΟΝΔΥΛΙΑ , ΣΥΜΠΕΡΙΛΑΜΒΑΝΟΜΕΝ",Surgical,120,900
X625129,"ΑΡΘΡΟΔΕΣΗΠΡΟΣΘΙΑ ΜΕΣΟΣΠΟΝΔΥΛΙΑ , ΣΥΜΠΕΡΙΛΑΜΒΑΝΟΜΕΝ",Surgical,240,1220
X625139,"ΑΡΘΡΟΔΕΣΗ, ΟΠΙΣΘΙΑ ΤΕΧΝΙΚΗ, ΚΡΑΝΙΟΑΥΧΕΝΙΚΗ (ΙΝΙΟ-Α",Surgical,80,1570
X625149,"ΑΡΘΡΟΔΕΣΗ, ΟΠΙΣΘΙΑ ΤΕΧΝΙΚΗ, ΚΡΑΝΙΟΑΥΧΕΝΙΚΗ, ΑΤΛΑΝΤ",Surgical,160,2370
X625159,"ΑΡΘΡΟΔΕΣΗ, ΟΠΙΣΘΙΑ Ή ΟΠΙΣΘΙΟΠΛΑΓΙΑ ΤΕΧΝΙΚΗ, ΕΝΑ ΕΠ",Surgical,120,1170
X625179,"ΑΡΘΡΟΔΕΣΗ, ΟΠΙΣΘΙΑ Ή ΟΠΙΣΘΟΠΛΑΓΙΑ ΤΕΧΝΙΚΗ, ΕΝΑ ΕΠΙ",Surgical,160,1820
X625183,"ΑΡΘΡΟΔΕΣΗ, ΟΠΙΣΘΙΑ Ή ΟΠΙΣΘΟΠΛΑΓΙΑ ΤΕΧΝΙΚΗ, ΜΟΝΗΡΕΣ",Surgical,120,1090
X625187,"ΑΡΘΡΟΔΕΣΗ, ΟΠΙΣΘΙΑ Ή ΟΠΙΣΘΟΠΛΑΓΙΑ ΤΕΧΝΙΚΗ, ΜΟΝΗΡΕΣ",Surgical,80,1410
X625219,"ΑΡΘΡΟΔΕΣΗ, ΟΠΙΣΘΙΑ ΜΕΣΟΣΠΟΝΔΥΛΙΑ, ΣΥΜΠΕΡΙΛΑΜΒΑΝΟΜΕ",Surgical,240,2420
X625223,"ΑΡΘΡΟΔΕΣΗ, ΟΠΙΣΘΙΑ ΜΕΣΟΣΠΟΝΔΥΛΙΑ, ΣΥΜΠΕΡΙΛΑΜΒΑΝΟΜΕ",Surgical,210,2740
X625559,"ΑΡΘΡΟΔΕΣΗ, ΟΠΙΣΘΙΑ, ΓΙΑ ΣΠΟΝΔΥΛΙΚΗ ΠΑΡΑΜΟΡΦΩΣΗ, ΜΕ",Surgical,80,1170
X625563,"ΑΡΘΡΟΔΕΣΗ, ΟΠΙΣΘΙΑ, ΓΙΑ ΣΠΟΝΔΥΛΙΚΗ ΠΑΡΑΜΟΡΦΩΣΗ, ΜΕ",Surgical,160,1490
X625567,"ΑΡΘΡΟΔΕΣΗ, ΟΠΙΣΘΙΑ, ΓΙΑ ΣΠΟΝΔΥΛΙΚΗ ΠΑΡΑΜΟΡΦΩΣΗ, ΜΕ",Surgical,120,1810
X625575,"ΑΡΘΡΟΔΕΣΗ,ΠΡΟΣΘΙΑ, ΓΙΑ ΣΠΟΝΔΥΛΙΚΗ ΠΑΡΑΜΟΡΦΩΣΗ, ΜΕ ",Surgical,160,450
X625579,"ΑΡΘΡΟΔΕΣΗ, ΠΡΟΣΘΙΑ, ΓΙΑ ΣΠΟΝΔΥΛΙΚΗ ΠΑΡΑΜΟΡΦΩΣΗ, ΜΕ",Surgical,120,770
X625583,"ΑΡΘΡΟΔΕΣΗ,ΠΡΟΣΘΙΑ, ΓΙΑ ΣΠΟΝΔΥΛΙΚΗ ΠΑΡΑΜΟΡΦΩΣΗ, ΜΕ ",Surgical,80,1090
X625595,"ΚΥΦΕΚΤΟΜΗ, ΠΕΡΙΜΕΤΡΙΚΗ ΑΠΟΚΑΛΥΨΗ ΤΗΣ ΣΠΟΝΔΥΛΙΚΗΣ Σ",Surgical,120,2500
X625597,"ΚΥΦΕΚΤΟΜΗ, ΜΕΡΙΜΕΤΡΙΚΗ ΑΠΟΚΑΛΥΨΗ ΤΗΣ ΣΠΟΝΔΥΛΙΚΗΣ Σ",Surgical,180,2660
X625619,ΔΙΕΡΕΥΝΗΣΗ ΣΠΟΝΔΥΛΟΔΕΣΙΑΣ,Surgical,80,1970
X625639,"ΟΠΙΣΘΙΑ ΜΗ-ΤΜΗΜΑΤΙΚΗ ΣΠΟΝΔΥΛΟΔΕΣΙΑ (Π.Χ., ΤΕΧΝΙΚΗ ",Surgical,120,1570
X625641,"ΕΣΩΤΕΡΙΚΗ ΣΠΟΝΔΥΛΟΔΕΣΙΑ ΜΕ ΣΥΡΜΑΤΑ, ΔΙΑ ΤΩΝ ΑΚΑΝΘΩ",Surgical,160,1730
X625643,"ΟΠΙΣΘΙΑ ΤΜΗΜΑΤΙΚΗ ΣΠΟΝΔΥΛΟΔΕΣΙΑ (Π.Χ., ΔΙΑΥΧΕΝΙΚΗ,",Surgical,80,1890
X625645,"ΟΠΙΣΘΙΑ ΤΜΗΜΑΤΙΚΗ ΣΠΟΝΔΥΛΟΔΕΣΙΑ (Π.Χ., ΔΙΑΥΧΕΝΙΚΗ,",Surgical,120,2050
X625647,"ΟΠΙΣΘΙΑ ΤΜΗΜΑΤΙΚΗ ΣΠΟΝΔΥΛΟΔΕΣΙΑ (Π.Χ., ΔΙΑΥΧΕΝΙΚΗ,",Surgical,160,2210
X625649,ΠΡΟΣΘΙΑ ΣΠΟΝΔΥΛΟΔΕΣΙΑ . 2 ΕΩΣ 3 ΣΠΟΝΔΥΛΙΚΑ ΤΜΗΜΑΤΑ,Surgical,80,2370
X625651,ΠΡΟΣΘΙΑ ΣΠΟΝΔΥΛΟΔΕΣΙΑ . 4 ΕΩΣ 7 ΣΠΟΝΔΥΛΙΚΑ ΤΜΗΜΑΤΑ,Surgical,120,530
X625653,ΠΡΟΣΘΙΑ ΣΠΟΝΔΥΛΟΔΕΣΙΑ . 8 Ή ΠΕΡΙΣΣΟΤΕΡΑ ΣΠΟΝΔΥΛΙΚΑ,Surgical,160,690
X625655,ΠΥΕΛΙΚΗ ΚΑΘΗΛΩΣΗ ( ΣΥΝΔΕΣΗ ΤΟΥ ΟΥΡΙΑΙΟΥ ΑΚΡΟΥ ΣΠΟΝ,Surgical,80,850
X625657,ΕΠΑΝΑΤΟΠΟΘΕΤΗΣΗ ΣΥΣΚΕΥΗΣ ΣΠΟΝΔΥΛΙΚΗΣ ΚΑΘΗΛΩΣΗΣ,Surgical,120,1010
X625659,ΑΦΑΙΡΕΣΗ ΟΠΙΣΘΙΑΣ ΜΗ-ΤΜΗΜΑΤΙΚΗΣ ΣΠΟΝΔΥΛΟΔΕΣΙΑΣ (Π.,Surgical,240,1620
X625661,ΕΦΑΡΜΟΓΗ ΜΕΣΟΣΠΟΝΔΥΛΙΑΣ ΕΜΒΙΟΜΗΧΑΝΙΚΗΣ ΣΥΣΚΕΥΗΣ/ΩΝ,Surgical,80,1330
X625663,ΑΦΑΙΡΕΣΗ ΟΠΙΣΘΙΑΣ ΤΜΗΜΑΤΙΚΗΣ ΣΠΟΝΔΥΛΟΔΕΣΙΑΣ,Surgical,210,1940
X625669,ΑΦΑΙΡΕΣΗ ΠΡΟΣΘΙΑΣ ΣΠΟΝΔΥΛΟΔΕΣΙΑΣ,Surgical,240,2420
X625671,"ΟΛΙΚΗ ΑΡΘΡΟΠΛΑΣΤΙΚΗ ΔΙΣΚΟΥ (ΤΕΧΝΗΤΟΣ ΔΙΣΚΟΣ), ΠΡΟΣ",Surgical,150,2580
X625673,"ΟΛΙΚΗ ΑΡΘΡΟΠΛΑΣΤΙΚΗ ΔΙΣΚΟΥ (ΤΕΧΝΗΤΟΣ ΔΙΣΚΟΣ), ΠΡΟΣ",Surgical,210,2740
X625681,ΑΝΑΘΕΩΡΗΣΗ ΣΥΜΠΕΡΙΛΑΜΒΑΝΟΜΕΝΗΣ ΤΗΣ ΑΝΤΙΚΑΤΑΣΤΑΣΗΣ ,Surgical,120,1380
X625683,ΑΝΑΘΕΩΡΗΣΗ ΣΥΜΠΕΡΙΛΑΜΒΑΝΟΜΕΝΗΣ ΤΗΣ ΑΝΤΙΚΑΤΑΣΤΑΣΗΣ ,Surgical,160,1540
X625687,ΑΦΑΙΡΕΣΗ ΟΛΙΚΗΣ ΑΡΘΡΟΠΛΑΣΤΙΚΗΣ ΔΙΣΚΟΥ (ΤΕΧΝΗΤΟΣ ΔΙ,Surgical,180,1860
X625689,ΑΦΑΙΡΕΣΗ ΟΛΙΚΗΣ ΑΡΘΡΟΠΛΑΣΤΙΚΗΣ ΔΙΣΚΟΥ (ΤΕΧΝΗΤΟΣ ΔΙ,Surgical,240,2020
X625757,"ΜΗ ΚΑΤΑΓΕΓΡΑΜΜΕΝΗ ΔΙΑΔΙΚΑΣΙΑ, ΣΠΟΝΔΥΛΙΚΗ ΣΤΗΛΗ",Surgical,80,1010
X625759,"ΕΚΤΟΜΗ, ΟΓΚΟΣ ΚΟΙΛΙΑΚΟΥ ΤΟΙΧΩΜΑΤΟΣ, ΥΠΟΠΕΡΙΤΟΝΙΑΚΟ",Surgical,240,1620
X625957,"ΜΗ ΚΑΤΑΓΕΓΡΑΜΜΕΝΗ ΔΙΑΔΙΚΑΣΙΑ, ΚΟΙΛΙΑ, ΜΥΟΣΚΕΛΕΤΙΚΟ",Surgical,120,1010
X625959,"ΑΦΑΙΡΕΣΗ ΥΠΟΔΕΛΤΟΕΙΔΩΝ ΑΣΒΕΣΤΟΕΙΔΩΝ ΑΠΟΘΕΣΕΩΝ, ΑΝΟ",Surgical,240,1620
X625999,"ΔΙΑΤΟΜΗ ΡΙΚΝΩΜΕΝΟΥ ΘΥΛΑΚΟΥ (Π.Χ., ΔΙΑΔΙΚΑΣΙΑ ΤΥΠΟΥ",Surgical,120,2370
X626019,"ΔΙΑΤΟΜΗ ΚΑΙ ΠΑΡΟΧΕΤΕΥΣΗ, ΠΕΡΙΟΧΗ ΩΜΟΥ. ΕΝ ΤΩ ΒΑΘΕΙ",Surgical,80,1970
X626021,"ΕΚΤΟΜΗ ΚΑΙ ΠΑΡΟΧΕΤΕΥΣΗ, ΠΕΡΙΟΧΗ ΩΜΟΥ. ΦΛΕΓΜΑΙΝΩΝ Θ",Surgical,150,2580
X626029,"ΔΙΑΤΟΜΗ, ΦΛΟΙΟΣ ΟΣΤΟΥ (Π.Χ., ΟΣΤΕΟΜΥΕΛΙΤΙΔΑ Η ΑΠΟΣ",Surgical,160,770
X626039,"ΑΡΘΡΟΤΟΜΗ, ΓΛΗΝΟΒΡΑΧΙΟΝΙΑ ΑΡΘΡΩΣΗ, ΠΕΡΙΛΑΜΒΑΝΕΤΑΙ ",Surgical,240,2020
X626047,"ΑΡΘΡΟΤΟΜΗ, ΑΚΡΟΜΙΟΚΛΕΙΔΙΚΗ, ΣΤΕΡΝΟΚΛΕΙΔΙΚΗ ΑΡΘΡΩΣΗ",Surgical,180,2660
X626089,"ΒΙΟΨΙΑ, ΜΑΛΑΚΟΥ ΙΣΤΟΥ ΠΕΡΙΟΧΗΣ ΩΜΟΥ. ΕΠΙΦΑΝΕΙΑΚΗ",Surgical,160,1570
X626091,"ΒΙΟΨΙΑ, ΜΑΛΑΚΟΥ ΙΣΤΟΥ ΠΕΡΙΟΧΗΣ ΩΜΟΥ. ΕΝ ΤΩ ΒΑΘΕΙ",Surgical,80,1730
X626109,"ΑΦΑΙΡΕΣΗ, ΟΓΚΟΥ ΜΑΛΑΚΟΥ ΙΣΤΟΥ ΠΕΡΙΟΧΗΣ ΩΜΟΥ. ΥΠΟΔΟ",Surgical,240,1620
X626111,"ΑΦΑΙΡΕΣΗ, ΟΓΚΟΥ ΜΑΛΑΚΟΥ ΙΣΤΟΥ ΠΕΡΙΟΧΗΣ ΩΜΟΥ, ΕΝ ΤΩ",Surgical,150,1780
X626113,"ΡΙΖΙΚΗ ΕΚΤΟΜΗ ΤΟΥ ΟΓΚΟΥ (Π.Χ. ΚΑΚΟΗΘΕΣ ΝΕΟΠΛΑΣΜΑ),",Surgical,210,1940
X626159,"ΑΡΘΡΟΤΟΜΗ, ΓΛΗΝΟΒΡΑΧΙΟΝΙΑ ΑΡΘΡΩΣΗ, ΣΥΜΠΕΡΙΛΑΜΒΑΝΟΜ",Surgical,120,1170
X626161,"ΑΡΘΡΟΤΟΜΗ, ΑΚΡΟΜΙΟΚΛΕΙΔΙΚΗ Ή ΣΤΕΡΝΟΚΛΕΙΔΙΚΗ ΑΡΘΡΩΣ",Surgical,150,1780
X626169,"ΑΡΘΡΟΤΟΜΗ, ΓΛΗΝΟΒΡΑΧΙΟΝΙΑΣ ΑΡΘΡΩΣΗΣ ΜΕ ΥΜΕΝΕΚΤΟΜΗ,",Surgical,240,2420
X626171,"ΑΡΘΡΟΤΟΜΗ. ΣΤΕΡΝΟΚΛΕΙΔΙΚΗ ΑΡΘΡΩΣΗ, ΜΕ ΥΜΕΝΕΚΤΟΜΗ, ",Surgical,150,2580
X626173,"ΑΡΘΡΟΤΟΜΗ,ΓΛΗΝΟ ΒΡΑΧΙΟΝΙΑΣ ΑΡΘΡΩΣΗΣ, ΜΕ ΔΙΕΡΕΥΝΗΣΗ",Surgical,210,2740
X626199,"ΑΦΑΙΡΕΣΗ ΚΛΕΙΔΑΣ, ΜΕΡΙΚΗ",Surgical,240,2820
X626209,ΑΦΑΙΡΕΣΗΚΛΕΙΔΑΣ. ΟΛΙΚΗ,Surgical,240,1620
X626219,"ΑΚΡΩΜΙΟΠΛΑΣΤΙΚΗ Ή ΑΚΡΩΜΙΟΕΚΤΟΜΗ, ΜΕΡΙΚΗ, ΜΕ Ή ΧΩΡΙ",Surgical,240,2420
X626239,ΑΦΑΙΡΕΣΗ Ή ΑΠΟΞΕΣΗ ΟΣΤΙΚΗΣ ΚΥΣΤΗΣ Ή ΚΑΛΟΗΘΟΥΣ ΟΓΚΟ,Surgical,240,2020
X626249,ΑΦΑΙΡΕΣΗ Ή ΑΠΟΞΕΣΗ ΟΣΤΙΚΗΣ ΚΥΣΤΗΣ Ή ΚΑΛΟΗΘΟΥΣ ΟΓΚΟ,Surgical,240,2820
X626251,ΑΦΑΙΡΕΣΗ Ή ΑΠΟΞΕΣΗ ΟΣΤΙΚΗΣ ΚΥΣΤΗΣ Ή ΚΑΛΟΗΘΟΥΣ ΟΓΚΟ,Surgical,150,980
X626259,ΑΦΑΙΡΕΣΗ Ή ΑΠΟΞΕΣΗ ΟΣΤΙΚΗΣ ΚΥΣΤΗΣ Ή ΚΑΛΟΗΘΟΥΣ ΟΓΚΟ,Surgical,240,1620
X626269,ΑΦΑΙΡΕΣΗ Ή ΑΠΟΞΕΣΗ ΟΣΤΙΚΗΣ ΚΥΣΤΗΣ Ή ΚΑΛΟΗΘΟΥΣ ΟΓΚΟ,Surgical,240,2420
X626271,ΑΦΑΙΡΕΣΗ Ή ΑΠΟΞΕΣΗ ΟΣΤΙΚΗΣ ΚΥΣΤΗΣ Ή ΚΑΛΟΗΘΟΥΣ ΟΓΚΟ,Surgical,150,2580
X626299,"ΑΦΑΙΡΕΣΗ ΑΠΟΛΥΜΑΤΟΠΟΙΗΜΕΝΩΝ ΙΣΤΩΝ (Π.Χ., ΓΙΑ ΟΣΤΕΟ",Surgical,240,2820
X626303,"ΑΦΑΙΡΕΣΗ ΑΠΟΛΥΜΑΤΟΠΟΙΗΜΕΝΩΝ ΙΣΤΩΝ (Π.Χ., ΓΙΑ ΟΣΤΕΟ",Surgical,210,1140
X626307,"ΑΦΑΙΡΕΣΗ ΑΠΟΛΥΜΑΤΟΠΟΙΗΜΕΝΩΝ ΙΣΤΩΝ (Π.Χ., ΓΙΑ ΟΣΤΕΟ",Surgical,180,1460
X626319,"ΜΕΡΙΚΗ ΑΦΑΙΡΕΣΗ (ΚΡΑΤΗΡΕΚΤΟΜΗ, ΠΥΡΗΝΕΚΤΟΜΗ, Ή ΑΦΑΙ",Surgical,240,2420
X626323,"ΜΕΡΙΚΗ ΑΦΑΙΡΕΣΗ (ΚΡΑΤΗΡΕΚΤΟΜΗ, ΠΥΡΗΝΕΚΤΟΜΗ, Ή ΑΦΑΙ",Surgical,210,2740
X626327,"ΜΕΡΙΚΗ ΑΦΑΙΡΕΣΗ (ΚΡΑΤΗΡΕΚΤΟΜΗ, ΠΥΡΗΝΕΚΤΟΜΗ, Ή ΑΦΑΙ",Surgical,180,1060
X626339,"ΟΣΤΕΚΤΟΜΗ ΩΜΟΠΛΑΤΗΣ, ΜΕΡΙΚΗ (EG, ΑΝΩ ΜΕΣΗ ΓΩΝΙΑ)",Surgical,240,2020
X626349,"ΑΦΑΙΡΕΣΗ, ΒΡΑΧΙΟΝΙΟΣ ΚΕΦΑΛΗ",Surgical,240,2820
X626359,ΡΙΖΙΚΗ ΕΚΤΟΜΗ ΟΓΚΟΥ. ΚΛΕΙΔΑ,Surgical,240,1620
X626379,ΡΙΖΙΚΗ ΕΚΤΟΜΗ ΟΓΚΟΥ. ΩΜΟΠΛΑΤΗ,Surgical,240,1220
X626399,"ΡΙΖΙΚΗ ΕΚΤΟΜΗ ΟΓΚΟΥ ΟΣΤΟΥ, ΕΓΓΥΣ ΑΚΡΟ ΒΡΑΧΙΟΝΙΟΥ Ο",Surgical,240,2820
X626401,"ΡΙΖΙΚΗ ΕΚΤΟΜΗ ΟΓΚΟΥ ΟΣΤΟΥ, ΕΓΓΥΣ ΑΚΡΟ ΒΡΑΧΙΟΝΙΟΥ Ο",Surgical,150,980
X626403,"ΡΙΖΙΚΗ ΕΚΤΟΜΗ ΟΓΚΟΥ ΟΣΤΟΥ, ΕΓΓΥΣ ΑΚΡΟ ΒΡΑΧΙΟΝΙΟΥ Ο",Surgical,210,1140
X626619,"ΑΦΑΙΡΕΣΗ ΞΕΝΟΥ ΣΩΜΑΤΟΣ, ΩΜΟΥ, ΥΠΟΔΟΡΙΟΣ",Surgical,240,2420
X626621,"ΑΦΑΙΡΕΣΗ ΞΕΝΟΥ ΣΩΜΑΤΟΣ, ΩΜΟΥ. (Π.Χ., ΗΜΙΑΡΘΡΟΠΛΑΣΤ",Surgical,150,2580
X626623,"ΑΦΑΙΡΕΣΗ ΞΕΝΟΥ ΣΩΜΑΤΟΣ, ΩΜΟΥ. ΣΥΝΘΕΤΟ (Π.Χ., ΟΛΙΚΗ",Surgical,210,2740
X626659,ΔΙΑΔΙΚΑΣΙΑ ΕΓΧΥΣΗΣ ΓΙΑ ΑΡΘΡΟΓΡΑΦΙΑ ΩΜΟΥ Ή ΕΝΙΣΧΥΜΕ,Surgical,160,1170
X626749,"ΜΕΤΑΦΟΡΑ ΜΥ, ΟΠΟΙΟΥΔΗΠΟΤΕ ΤΥΠΟΥ, ΩΜΟΥ Ή ΑΝΩ ΑΚΡΟΥ.",Surgical,160,2370
X626753,"ΜΕΤΑΦΟΡΑ ΜΥ, ΟΠΟΙΟΥΔΗΠΟΤΕ ΤΥΠΟΥ, ΩΜΟΥ Ή ΑΝΩ ΑΚΡΟΥ.",Surgical,120,690
X626759,ΧΕΙΡΟΥΡΓΙΚΗ ΔΙΑΔΙΚΑΣΙΑ ΩΜΟΠΛΑΤΗΣ (Π.Χ. ΠΑΡΑΜΟΡΦΩΣΗ,Surgical,120,1170
X626769,"ΤΕΝΟΤΟΜΗ, ΠΕΡΙΟΧΗ ΩΜΟΥ. ΜΟΝΗΡΗΣ ΤΕΝΟΝΤΑΣ",Surgical,80,1970
X626771,"ΤΕΝΟΤΟΜΗ, ΠΕΡΙΟΧΗ ΩΜΟΥ. ΠΟΛΛΑΠΛΟΙ ΤΕΝΟΝΤΕΣ ΜΕΣΩ ΤΗ",Surgical,120,2130
X626779,ΑΠΟΚΑΤΑΣΤΑΣΗ ΡΑΓΕΝΤΟΣ ΜΥΟΤΕΝΟΝΤΙΟΥ ΠΕΤΑΛΟΥ (Π.Χ ΣΤ,Surgical,240,770
X626783,"ΑΠΟΚΑΤΑΣΤΑΣΗ ΡΑΓΕΝΤΟΣ ΜΥΟΤΕΝΟΝΤΙΟΥ ΠΕΤΑΛΟΥ (Π.Χ., ",Surgical,210,1090
X626789,"ΔΙΑΤΟΜΗ ΚΟΡΑΚΟΑΚΡΩΜΙΑΚΟΥ ΣΥΝΔΕΣΜΟΥ, ΜΕ Ή ΧΩΡΙΣ ΑΚΡ",Surgical,120,1570
X626799,ΑΝΑΚΑΤΑΣΚΕΥΗ ΠΛΗΡΟΥΣ ΑΠΟΚΟΛΛΗΣΗΣ ΩΜΙΚΟΥ(ΣΤΡΟΦΙΚΟΥ),Surgical,80,2370
X626819,ΤΕΝΟΝΤΟΔΕΣΗ ΤΕΝΟΝΤΑ ΜΑΚΡΑΣ ΚΕΦΑΛΗΣ ΔΙΚΕΦΑΛΟΥ,Surgical,120,1970
X626839,ΔΙΑΤΟΜΗ Ή ΕΠΑΝΑΚΑΘΗΛΩΣΗ ΤΕΝΟΝΤΑ ΜΑΚΡΑΣ ΚΕΦΑΛΗΣ ΔΙΚ,Surgical,160,1570
X626859,ΣΥΡΡΑΦΗ ΠΡΟΣΘΙΟΥ ΑΡΘΡΙΚΟΥ ΘΥΛΑΚΟΥ. ΔΙΑΔΙΚΑΣΙΑ ΤΥΠΟ,Surgical,80,1170
X626869,ΣΥΡΡΑΦΗ ΠΡΟΣΘΙΟΥ ΑΡΘΡΙΚΟΥ ΘΥΛΑΚΟΥ ΜΕ ΑΠΟΚΑΤΑΣΤΑΣΗ ,Surgical,160,1970
X626879,ΣΥΡΡΑΦΗ ΠΡΟΣΘΙΟΥ ΑΡΘΡΙΚΟΥ ΘΥΛΑΚΟΥ ΟΠΟΙΟΥΔΗΠΟΤΕ ΤΥΠ,Surgical,120,770
X626883,"ΣΥΡΡΑΦΗ ΠΡΟΣΘΙΟΥ ΑΡΘΡΙΚΟΥ ΘΥΛΑΚΟΥ, ΟΠΟΙΟΥΔΗΠΟΤΕ ΤΥ",Surgical,80,1090
X626889,"ΣΥΡΡΑΦΗ ΑΡΘΡΙΚΟΥ ΘΥΛΑΚΟΥ ΓΛΗΝΟΒΡΑΧΙΟΝΙΑΣ ΑΡΘΡΩΣΗΣ,",Surgical,80,1570
X626891,"ΣΥΡΡΑΦΗ ΑΡΘΡΙΚΟΥ ΘΥΛΑΚΟΥ,ΓΛΗΝΟ ΒΡΑΧΙΟΝΙΑΣ ΑΡΘΡΩΣΗΣ",Surgical,120,1730
X626899,"ΑΡΘΡΟΠΛΑΣΤΙΚΗ, ΓΛΗΝΟΒΡΑΧΙΟΝΙΑΣ ΑΡΘΡΩΣΗΣ. ΗΜΙΑΡΘΡΟΠ",Surgical,160,2820
X626903,"ΑΡΘΡΟΠΛΑΣΤΙΚΗ,ΓΛΗΝΟΒΡΑΧΙΟΝΙΑΣ ΑΡΘΡΩΣΗΣ. ΟΛΙΚΗ ΩΜΟΥ",Surgical,120,1140
X626919,"ΟΣΤΕΟΤΟΜΙΑ, ΚΛΕΙΔΑ, ΜΕ Ή ΧΩΡΙΣ ΕΣΩΤΕΡΙΚΗ ΟΣΤΕΟΣΥΝΘ",Surgical,80,1970
X626929,"ΟΣΤΕΟΤΟΜΙΑ, ΚΛΕΙΔΑ, ΜΕ Ή ΧΩΡΙΣ ΕΣΩΤΕΡΙΚΗ ΟΣΤΕΟΣΥΝΘ",Surgical,160,770
X626939,"ΠΡΟΦΥΛΑΚΤΙΚΗ ΑΝΤΙΜΕΤΩΠΙΣΗ (ΗΛΩΣΗ, ΤΟΠΟΘΕΤΗΣΗ ΚΑΡΦΙ",Surgical,120,1570
X626941,"ΠΡΟΦΥΛΑΚΤΙΚΗ ΑΝΤΙΜΕΤΩΠΙΣΗ (ΗΛΩΣΗ, ΤΟΠΟΘΕΤΗΣΗ ΚΑΡΦΙ",Surgical,160,1730
X626959,ΚΛΕΙΣΤΗ ΘΕΡΑΠΕΙΑ ΚΑΤΑΓΜΑΤΟΣ ΚΛΕΙΔΑΣ. ΧΩΡΙΣ ΧΕΙΡΙΣΜ,Surgical,160,1170
X626969,ΚΛΕΙΣΤΗ ΘΕΡΑΠΕΙΑ ΚΑΤΑΓΜΑΤΟΣ ΚΛΕΙΔΑΣ. ΜΕ ΧΕΙΡΙΣΜΟ,Surgical,120,1970
X626989,"ΑΝΟΙΧΤΗ ΘΕΡΑΠΕΙΑ ΚΑΤΑΓΜΑΤΟΣ ΚΛΕΙΔΑΣ, ΠΕΡΙΛΑΜΒΑΝΕΙ ",Surgical,160,1570
X626999,ΚΛΕΙΣΤΗ ΘΕΡΑΠΕΙΑ ΣΤΕΡΝΟΚΛΕΙΔΙΚΗΣ ΕΞΑΡΘΡΩΣΗΣ. ΧΩΡΙΣ,Surgical,120,2370
X627009,ΚΛΕΙΣΤΗ ΘΕΡΑΠΕΙΑ ΣΤΕΡΝΟΚΛΕΙΔΙΚΗΣ ΕΞΑΡΘΡΩΣΗΣ. ΜΕ ΧΕ,Surgical,120,1170
X627019,"ΑΝΟΙΚΤΗ ΘΕΡΑΠΕΙΑ ΣΤΕΡΝΟΚΛΕΙΔΙΚΗΣ ΕΞΑΡΘΡΩΣΗΣ, ΟΞΕΙΑ",Surgical,240,1970
X627023,"ΑΝΟΙΚΤΗ ΘΕΡΑΠΕΙΑ ΣΤΕΡΝΟΚΛΕΙΔΙΚΗΣ ΕΞΑΡΘΡΩΣΗΣ, ΟΞΕΙΑ",Surgical,210,2290
X627039,ΚΛΕΙΣΤΗ ΘΕΡΑΠΕΙΑ ΑΚΡΟΜΙΟΚΛΕΙΔΙΚΗΣ ΕΞΑΡΘΡΩΣΗΣ. ΧΩΡΙ,Surgical,120,1570
X627049,ΚΛΕΙΣΤΗ ΘΕΡΑΠΕΙΑ ΑΚΡΟΜΙΟΚΛΕΙΔΙΚΗΣ ΕΞΑΡΘΡΩΣΗΣ. ΜΕ Χ,Surgical,80,2370
X627059,ΑΝΟΙΧΤΗ ΘΕΡΑΠΕΙΑ ΑΚΡΟΜΙΟΚΛΕΙΔΙΚΗΣ ΕΞΑΡΘΡΩΣΗΣ. ΟΞΕΙ,Surgical,160,1170
X627063,ΑΝΟΙΧΤΗ ΘΕΡΑΠΕΙΑ ΑΚΡΟΜΙΟΚΛΕΙΔΙΚΗΣ ΕΞΑΡΘΡΩΣΗΣ. ΟΞΕΙ,Surgical,120,1490
X627099,ΚΛΕΙΣΤΗ ΘΕΡΑΠΕΙΑ ΚΑΤΑΓΜΑΤΟΣ ΩΜΟΠΛΑΤΗΣ. ΧΩΡΙΣ ΧΕΙΡΙ,Surgical,120,2370
X627109,ΚΛΕΙΣΤΗ ΘΕΡΑΠΕΙΑ ΚΑΤΑΓΜΑΤΟΣ ΩΜΟΠΛΑΤΗΣ. ΜΕ ΧΕΙΡΙΣΜΟ,Surgical,80,1170
X627129,"ΑΝΟΙΚΤΗ ΘΕΡΑΠΕΙΑ ΚΑΤΑΓΜΑΤΟΣ ΩΜΟΥ (ΣΩΜΑ, ΓΛΗΝΗ Ή ΑΚ",Surgical,240,770
X627159,ΚΛΕΙΣΤΗ ΘΕΡΑΠΕΙΑ ΕΓΓΥΣ ΒΡΑΧΙΟΝΙΟΥ (ΧΕΙΡΟΥΡΓΙΚΟΥ Ή ,Surgical,120,1170
X627169,ΚΛΕΙΣΤΗ ΘΕΡΑΠΕΙΑ ΕΓΓΥΣ ΒΡΑΧΙΟΝΙΟΥ (ΧΕΙΡΟΥΡΓΙΚΟΥ Ή ,Surgical,80,1970
X627189,ΑΝΟΙΚΤΗ ΘΕΡΑΠΕΙΑ ΕΓΓΥΣ ΒΡΑΧΙΟΝΙΟΥ (ΧΕΙΡΟΥΡΓΙΚΟΥ Ή ,Surgical,240,1570
X627191,ΑΝΟΙΚΤΗ ΘΕΡΑΠΕΙΑ ΕΓΓΥΣ ΒΡΑΧΙΟΝΙΟΥ (ΧΕΙΡΟΥΡΓΙΚΟΥ Ή ,Surgical,150,1730
X627199,ΚΛΕΙΣΤΗ ΘΕΡΑΠΕΙΑ ΚΑΤΑΓΜΑΤΟΣ ΜΕΙΖΟΝΟΣ ΒΡΑΧΙΟΝΙΟΥ ΟΓ,Surgical,80,2370
X627209,ΚΛΕΙΣΤΗ ΘΕΡΑΠΕΙΑ ΚΑΤΑΓΜΑΤΟΣ ΜΕΙΖΟΝΟΣ ΒΡΑΧΙΟΝΙΟΥ ΟΓ,Surgical,160,1170
X627219,ΑΝΟΙΚΤΗ ΘΕΡΑΠΕΙΑ ΚΑΤΑΓΜΑΤΟΣ ΤΟΥ ΜΕΙΖΟΝΟΣ ΒΡΑΧΙΟΝΙΟ,Surgical,240,1970
X627259,"ΚΛΕΙΣΤΗ ΘΕΡΑΠΕΙΑ ΕΞΑΡΘΡΩΣΗΣ ΩΜΟΥ, ΜΕ ΧΕΙΡΙΣΜΟ. ΧΩΡ",Surgical,80,1170
X627269,"ΚΛΕΙΣΤΗ ΘΕΡΑΠΕΙΑ ΕΞΑΡΘΡΩΣΗΣ ΩΜΟΥ, ΜΕ ΧΕΙΡΙΣΜΟ. Η Ο",Surgical,160,1970
X627279,ΑΝΟΙΚΤΗ ΘΕΡΑΠΕΙΑ ΟΞΕΙΑΣ ΕΞΑΡΘΡΩΣΗΣ ΩΜΟΥ,Surgical,240,770
X627289,"ΚΛΕΙΣΤΗ ΘΕΡΑΠΕΙΑ ΕΞΑΡΘΡΩΣΗΣ ΩΜΟΥ, ΜΕ ΚΑΤΑΓΜΑ ΜΕΙΖΟ",Surgical,80,1570
X627299,"ΑΝΟΙΧΤΗ ΘΕΡΑΠΕΙΑ ΕΞΑΡΘΡΩΣΗΣ ΩΜΟΥ, ΜΕ ΚΑΤΑΓΜΑ ΜΕΙΖΟ",Surgical,160,2370
X627309,"ΚΛΕΙΣΤΗ ΘΕΡΑΠΕΙΑ ΕΞΑΡΘΡΩΣΗΣ ΩΜΟΥ, ΜΕ ΚΑΤΑΓΜΑ ΧΕΙΡΟ",Surgical,120,1170
X627319,"ΑΝΟΙΧΤΗ ΘΕΡΑΠΕΙΑ ΕΞΑΡΘΡΩΣΗΣ ΩΜΟΥ, ΜΕ ΚΑΤΑΓΜΑ ΧΕΙΡΟ",Surgical,80,1970
X627359,"ΧΕΙΡΙΣΜΟΣ ΥΠΟ ΝΑΡΚΩΣΗ, ΑΡΘΡΩΣΗ ΩΜΟΥ, ΠΕΡΙΛΑΜΒΑΝΟΜΕ",Surgical,160,1170
X627559,"ΑΡΘΡΟΔΕΣΗ, ΓΛΗΝΟΒΡΑΧΙΟΝΙΑΣ ΑΡΘΡΩΣΗΣ.",Surgical,80,1170
X627563,"ΑΡΘΡΟΔΕΣΗ, ΓΛΗΝΟΒΡΑΧΙΟΝΙΑΣ ΑΡΘΡΩΣΗΣ. ΜΕ ΑΥΤΟΛΟΓΟ Μ",Surgical,160,1490
X627759,ΔΙΑΘΩΡΑΚΙΚΟΣ-ΩΜΟΠΛΑΤΙΑΙΟΣ ΑΚΡΩΤΗΡΙΑΣΜΟΣ (ΕΜΠΡΟΣΘΙΟ,Surgical,120,2220
X627799,"ΑΠΕΞΑΡΘΡΩΣΗ ΩΜΟΥ,",Surgical,80,2370
X627801,"ΑΠΕΞΑΡΘΡΩΣΗ ΩΜΟΥ,ΕΠΟΥΛΩΣΗ ΣΕ ΔΕΥΤΕΡΟ ΧΡΟΝΟ Η ΑΝΑΘΕ",Surgical,120,530
X627817,"ΜΗ ΚΑΤΑΓΕΓΡΑΜΜΕΝΗ ΔΙΑΔΙΚΑΣΙΑ, ΩΜΟΣ",Surgical,80,1810
X627819,"ΤΟΜΗ ΚΑΙ ΠΑΡΟΧΕΤΕΥΣΗ, ΠΕΡΙΟΧΗ ΒΡΑΧΙΟΝΑ Ή ΑΓΚΩΝΑ. Ε",Surgical,120,1970
X627821,"ΔΙΑΤΟΜΗ ΚΑΙ ΠΑΡΟΧΕΤΕΥΣΗ, ΠΕΡΙΟΧΗ ΒΡΑΧΙΟΝΑ Ή ΑΓΚΩΝΑ",Surgical,160,2130
X627829,"ΤΟΜΗ, ΕΝ ΤΩ ΒΑΘΕΙ, ΜΕ ΑΝΟΙΓΜΑ ΤΟΥ ΟΣΤΙΚΟΥ ΦΛΟΙΟΥ (",Surgical,80,770
X627959,"ΑΡΘΡΟΤΟΜΗ, ΑΓΚΩΝΑ, ΠΕΡΙΛΑΜΒΑΝΕΤΑΙ ΔΙΕΡΕΥΝΗΣΗ, ΠΑΡΟ",Surgical,240,1620
X627971,"ΑΡΘΡΟΤΟΜΗ ΤΟΥ ΑΓΚΩΝΑ, ΜΕ ΔΙΑΤΟΜΗ ΘΥΛΑΚΟΥ ΓΙΑ ΘΥΛΑΚ",Surgical,150,2580
X628089,"ΒΙΟΨΙΑ, ΜΑΛΑΚΑ ΜΟΡΙΑ ΤΗΣ ΠΕΡΙΟΧΗΣ ΤΟΥ ΒΡΑΧΙΟΝΑ Ή Τ",Surgical,160,1570
X628091,"ΒΙΟΨΙΑ, ΜΑΛΑΚΑ ΜΟΡΙΑ ΤΗΣ ΠΕΡΙΟΧΗΣ ΤΟΥ ΒΡΑΧΙΟΝΑ Ή Τ",Surgical,80,1730
X628109,"ΑΦΑΙΡΕΣΗ ΟΓΚΟΥ, ΜΑΛΑΚΩΝ ΜΟΡΙΩΝ ΠΕΡΙΟΧΗΣ ΒΡΑΧΙΟΝΑ Ή",Surgical,240,1620
X628111,"ΑΦΑΙΡΕΣΗ ΟΓΚΟΥ, ΜΑΛΑΚΩΝ ΜΟΡΙΩΝ ΠΕΡΙΟΧΗΣ ΒΡΑΧΙΟΝΑ Ή",Surgical,150,1780
X628113,"ΡΙΖΙΚΗ ΑΦΑΙΡΕΣΗ ΟΓΚΟΥ (Π.Χ. ΚΑΚΟΗΘΕΣ ΝΕΟΠΛΑΣΜΑ), Μ",Surgical,210,1940
X628159,"ΑΡΘΡΟΤΟΜΗ, ΑΓΚΩΝΑ. ΜΕ ΒΙΟΨΙΑ ΤΟΥ ΑΡΘΡΙΚΟΥ ΥΜΕΝΑ ΜΟ",Surgical,120,1170
X628161,"ΑΡΘΡΟΤΟΜΗ, ΑΓΚΩΝΑ, ΜΕ ΔΙΕΡΕΥΝΗΣΗ ΑΡΘΡΩΣΗΣ, ΜΕ Ή ΧΩ",Surgical,150,1780
X628163,"ΑΡΘΡΟΤΟΜΗ, ΑΓΚΩΝΑ. ΜΕ ΥΜΕΝΕΚΤΟΜΗ",Surgical,210,1940
X628169,"ΑΦΑΙΡΕΣΗ, ΩΛΕΚΡΑΝΙΚΟΥ ΘΥΛΑΚΟΥ",Surgical,240,2420
X628179,ΑΦΑΙΡΕΣΗ Ή ΑΠΟΞΕΣΗ ΚΥΣΤΗΣ ΟΣΤΟΥ Ή ΚΑΛΟΗΘΟΥΣ ΟΓΚΟΥ ,Surgical,240,1220
X628189,ΑΦΑΙΡΕΣΗ Ή ΑΠΟΞΕΣΗ ΚΥΣΤΗΣ ΟΣΤΟΥ Ή ΚΑΛΟΗΘΟΥΣ ΟΓΚΟΥ ,Surgical,240,2020
X628191,ΑΦΑΙΡΕΣΗ Ή ΑΠΟΞΕΣΗ ΚΥΣΤΗΣ ΟΣΤΟΥ Ή ΚΑΛΟΗΘΟΥΣ ΟΓΚΟΥ ,Surgical,150,2180
X628199,ΑΦΑΙΡΕΣΗ Ή ΑΠΟΞΕΣΗ ΚΥΣΤΗΣ ΟΣΤΟΥ Ή ΚΑΛΟΗΘΟΥΣ ΟΓΚΟΥ ,Surgical,240,2820
X628209,ΑΦΑΙΡΕΣΗ Ή ΑΠΟΞΕΣΗ ΚΥΣΤΗΣ ΟΣΤΟΥ Ή ΚΑΛΟΗΘΟΥΣ ΟΓΚΟΥ ,Surgical,240,1620
X628211,ΑΦΑΙΡΕΣΗ Ή ΑΠΟΞΕΣΗ ΚΥΣΤΗΣ ΟΣΤΟΥ Ή ΚΑΛΟΗΘΟΥΣ ΟΓΚΟΥ ,Surgical,150,1780
X628219,ΑΦΑΙΡΕΣΗ(ΔΙΕΚΠΡΙΣΗ) ΚΕΦΑΛΗΣ ΚΕΡΚΙΔΑΣ,Surgical,240,2420
X628227,"ΑΦΑΙΡΕΣΗ ΑΠΟΛΥΜΑΤΟΠΟΙΗΜΕΝΟΥ ΙΣΤΟΥ (Π.Χ., ΓΙΑ ΟΣΤΕΟ",Surgical,180,1060
X628231,"ΑΦΑΙΡΕΣΗ ΑΠΟΛΥΜΑΤΟΠΟΙΗΜΕΝΟΥ ΙΣΤΟΥ (Π.Χ., ΓΙΑ ΟΣΤΕΟ",Surgical,150,1380
X628235,"ΑΦΑΙΡΕΣΗ ΑΠΟΛΥΜΑΤΟΠΟΙΗΜΕΝΟΥ ΙΣΤΟΥ (Π.Χ., ΓΙΑ ΟΣΤΕΟ",Surgical,120,1700
X628239,"ΜΕΡΙΚΗ ΑΦΑΙΡΕΣΗ (ΚΡΑΤΗΡΕΚΤΟΜΗ, ΠΥΡΗΝΕΚΤΟΜΗ, Ή ΕΚΤΟ",Surgical,240,2020
X628249,"ΜΕΡΙΚΗ ΑΦΑΙΡΕΣΗ (ΚΡΑΤΗΡΕΚΤΟΜΗ, ΠΥΡΗΝΕΚΤΟΜΗ, Ή ΕΚΤΟ",Surgical,240,2820
X628253,"ΜΕΡΙΚΗ ΑΦΑΙΡΕΣΗ (ΚΡΑΤΗΡΕΚΤΟΜΗ, ΠΥΡΗΝΕΚΤΟΜΗ, Ή ΕΚΤΟ",Surgical,210,1140
X628257,"ΡΙΖΙΚΗ ΑΦΑΙΡΕΣΗ ΘΥΛΑΚΟΥ, ΜΑΛΑΚΟΥ ΙΣΤΟΥ ΚΑΙ ΕΚΤΟΠΟΥ",Surgical,180,1460
X628259,"ΡΙΖΙΚΗ ΑΦΑΙΡΕΣΗ ΟΓΚΟΥ, ΔΙΑΦΥΣΗΣ Ή ΠΕΡΙΦΕΡΙΚΟΥ ΑΚΡΟ",Surgical,240,1620
X628261,"ΡΙΖΙΚΗ ΑΦΑΙΡΕΣΗ ΟΓΚΟΥ, ΔΙΑΦΥΣΗΣ Ή ΠΕΡΙΦΕΡΙΚΟΥ ΑΚΡΟ",Surgical,150,1780
X628263,"ΡΙΖΙΚΗ ΑΦΑΙΡΕΣΗ ΟΓΚΟΥ, ΚΕΦΑΛΗ Η ΑΥΧΕΝΑΣ ΚΕΡΚΙΔΑΣ.",Surgical,210,1940
X628265,"ΡΙΖΙΚΗ ΑΦΑΙΡΕΣΗ ΟΓΚΟΥ, ΚΕΦΑΛΗ Η ΑΥΧΕΝΑΣ ΚΕΡΚΙΔΑΣ. ",Surgical,120,2100
X628269,ΕΚΤΟΜΗ ΑΡΘΡΩΣΗΣ ΑΓΚΩΝΑ (ΑΡΘΡΕΚΤΟΜΗ),Surgical,240,2420
X628279,ΑΦΑΙΡΕΣΗ ΕΜΦΥΤΕΥΜΑΤΟΣ. ΑΡΘΡΩΣΗ ΑΓΚΩΝΑ,Surgical,240,1220
X628287,ΑΦΑΙΡΕΣΗ ΕΜΦΥΤΕΥΜΑΤΟΣ. ΚΕΦΑΛΗ ΚΕΡΚΙΔΑΣ,Surgical,180,1860
X628359,"ΑΦΑΙΡΕΣΗ ΞΕΝΟΥ ΣΩΜΑΤΟΣ, ΠΕΡΙΟΧΗ ΑΝΩ ΑΚΡΟΥ Ή ΑΓΚΩΝΑ",Surgical,240,1620
X628361,"ΑΦΑΙΡΕΣΗ ΞΕΝΟΥ ΣΩΜΑΤΟΣ, ΠΕΡΙΟΧΗ ΑΝΩ ΑΚΡΟΥ Ή ΑΓΚΩΝΑ",Surgical,150,1780
X628399,ΔΙΑΔΙΚΑΣΙΑ ΕΓΧΥΣΗΣ ΓΙΑ ΑΡΘΡΟΓΡΑΦΙΑ ΑΓΚΩΝΑ,Surgical,120,2370
X628559,"ΧΕΙΡΙΣΜΟΣ, ΑΓΚΩΝΑ, ΥΠΟ ΝΑΡΚΩΣΗ",Surgical,80,1170
X628561,"ΜΕΤΑΦΟΡΑ ΜΥ Ή ΤΕΝΟΝΤΑ, ΟΠΟΙΟΥΔΗΠΟΤΕ ΤΥΠΟΥ, ΒΡΑΧΙΟΝ",Surgical,120,1330
X628569,"ΕΠΙΜΗΚΥΝΣΗ ΤΕΝΟΝΤΑ, ΑΝΩ ΑΚΡΟ Η ΑΓΚΩΝΑΣ, ΟΠΟΙΟΣΔΗΠΟ",Surgical,160,1970
X628579,"ΤΕΝΟΝΤΟΤΟΜΗ, ΑΝΟΙΚΤΗ, ΑΓΚΩΝΑΣ ΜΕΧΡΙ ΩΜΟ, ΟΠΟΙΟΣΔΗΠ",Surgical,240,770
X628599,"ΤΕΝΟΝΤΟΠΛΑΣΤΙΚΗ, ΜΕ ΜΕΤΑΦΟΡΑ ΜΥ, ΜΕ Ή ΧΩΡΙΣ ΕΛΕΥΘΕ",Surgical,160,2370
X628619,"ΠΛΑΣΤΙΚΗ ΚΑΜΠΤΗΡΩΝ, ΑΓΚΩΝΑ (Π.Χ., ΕΞΕΛΙΞΗ ΤΥΠΟΥ ST",Surgical,80,1970
X628621,"ΠΛΑΣΤΙΚΗ ΚΑΜΠΤΗΡΩΝ, ΑΓΚΩΝΑ (Π.Χ., ΕΞΕΛΙΞΗ ΤΥΠΟΥ ST",Surgical,120,2130
X628623,"ΤΕΝΟΝΤΟΛΥΣΗ, ΤΡΙΚΕΦΑΛΩΝ",Surgical,160,2290
X628639,ΤΕΝΟΝΤΟΔΕΣΗ ΤΕΝΟΝΤΑ ΔΙΚΕΦΑΛΟΥ ΣΤΟΝ ΑΓΚΩΝΑ (ΞΕΧΩΡΙΣ,Surgical,120,1570
X628641,"ΑΠΟΚΑΤΑΣΤΑΣΗ, ΤΕΝΟΝΤΑ Ή ΜΥ, ΑΝΩ ΑΚΡΟΥ Ή ΑΓΚΩΝΑ, ΟΠ",Surgical,160,1730
X628643,ΕΠΑΝΑΚΑΘΗΛΩΣΗ ΡΑΓΕΝΤΟΣ ΤΕΝΟΝΤΑ ΔΙΚΕΦΑΛΩΝ Ή ΤΡΙΚΕΦΑ,Surgical,80,1890
X628645,"ΑΠΟΚΑΤΑΣΤΑΣΗ ΠΛΑΓΙΟΥ ΣΥΝΔΕΣΜΟΥ, ΑΓΚΩΝΑ, ΜΕ ΤΟΠΙΚΟ ",Surgical,120,2050
X628647,"ΑΝΑΚΑΤΑΣΚΕΥΗ ΕΞΩ ΠΛΑΓΙΟΥ ΣΥΝΔΕΣΜΟΥ ΑΓΚΩΝΑ, ΜΕ ΜΟΣΧ",Surgical,160,2210
X628649,"ΑΠΟΚΑΤΑΣΤΑΣΗ ΕΣΩ ΠΛΑΓΙΟΥ ΣΥΝΔΕΣΜΟΥ, ΑΓΚΩΝΑ, ΜΕ ΤΟΠ",Surgical,80,2370
X628651,"ΑΝΑΚΑΤΑΣΚΕΥΗ ΕΣΩ ΠΛΑΓΙΟΥ ΣΥΝΔΕΣΜΟΥ ΑΓΚΩΝΑ, ΜΕ ΜΟΣΧ",Surgical,120,530
X628673,"ΤΕΝΟΤΟΜΗ, ΑΓΚΩΝΑΣ, ΕΣΩ Η ΕΞΩ (Π.Χ., ΕΠΙΚΟΝΔΥΛΙΤΙΔΑ",Surgical,80,2290
X628675,"ΤΕΝΟΤΟΜΗ, ΑΓΚΩΝΑΣ ΕΣΩ Η ΕΞΩ, (Π.Χ., ΕΠΙΚΟΝΔΥΛΙΤΙΔΑ",Surgical,120,450
X628677,"ΤΕΝΟΤΟΜΗ, ΑΓΚΩΝΑ, ΕΣΩ Η ΕΞΩ (Π.Χ., ΕΠΙΚΟΝΔΥΛΙΤΙΔΑ,",Surgical,180,610
X628679,"ΑΡΘΡΟΠΛΑΣΤΙΚΗ, ΑΓΚΩΝΑ, ΜΕ ΜΕΜΒΡΑΝΗ (Π.Χ., ΠΕΡΙΤΟΝΙ",Surgical,80,1220
X628681,"ΑΡΘΡΟΠΛΑΣΤΙΚΗ, ΑΓΚΩΝΑ. ΜΕ ΠΡΟΣΘΕΤΙΚΗ ΑΝΤΙΚΑΤΑΣΤΑΣΗ",Surgical,120,1380
X628683,"ΑΡΘΡΟΠΛΑΣΤΙΚΗ, ΑΓΚΩΝΑ. ΜΕ ΕΜΦΥΤΕΥΜΑ ΚΑΙ ΑΝΑΚΑΤΑΣΚΕ",Surgical,160,1540
X628685,"ΑΡΘΡΟΠΛΑΣΤΙΚΗ, ΑΓΚΩΝΑ. ΜΕ ΠΡΟΣΘΕΤΙΚΗ ΑΝΤΙΚΑΤΑΣΤΑΣΗ",Surgical,80,1700
X628689,ΑΡΘΡΟΠΛΑΣΤΙΚΗ ΚΕΦΑΛΗ ΚΕΡΚΙΔΑΣ,Surgical,160,2020
X628691,ΑΡΘΡΟΠΛΑΣΤΙΚΗ ΚΕΦΑΛΗΣ ΚΕΡΚΙΔΑΣ. ΜΕ ΕΜΦΥΤΕΥΜΑ,Surgical,80,2180
X628759,"ΟΣΤΕΟΤΟΜΙΑ, ΒΡΑΧΙΟΝΙΟΥ ΟΣΤΟΥ, ΜΕ Ή ΧΩΡΙΣ ΕΣΩΤΕΡΙΚΗ",Surgical,120,1170
X628779,"ΟΣΤΕΟΤΟΜΙΑ, ΠΟΛΛΑΠΛΗ ΜΕ ΔΙΟΡΘΩΣΗ ΑΞΟΝΑ ΜΕ ΕΝΔΟΜΥΕΛ",Surgical,160,770
X628799,"ΟΣΤΕΟΠΛΑΣΤΙΚΗ ΒΡΑΧΙΟΝΙΟΥ ΟΣΤΟΥ, (Π.Χ., ΒΡΑΧΥΝΣΗ Ή ",Surgical,80,2370
X628819,"ΑΠΟΚΑΤΑΣΤΑΣΗ ΑΝΩΜΑΛΗΣ ΠΩΡΩΣΗΣ Ή ΨΕΥΔΑΡΘΡΩΣΗΣ, ΒΡΑΧ",Surgical,120,1970
X628829,"ΑΠΟΚΑΤΑΣΤΑΣΗ ΑΝΩΜΑΛΗΣ ΠΩΡΩΣΗΣ Ή ΨΕΥΔΑΡΘΡΩΣΗΣ, ΒΡΑΧ",Surgical,80,770
X628899,"ΗΜΙΕΠΙΦΥΣΙΑΚΗ ΔΙΑΚΟΠΗ ΑΝΑΠΤΥΞΗΣ (Π.Χ., ΡΑΙΒΟΤΗΤΑ Η",Surgical,160,2370
X628949,"ΔΙΑΤΟΜΗ ΠΕΡΙΤΟΝΙΑΣ ΓΙΑ ΑΠΟΣΥΜΠΙΕΣΗ, ΑΝΤΙΒΡΑΧΙΟ. ΜΕ",Surgical,80,2370
X628955,"ΠΡΟΦΥΛΑΚΤΙΚΗ ΑΝΤΙΜΕΤΩΠΙΣΗ (ΗΛΩΣΗ, ΤΟΠΟΘΕΤΗΣΗ ΚΑΡΦΙ",Surgical,80,850
X628959,ΚΛΕΙΣΤΗ ΘΕΡΑΠΕΙΑ ΚΑΤΑΓΜΑΤΟΣ ΔΙΑΦΥΣΗΣ ΒΡΑΧΙΟΝΙΟΥ. Χ,Surgical,160,1170
X628969,ΚΛΕΙΣΤΗ ΘΕΡΑΠΕΙΑ ΚΑΤΑΓΜΑΤΟΣ ΔΙΑΦΥΣΗΣ ΒΡΑΧΙΟΝΙΟΥ. Μ,Surgical,120,1970
X628989,ΑΝΟΙΚΤΗ ΑΝΤΙΜΕΤΩΠΙΣΗ ΚΑΤΑΓΜΑΤΟΣ ΔΙΑΦΥΣΗΣ ΒΡΑΧΙΟΝΙΟ,Surgical,240,1570
X628991,"ΘΕΡΑΠΕΙΑ ΚΑΤΑΓΜΑΤΟΣ ΔΙΑΦΥΣΗΣ ΒΡΑΧΙΟΝΙΟΥ, ΜΕ ΕΙΣΑΓΩ",Surgical,80,1730
X629019,ΚΛΕΙΣΤΗ ΑΝΤΙΜΕΤΩΠΙΣΗ ΥΠΕΡΚΟΝΔΥΛΙΟΥ Η ΔΙΑΚΟΝΔΥΛΙΟΥ ,Surgical,80,1970
X629029,ΚΛΕΙΣΤΗ ΘΕΡΑΠΕΙΑ ΤΟΥ ΥΠΕΡΚΟΝΔΥΛΙΟΥ Ή ΔΙΑΚΟΝΔΥΛΙΟΥ ,Surgical,160,770
X629035,ΔΙΑΔΕΡΜΙΚΗ ΣΚΕΛΕΤΙΚΗ ΟΣΤΕΟΣΥΝΘΕΣΗ ΤΟΥ ΥΠΕΡΚΟΝΔΥΛΙΟ,Surgical,160,1250
X629049,ΑΝΟΙΚΤΗ ΘΕΡΑΠΕΙΑ ΤΟΥ ΥΠΕΡΚΟΝΔΥΛΙΟΥ Ή ΔΙΑΚΟΝΔΥΛΙΟΥ ,Surgical,240,2370
X629051,ΑΝΟΙΚΤΗ ΘΕΡΑΠΕΙΑ ΤΟΥ ΥΠΕΡΚΟΝΔΥΛΙΟΥ Ή ΔΙΑΚΟΝΔΥΛΙΟΥ ,Surgical,150,530
X629079,ΚΛΕΙΣΤΗ ΑΝΤΙΜΕΤΩΠΙΣΗ ΚΑΤΑΓΜΑΤΟΣ ΒΡΑΧΙΟΝΙΟΥ ΕΠΙΚΟΝΔ,Surgical,80,770
X629089,ΚΛΕΙΣΤΗ ΑΝΤΙΜΕΤΩΠΙΣΗ ΚΑΤΑΓΜΑΤΟΣ ΒΡΑΧΙΟΝΙΟΥ ΕΠΙΚΟΝΔ,Surgical,160,1570
X629091,ΔΙΑΔΕΡΜΙΚΗ ΣΚΕΛΕΤΙΚΗ ΟΣΤΕΟΣΥΝΘΕΣΗ ΚΑΤΑΓΜΑΤΟΣ ΒΡΑΧΙ,Surgical,80,1730
X629109,ΑΝΟΙΚΤΗ ΑΝΤΙΜΕΤΩΠΙΣΗ ΚΑΤΑΓΜΑΤΟΣ ΒΡΑΧΙΟΝΙΟΥ ΕΠΙΚΟΝΔ,Surgical,240,1170
X629111,ΚΛΕΙΣΤΗ ΑΝΤΙΜΕΤΩΠΙΣΗ ΚΑΤΑΓΜΑΤΟΣ ΒΡΑΧΙΟΝΙΟΥ ΚΟΝΔΥΛΟ,Surgical,120,1330
X629113,ΚΛΕΙΣΤΗ ΑΝΤΙΜΕΤΩΠΙΣΗ ΚΑΤΑΓΜΑΤΟΣ ΒΡΑΧΙΟΝΙΟΥ ΚΟΝΔΥΛΟ,Surgical,160,1490
X629117,ΑΝΟΙΚΤΗ ΑΝΤΙΜΕΤΩΠΙΣΗ ΚΑΤΑΓΜΑΤΟΣ ΒΡΑΧΙΟΝΙΟΥ ΚΟΝΔΥΛΟ,Surgical,180,1810
X629123,ΔΙΑΔΕΡΜΙΚΗ ΣΚΕΛΕΤΙΚΗ ΟΣΤΕΟΣΥΝΘΕΣΗ ΚΑΤΑΓΜΑΤΟΣ ΒΡΑΧΙ,Surgical,120,2290
X629131,ΑΝΟΙΚΤΗ ΘΕΡΑΠΕΙΑ ΠΕΡΙΑΡΘΡΙΚΟΥ ΚΑΤΑΓΜΑΤΟΣ ΚΑΙ/Ή ΕΞΑ,Surgical,150,930
X629133,ΑΝΟΙΚΤΗ ΘΕΡΑΠΕΙΑ ΠΕΡΙΑΡΘΡΙΚΟΥ ΚΑΤΑΓΜΑΤΟΣ ΚΑΙ/Ή ΕΞΑ,Surgical,210,1540
X629159,"ΘΕΡΑΠΕΙΑ ΚΛΕΙΣΤΗΣ ΕΞΑΡΘΡΩΣΗΣ ΤΟΥ ΑΓΚΩΝΑ, ΧΩΡΙΣ ΝΑΡ",Surgical,120,1170
X629169,ΘΕΡΑΠΕΙΑ ΚΛΕΙΣΤΗΣ ΕΞΑΡΘΡΩΣΗΣ ΤΟΥ ΑΓΚΩΝΑ. ΑΠΑΙΤΕΙ Ν,Surgical,80,1970
X629189,ΑΝΟΙΚΤΗ ΘΕΡΑΠΕΙΑ ΟΞΕΙΑΣ Ή ΧΡΟΝΙΑΣ ΕΞΑΡΘΡΩΣΗΣ ΑΓΚΩΝ,Surgical,240,1570
X629199,ΚΛΕΙΣΤΗ ΘΕΡΑΠΕΙΑ ΚΑΤΑΓΜΑΤΟΣ ΕΞΑΡΘΡΩΣΗΣ ΑΓΚΩΝΑ ΤΥΠΟ,Surgical,80,2370
X629229,ΑΝΟΙΚΤΗ ΘΕΡΑΠΕΙΑ ΚΑΤΑΓΜΑΤΟΣ ΕΞΑΡΘΡΩΣΗΣ ΑΓΚΩΝΑ ΤΥΠΟ,Surgical,240,770
X629239,ΚΛΕΙΣΤΗ ΘΕΡΑΠΕΙΑ ΥΠΕΞΑΡΘΡΩΣΗΣ ΚΕΦΑΛΗΣ ΚΕΡΚΙΔΑΣ ΣΕ ,Surgical,160,1570
X629259,ΚΛΕΙΣΤΗ ΘΕΡΑΠΕΙΑ ΚΑΤΑΓΜΑΤΟΣ ΚΕΦΑΛΗΣ Ή ΑΥΧΕΝΟΣ ΚΕΡΚ,Surgical,80,1170
X629269,ΚΛΕΙΣΤΗ ΘΕΡΑΠΕΙΑ ΚΑΤΑΓΜΑΤΟΣ ΚΕΦΑΛΗΣ Ή ΑΥΧΕΝΟΣ ΚΕΡΚ,Surgical,160,1970
X629289,ΑΝΟΙΧΤΗ ΘΕΡΑΠΕΙΑ ΚΑΤΑΓΜΑΤΟΣ ΚΕΦΑΛΗΣ Ή ΑΥΧΕΝΟΣ ΚΕΡΚ,Surgical,240,2020
X629291,ΑΝΟΙΧΤΗ ΘΕΡΑΠΕΙΑ ΚΑΤΑΓΜΑΤΟΣ ΚΕΦΑΛΗΣ Ή ΑΥΧΕΝΟΣ ΚΕΡΚ,Surgical,150,2180
X629299,"ΚΛΕΙΣΤΗ ΘΕΡΑΠΕΙΑ ΚΑΤΑΓΜΑΤΟΣ ΩΛΕΝΗΣ, ΕΓΓΥΣ ΑΚΡΟ (Π.",Surgical,160,2370
X629309,"ΚΛΕΙΣΤΗ ΘΕΡΑΠΕΙΑ ΚΑΤΑΓΜΑΤΟΣ ΩΛΕΝΗΣ, ΕΓΓΥΣ ΑΚΡΟ (Π.",Surgical,120,1170
X629329,"ΑΝΟΙΚΤΗ ΘΕΡΑΠΕΙΑ ΚΑΤΑΓΜΑΤΟΣ ΩΛΕΝΗΣ, ΕΓΓΥΣ ΑΚΡΟ (Π.",Surgical,240,770
X629559,"ΑΡΘΡΟΔΕΣΗ, ΑΡΘΡΩΣΗ ΑΓΚΩΝΑ. ΤΟΠΙΚΗ",Surgical,80,1170
X629563,"ΑΡΘΡΟΔΕΣΗ, ΑΡΘΡΩΣΗ ΑΓΚΩΝΑ. ΜΕ ΑΥΤΟΛΟΓΟ ΜΟΣΧΕΥΜΑ (Π",Surgical,160,1490
X629759,"ΑΚΡΩΤΗΡΙΑΣΜΟΣ, ΧΕΡΙ ΔΙΑ ΤΟΥ ΒΡΑΧΙΟΝΙΟΥ. ΜΕ ΣΥΓΚΛΕΙ",Surgical,120,1170
X629799,"ΑΚΡΩΤΗΡΙΑΣΜΟΣ, ΧΕΡΙ ΔΙΑ ΤΟΥ ΒΡΑΧΙΟΝΙΟΥ. ΑΝΟΙΚΤΟΣ, ",Surgical,240,2370
X629809,"ΑΚΡΩΤΗΡΙΑΣΜΟΣ, ΧΕΡΙ ΔΙΑ ΤΟΥ ΒΡΑΧΙΟΝΙΟΥ. ΣΥΓΚΛΕΙΣΗ ",Surgical,160,1170
X629819,"ΑΚΡΩΤΗΡΙΑΣΜΟΣ, ΧΕΡΙ ΔΙΑ ΤΟΥ ΒΡΑΧΙΟΝΙΟΥ. ΕΠΑΝΑΚΡΩΤΗ",Surgical,120,1970
X629821,"ΑΚΡΩΤΗΡΙΑΣΜΟΣ, ΧΕΡΙ ΔΙΑ ΤΟΥ ΒΡΑΧΙΟΝΙΟΥ. ΜΕ ΕΜΦΥΤΕΥ",Surgical,160,2130
X629829,"ΕΠΙΜΗΚΥΝΣΗ ΚΟΛΟΒΩΜΑΤΟΣ, ΑΝΩ ΑΚΡΟ",Surgical,80,770
X629839,"ΚΙΝΗΣΙΟΠΛΑΣΤΙΚΗ, ΑΝΩ ΑΚΡΟ, ΣΥΝΟΛΙΚΗ ΔΙΑΔΙΚΑΣΙΑ",Surgical,160,1570
X629957,"ΜΗ ΚΑΤΑΓΕΓΡΑΜΜΕΝΗ ΔΙΑΔΙΚΑΣΙΑ, ΒΡΑΧΙΟΝΙΟ ΟΣΤΟ Ή ΑΓΚ",Surgical,120,1010
X629959,ΣΥΡΡΑΦΗ ΤΡΑΥΜΑΤΟΣ ΧΕΡΙΟΥ / ΔΑΚΤΥΛΟΥ < 2 ΕΚΑΤ.,Surgical,160,1170
X629961,"ΣΥΡΡΑΦΗ ΤΡΑΥΜΑΤΟΣ ΧΕΡΙΟΥ / ΔΑΚΤΥΛΟΥ 2,01 ΩΣ 7 ΕΚΑΤ",Surgical,80,1330
X629999,ΣΥΡΡΑΦΗ ΤΡΑΥΜΑΤΟΣ ΧΕΡΙΟΥ / ΔΑΚΤΥΛΟΥ >7 ΕΚΑΤ.,Surgical,120,2370
X630005,ΣΥΓΚΛΕΙΣΗ ΧΕΙΡΟΥΡΓΙΚΟΥ ΤΡΑΥΜΑΤΟΣ Η ΔΙΑΣΠΑΣΗΣ ΤΡΑΥΜ,Surgical,160,850
X630007,ΝΕΑΡΟΠΟΙΗΣΗ ΑΝΟΙΚΤΟΥ ΤΡΑΥΜΑΤΟΣ ΑΝΩ ΑΚΡΟΥ: ΔΕΡΜΑ ΚΑ,Surgical,180,1460
X630009,ΝΕΑΡΟΠΟΙΗΣΗ ΑΝΟΙΚΤΟΥ ΤΡΑΥΜΑΤΟΣ ΑΝΩ ΑΚΡΟΥ: ΔΕΡΜΑ ΚΑ,Surgical,240,1620
X630015,"ΝΕΑΡΟΠΟΙΗΣΗ ΑΝΟΙΚΤΟΥ ΤΡΑΥΜΑΤΟΣ ΑΝΩ ΑΚΡΟΥ: ΔΕΡΜΑ, Υ",Surgical,120,2100
X630021,"ΝΕΑΡΟΠΟΙΗΣΗ ΑΝΟΙΚΤΟΥ ΤΡΑΥΜΑΤΟΣ ΑΝΩ ΑΚΡΟΥ: ΔΕΡΜΑ, Υ",Surgical,150,2580
X630029,"ΝΕΑΡΟΠΟΙΗΣΗ ΑΝΟΙΚΤΟΥ ΤΡΑΥΜΑΤΟΣ ΑΝΩ ΑΚΡΟΥ: ΔΕΡΜΑ, Υ",Surgical,240,1220
X630039,"ΝΕΑΡΟΠΟΙΗΣΗ ΑΝΟΙΚΤΟΥ ΤΡΑΥΜΑΤΟΣ ΑΝΩ ΑΚΡΟΥ: ΔΕΡΜΑ, Υ",Surgical,240,2020
X630089,ΕΚΤΟΜΗ ΔΕΡΜΑΤΙΚΗΣ ΒΛΑΒΗΣ Ή ΧΡΟΝΙΟΥ ΕΛΚΟΥΣ Ή ΡΙΚΝΩΤ,Surgical,240,2020
X630091,ΕΚΤΟΜΗ ΔΕΡΜΑΤΙΚΗΣ ΒΛΑΒΗΣ Ή ΧΡΟΝΙΟΥ ΕΛΚΟΥΣ Ή ΡΙΚΝΩΤ,Surgical,150,2180
X630109,ΕΚΤΟΜΗ ΔΕΡΜΑΤΙΚΗΣ ΒΛΑΒΗΣ Ή ΧΡΟΝΙΟΥ ΕΛΚΟΥΣ Ή ΡΙΚΝΩΤ,Surgical,240,1620
X630111,ΕΚΤΟΜΗ ΔΕΡΜΑΤΙΚΗΣ ΒΛΑΒΗΣ Η ΧΡΟΝΙΟΥ ΕΛΚΟΥΣ Ή ΡΙΚΝΩΤ,Surgical,150,1780
X630113,ΣΥΓΚΛΕΙΣΗ ΧΕΙΡΟΥΡΓΙΚΟΥ ΤΡΑΥΜΑΤΟΣ 1 – 5 ΕΚΑΤΟΣΤΩΝ Μ,Surgical,160,1490
X630129,"ΣΥΓΚΛΕΙΣΗ ΧΕΙΡΟΥΡΓΙΚΟΥ ΤΡΑΥΜΑΤΟΣ 5,01 – 10 ΕΚΑΤΟΣΤ",Surgical,120,770
X630159,"ΣΥΓΚΛΕΙΣΗ ΧΕΙΡΟΥΡΓΙΚΟΥ ΤΡΑΥΜΑΤΟΣ 10,01 – 20 ΕΚΑΤΟΣ",Surgical,120,1170
X630161,ΣΥΓΚΛΕΙΣΗ ΧΕΙΡΟΥΡΓΙΚΟΥ ΤΡΑΥΜΑΤΟΣ > 20 ΕΚΑΤΟΣΤΩΝ ΜΕ,Surgical,160,1330
X630169,ΚΑΛΥΨΗ ΕΛΛΕΙΜΜΑΤΟΣ ΔΑΚΤΥΛΟΥ Ή ΧΕΡΙΟΥ Ή ΑΝΩ ΑΚΡΟΥ <,Surgical,240,3020
X630173,ΚΑΛΥΨΗ ΕΛΛΕΙΜΜΑΤΟΣ ΔΑΚΤΥΛΟΥ Ή ΧΕΡΙΟΥ Ή ΑΝΩ ΑΚΡΟΥ 1,Surgical,210,3340
X630177,ΚΑΛΥΨΗ ΕΛΛΕΙΜΜΑΤΟΣ ΔΑΚΤΥΛΟΥ Ή ΧΕΡΙΟΥ Ή ΑΝΩ ΑΚΡΟΥ >,Surgical,180,1660
X630179,ΚΑΛΥΨΗ ΕΛΛΕΙΜΜΑΤΟΣ ΔΑΚΤΥΛΟΥ Ή ΧΕΡΙΟΥ Ή ΑΝΩ ΑΚΡΟΥ <,Surgical,240,1820
X630181,ΚΑΛΥΨΗ ΕΛΛΕΙΜΜΑΤΟΣ ΔΑΚΤΥΛΟΥ Ή ΧΕΡΙΟΥ Ή ΑΝΩ ΑΚΡΟΥ 1,Surgical,150,1980
X630183,ΚΑΛΥΨΗ ΕΛΛΕΙΜΜΑΤΟΣ ΔΑΚΤΥΛΟΥ Ή ΧΕΡΙΟΥ Ή ΑΝΩ ΑΚΡΟΥ >,Surgical,210,2140
X630189,ΚΑΛΥΨΗ ΕΛΛΕΙΜΜΑΤΟΣ ΔΑΚΤΥΛΟΥ Ή ΧΕΡΙΟΥ Ή ΑΝΩ ΑΚΡΟΥ <,Surgical,120,1570
X630191,ΚΑΛΥΨΗ ΕΛΛΕΙΜΜΑΤΟΣ ΔΑΚΤΥΛΟΥ Ή ΧΕΡΙΟΥ Ή ΑΝΩ ΑΚΡΟΥ 1,Surgical,160,1730
X630195,ΚΑΛΥΨΗ ΕΛΛΕΙΜΜΑΤΟΣ ΔΑΚΤΥΛΟΥ Ή ΧΕΡΙΟΥ Ή ΑΝΩ ΑΚΡΟΥ >,Surgical,120,2050
X630197,ΔΙΑΜΟΡΦΩΣΗ ΤΟΥ ΚΟΛΟΒΩΜΑΤΟΣ ΜΕ ΦΙΛΕΤΟΠΟΙΗΣΗ ΔΑΚΤΥΛΟ,Surgical,160,2210
X630199,ΚΑΛΥΨΗ ΕΛΛΕΙΜΜΑΤΟΣ ΔΑΚΤΥΛΟΥ Ή ΧΕΡΙΟΥ Ή ΑΝΩ ΑΚΡΟΥ <,Surgical,80,2370
X630209,ΚΑΛΥΨΗ ΕΛΛΕΙΜΜΑΤΟΣ ΔΑΚΤΥΛΟΥ Ή ΧΕΡΙΟΥ Ή ΑΝΩ ΑΚΡΟΥ 2,Surgical,160,1170
X630211,ΚΑΛΥΨΗ ΕΛΛΕΙΜΜΑΤΟΣ ΔΑΚΤΥΛΟΥ Ή ΧΕΡΙΟΥ Ή ΑΝΩ ΑΚΡΟΥ >,Surgical,80,1330
X630219,ΚΑΛΥΨΗ ΕΛΛΕΙΜΜΑΤΟΣ ΔΑΚΤΥΛΟΥ Ή ΧΕΡΙΟΥ Ή ΑΝΩ ΑΚΡΟΥ <,Surgical,120,1970
X630229,ΚΑΛΥΨΗ ΕΛΛΕΙΜΜΑΤΟΣ ΔΑΚΤΥΛΟΥ Ή ΧΕΡΙΟΥ Ή ΑΝΩ ΑΚΡΟΥ 2,Surgical,80,770
X630231,ΚΑΛΥΨΗ ΕΛΛΕΙΜΜΑΤΟΣ ΔΑΚΤΥΛΟΥ Ή ΧΕΡΙΟΥ Ή ΑΝΩ ΑΚΡΟΥ >,Surgical,120,930
X630249,ΚΑΛΥΨΗ ΕΛΛΕΙΜΜΑΤΟΣ ΔΑΚΤΥΛΟΥ Ή ΧΕΡΙΟΥ Ή ΑΝΩ ΑΚΡΟΥ <,Surgical,120,2370
X630259,ΚΑΛΥΨΗ ΕΛΛΕΙΜΜΑΤΟΣ ΔΑΚΤΥΛΟΥ Ή ΧΕΡΙΟΥ Ή ΑΝΩ ΑΚΡΟΥ 2,Surgical,80,1170
X630261,ΚΑΛΥΨΗ ΕΛΛΕΙΜΜΑΤΟΣ ΔΑΚΤΥΛΟΥ Ή ΧΕΡΙΟΥ Ή ΑΝΩ ΑΚΡΟΥ >,Surgical,120,1330
X630299,ΑΝΑΣΠΑΣΗ ΕΛΕΥΘΕΡΟΥ ΠΕΡΙΤΟΝΙΑΚΟΥ Ή ΔΕΡΜΟΠΕΡΙΤΟΝΙΑΚΟ,Surgical,160,2370
X630379,ΑΝΑΣΠΑΣΗ ΕΛΕΥΘΕΡΟΥ ΜΥΪΚΟΥ Ή ΜΥΟΔΕΡΜΑΤΙΚΟΥ ΚΡΗΜΝΟΥ,Surgical,80,770
X630389,ΚΑΛΥΨΗ ΕΛΛΕΙΜΜΑΤΟΣ ΔΑΚΤΥΛΟΥ Ή ΧΕΡΙΟΥ Ή ΑΝΩ ΑΚΡΟΥ <,Surgical,160,2020
X630419,ΚΑΛΥΨΗ ΕΛΛΕΙΜΜΑΤΟΣ ΔΑΚΤΥΛΟΥ Ή ΧΕΡΙΟΥ Ή ΑΝΩ ΑΚΡΟΥ >,Surgical,160,2420
X630439,ΜΕΤΑΦΟΡΑ ΕΝΟΣ ΔΑΚΤΥΛΟΥ ΑΠΟ ΤΟ ΠΟΔΙ ΣΤΟ ΧΕΡΙ ΣΥΜΠΕΡ,Surgical,80,2020
X630451,ΜΕΤΑΦΟΡΑ ΠΕΡΙΣΣΟΤΕΡΩΝ ΤΟΥ ΕΝΟΣ ΔΑΚΤΥΛΟΥ ΑΠΟ ΤΟ ΠΟΔ,Surgical,80,980
X630455,ΠΡΟΕΤΟΙΜΑΣΙΑ ΔΟΤΡΙΑΣ ΠΕΡΙΟΧΗΣ ΔΕΡΜΑΤΙΚΟΥ ΜΟΣΧΕΥΜΑΤ,Surgical,160,850
X630459,ΑΜΕΣΗ ΣΥΓΚΛΕΙΣΗ ΔΟΤΡΙΑΣ ΠΕΡΙΟΧΗΣ ΔΕΡΜΑΤΙΚΟΥ ΜΟΣΧΕΥ,Surgical,120,1170
X630461,ΣΥΓΚΛΕΙΣΗ ΔΟΤΡΙΑΣ ΠΕΡΙΟΧΗΣ ΔΕΡΜΑΤΙΚΟΥ ΜΟΣΧΕΥΜΑΤΟΣ ,Surgical,150,2380
X630477,ΔΙΑΙΡΕΣΗ ΜΙΣΧΟΥ ΚΡΗΜΝΟΥ ΚΑΙ ΔΙΕΥΘΕΤΗΣΗ ΤΗΣ ΠΕΡΙΟΧΗ,Surgical,120,610
X630479,ΠΑΡΑΣΚΕΥΗ - ΑΝΑΣΠΑΣΗ ΚΡΗΜΝΟΥ ΓΙΑ ΧΡΗΣΗ ΤΟΥ ΜΕ ΚΑΘΥ,Surgical,160,770
X630485,ΔΕΥΤΕΡΟΣ ΧΡΟΝΟΣ ΑΠΟΚΑΤΑΣΤΑΣΗΣ ΜΕ ΧΡΗΣΗ ΚΡΗΜΝΟΥ ΜΕ ,Surgical,160,1250
X630489,ΜΕΤΑΜΟΣΧΕΥΣΗ ΛΙΠΟΥΣ ΣΕ ΔΑΚΤΥΛΟ Ή ΧΕΡΙ Ή ΑΝΩ ΑΚΡΟ (,Surgical,240,2620
X630499,ΜΕΤΑΜΟΣΧΕΥΣΗ ΛΙΠΟΥΣ ΣΕ ΔΑΚΤΥΛΟ Ή ΧΕΡΙ Ή ΑΝΩ ΑΚΡΟ (,Surgical,240,3420
X630503,ΜΕΤΑΜΟΣΧΕΥΣΗ ΛΙΠΟΥΣ ΣΕ ΔΑΚΤΥΛΟ Ή ΧΕΡΙ Ή ΑΝΩ ΑΚΡΟ (,Surgical,210,1740
X630507,ΛΙΠΑΝΑΡΡΟΦΗΣΗ,Surgical,120,1010
X630509,ΛΕΠΤΥΝΣΗ ΚΡΗΜΝΟΥ ΜΕ ΛΙΠΕΚΤΟΜΗ Ή ΛΙΠΑΝΑΡΡΟΦΗΣΗ,Surgical,240,1620
X630519,ΕΣΧΑΡΟΤΟΜΗ ΔΕΡΜΑΤΟΣ,Surgical,120,1970
X630539,ΑΠΟΝΕΥΡΟΤΟΜΗ ΜΥΙΚΩΝ ΔΙΑΜΕΡΙΣΜΑΤΩΝ,Surgical,160,1570
X630549,ΒΙΟΨΙΑ ΔΕΡΜΑΤΙΚΉΣ ΒΛΑΒΗΣ Ή ΒΛΑΒΗΣ ΜΑΛΑΚΩΝ ΜΟΡΙΩΝ,Surgical,120,2370
X630559,ΚΑΤ΄ΕΦΑΠΤΟΜΕΝΗ ΕΚΤΟΜΗ ΔΕΡΜΑΤΙΚΗΣ ΒΛΑΒΗΣ (SHAVING) ,Surgical,240,1620
X630561,ΑΦΑΙΡΕΣΗ ΔΕΡΜΑΤΙΚΗΣ ΒΛΑΒΗΣ ΜΕ ΦΩΤΟΠΗΞΙΑ (LASER),Surgical,150,1780
X630579,ΧΕΙΡΟΥΡΓΙΚΗ ΒΡΑΧΙΟΝΙΟΥ ΠΛΕΓΜΑΤΟΣ: ΔΙΕΡΕΥΝΗΣΗ ΥΠΕΡΚ,Surgical,120,770
X630583,ΧΕΙΡΟΥΡΓΙΚΗ ΒΡΑΧΙΟΝΙΟΥ ΠΛΕΓΜΑΤΟΣ: ΔΙΕΡΕΥΝΗΣΗ ΥΠΟΚΛ,Surgical,80,1090
X630589,ΧΕΙΡΟΥΡΓΙΚΗ ΒΡΑΧΙΟΝΙΟΥ ΠΛΕΓΜΑΤΟΣ: ΟΣΤΕΟΤΟΜΙΑ- ΟΣΤΕ,Surgical,80,1570
X630591,ΧΕΙΡΟΥΡΓΙΚΗ ΒΡΑΧΙΟΝΙΟΥ ΠΛΕΓΜΑΤΟΣ: ΔΙΕΡΕΥΝΗΣΗ-ΠΑΡΑΣ,Surgical,120,1730
X630599,ΧΕΙΡΟΥΡΓΙΚΗ ΒΡΑΧΙΟΝΙΟΥ ΠΛΕΓΜΑΤΟΣ: ΔΙΕΡΕΥΝΗΣΗ-ΠΑΡΑΣ,Surgical,160,2370
X630623,ΧΕΙΡΟΥΡΓΙΚΗ ΒΡΑΧΙΟΝΙΟΥ ΠΛΕΓΜΑΤΟΣ: ΔΙΕΡΕΥΝΗΣΗ-ΠΑΡΑΣ,Surgical,160,2290
X630629,ΧΕΙΡΟΥΡΓΙΚΗ ΒΡΑΧΙΟΝΙΟΥ ΠΛΕΓΜΑΤΟΣ: ΔΙΕΡΕΥΝΗΣΗ-ΠΑΡΑΣ,Surgical,160,770
X630633,ΧΕΙΡΟΥΡΓΙΚΗ ΒΡΑΧΙΟΝΙΟΥ ΠΛΕΓΜΑΤΟΣ: ΔΙΕΡΕΥΝΗΣΗ-ΠΑΡΑΣ,Surgical,120,1090
X630659,ΧΕΙΡΟΥΡΓΙΚΗ ΒΡΑΧΙΟΝΙΟΥ ΠΛΕΓΜΑΤΟΣ: ΔΙΕΡΕΥΝΗΣΗ-ΠΑΡΑΣ,Surgical,160,1170
X630669,ΧΕΙΡΟΥΡΓΙΚΗ ΒΡΑΧΙΟΝΙΟΥ ΠΛΕΓΜΑΤΟΣ: ΔΙΕΡΕΥΝΗΣΗ-ΠΑΡΑΣ,Surgical,120,1970
X630679,ΧΕΙΡΟΥΡΓΙΚΗ ΒΡΑΧΙΟΝΙΟΥ ΠΛΕΓΜΑΤΟΣ: ΔΙΕΡΕΥΝΗΣΗ-ΠΑΡΑΣ,Surgical,80,770
X630689,ΧΕΙΡΟΥΡΓΙΚΗ ΒΡΑΧΙΟΝΙΟΥ ΠΛΕΓΜΑΤΟΣ: ΔΙΕΡΕΥΝΗΣΗ-ΠΑΡΑΣ,Surgical,160,1570
X630699,ΧΕΙΡΟΥΡΓΙΚΗ ΒΡΑΧΙΟΝΙΟΥ ΠΛΕΓΜΑΤΟΣ: ΔΙΕΡΕΥΝΗΣΗ-ΠΑΡΑΣ,Surgical,120,2370
X630709,ΧΕΙΡΟΥΡΓΙΚΗ ΒΡΑΧΙΟΝΙΟΥ ΠΛΕΓΜΑΤΟΣ: ΔΙΕΡΕΥΝΗΣΗ-ΠΑΡΑΣ,Surgical,80,1170
X630739,ΧΕΙΡΟΥΡΓΙΚΗ ΒΡΑΧΙΟΝΙΟΥ ΠΛΕΓΜΑΤΟΣ: ΔΙΕΡΕΥΝΗΣΗ-ΠΑΡΑΣ,Surgical,80,1570
X630741,ΧΕΙΡΟΥΡΓΙΚΗ ΒΡΑΧΙΟΝΙΟΥ ΠΛΕΓΜΑΤΟΣ: ΔΙΕΡΕΥΝΗΣΗ-ΠΑΡΑΣ,Surgical,120,1730
X630743,ΧΕΙΡΟΥΡΓΙΚΗ ΒΡΑΧΙΟΝΙΟΥ ΠΛΕΓΜΑΤΟΣ: ΔΙΕΡΕΥΝΗΣΗ-ΠΑΡΑΣ,Surgical,160,1890
X630745,ΧΕΙΡΟΥΡΓΙΚΗ ΒΡΑΧΙΟΝΙΟΥ ΠΛΕΓΜΑΤΟΣ: ΑΠΟΘΗΚΕΥΣΗ ΝΕΥΡΙ,Surgical,80,2050
X630747,ΧΕΙΡΟΥΡΓΙΚΗ ΒΡΑΧΙΟΝΙΟΥ ΠΛΕΓΜΑΤΟΣ: ΠΑΡΑΣΚΕΥΗ - ΛΗΨΗ,Surgical,120,2210
X630759,ΧΕΙΡΟΥΡΓΙΚΗ ΒΡΑΧΙΟΝΙΟΥ ΠΛΕΓΜΑΤΟΣ: ΠΑΡΑΣΚΕΥΗ -ΛΗΨΗ ,Surgical,120,1170
X630769,ΧΕΙΡΟΥΡΓΙΚΗ ΒΡΑΧΙΟΝΙΟΥ ΠΛΕΓΜΑΤΟΣ: ΔΙΕΡΕΥΝΗΣΗ - ΑΝΑ,Surgical,80,1970
X630789,ΧΕΙΡΟΥΡΓΙΚΗ ΒΡΑΧΙΟΝΙΟΥ ΠΛΕΓΜΑΤΟΣ: ΑΓΓΕΙΑΚΕΣ ΑΝΑΣΤΟ,Surgical,120,2620
X630799,ΧΕΙΡΟΥΡΓΙΚΗ ΒΡΑΧΙΟΝΙΟΥ ΠΛΕΓΜΑΤΟΣ: ΠΑΡΑΣΚΕΥΗ -ΛΗΨΗ ,Surgical,80,2370
X630809,ΧΕΙΡΟΥΡΓΙΚΗ ΒΡΑΧΙΟΝΙΟΥ ΠΛΕΓΜΑΤΟΣ: ΑΝΑΓΝΩΡΙΣΗ - ΠΑΡ,Surgical,160,1170
X630811,ΧΕΙΡΟΥΡΓΙΚΗ ΒΡΑΧΙΟΝΙΟΥ ΠΛΕΓΜΑΤΟΣ: ΑΓΓΕΙΑΚΕΣ ΑΝΑΣΤΟ,Surgical,80,1780
X630819,ΧΕΙΡΟΥΡΓΙΚΗ ΒΡΑΧΙΟΝΙΟΥ ΠΛΕΓΜΑΤΟΣ: ΚΑΘΗΛΩΣΗ ΙΣΧΝΟΥ ,Surgical,120,1970
X630821,ΧΕΙΡΟΥΡΓΙΚΗ ΒΡΑΧΙΟΝΙΟΥ ΠΛΕΓΜΑΤΟΣ: ΠΕΡΙΦΕΡΙΚΗ ΤΕΝΟΝ,Surgical,160,2130
X630839,ΧΕΙΡΟΥΡΓΙΚΗ ΒΡΑΧΙΟΝΙΟΥ ΠΛΕΓΜΑΤΟΣ: ΑΡΘΡΟΔΕΣΗ ΚΑΡΠΟΥ,Surgical,160,1570
X630841,ΧΕΙΡΟΥΡΓΙΚΗ ΒΡΑΧΙΟΝΙΟΥ ΠΛΕΓΜΑΤΟΣ: ΣΤΡΟΦΙΚΗ ΟΣΤΕΟΤΟ,Surgical,80,1730
X630843,ΧΕΙΡΟΥΡΓΙΚΗ ΒΡΑΧΙΟΝΙΟΥ ΠΛΕΓΜΑΤΟΣ: ΣΤΡΟΦΙΚΗ ΟΣΤΕΟΤΟ,Surgical,120,1890
X630845,ΧΕΙΡΟΥΡΓΙΚΗ ΒΡΑΧΙΟΝΙΟΥ ΠΛΕΓΜΑΤΟΣ: ΜΕΤΑΦΟΡΑ ΤΡΑΠΕΖΟ,Surgical,160,2050
X630847,ΧΕΙΡΟΥΡΓΙΚΗ ΒΡΑΧΙΟΝΙΟΥ ΠΛΕΓΜΑΤΟΣ: ΜΕΤΑΦΟΡΑ ΚΑΜΠΤΗΡ,Surgical,80,2210
X630849,ΧΕΙΡΟΥΡΓΙΚΗ ΒΡΑΧΙΟΝΙΟΥ ΠΛΕΓΜΑΤΟΣ: ΤΕΝΟΝΤΟΜΕΤΑΦΟΡΑ ,Surgical,120,2370
X630851,ΧΕΙΡΟΥΡΓΙΚΗ ΒΡΑΧΙΟΝΙΟΥ ΠΛΕΓΜΑΤΟΣ: ΤΕΝΟΝΤΟΜΕΤΑΦΟΡΑ ,Surgical,160,530
X630853,ΧΕΙΡΟΥΡΓΙΚΗ ΒΡΑΧΙΟΝΙΟΥ ΠΛΕΓΜΑΤΟΣ: ΤΕΝΟΝΤΟΜΕΤΑΦΟΡΑ ,Surgical,80,690
X630857,ΧΕΙΡΟΥΡΓΙΚΗ ΒΡΑΧΙΟΝΙΟΥ ΠΛΕΓΜΑΤΟΣ: ΤΕΝΟΝΤΟΜΕΤΑΦΟΡΑ ,Surgical,160,1010
X630859,ΣΠΑΣΤΙΚΟ ΑΝΩ ΑΚΡΟ (ΠΧ .ΕΓΚΕΦΑΛΙΚΗ ΠΑΡΑΛΥΣΗ): ΑΠΕΛΕ,Surgical,80,1170
X630869,ΣΠΑΣΤΙΚΟ ΑΝΩ ΑΚΡΟ (ΠΧ .ΕΓΚΕΦΑΛΙΚΗ ΠΑΡΑΛΥΣΗ): ΑΠΕΛΕ,Surgical,160,1970
X630939,ΣΠΑΣΤΙΚΟ ΑΝΩ ΑΚΡΟ (ΠΧ .ΕΓΚΕΦΑΛΙΚΗ ΠΑΡΑΛΥΣΗ): ΕΠΙΜΗ,Surgical,120,2620
X630941,ΣΠΑΣΤΙΚΟ ΑΝΩ ΑΚΡΟ (ΠΧ .ΕΓΚΕΦΑΛΙΚΗ ΠΑΡΑΛΥΣΗ): ΑΠΕΛΕ,Surgical,160,1730
X630943,ΣΠΑΣΤΙΚΟ ΑΝΩ ΑΚΡΟ (ΠΧ .ΕΓΚΕΦΑΛΙΚΗ ΠΑΡΑΛΥΣΗ): ΑΠΕΛΕ,Surgical,80,2940
X630959,ΣΠΑΣΤΙΚΟ ΑΝΩ ΑΚΡΟ (ΠΧ .ΕΓΚΕΦΑΛΙΚΗ ΠΑΡΑΛΥΣΗ): ΕΠΑΝΑ,Surgical,160,1170
X630969,ΣΠΑΣΤΙΚΟ ΑΝΩ ΑΚΡΟ (ΠΧ .ΕΓΚΕΦΑΛΙΚΗ ΠΑΡΑΛΥΣΗ): ΕΠΑΝΑ,Surgical,120,3020
X630989,ΣΠΑΣΤΙΚΟ ΑΝΩ ΑΚΡΟ (ΠΧ .ΕΓΚΕΦΑΛΙΚΗ ΠΑΡΑΛΥΣΗ): ΣΤΡΟΦ,Surgical,160,1570
X630999,ΣΠΑΣΤΙΚΟ ΑΝΩ ΑΚΡΟ (ΠΧ .ΕΓΚΕΦΑΛΙΚΗ ΠΑΡΑΛΥΣΗ): ΕΠΑΝΑ,Surgical,120,2370
X631009,ΣΠΑΣΤΙΚΟ ΑΝΩ ΑΚΡΟ (ΠΧ .ΕΓΚΕΦΑΛΙΚΗ ΠΑΡΑΛΥΣΗ): ΑΠΕΛΕ,Surgical,120,1170
X631011,ΣΠΑΣΤΙΚΟ ΑΝΩ ΑΚΡΟ (ΠΧ .ΕΓΚΕΦΑΛΙΚΗ ΠΑΡΑΛΥΣΗ): ΜΕΤΑΦ,Surgical,160,1330
X631019,ΣΠΑΣΤΙΚΟ ΑΝΩ ΑΚΡΟ (ΠΧ .ΕΓΚΕΦΑΛΙΚΗ ΠΑΡΑΛΥΣΗ): ΔΙΑΤΟ,Surgical,80,1970
X631029,ΣΠΑΣΤΙΚΟ ΑΝΩ ΑΚΡΟ (ΠΧ .ΕΓΚΕΦΑΛΙΚΗ ΠΑΡΑΛΥΣΗ): ΔΙΑΤΟ,Surgical,160,770
X631049,ΣΠΑΣΤΙΚΟ ΑΝΩ ΑΚΡΟ (ΠΧ .ΕΓΚΕΦΑΛΙΚΗ ΠΑΡΑΛΥΣΗ): ΔΙΟΡΘ,Surgical,80,2370
X631079,ΣΠΑΣΤΙΚΟ ΑΝΩ ΑΚΡΟ (ΠΧ .ΕΓΚΕΦΑΛΙΚΗ ΠΑΡΑΛΥΣΗ): ΜΕΤΑΦ,Surgical,80,770
X631089,ΣΠΑΣΤΙΚΟ ΑΝΩ ΑΚΡΟ (ΠΧ .ΕΓΚΕΦΑΛΙΚΗ ΠΑΡΑΛΥΣΗ): ΜΕΤΑΦ,Surgical,160,1570
X631107,ΣΠΑΣΤΙΚΟ ΑΝΩ ΑΚΡΟ (ΠΧ .ΕΓΚΕΦΑΛΙΚΗ ΠΑΡΑΛΥΣΗ): ΜΕΤΑΦ,Surgical,160,1010
X631109,ΣΠΑΣΤΙΚΟ ΑΝΩ ΑΚΡΟ (ΠΧ .ΕΓΚΕΦΑΛΙΚΗ ΠΑΡΑΛΥΣΗ): ΜΕΤΑΦ,Surgical,80,1170
X631159,ΣΠΑΣΤΙΚΟ ΑΝΩ ΑΚΡΟ (ΠΧ .ΕΓΚΕΦΑΛΙΚΗ ΠΑΡΑΛΥΣΗ): ΜΕΤΑΦ,Surgical,120,1170
X631169,ΣΠΑΣΤΙΚΟ ΑΝΩ ΑΚΡΟ (ΠΧ .ΕΓΚΕΦΑΛΙΚΗ ΠΑΡΑΛΥΣΗ): ΤΜΗΜΑ,Surgical,80,1970
X631171,ΣΠΑΣΤΙΚΟ ΑΝΩ ΑΚΡΟ (ΠΧ .ΕΓΚΕΦΑΛΙΚΗ ΠΑΡΑΛΥΣΗ): ΤΜΗΜΑ,Surgical,120,2130
X631173,ΣΠΑΣΤΙΚΟ ΑΝΩ ΑΚΡΟ (ΠΧ .ΕΓΚΕΦΑΛΙΚΗ ΠΑΡΑΛΥΣΗ): ΤΜΗΜΑ,Surgical,160,2290
X631175,ΣΠΑΣΤΙΚΟ ΑΝΩ ΑΚΡΟ (ΠΧ .ΕΓΚΕΦΑΛΙΚΗ ΠΑΡΑΛΥΣΗ): ΤΜΗΜΑ,Surgical,80,450
X631177,ΣΠΑΣΤΙΚΟ ΑΝΩ ΑΚΡΟ (ΠΧ .ΕΓΚΕΦΑΛΙΚΗ ΠΑΡΑΛΥΣΗ): ΤΜΗΜΑ,Surgical,120,610
X631203,ΣΠΑΣΤΙΚΟ ΑΝΩ ΑΚΡΟ (ΠΧ .ΕΓΚΕΦΑΛΙΚΗ ΠΑΡΑΛΥΣΗ): ΤΜΗΜΑ,Surgical,160,690
X631207,ΣΠΑΣΤΙΚΟ ΑΝΩ ΑΚΡΟ (ΠΧ .ΕΓΚΕΦΑΛΙΚΗ ΠΑΡΑΛΥΣΗ): ΤΜΗΜΑ,Surgical,120,1010
X631215,ΣΠΑΣΤΙΚΟ ΑΝΩ ΑΚΡΟ (ΠΧ .ΕΓΚΕΦΑΛΙΚΗ ΠΑΡΑΛΥΣΗ): ΤΜΗΜΑ,Surgical,160,1650
X631219,ΣΠΑΣΤΙΚΟ ΑΝΩ ΑΚΡΟ (ΠΧ .ΕΓΚΕΦΑΛΙΚΗ ΠΑΡΑΛΥΣΗ): ΤΜΗΜΑ,Surgical,120,1970
X631229,ΣΠΑΣΤΙΚΟ ΑΝΩ ΑΚΡΟ (ΠΧ .ΕΓΚΕΦΑΛΙΚΗ ΠΑΡΑΛΥΣΗ): ΔΙΗΘΗ,Surgical,80,770
X631249,ΒΙΟΨΙΑ ΝΕΥΡΟΥ,Surgical,120,2370
X631259,ΑΝΟΙΚΤΗ ΛΗΨΗ ΝΕΥΡΙΚΟΥ ΜΟΣΧΕΥΜΑΤΟΣ ΑΠΟ ΤΟ ΑΝΩ ΑΚΡΟ ,Surgical,240,1170
X631261,ΑΝΟΙΚΤΗ ΛΗΨΗ ΝΕΥΡΙΚΟΥ ΜΟΣΧΕΥΜΑΤΟΣ ΑΠΟ ΑΛΛΟ ΣΗΜΕΙΟ ,Surgical,150,1330
X631263,ΕΝΔΟΣΚΟΠΙΚΗ ΛΗΨΗ ΝΕΥΡΙΚΩΝ ΜΟΣΧΕΥΜΑΤΩΝ,Surgical,160,1490
X631279,ΛΗΨΗ ΟΣΤΙΚΩΝ ΜΟΣΧΕΥΜΑΤΩΝ ΑΠΟ ΤΟ ΑΝΩ ΑΚΡΟ,Surgical,120,770
X631299,ΛΗΨΗ ΕΛΕΥΘΕΡΟΥ ΑΓΓΕΙΟΥΜΕΝΟΥ ΟΣΤΙΚΟΥ ΜΟΣΧΕΥΜΑΤΟΣ - ,Surgical,160,2370
X631301,ΛΗΨΗ ΕΛΕΥΘΕΡΟΥ ΑΓΓΕΙΟΥΜΕΝΟΥ ΟΣΤΙΚΟΥ ΜΟΣΧΕΥΜΑΤΟΣ - ,Surgical,80,530
X631309,ΛΗΨΗ ΤΕΝΟΝΤΙΟΥ ΜΟΣΧΕΥΜΑΤΟΣ ΑΝΩ ΑΚΡΟΥ (ΟΠΩΣ ΤΕΝΟΝΤΑ,Surgical,120,1170
X631311,ΑΝΟΙΚΤΗ ΛΗΨΗ ΦΛΕΒΙΚΟΥ ΜΟΣΧΕΥΜΑΤΟΣ ΑΠΟ ΤΟ ΚΑΤΩ ΑΚΡΟ,Surgical,150,1330
X631319,ΕΝΔΟΣΚΟΠΙΚΗ ΛΗΨΗ ΦΛΕΒΙΚΟΥ ΜΟΣΧΕΥΜΑΤΟΣ ΑΠΟ ΤΟ ΚΑΤΩ ,Surgical,80,1970
X631329,"ΠΥΟΓΕΝΗΣ ΣΗΠΤΙΚΗ ΑΡΘΡΙΤΙΔΑ ΩΜΟΥ - ΑΡΘΡΟΤΟΜΗ , ΔΙΑΝ",Surgical,160,770
X631339,ΟΞΕΙΑ ΟΣΤΕΟΜΥΕΛΙΤΙΔΑ ΒΡΑΧΙΟΝΙΟΥ - ΔΙΑΝΟΙΞΗ ΠΑΡΟΧΕΤ,Surgical,120,1570
X631349,"ΤΡΑΥΜΑ, ΟΞΕΙΑ ΟΣΤΕΟΜΥΕΛΙΤΙΔΑ ΒΡΑΧΙΟΝΙΟΥ - ΔΙΑΝΟΙΞΗ",Surgical,80,2370
X631559,ΧΡΟΝΙΑ ΟΣΤΕΟΜΥΕΛΙΤΙΔΑ ΒΡΑΧΙΟΝΙΟΥ - ΔΙΑΝΟΙΞΗ ΠΑΡΟΧΕ,Surgical,240,1620
X631569,ΧΡΟΝΙΑ ΟΣΤΕΟΜΥΕΛΙΤΙΔΑ ΒΡΑΧΙΟΝΙΟΥ - ΔΕΥΤΕΡΟΓΕΝΕΙΣ Ε,Surgical,160,1970
X631579,"ΤΡΑΥΜΑ, ΠΥΩΔΗΣ ΣΥΛΛΟΓΗ ΜΑΛΑΚΩΝ ΜΟΡΙΩΝ - ΔΙΑΝΟΙΞΗ Π",Surgical,120,770
X631599,ΜΕΤΕΓΧΕΙΡΗΤΙΚΗ ΠΥΩΔΗΣ ΣΥΛΛΟΓΗ ΜΑΛΑΚΩΝ ΜΟΡΙΩΝ - ΔΙΑ,Surgical,160,2370
X631609,"ΔΗΓΜΑ, ΠΥΩΔΗΣ ΣΥΛΛΟΓΗ ΜΑΛΑΚΩΝ ΜΟΡΙΩΝ - ΔΙΑΝΟΙΞΗ ΠΑ",Surgical,120,1170
X631619,"ΠΥΟΓΕΝΗΣ ΣΗΠΤΙΚΗ ΑΡΘΡΙΤΙΔΑ ΑΓΚΩΝΑ- ΑΡΘΡΟΤΟΜΗ , ΔΙΑ",Surgical,80,1970
X631759,ΠΥΟΓΕΝΗΣ ΘΥΛΑΚΙΤΙΔΑ ΩΛΕΚΡΑΝΟΥ- ΔΙΑΝΟΙΞΗ ΠΑΡΟΧΕΤΕΥΣ,Surgical,120,1170
X631769,ΚΑΤΑΓΜΑ ΔΙΑΦΥΣΗΣ ΒΡΑΧΙΟΝΙΟΥ: ΚΛΕΙΣΤΗ ΑΝΑΤΑΞΗ,Surgical,80,1970
X631773,ΚΑΤΑΓΜΑ ΔΙΑΦΥΣΗΣ ΒΡΑΧΙΟΝΙΟΥ: ΚΛΕΙΣΤΗ ΑΝΑΤΑΞΗ ΚΑΙ Ε,Surgical,160,2290
X631777,ΚΑΤΑΓΜΑ ΔΙΑΦΥΣΗΣ ΒΡΑΧΙΟΝΙΟΥ: ΚΛΕΙΣΤΗ ΑΝΑΤΑΞΗ ΚΑΙ Τ,Surgical,120,610
X631789,ΚΑΤΑΓΜΑ ΔΙΑΦΥΣΗΣ ΒΡΑΧΙΟΝΙΟΥ: ΑΝΟΙΚΤΗ ΑΝΑΤΑΞΗ ΚΑΙ Ο,Surgical,240,1570
X631799,ΕΞΩΑΡΘΡΙΚΟ ΚΑΤΑΓΜΑ ΠΕΡΙΦΕΡΙΚΟΥ ΑΚΡΟΥ ΒΡΑΧΙΟΝΙΟΥ (Υ,Surgical,80,2370
X631803,ΕΞΩΑΡΘΡΙΚΟ ΚΑΤΑΓΜΑ ΠΕΡΙΦΕΡΙΚΟΥ ΑΚΡΟΥ ΒΡΑΧΙΟΝΙΟΥ (Υ,Surgical,160,690
X631807,ΕΞΩΑΡΘΡΙΚΟ ΚΑΤΑΓΜΑ ΠΕΡΙΦΕΡΙΚΟΥ ΑΚΡΟΥ ΒΡΑΧΙΟΝΙΟΥ (Υ,Surgical,180,1010
X631813,ΔΙΑΥΠΕΡΚΟΝΔΥΛΙΟ ΚΑΤΑΓΜΑ ΒΡΑΧΙΟΝΙΟΥ: ΚΛΕΙΣΤΗ ΑΝΑΤΑΞ,Surgical,120,1490
X631817,ΔΙΑΥΠΕΡΚΟΝΔΥΛΙΟ ΚΑΤΑΓΜΑ ΒΡΑΧΙΟΝΙΟΥ: ΚΛΕΙΣΤΗ ΑΝΑΤΑΞ,Surgical,80,1810
X631821,ΔΙΑΥΠΕΡΚΟΝΔΥΛΙΟ ΚΑΤΑΓΜΑ ΒΡΑΧΙΟΝΙΟΥ: ΑΝΟΙΚΤΗ ΑΝΑΤΑΞ,Surgical,150,2130
X631957,"ΜΗ ΚΑΤΑΓΕΓΡΑΜΜΕΝΗ ΔΙΑΔΙΚΑΣΙΑ, ΑΝΤΙΒΡΑΧΙΟΥ Ή ΚΑΡΠΟΥ",Surgical,120,1010
X631979,ΚΑΤΑΓΜΑ ΒΡΑΧΙΟΝΙΟΥ ΚΟΝΔΥΛΟΥ (ΕΣΩ Ή ΕΞΩ): ΚΛΕΙΣΤΗ Α,Surgical,80,770
X631981,ΚΑΤΑΓΜΑ ΒΡΑΧΙΟΝΙΟΥ ΚΟΝΔΥΛΟΥ (ΕΣΩ Ή ΕΞΩ): ΚΛΕΙΣΤΗ Α,Surgical,120,930
X631999,ΚΑΤΑΓΜΑ ΒΡΑΧΙΟΝΙΟΥ ΚΟΝΔΥΛΟΥ (ΕΣΩ Ή ΕΞΩ): ΑΝΟΙΚΤΗ Α,Surgical,240,2370
X632009,ΚΑΤΑΓΜΑ ΠΑΡΑΤΡΟΧΙΛΙΑΣ Ή ΠΑΡΑΚΟΝΔΥΛΙΑΣ ΑΠΟΦΥΣΗΣ: ΚΛ,Surgical,120,1170
X632019,ΚΑΤΑΓΜΑ ΠΑΡΑΤΡΟΧΙΛΙΑΣ Ή ΠΑΡΑΚΟΝΔΥΛΙΑΣ ΑΠΟΦΥΣΗΣ: ΚΛ,Surgical,80,1970
X632027,ΚΑΤΑΓΜΑ ΠΑΡΑΤΡΟΧΙΛΙΑΣ Ή ΠΑΡΑΚΟΝΔΥΛΙΑΣ ΑΠΟΦΥΣΗΣ: ΑΝ,Surgical,180,610
X632029,ΕΝΔΑΡΘΡΙΚΟ ΚΑΤΑΓΜΑ ΠΕΡΙΦΕΡΙΚΟΥ ΑΚΡΟΥ ΒΡΑΧΙΟΝΙΟΥ (C,Surgical,160,770
X632033,ΕΝΔΑΡΘΡΙΚΟ ΚΑΤΑΓΜΑ ΠΕΡΙΦΕΡΙΚΟΥ ΑΚΡΟΥ ΒΡΑΧΙΟΝΙΟΥ (C,Surgical,120,1090
X632039,ΕΝΔΑΡΘΡΙΚΟ ΚΑΤΑΓΜΑ ΠΕΡΙΦΕΡΙΚΟΥ ΑΚΡΟΥ ΒΡΑΧΙΟΝΙΟΥ (C,Surgical,240,1570
X632049,ΕΞΑΡΘΡΗΜΑ ΑΓΚΩΝΑ: ΚΛΕΙΣΤΗ ΑΝΑΤΑΞΗ,Surgical,80,2370
X632069,ΕΞΑΡΘΡΗΜΑ ΑΓΚΩΝΑ: ΚΛΕΙΣΤΗ ΑΝΑΤΑΞΗ ΚΑΙ ΤΟΠΟΘΕΤΗΣΗ Ε,Surgical,120,1970
X632079,ΕΞΑΡΘΡΗΜΑ ΑΓΚΩΝΑ: ΑΝΟΙΚΤΗ ΑΝΑΤΑΞΗ,Surgical,240,770
X632099,ΕΞΑΡΘΡΗΜΑ ΑΓΚΩΝΑ: ΑΝΟΙΚΤΗ ΑΝΑΤΑΞΗ ΚΑΙ ΤΟΠΟΘΕΤΗΣΗ Ε,Surgical,240,2370
X632109,ΚΑΤΑΓΜΑ ΚΕΦΑΛΗΣ ΚΕΡΚΙΔΟΣ ΜΕ ΚΑΤΑΓΜΑ ΚΟΡΩΝΟΕΙΔΟΥΣ Α,Surgical,240,1170
X632119,ΚΑΤΑΓΜΑ ΚΕΦΑΛΗΣ ΚΕΡΚΙΔΟΣ ΜΕ ΚΑΤΑΓΜΑ ΚΟΡΩΝΟΕΙΔΟΥΣ Α,Surgical,240,2420
X632159,ΠΕΡΙΑΡΘΡΙΚΟ ΚΑΤΑΓΜΑ ΑΓΚΩΝΟΣ ΜΕ Ή ΧΩΡΙΣ ΕΞΑΡΘΡΗΜΑ Α,Surgical,240,1170
X632169,ΠΕΡΙΑΡΘΡΙΚΟ ΚΑΤΑΓΜΑ ΑΓΚΩΝΟΣ ΜΕ Ή ΧΩΡΙΣ ΕΞΑΡΘΡΗΜΑ Α,Surgical,80,2420
X632179,ΚΑΤΑΓΜΑ MONTEGGIA (ΚΑΤΑΓΜΑ ΚΕΝΤΡΙΚΟΥ ΤΜΗΜΑΤΟΣ ΩΛΕΝ,Surgical,160,770
X632189,ΚΑΤΑΓΜΑ MONTEGGIA (ΚΑΤΑΓΜΑ ΚΕΝΤΡΙΚΟΥ ΤΜΗΜΑΤΟΣ ΩΛΕΝ,Surgical,240,1570
X632191,ΥΠΕΞΑΡΘΡΗΜΑ ΚΕΦΑΛΗΣ ΚΕΡΚΙΔΟΣ ΣΕ ΠΑΙΔΙ: ΚΛΕΙΣΤΗ ΑΝΑ,Surgical,160,1730
X632193,ΚΑΤΑΓΜΑ ΚΕΦΑΛΗΣ ΚΕΡΚΙΔΟΣ Ή /ΚΑΙ ΚΕΡΚΙΔΙΚΟΥ ΑΥΧΕΝΑ:,Surgical,80,1890
X632201,ΚΑΤΑΓΜΑ ΚΕΦΑΛΗΣ ΚΕΡΚΙΔΟΣ Ή /ΚΑΙ ΚΕΡΚΙΔΙΚΟΥ ΑΥΧΕΝΑ:,Surgical,150,530
X632205,ΚΑΤΑΓΜΑ ΚΕΦΑΛΗΣ ΚΕΡΚΙΔΟΣ Ή /ΚΑΙ ΚΕΡΚΙΔΙΚΟΥ ΑΥΧΕΝΑ:,Surgical,80,850
X632209,ΚΑΤΑΓΜΑ ΚΕΦΑΛΗΣ ΚΕΡΚΙΔΟΣ Ή /ΚΑΙ ΚΕΡΚΙΔΙΚΟΥ ΑΥΧΕΝΑ:,Surgical,160,1620
X632219,ΚΑΤΑΓΜΑ ΩΛΕΚΡΑΝΟΥ: ΚΛΕΙΣΤΗ ΑΝΑΤΑΞΗ,Surgical,120,1970
X632229,ΚΑΤΑΓΜΑ ΩΛΕΚΡΑΝΟΥ: ΑΝΟΙΚΤΗ ΑΝΑΤΑΞΗ ΚΑΙ ΟΣΤΕΟΣΥΝΘΕΣ,Surgical,240,770
X632239,ΚΑΤΑΓΜΑ ΚΟΡΩΝΟΕΙΔΟΥΣ ΑΠΟΦΥΣΗΣ: ΑΝΟΙΚΤΗ ΑΝΑΤΑΞΗ ΚΑΙ,Surgical,240,1570
X632249,ΡΗΞΗ ΕΞΩ ΠΛΑΓΙΟΥ ΣΥΝΔΕΣΜΟΥ ΑΓΚΩΝΟΣ: ΣΥΝΔΕΣΜΟΠΛΑΣΤΙ,Surgical,120,2370
X632279,ΡΗΞΗ ΕΞΩ ΠΛΑΓΙΟΥ ΣΥΝΔΕΣΜΟΥ ΑΓΚΩΝΟΣ: ΣΥΝΔΕΣΜΟΠΛΑΣΤΙ,Surgical,120,770
X632299,ΡΗΞΗ ΕΣΩ ΠΛΑΓΙΟΥ ΣΥΝΔΕΣΜΟΥ ΑΓΚΩΝΟΣ: ΣΥΝΔΕΣΜΟΠΛΑΣΤΙ,Surgical,160,2370
X632319,ΡΗΞΗ ΕΣΩ ΠΛΑΓΙΟΥ ΣΥΝΔΕΣΜΟΥ ΑΓΚΩΝΟΣ: ΣΥΝΔΕΣΜΟΠΛΑΣΤΙ,Surgical,80,1970
X632329,ΑΦΑΙΡΕΣΗ ΕΞΩΤΕΡΙΚΗΣ ΟΣΤΕΟΣΥΝΘΕΣΗΣ ΒΡΑΧΙΟΝΙΟΥ Ή ΑΓΚ,Surgical,240,1220
X632359,ΑΝΑΘΕΩΡΗΣΗ Ή ΔΙΟΡΘΩΣΗ ΕΞΩΤΕΡΙΚΗΣ ΟΣΤΕΟΣΥΝΘΕΣΗΣ ΒΡΑ,Surgical,160,1170
X632369,ΑΦΑΙΡΕΣΗ ΥΛΙΚΩΝ ΟΣΤΕΟΣΥΝΘΕΣΗΣ ΔΙΑΦΥΣΗΣ ΒΡΑΧΙΟΝΙΟΥ,Surgical,240,2420
X632379,ΑΦΑΙΡΕΣΗ ΥΛΙΚΩΝ ΟΣΤΕΟΣΥΝΘΕΣΗΣ ΠΕΡΙΦΕΡΙΚΟΥ ΑΚΡΟΥ ΒΡ,Surgical,240,1220
X632389,ΑΦΑΙΡΕΣΗ ΥΛΙΚΩΝ ΟΣΤΕΟΣΥΝΘΕΣΗΣ ΩΛΕΚΡΑΝΟΥ,Surgical,240,2020
X632419,ΑΦΑΙΡΕΣΗ ΥΛΙΚΩΝ ΟΣΤΕΟΣΥΝΘΕΣΗΣ ΚΟΡΩΝΟΕΙΔΟΥΣ ΑΠΟΦΥΣΗ,Surgical,240,2420
X632429,ΑΦΑΙΡΕΣΗ ΥΛΙΚΩΝ ΟΣΤΕΟΣΥΝΘΕΣΗΣ ΚΕΦΑΛΗΣ ΚΕΡΚΙΔΟΣ,Surgical,240,1220
X632431,ΠΛΗΜΜΕΛΗΣ ΠΩΡΩΣΗ ΚΑΤΑΓΜΑΤΟΣ ΔΙΑΦΥΣΗΣ ΒΡΑΧΙΟΝΙΟΥ: Α,Surgical,150,930
X632459,ΠΛΗΜΜΕΛΗΣ ΠΩΡΩΣΗ ΚΑΤΑΓΜΑΤΟΣ ΠΕΡΙΦΕΡΙΚΟΥ ΑΚΡΟΥ ΒΡΑΧ,Surgical,240,1170
X632469,ΠΛΗΜΜΕΛΗΣ ΠΩΡΩΣΗ ΚΑΤΑΓΜΑΤΟΣ ΚΕΝΤΡΙΚΟΥ ΑΚΡΟΥ ΩΛΕΝΗΣ,Surgical,240,1970
X632479,ΠΛΗΜΜΕΛΗΣ ΠΩΡΩΣΗ ΚΑΤΑΓΜΑΤΟΣ ΚΕΝΤΡΙΚΟΥ ΤΜΗΜΑΤΟΣ ΚΕΡ,Surgical,240,770
X632481,ΠΛΗΜΜΕΛΗΣ ΠΩΡΩΣΗ ΚΑΤΑΓΜΑΤΟΣ ΚΕΦΑΛΗΣ ΚΕΡΚΙΔΟΣ: ΑΡΘΡ,Surgical,80,1380
X632483,ΨΕΥΔΑΡΘΡΩΣΗ ΚΑΤΑΓΜΑΤΟΣ ΔΙΑΦΥΣΗΣ ΒΡΑΧΙΟΝΙΟΥ: ΑΝΟΙΚΤ,Surgical,210,1090
X632599,ΨΕΥΔΑΡΘΡΩΣΗ ΚΑΤΑΓΜΑΤΟΣ ΠΕΡΙΦΕΡΙΚΟΥ ΑΚΡΟΥ ΒΡΑΧΙΟΝΙΟ,Surgical,240,2370
X632639,ΨΕΥΔΑΡΘΡΩΣΗ ΚΑΤΑΓΜΑΤΟΣ ΚΕΝΤΡΙΚΟΥ ΑΚΡΟΥ ΩΛΕΝΗΣ (ΟΠΩ,Surgical,240,1570
X632659,ΨΕΥΔΑΡΘΡΩΣΗ ΚΑΤΑΓΜΑΤΟΣ ΚΕΝΤΡΙΚΟΥ ΤΜΗΜΑΤΟΣ ΚΕΡΚΙΔΟΣ,Surgical,240,1170
X632663,ΨΕΥΔΑΡΘΡΩΣΗ ΚΑΤΑΓΜΑΤΟΣ ΚΕΦΑΛΗΣ ΚΕΡΚΙΔΟΣ: ΑΡΘΡΟΠΛΑΣ,Surgical,120,1940
X632671,"ΑΚΡΩΤΗΡΙΑΣΜΟΣ, ΒΡΑΧΙΟΝΙΟ, ΠΡΩΤΟΠΑΘΗΣ ΣΥΓΚΛΕΙΣΗ ΚΟΛ",Surgical,160,2130
X632673,"ΑΚΡΩΤΗΡΙΑΣΜΟΣ, ΒΡΑΧΙΟΝΙΟ, ΔΕΥΤΕΡΟΠΑΘΗΣ ΣΥΓΚΛΕΙΣΗ Κ",Surgical,80,2290
X632675,"ΑΚΡΩΤΗΡΙΑΣΜΟΣ, ΒΡΑΧΙΟΝΙΟ. ΕΠΩΔΥΝΟ ΝΕΥΡΩΜΑ, ΔΙΟΡΘΩΣ",Surgical,120,450
X632699,"ΑΚΡΩΤΗΡΙΑΣΜΟΣ, ΒΡΑΧΙΟΝΙΟ. ΦΛΕΓΜΟΝΗ, ΧΕΙΡΟΥΡΓΙΚΟΙ Κ",Surgical,120,2370
X632703,"ΑΚΡΩΤΗΡΙΑΣΜΟΣ, ΒΡΑΧΙΟΝΙΟ, ΔΙΟΡΘΩΣΗ ΚΟΛΟΒΩΜΑΤΟΣ ΜΕ ",Surgical,80,690
X632705,"ΑΚΡΩΤΗΡΙΑΣΜΟΣ, ΒΡΑΧΙΟΝΙΟ, ΔΙΑΜΟΡΦΩΣΗ ΚΟΛΟΒΩΜΑΤΟΣ Μ",Surgical,120,850
X632739,"ΑΚΡΩΤΗΡΙΑΣΜΟΣ, ΒΡΑΧΙΟΝΙΟ, ΔΙΑΜΟΡΦΩΣΗ ΚΟΛΟΒΩΜΑΤΟΣ Μ",Surgical,80,1570
X632743,"ΑΚΡΩΤΗΡΙΑΣΜΟΣ, ΒΡΑΧΙΟΝΙΟ, ΕΠΙΜΥΚΗΝΣΗ ΟΣΤΙΚΟΥ ΚΟΛΟΒ",Surgical,160,1890
X632779,"ΘΛΑΣΤΙΚΟ ΤΡΑΥΜΑ ΒΡΑΧΙΟΝΙΟΥ: ΔΙΕΡΕΥΝΗΣΗ, ΠΕΡΙΛΑΜΒΑΝ",Surgical,240,1220
X632783,"ΘΛΑΣΤΙΚΟ ΤΡΑΥΜΑ ΑΓΚΩΝΟΣ: ΔΙΕΡΕΥΝΗΣΗ, ΠΕΡΙΛΑΜΒΑΝΕΙ ",Surgical,210,1540
X632789,"ΤΡΑΥΜΑΤΙΚΟΣ ΠΛΗΡΗΣ ΑΚΡΩΤΗΡΙΑΣΜΟΣ, ΒΡΑΧΙΟΝΙΟ. ΕΠΑΝΑ",Surgical,120,1570
X632791,"ΤΡΑΥΜΑΤΙΚΟΣ ΠΛΗΡΗΣ ΑΚΡΩΤΗΡΙΑΣΜΟΣ, ΒΡΑΧΙΟΝΙΟ. ΕΠΑΝΑ",Surgical,160,1730
X632795,"ΤΡΑΥΜΑΤΙΚΟΣ ΠΛΗΡΗΣ ΑΚΡΩΤΗΡΙΑΣΜΟΣ, ΒΡΑΧΙΟΝΙΟ. ΕΠΑΝΑ",Surgical,120,2050
X632799,"ΤΡΑΥΜΑ, ΔΙΕΡΕΥΝΗΣΗ ΒΛΑΒΗΣ ΚΕΡΚΙΔΙΚΟΥ ΝΕΥΡΟΥ ΣΤΟ ΒΡ",Surgical,80,2370
X632811,"ΤΡΑΥΜΑ , ΣΥΡΡΑΦΗ ΚΕΡΚΙΔΙΚΟΥ ΝΕΥΡΟΥ -ΤΕΛΙΚΟ ΤΕΛΙΚΗ ",Surgical,80,1330
X632815,"ΤΡΑΥΜΑ , ΣΥΡΡΑΦΗ ΚΕΡΚΙΔΙΚΟΥ ΝΕΥΡΟΥ ΜΕ ΠΑΡΕΜΒΟΛΗ ΝΕ",Surgical,160,1650
X632823,"ΤΡΑΥΜΑ , ΣΥΡΡΑΦΗ ΚΕΡΚΙΔΙΚΟΥ ΝΕΥΡΟΥ ΜΕ ΠΑΡΕΜΒΟΛΗ ΣΥ",Surgical,80,2290
X632825,ΑΠΟΚΑΤΑΣΤΑΣΗ - ΣΥΡΡΑΦΗ ΚΕΡΚΙΔΙΚΟΥ ΝΕΥΡΟΥ ΜΕΤΑ ΑΠΟ ,Surgical,120,900
X632827,ΑΠΟΚΑΤΑΣΤΑΣΗ - ΣΥΡΡΑΦΗ ΚΕΡΚΙΔΙΚΟΥ ΝΕΥΡΟΥ ΜΕΤΑ ΑΠΟ ,Surgical,180,1060
X632833,"ΤΡΑΥΜΑ, ΔΙΕΡΕΥΝΗΣΗ ΒΛΑΒΗΣ ΠΕΡΙΦΕΡΙΚΩΝ ΝΕΥΡΩΝ (ΠΛΗΝ",Surgical,160,1090
X632839,"ΤΡΑΥΜΑ , ΣΥΡΡΑΦΗ ΠΕΡΙΦΕΡΙΚΩΝ ΝΕΥΡΩΝ (ΠΛΗΝ ΤΟΥ ΚΕΡΚ",Surgical,160,1570
X632843,"ΤΡΑΥΜΑ , ΣΥΡΡΑΦΗ ΠΕΡΙΦΕΡΙΚΩΝ ΝΕΥΡΩΝ (ΠΛΗΝ ΤΟΥ ΚΕΡΚ",Surgical,120,1890
X632849,"ΤΡΑΥΜΑ , ΣΥΡΡΑΦΗ ΠΕΡΙΦΕΡΙΚΩΝ ΝΕΥΡΩΝ (ΠΛΗΝ ΤΟΥ ΚΕΡΚ",Surgical,120,2370
X632857,ΑΠΟΚΑΤΑΣΤΑΣΗ - ΣΥΡΡΑΦΗ ΠΕΡΙΦΕΡΙΚΩΝ ΝΕΥΡΩΝ (ΠΛΗΝ ΤΟ,Surgical,180,1460
X632859,ΑΠΟΚΑΤΑΣΤΑΣΗ - ΣΥΡΡΑΦΗ ΠΕΡΙΦΕΡΙΚΩΝ ΝΕΥΡΩΝ (ΠΛΗΝ ΤΟ,Surgical,240,1620
X632869,ΤΡΑΥΜΑΤΙΚΗ ΔΙΑΤΟΜΗ ΜΑΣΧΑΛΙΑΙΑΣ ΑΡΤΗΡΙΑΣ - ΑΜΕΣΗ ΤΕ,Surgical,160,1970
X632879,ΤΡΑΥΜΑΤΙΚΗ ΔΙΑΤΟΜΗ ΜΑΣΧΑΛΙΑΙΑΣ ΑΡΤΗΡΙΑΣ - ΑΜΕΣΗ ΑΠ,Surgical,120,770
X632901,ΤΡΑΥΜΑΤΙΚΗ ΔΙΑΤΟΜΗ ΜΑΣΧΑΛΙΑΙΑΣ ΦΛΕΒΑΣ- ΑΜΕΣΗ ΤΕΛΙΚ,Surgical,80,530
X632907,ΤΡΑΥΜΑΤΙΚΗ ΔΙΑΤΟΜΗ ΜΑΣΧΑΛΙΑΙΑΣ ΦΛΕΒΑΣ ΑΜΕΣΗ ΤΕΛΙΚΟ,Surgical,80,1010
X632911,ΤΡΑΥΜΑΤΙΚΟ ΑΝΕΥΡΥΣΜΑ ΜΑΣΧΑΛΙΑΙΑΣ ΑΡΤΗΡΙΑΣ - ΑΜΕΣΗ ,Surgical,160,1330
X632913,ΤΡΑΥΜΑΤΙΚΗ ΔΙΑΤΟΜΗ ΒΡΑΧΙΟΝΙΟΥ ΑΡΤΗΡΙΑΣ ΚΑΙ ΦΛΕΒΑΣ ,Surgical,80,1490
X632915,ΤΡΑΥΜΑΤΙΚΗ ΔΙΑΤΟΜΗ ΒΡΑΧΙΟΝΙΟΥ ΑΡΤΗΡΙΑΣ ΚΑΙ ΦΛΕΒΑΣ ,Surgical,120,1650
X632917,ΤΡΑΥΜΑΤΙΚΟ ΑΝΕΥΡΥΣΜΑ ΒΡΑΧΙΟΝΙΟΥ ΑΡΤΗΡΙΑΣ - ΑΜΕΣΗ Α,Surgical,160,1810
X632919,ΑΡΘΡΟΠΛΑΣΤΙΚΗ ΑΓΚΩΝΑ: ΜΕ ΠΑΡΕΜΒΑΛΛΟΜΕΝΗ ΠΕΡΙΤΟΝΙΑ ,Surgical,80,2420
X632925,ΑΡΘΡΟΠΛΑΣΤΙΚΗ ΑΓΚΩΝΑ: ΟΛΙΚΗ ΑΡΘΡΟΠΛΑΣΤΙΚΗ,Surgical,80,900
X632929,ΑΡΘΡΟΠΛΑΣΤΙΚΗ ΑΓΚΩΝΑ: ΑΡΘΡΟΠΛΑΣΤΙΚΗ ΤΟΥ ΠΕΡΙΦΕΡΙΚΟ,Surgical,160,1220
X632937,ΑΡΘΡΟΠΛΑΣΤΙΚΗ ΑΓΚΩΝΑ: ΟΛΙΚΗ ΑΡΘΡΟΠΛΑΣΤΙΚΗ ΚΑΙ ΑΝΑΚ,Surgical,80,1860
X632939,ΑΝΑΘΕΩΡΗΣΗ ΟΛΙΚΗΣ ΑΡΘΡΟΠΛΑΣΤΙΚΗΣ ΑΓΚΩΝΑ,Surgical,120,2020
X632943,ΑΦΑΙΡΕΣΗ ΑΡΘΡΟΠΛΑΣΤΙΚΗΣ ΚΕΦΑΛΗΣ ΚΕΡΚΙΔΟΣ,Surgical,210,2340
X632947,ΑΦΑΙΡΕΣΗ ΥΛΙΚΩΝ ΟΛΙΚΗΣ ΑΡΘΡΟΠΛΑΣΤΙΚΗΣ ΑΓΚΩΝΑ,Surgical,180,2660
X632951,ΑΡΘΡΟΔΕΣΗ ΑΓΚΩΝΑ ΜΕ Ή ΧΩΡΙΣ ΟΣΤΙΚΟ ΜΟΣΧΕΥΜΑ (ΑΥΤΟΛ,Surgical,120,530
X632953,ΔΙΑΓΝΩΣΤΙΚΗ ΑΡΘΡΟΣΚΟΠΗΣΗ ΑΓΚΩΝΟΣ,Surgical,160,690
X632955,ΑΡΘΡΟΣΚΟΠΗΣΗ ΑΓΚΩΝΑ: ΑΡΘΡΟΣΚΟΠΙΚΗ ΔΙΑΤΟΜΗ ΕΚΦΥΣΗΣ ,Surgical,80,850
X632957,ΑΡΘΡΟΣΚΟΠΗΣΗ ΑΓΚΩΝΑ: ΒΙΟΨΙΑ ΥΜΕΝΟΣ,Surgical,120,1010
X632959,ΑΡΘΡΟΣΚΟΠΙΚΗ ΥΜΕΝΕΚΤΟΜΗ ΑΓΚΩΝΟΣ,Surgical,240,1620
X632963,ΑΡΘΡΟΣΚΟΠΗΣΗ ΑΓΚΩΝΑ: ΑΡΘΡΟΣΚΟΠΙΚΗ ΑΦΑΙΡΕΣΗ ΥΜΕΝΙΚΩ,Surgical,210,1940
X632975,ΑΡΘΡΟΣΚΟΠΗΣΗ ΑΓΚΩΝΑ: ΑΡΘΡΟΣΚΟΠΙΚΗ ΑΠΟΚΑΤΑΣΤΑΣΗ ΤΗΣ,Surgical,120,450
X632979,ΑΡΘΡΟΣΚΟΠΗΣΗ ΑΓΚΩΝΑ: ΑΡΘΡΟΣΚΟΠΙΚΗ ΑΠΟΚΑΤΑΣΤΑΣΗ ΠΡΟ,Surgical,80,770
X632991,ΑΡΘΡΟΣΚΟΠΗΣΗ ΑΓΚΩΝΑ: ΑΡΘΡΟΣΚΟΠΙΚΗ ΟΣΤΕΟΣΥΝΘΕΣΗ ΕΝΔ,Surgical,80,1730
X632993,ΑΡΘΡΟΣΚΟΠΗΣΗ ΑΓΚΩΝΑ: ΑΡΘΡΟΣΚΟΠΙΚΗ ΑΠΟΚΑΤΑΣΤΑΣΗ ΔΙΑ,Surgical,120,1890
X632995,ΑΡΘΡΟΣΚΟΠΗΣΗ ΑΓΚΩΝΑ: ΑΡΘΡΟΣΚΟΠΙΚΟΣ ΚΑΘΑΡΙΣΜΟΣ ΣΕ Σ,Surgical,160,2050
X632999,ΑΡΘΡΟΣΚΟΠΗΣΗ ΑΓΚΩΝΑ: ΑΡΘΡΟΣΚΟΠΙΚΗ ΑΦΑΙΡΕΣΗ ΞΕΝΩΝ Κ,Surgical,240,2820
X633009,ΑΡΘΡΟΤΟΜΗ ΑΓΚΩΝΑ: ΒΙΟΨΙΑ ΥΜΕΝΟΣ,Surgical,120,1170
X633019,ΑΝΟΙΚΤΗ ΥΜΕΝΕΚΤΟΜΗ ΑΓΚΩΝΟΣ,Surgical,240,2420
X633021,ΑΝΟΙΚΤΗ ΑΠΟΚΑΤΑΣΤΑΣΗ ΔΙΑΧΩΡΙΣΤΙΚΗΣ ΟΣΤΕΟΧΟΝΔΡΙΤΙΔΑ,Surgical,150,2130
X633029,ΑΝΟΙΚΤΗ ΧΕΙΡΟΥΡΓΙΚΗ ΑΠΟΚΑΤΑΣΤΑΣΗ ΠΡΟΣΚΡΟΥΣΗΣ ΑΓΚΩΝ,Surgical,240,770
X633031,ΑΝΟΙΚΤΗ ΧΕΙΡΟΥΡΓΙΚΗ ΑΠΟΚΑΤΑΣΤΑΣΗ ΑΡΘΡΙΤΙΔΑΣ ΒΡΑΧΙΟ,Surgical,150,930
X633039,ΑΝΟΙΚΤΗ ΑΦΑΙΡΕΣΗ ΞΕΝΩΝ Ή ΕΛΕΥΘΕΡΩΝ ΤΕΜΑΧΙΩΝ ΑΠΟ ΤΗ,Surgical,240,2020
X633041,ΑΝΟΙΚΤΗ ΕΚΤΟΜΗ ΥΜΕΝΙΚΗΣ ΠΤΥΧΗΣ ΤΗΣ ΑΡΘΡΩΣΗΣ ΤΟΥ ΑΓ,Surgical,150,2180
X633043,ΟΡΟΓΟΝΟΘΥΛΑΚΙΤΙΔΑ ΑΓΚΩΝΑ: ΕΚΤΟΜΗ ΟΡΟΓΟΝΟΥ ΘΥΛΑΚΟΥ,Surgical,210,2340
X633049,ΣΥΓΚΑΜΨΗ ΑΓΚΩΝΑ: ΚΙΝΗΤΟΠΟΙΗΣΗ ΥΠΟ ΑΝΑΙΣΘΗΣΙΑ,Surgical,80,2370
X633051,ΣΥΓΚΑΜΨΗ ΑΡΘΡΩΣΗΣ ΑΓΚΩΝΑ: ΑΡΘΡΟΣΚΟΠΙΚΗ ΑΡΘΡΟΛΥΣΗ,Surgical,120,530
X633055,ΣΥΓΚΑΜΨΗ ΑΡΘΡΩΣΗΣ ΑΓΚΩΝΑ: ΑΝΟΙΚΤΗ ΑΡΘΡΟΛΥΣΗ,Surgical,120,850
X633059,ΣΥΓΚΑΜΨΗ ΑΡΘΡΩΣΗΣ ΑΓΚΩΝΑ: ΑΝΟΙΚΤΗ ΑΡΘΡΟΛΥΣΗ ΚΑΙ ΤΟ,Surgical,240,1170
X633061,ΣΥΓΚΑΜΨΗ ΑΡΘΡΩΣΗΣ ΑΓΚΩΝΑ: ΑΝΟΙΚΤΗ ΘΥΛΑΚΟΤΟΜΗ Ή ΘΥΛ,Surgical,150,1780
X633065,ΣΥΓΚΑΜΨΗ ΑΡΘΡΩΣΗΣ ΑΓΚΩΝΑ: ΑΝΟΙΚΤΗ ΘΥΛΑΚΟΤΟΜΗ Ή ΘΥΛ,Surgical,120,2100
X633067,"ΤΕΝΟΤΟΜΗ ΑΝΟΙΚΤΗ, ΚΑΜΠΤΗΡΑ Ή ΕΚΤΕΙΝΟΝΤΑ ΤΕΝΟΝΤΑ, Β",Surgical,180,1810
X633069,"ΕΠΙΜΗΚΥΝΣΗ Ή ΒΡΑΧΥΝΣΗ, ΒΡΑΧΙΟΝΙΟΥ Ή ΑΓΚΩΝΟΣ, ΜΟΝΗΡ",Surgical,120,1970
X633071,"ΤΕΝΟΝΤΟΜΕΤΑΦΟΡΑ,ΒΡΑΧΙΟΝΙΟΥ Ή ΑΓΚΩΝΟΣ, ΜΟΝΗΡΗΣ, ΚΑΘ",Surgical,160,2130
X633079,ΡΗΞΗ ΜΑΚΡΑΣ ΚΕΦΑΛΗΣ ΔΙΚΕΦΑΛΟΥ: ΠΡΩΤΟΠΑΘΗΣ ΣΥΡΡΑΦΗ ,Surgical,80,770
X633081,ΡΗΞΗ ΜΑΚΡΑΣ ΚΕΦΑΛΗΣ ΔΙΚΕΦΑΛΟΥ: ΔΕΥΤΕΡΟΠΑΘΗΣ ΣΥΡΡΑΦ,Surgical,120,930
X633083,ΡΗΞΗ ΚΑΤΑΦΥΣΗΣ ΔΙΚΕΦΑΛΟΥ ΒΡΑΧΙΟΝΙΟΥ ΜΥΟΣ: ΠΡΩΤΟΠΑΘ,Surgical,160,1090
X633089,ΡΗΞΗ ΚΑΤΑΦΥΣΗΣ ΔΙΚΕΦΑΛΟΥ ΒΡΑΧΙΟΝΙΟΥ ΜΥΟΣ: ΔΕΥΤΕΡΟΠ,Surgical,160,1570
X633093,ΡΗΞΗ ΚΑΤΑΦΥΣΗΣ ΤΡΙΚΕΦΑΛΟΥ ΒΡΑΧΙΟΝΙΟΥ ΜΥΟΣ: ΠΡΩΤΟΠΑ,Surgical,120,1890
X633095,ΡΗΞΗ ΚΑΤΑΦΥΣΗΣ ΤΡΙΚΕΦΑΛΟΥ ΒΡΑΧΙΟΝΙΟΥ ΜΥΟΣ: ΔΕΥΤΕΡΟ,Surgical,160,2050
X633119,ΤΕΝΟΝΤΟΔΕΣΗ ΤΕΝΟΝΤΑ ΔΙΚΕΦΑΛΟΥ ΒΡΑΧΙΟΝΙΟΥ ΜΥΟΣ ΣΤΟΝ,Surgical,160,1970
X633133,ΔΙΑΔΕΡΜΙΚΗ ΤΕΝΟΤΟΜΗ ΠΑΡΑΚΟΝΔΥΛΙΑΣ Ή ΠΑΡΑΤΡΟΧΙΛΙΑΣ ,Surgical,80,1090
X633139,"ΒΙΟΨΙΑ, ΜΑΛΑΚΩΝ ΜΟΡΙΩΝ ΒΡΑΧΙΟΝΙΟΥ ΚΑΙ/Ή ΑΓΚΩΝΟΣ. Ε",Surgical,240,1570
X633141,"ΒΙΟΨΙΑ, ΜΑΛΑΚΩΝ ΜΟΡΙΩΝ ΒΡΑΧΙΟΝΙΟΥ ΚΑΙ/Ή ΑΓΚΩΝΟΣ. Ε",Surgical,150,1730
X633145,"ΑΦΑΙΡΕΣΗ, ΟΓΚΟΥ, ΜΑΛΑΚΩΝ ΜΟΡΙΩΝ ΒΡΑΧΙΟΝΙΟΥ ΚΑΙ/Ή Α",Surgical,120,2500
X633151,"ΑΦΑΙΡΕΣΗ, ΟΓΚΟΥ, ΜΑΛΑΚΩΝ ΜΟΡΙΩΝ ΒΡΑΧΙΟΝΙΟΥ ΚΑΙ/Ή Α",Surgical,150,980
X633159,"ΡΙΖΙΚΗ ΕΚΤΟΜΗ ΟΓΚΟΥ (Π.Χ. ΚΑΚΟΗΘΕΣ ΝΕΟΠΛΑΣΜΑ), ΜΑΛ",Surgical,240,1620
X633169,ΑΦΑΙΡΕΣΗ Ή ΑΠΟΞΕΣΗ ΚΥΣΤΗΣ ΟΣΤΟΥ Ή ΚΑΛΟΗΘΟΥΣ ΟΓΚΟΥ ,Surgical,240,2420
X633173,ΑΦΑΙΡΕΣΗ Ή ΑΠΟΞΕΣΗ ΚΥΣΤΗΣ ΟΣΤΟΥ Ή ΚΑΛΟΗΘΟΥΣ ΟΓΚΟΥ ,Surgical,210,2740
X633175,ΑΦΑΙΡΕΣΗ Ή ΑΠΟΞΕΣΗ ΚΥΣΤΗΣ ΟΣΤΟΥ Ή ΚΑΛΟΗΘΟΥΣ ΟΓΚΟΥ ,Surgical,120,900
X633189,ΑΦΑΙΡΕΣΗ Ή ΑΠΟΞΕΣΗ ΚΥΣΤΗΣ ΟΣΤΟΥ Ή ΚΑΛΟΗΘΟΥΣ ΟΓΚΟΥ ,Surgical,240,2020
X633241,ΑΦΑΙΡΕΣΗ Ή ΑΠΟΞΕΣΗ ΚΥΣΤΗΣ ΟΣΤΟΥ Ή ΚΑΛΟΗΘΟΥΣ ΟΓΚΟΥ ,Surgical,150,2180
X633249,ΑΦΑΙΡΕΣΗ Ή ΑΠΟΞΕΣΗ ΚΥΣΤΗΣ ΟΣΤΟΥ Ή ΚΑΛΟΗΘΟΥΣ ΟΓΚΟΥ ,Surgical,240,2820
X633259,ΑΦΑΙΡΕΣΗ Ή ΑΠΟΞΕΣΗ ΚΥΣΤΗΣ ΟΣΤΟΥ Ή ΚΑΛΟΗΘΟΥΣ ΟΓΚΟΥ ,Surgical,240,1620
X633289,ΑΦΑΙΡΕΣΗ Ή ΑΠΟΞΕΣΗ ΚΥΣΤΗΣ ΟΣΤΟΥ Ή ΚΑΛΟΗΘΟΥΣ ΟΓΚΟΥ ,Surgical,240,2020
X633299,ΑΦΑΙΡΕΣΗ Ή ΑΠΟΞΕΣΗ ΚΥΣΤΗΣ ΟΣΤΟΥ Ή ΚΑΛΟΗΘΟΥΣ ΟΓΚΟΥ ,Surgical,240,2820
X633309,ΑΦΑΙΡΕΣΗ Ή ΑΠΟΞΕΣΗ ΚΥΣΤΗΣ ΟΣΤΟΥ Ή ΚΑΛΟΗΘΟΥΣ ΟΓΚΟΥ ,Surgical,240,1620
X633311,ΑΦΑΙΡΕΣΗ Ή ΑΠΟΞΕΣΗ ΚΥΣΤΗΣ ΟΣΤΟΥ Ή ΚΑΛΟΗΘΟΥΣ ΟΓΚΟΥ ,Surgical,150,1780
X633329,ΑΦΑΙΡΕΣΗ Ή ΑΠΟΞΕΣΗ ΚΥΣΤΗΣ ΟΣΤΟΥ Ή ΚΑΛΟΗΘΟΥΣ ΟΓΚΟΥ ,Surgical,240,1220
X633331,ΑΦΑΙΡΕΣΗ Ή ΑΠΟΞΕΣΗ ΚΥΣΤΗΣ ΟΣΤΟΥ Ή ΚΑΛΟΗΘΟΥΣ ΟΓΚΟΥ ,Surgical,150,1380
X633359,ΑΦΑΙΡΕΣΗ Ή ΑΠΟΞΕΣΗ ΚΥΣΤΗΣ ΟΣΤΟΥ Ή ΚΑΛΟΗΘΟΥΣ ΟΓΚΟΥ ,Surgical,240,1620
X633369,ΑΦΑΙΡΕΣΗ Ή ΑΠΟΞΕΣΗ ΚΥΣΤΗΣ ΟΣΤΟΥ Ή ΚΑΛΟΗΘΟΥΣ ΟΓΚΟΥ ,Surgical,240,2420
X633371,ΑΦΑΙΡΕΣΗ ΟΓΚΟΥ ΝΕΥΡΙΚΉΣ ΑΡΧΗΣ ΣΤΟ ΒΡΑΧΙΟΝΙΟ Ή ΑΓΚΩ,Surgical,150,2580
X633389,"ΑΝΟΙΚΤΗ ΘΕΡΑΠΕΙΑ ΜΕΤΑΚΑΡΠΙΟΦΑΛΑΓΓΙΚΗΣ ΕΞΑΡΘΡΩΣΗΣ, ",Surgical,240,1570
X633399,ΟΞΕΙΑ ΟΣΤΕΟΜΥΕΛΙΤΙΔΑ ΟΣΤΩΝ ΑΝΤΙΒΡΑΧΙΟΥ - ΔΙΑΝΟΙΞΗ ,Surgical,120,2370
X633409,ΧΡΟΝΙΑ ΟΣΤΕΟΜΥΕΛΙΤΙΔΑ ΟΣΤΩΝ ΑΝΤΙΒΡΑΧΙΟΥ - ΔΙΑΝΟΙΞΗ,Surgical,240,1620
X633413,ΧΡΟΝΙΑ ΟΣΤΕΟΜΥΕΛΙΤΙΔΑ ΟΣΤΩΝ ΑΝΤΙΒΡΑΧΙΟΥ - ΔΙΑΝΟΙΞΗ,Surgical,210,1940
X633429,ΧΡΟΝΙΑ ΟΣΤΕΟΜΥΕΛΙΤΙΔΑ ΟΣΤΩΝ ΑΝΤΙΒΡΑΧΙΟΥ - ΔΕΥΤΕΡΟΓ,Surgical,120,770
X633439,"ΤΡΑΥΜΑ, ΠΥΩΔΗΣ ΣΥΛΛΟΓΗ ΜΑΛΑΚΩΝ ΜΟΡΙΩΝ - ΔΙΑΝΟΙΞΗ Π",Surgical,80,1570
X633443,ΜΕΤΕΓΧΕΙΡΗΤΙΚΗ ΠΥΩΔΗΣ ΣΥΛΛΟΓΗ ΜΑΛΑΚΩΝ ΜΟΡΙΩΝ - ΔΙΑ,Surgical,160,1890
X633451,"ΔΗΓΜΑ, ΠΥΩΔΗΣ ΣΥΛΛΟΓΗ ΜΑΛΑΚΩΝ ΜΟΡΙΩΝ - ΔΙΑΝΟΙΞΗ ΠΑ",Surgical,80,530
X633459,"ΕΙΔΙΚΕΣ ΦΛΕΓΜΟΝΕΣ ΤΟΥ ΑΝΤΙΒΡΑΧΙΟΥ (TBC, ΜΥΚΗΤΕΣ ΚΛ",Surgical,240,1620
X633469,ΟΞΕΙΑ ΟΣΤΕΟΜΥΕΛΙΤΙΔΑ ΟΣΤΩΝ ΤΟΥ ΚΑΡΠΟΥ - ΔΙΑΝΟΙΞΗ Π,Surgical,80,1970
X633471,"ΤΡΑΥΜΑ, ΟΞΕΙΑ ΟΣΤΕΟΜΥΕΛΙΤΙΔΑ ΟΣΤΩΝ ΤΟΥ ΚΑΡΠΟΥ - ΔΙ",Surgical,120,2130
X633489,"ΕΙΔΙΚΕΣ ΦΛΕΓΜΟΝΕΣ ΤΟΥ ΚΑΡΠΟΥ (TBC, ΜΥΚΗΤΕΣ ΚΛΠ) - ",Surgical,240,2020
X633499,"ΔΗΓΜΑ, ΠΥΩΔΗΣ ΣΥΛΛΟΓΗ ΜΑΛΑΚΩΝ ΜΟΡΙΩΝ - ΔΙΑΝΟΙΞΗ ΠΑ",Surgical,80,2370
X633509,ΚΑΤΑΓΜΑ ΔΙΑΦΥΣΗΣ ΚΕΡΚΙΔΟΣ: ΚΛΕΙΣΤΗ ΑΝΑΤΑΞΗ,Surgical,160,1170
X633511,ΚΑΤΑΓΜΑ ΔΙΑΦΥΣΗΣ ΚΕΡΚΙΔΟΣ: ΚΛΕΙΣΤΗ ΑΝΑΤΑΞΗ ΚΑΙ ΕΞΩ,Surgical,80,1330
X633529,ΚΑΤΑΓΜΑ ΔΙΑΦΥΣΗΣ ΚΕΡΚΙΔΟΣ: ΚΛΕΙΣΤΗ ΑΝΑΤΑΞΗ ΚΑΙ ΕΝΔ,Surgical,80,770
X633599,ΚΑΤΑΓΜΑ ΔΙΑΦΥΣΗΣ ΚΕΡΚΙΔΟΣ: ΑΝΟΙΚΤΗ ΑΝΑΤΑΞΗ ΚΑΙ ΟΣΤ,Surgical,240,2370
X633641,ΚΑΤΑΓΜΑ ΔΙΑΦΥΣΗΣ ΚΕΡΚΙΔΟΣ ΜΕ ΕΞΑΡΘΡΗΜΑ ΑΠΩ ΚΕΡΚΙΔΟ,Surgical,160,1730
X633643,ΚΑΤΑΓΜΑ ΔΙΑΦΥΣΗΣ ΚΕΡΚΙΔΟΣ ΜΕ ΕΞΑΡΘΡΗΜΑ ΑΠΩ ΚΕΡΚΙΔΟ,Surgical,210,1890
X633645,ΚΑΤΑΓΜΑ ΔΙΑΦΥΣΗΣ ΚΕΡΚΙΔΟΣ ΜΕ ΕΞΑΡΘΡΗΜΑ ΑΠΩ ΚΕΡΚΙΔΟ,Surgical,120,2050
X633647,ΚΑΤΑΓΜΑ ΔΙΑΦΥΣΗΣ ΩΛΕΝΗΣ: ΚΛΕΙΣΤΗ ΑΝΑΤΑΞΗ,Surgical,160,2210
X633659,ΚΑΤΑΓΜΑ ΔΙΑΦΥΣΗΣ ΩΛΕΝΗΣ: ΚΛΕΙΣΤΗ ΑΝΑΤΑΞΗ ΚΑΙ ΕΞΩΤΕ,Surgical,160,1170
X633663,ΚΑΤΑΓΜΑ ΔΙΑΦΥΣΗΣ ΩΛΕΝΗΣ: ΚΛΕΙΣΤΗ ΑΝΑΤΑΞΗ ΚΑΙ ΕΝΔΟΜ,Surgical,120,1490
X633679,ΚΑΤΑΓΜΑ ΔΙΑΦΥΣΗΣ ΩΛΕΝΗΣ: ΑΝΟΙΚΤΗ ΑΝΑΤΑΞΗ ΚΑΙ ΟΣΤΕΟ,Surgical,240,770
X633681,ΚΑΤΑΓΜΑΤΑ ΔΙΑΦΥΣΗΣ ΚΕΡΚΙΔΑΣ ΚΑΙ ΩΛΕΝΗΣ: ΚΛΕΙΣΤΗ ΑΝ,Surgical,120,930
X633683,ΚΑΤΑΓΜΑΤΑ ΔΙΑΦΥΣΗΣ ΚΕΡΚΙΔΑΣ ΚΑΙ ΩΛΕΝΗΣ: ΚΛΕΙΣΤΗ ΑΝ,Surgical,160,1090
X633685,ΚΑΤΑΓΜΑΤΑ ΔΙΑΦΥΣΗΣ ΚΕΡΚΙΔΑΣ ΚΑΙ ΩΛΕΝΗΣ: ΑΝΟΙΚΤΗ ΑΝ,Surgical,120,1250
X633779,ΚΑΤΑΓΜΑΤΑ ΔΙΑΦΥΣΗΣ ΚΕΡΚΙΔΑΣ ΚΑΙ ΩΛΕΝΗΣ: ΑΝΟΙΚΤΗ ΑΝ,Surgical,240,770
X633861,ΚΑΤΑΓΜΑ ΠΕΡΙΦΕΡΙΚΟΥ ΤΜΗΜΑΤΟΣ ΚΕΡΚΙΔΟΣ ΜΕ Ή ΧΩΡΙΣ Κ,Surgical,120,1330
X633863,ΚΑΤΑΓΜΑ ΠΕΡΙΦΕΡΙΚΟΥ ΤΜΗΜΑΤΟΣ ΚΕΡΚΙΔΟΣ ΜΕ Ή ΧΩΡΙΣ Κ,Surgical,160,1490
X633937,"ΜΗ ΚΑΤΑΓΕΓΡΑΜΜΕΝΗ ΔΙΑΔΙΚΑΣΙΑ, ΧΕΡΙΑ Ή ΔΑΚΤΥΛΑ",Surgical,80,1410
X633939,XEI/KOΣ ΚΑΘΑΡΙΣΜΟΣ ΑΙΜΑΤΩΜΑΤΟΣ Ή ΑΠΟΣΤΗΜΑΤΟΣ ΠΥΕΛΟ,Surgical,120,1570
X633941,XEI/KOΣ ΚΑΘΑΡΙΣΜΟΣ ΣΗΠΤΙΚΗΣ ΑΡΘΡΙΤΙΔΑΣ ΚΑΤ ΙΣΧΙΟΝ ,Surgical,160,1730
X633943,XEI/KOΣ ΚΑΘΑΡΙΣΜΟΣ ΣΗΠΤΙΚΗΣ ΑΡΘΡΙΤΙΔΑΣ-ΟΣΤΕΟΜΥΕΛΙΤ,Surgical,80,1890
X633959,"ΤΕΝΟΝΤΟΤΟΜΗ, ΠΡΟΣΑΓΩΓΟΣ ΙΣΧΙΟΥ, ΔΙΑΔΕΡΜΙΚΗ (ΞΕΧΩΡΙ",Surgical,160,1170
X633961,"ΤΕΝΟΝΤΟΤΟΜΗ, ΠΡΟΣΑΓΩΓΟΣ ΙΣΧΙΟΥ, ΑΝΟΙΚΤΗ",Surgical,150,1330
X633965,ΑΝΕΝΕΡΓΟΣ,Surgical,160,1650
X633969,ΑΝΕΝΕΡΓΟΣ,Surgical,120,1970
X633971,"ΤΕΝΟΝΤΟΤΟΜΗ, ΚΑΜΠΤΗΡΕΣ ΚΑΙ/Ή ΕΚΤΕΙΝΩΝ(ΤΕΣ) ΙΣΧΙΟΥ,",Surgical,150,2130
X634009,"ΠΕΡΙΤΟΝΙΟΤΟΜΗ, ΙΣΧΙΟ Ή ΜΗΡΟΣ, ΟΠΟΙΟΥΔΗΠΟΤΕ ΤΥΠΟΥ",Surgical,120,1170
X634013,"ΠΕΡΙΤΟΝΙΟΤΟΜΗ(ΕΣ) ΑΠΟΣΥΜΠΙΕΣΗΣ, ΠΥΕΛΙΚΑ (ΓΛΟΥΤΙΑΙΑ",Surgical,80,1490
X634019,XEI/KOΣ ΚΑΘΑΡΙΣΜΟΣ ΣΗΠΤΙΚΗΣ ΑΡΘΡΙΤΙΔΑΣ ΚΑΤ ΙΣΧΙΟΝ ,Surgical,80,1970
X634025,XEI/KOΣ ΚΑΘΑΡΙΣΜΟΣ ΣΗΠΤΙΚΗΣ ΑΡΘΡΙΤΙΔΑΣ ΚΑΤ ΙΣΧΙΟΝ ,Surgical,80,450
X634029,ΑΝΕΝΕΡΓΟΣ,Surgical,160,770
X634031,ΑΝΕΝΕΡΓΟΣ,Surgical,80,930
X634039,"ΒΙΟΨΙΑ, ΜΑΛΑΚΟΣ ΙΣΤΟΣ ΠΕΡΙΟΧΗΣ ΠΥΕΛΟΥ Ή ΙΣΧΙΟΥ, ΕΠ",Surgical,120,1570
X634041,"ΒΙΟΨΙΑ, ΜΑΛΑΚΟΣ ΙΣΤΟΣ ΠΕΡΙΟΧΗΣ ΠΥΕΛΟΥ ΚΑΙ ΙΣΧΙΟΥ, ",Surgical,160,1730
X634053,"ΕΚΤΟΜΗ, ΟΓΚΟΣ, ΠΕΡΙΟΧΗ ΠΥΕΛΟΥ Ή ΙΣΧΙΟΥ, ΥΠΟΔΟΡΙΟΣ ",Surgical,210,1140
X634055,"ΕΚΤΟΜΗ, ΟΓΚΟΣ, ΠΕΡΙΟΧΗ ΠΥΕΛΟΥ ΚΑΙ ΙΣΧΙΟΥ. ΕΝ ΤΩ ΒΑ",Surgical,120,1300
X634057,"ΡΙΖΙΚΗ ΕΚΤΟΜΗ ΟΓΚΟΥ, ΜΑΛΑΚΟΥ ΙΣΤΟΥ ΠΕΡΙΟΧΗΣ ΠΥΕΛΟΥ",Surgical,180,1460
X634059,"ΑΡΘΡΟΤΟΜΗ, ΜΕ ΒΙΟΨΙΑ. ΙΕΡΟΛΑΓΟΝΙΑ ΑΡΘΡΩΣΗ",Surgical,160,1170
X634063,"ΑΡΘΡΟΤΟΜΗ, ΜΕ ΒΙΟΨΙΑ. ΚΑΤ´ΙΣΧΙΟΝ ΑΡΘΡΩΣΗ",Surgical,120,1490
X634067,"ΑΡΘΡΟΤΟΜΗ ΜΕ ΥΜΕΝΕΚΤΟΜΗ, ΚΑΤ' ΙΣΧΙΟΝ ΑΡΘΡΩΣΗ",Surgical,180,2260
X634073,"ΠΕΡΙΤΟΝΙΟΤΟΜΗ(ΕΣ) ΑΠΟΣΥΜΠΙΕΣΗΣ, ΠΥΕΛΙΚΑ (ΓΛΟΥΤΙΑΙΑ",Surgical,80,2290
X634079,ΑΝΕΝΕΡΓΟΣ,Surgical,80,770
X634083,ΕΚΤΟΜΗ. ΘΥΛΑΚΟΥ ΤΡΟΧΑΝΤΗΡΑ Ή ΑΣΒΕΣΤΟΠΟΙΗΣΗΣ,Surgical,210,1540
X634089,ΕΚΤΟΜΗ ΚΥΣΤΗΣ ΟΣΤΟΥ Ή ΚΑΛΟΗΘΟΥΣ ΟΓΚΟΥ. ΕΠΙΦΑΝΕΙΑΚΗ,Surgical,240,2020
X634091,ΕΚΤΟΜΗ ΚΥΣΤΗΣ ΟΣΤΟΥ Ή ΚΑΛΟΗΘΟΥΣ ΟΓΚΟΥ. ΕΝ ΤΩ ΒΑΘΕΙ,Surgical,150,2180
X634093,ΕΚΤΟΜΗ ΚΥΣΤΗΣ ΟΣΤΟΥ Ή ΚΑΛΟΗΘΟΥΣ ΟΓΚΟΥ. ΜΕ ΑΥΤΟΜΟΣΧ,Surgical,210,2340
X634099,ΧΕΙ.ΚΟΣ ΚΑΘΑΡΙΣΜΟΣ ΜΕ Η ΧΩΡΙΣ ΕΚΤΟΜΗ ΟΣΤΟΥ ΣΕ ΠΕΡΙ,Surgical,240,2820
X634101,ΧΕΙ.ΚΟΣ ΚΑΘΑΡΙΣΜΟΣ ΜΕ Η ΧΩΡΙΣ ΕΚΤΟΜΗ ΟΣΤΟΥ ΣΕ ΠΕΡΙ,Surgical,150,980
X634109,"ΡΙΖΙΚΗ ΕΚΤΟΜΗ ΟΓΚΟΥ Ή ΛΟΙΜΩΞΗΣ, ΠΤΕΡΥΓΑ ΛΑΓΟΝΙΟΥ, ",Surgical,240,1620
X634111,"ΡΙΖΙΚΗ ΕΚΤΟΜΗ ΟΓΚΟΥ Ή ΛΟΙΜΩΞΗΣ, ΛΑΓΟΝΙΟ ΟΣΤΟΥΝ, ΠΕ",Surgical,150,1780
X634113,"ΡΙΖΙΚΗ ΕΚΤΟΜΗ ΟΓΚΟΥ Ή ΛΟΙΜΩΞΗΣ, ΑΝΩΝΥΜΟ ΟΣΤΟΥΝ, ΟΛ",Surgical,210,1940
X634115,"ΡΙΖΙΚΗ ΕΚΤΟΜΗ ΟΓΚΟΥ Ή ΛΟΙΜΩΞΗΣ, ΙΣΧΙΑΚΟ ΚΥΡΤΩΜΑ ΚΑ",Surgical,120,2100
X634117,"ΡΙΖΙΚΗ ΕΚΤΟΜΗ ΟΓΚΟΥ Ή ΛΟΙΜΩΞΗΣ, ΙΣΧΙΑΚΟ ΚΥΡΤΩΜΑ ΚΑ",Surgical,180,2260
X634119,"ΚΟΚΚΥΓΕΚΤΟΜΗ, ΠΡΩΤΟΠΑΘΗΣ",Surgical,240,2420
X634131,"ΑΦΑΙΡΕΣΗ ΞΕΝΟΥ ΣΩΜΑΤΟΣ, ΛΕΚΑΝΗ Ή ΙΣΧΙΟ, ΥΠΟΔΟΡΙΟΣ ",Surgical,150,1380
X634133,"ΑΦΑΙΡΕΣΗ ΞΕΝΟΥ ΣΩΜΑΤΟΣ, ΛΕΚΑΝΗ Ή ΙΣΧΙΟ, ΕΝ ΤΩ ΒΑΘΕ",Surgical,210,1540
X634139,ΑΦΑΙΡΕΣΗ ΟΛΙΚΗΣ ΑΡΘΡΟΠΛΑΣΤΙΚΗΣ ΙΣΧΙΟΥ,Surgical,240,2020
X634141,ΑΦΑΙΡΕΣΗ ΟΛΙΚΗΣ ΑΡΘΡΟΠΛΑΣΤΙΚΗΣ ΙΣΧΙΟΥ ΜΕ ΤΟΠΟΘΕΤΗΣ,Surgical,150,2180
X634145,ΔΙΑΔΙΚΑΣΙΑ ΕΓΧΥΣΗΣ ΓΙΑ ΑΡΘΡΟΓΡΑΦΙΑ ΤΗΣ ΚΑΤ' ΙΣΧΙΟΝ,Surgical,80,2050
X634149,ΔΙΑΔΙΚΑΣΙΑ ΕΓΧΥΣΗΣ ΓΙΑ ΑΡΘΡΟΓΡΑΦΙΑ ΤΗΣ ΚΑΤ' ΙΣΧΙΟΝ,Surgical,160,2370
X634151,"ΔΙΑΔΙΚΑΣΙΑ ΕΓΧΥΣΗΣ ΓΙΑ ΤΗΝ ΙΕΡΟΛΑΓΟΝΙΑ ΑΡΘΡΩΣΗ, ΑΡ",Surgical,80,530
X634153,ΑΝΕΝΕΡΓΟΣ,Surgical,120,690
X634155,ΑΝΕΝΕΡΓΟΣ,Surgical,160,850
X634159,ΑΝΕΝΕΡΓΟΣ,Surgical,120,1170
X634169,ΑΝΕΝΕΡΓΟΣ,Surgical,80,1970
X634179,ΑΝΕΝΕΡΓΟΣ,Surgical,160,770
X634181,ΑΝΕΝΕΡΓΟΣ,Surgical,80,930
X634199,ΟΣΤΕΟΤΟΜΙΕΣ ΤΥΠΟΥ PEMBERTON BERNESE,Surgical,80,2370
X634203,"ΠΛΑΣΤΙΚΗ ΚΟΤΥΛΗΣ, ΕΚΤΟΜΗ ΚΕΦΑΛΗΣ ΤΟΥ ΜΗΡΙΑΙΟΥ (Π.Χ",Surgical,210,1140
X634209,"ΗΜΙΑΡΘΡΟΠΛΑΣΤΙΚΗ, ΙΣΧΙΟ, ΜΕΡΙΚΗ (Π.Χ. ΠΡΟΘΕΣΗ ΜΗΡΙ",Surgical,160,1620
X634219,"ΑΡΘΡΟΠΛΑΣΤΙΚΗ, ΠΡΟΣΘΕΤΙΚΗ ΑΝΤΙΚΑΤΑΣΤΑΣΗ ΚΟΤΥΛΗΣ ΚΑ",Surgical,120,2420
X634223,ΜΕΤΑΤΡΟΠΗ ΠΡΟΗΓΟΥΜΕΝΗΣ ΧΕΙΡΟΥΡΓΙΚΗΣ ΕΠΕΜΒΑΣΗΣ ΙΣΧΙ,Surgical,80,2740
X634227,"ΑΝΑΘΕΩΡΗΣΗ ΟΛΙΚΗΣ ΑΡΘΡΟΠΛΑΣΤΙΚΗΣ ΙΣΧΙΟΥ, ΑΜΦΟΤΕΡΑ ",Surgical,160,1060
X634233,"ΑΝΑΘΕΩΡΗΣΗ ΟΛΙΚΗΣ ΑΡΘΡΟΠΛΑΣΤΙΚΗΣ ΙΣΧΙΟΥ, ΜΟΝΟ ΤΗΣ ",Surgical,160,1540
X634235,"ΑΝΑΘΕΩΡΗΣΗ ΟΛΙΚΗΣ ΑΡΘΡΟΠΛΑΣΤΙΚΗΣ ΙΣΧΙΟΥ, ΜΟΝΟ ΤΟ Μ",Surgical,80,1700
X634239,ΟΣΤΕΟΤΟΜΙΑ ΚΑΙ ΜΕΤΑΦΟΡΑ ΤΟΥ ΜΕΙΖΟΝΑ ΤΡΟΧΑΝΤΗΡΑ ΤΟΥ,Surgical,160,1570
X634251,"ΟΣΤΕΟΤΟΜΙΑ, ΛΑΓΟΝΙΟ, ΚΟΤΥΛΗ Ή ΑΝΩΝΥΜΟ ΟΣΤΟΥΝ,",Surgical,160,530
X634253,ΟΣΤΕΟΤΟΜΙΕΣ ΤΥΠΟΥ PEMBERTON BERNESE,Surgical,80,690
X634261,"ΟΣΤΕΟΤΟΜΙΑ, ΛΑΓΟΝΙΟ, ΚΟΤΥΛΗ Ή ΑΝΩΝΥΜΟ ΟΣΤΟΥΝ, ΜΕ Ο",Surgical,120,1330
X634271,"ΟΣΤΕΟΤΟΜΙΑ, ΛΑΓΟΝΙΟ, ΚΟΤΥΛΗ Ή ΑΝΩΝΥΜΟ ΟΣΤΟΥΝ, ΜΕ Ο",Surgical,150,2130
X634275,"ΟΣΤΕΟΤΟΜΙΑ, ΛΕΚΑΝΗ, ΑΜΦΟΤΕΡΟΠΛΕΥΡΟΣ (Π.Χ. ΣΥΓΓΕΝΗΣ",Surgical,160,450
X634281,ΑΝΕΝΕΡΓΟΣ,Surgical,160,930
X634289,"ΟΣΤΕΟΤΟΜΙΑ, ΔΙΑΤΡΟΧΑΝΤΗΡΙΟΣ Ή ΥΠΟΤΡΟΧΑΝΤΗΡΙΟΣ ΠΕΡΙ",Surgical,80,1570
X634299,"ΟΣΤΙΚΟ ΜΟΣΧΕΥΜΑ, ΚΕΦΑΛΗ ΜΗΡΙΑΙΟΥ, ΑΥΧΕΝΑΣ, ΔΙΑΤΡΟΧ",Surgical,160,2370
X634309,ΑΝΕΝΕΡΓΟΣ,Surgical,120,1170
X634311,"ΘΕΡΑΠΕΙΑ ΜΕΤΑΤΟΠΙΣΜΕΝΗΣ ΕΠΙΦΥΣΗΣ ΜΗΡΙΑΙΟΥ, ΜΕ ΜΙΑ ",Surgical,160,1330
X634313,ΑΝΕΝΕΡΓΟΣ,Surgical,80,1490
X634315,"ΑΝΟΙΚΤΗ ΘΕΡΑΠΕΙΑ ΜΕΤΑΤΟΠΙΣΜΕΝΗΣ ΕΠΙΦΥΣΗΣ ΜΗΡΙΑΙΟΥ,",Surgical,120,1650
X634317,"ΑΝΟΙΚΤΗ ΘΕΡΑΠΕΙΑ ΜΕΤΑΤΟΠΙΣΜΕΝΗΣ ΕΠΙΦΥΣΗΣ ΜΗΡΙΑΟΥ, ",Surgical,180,1810
X634321,"ΑΝΟΙΚΤΗ ΘΕΡΑΠΕΙΑ ΜΕΤΑΤΟΠΙΣΜΕΝΗΣ ΕΠΙΦΥΣΗΣ ΜΗΡΙΑΟΥ, ",Surgical,150,2130
X634329,ΑΝΕΝΕΡΓΟΣ,Surgical,160,770
X634333,"ΠΡΟΦΥΛΑΚΤΙΚΗ ΘΕΡΑΠΕΙΑ (ΗΛΩΣΗ, ΤΟΠΟΘΕΤΗΣΗ ΚΑΡΦΙΔΩΝ,",Surgical,120,1090
X634345,ΚΛΕΙΣΤΗ ΘΕΡΑΠΕΙΑ ΚΑΤΑΓΜΑΤΩΝ ΤΟΥ ΠΥΕΛΙΚΟΥ ΔΑΚΤΥΛΙΟΥ,Surgical,120,2050
X634347,ΚΛΕΙΣΤΗ ΘΕΡΑΠΕΙΑ ΚΑΤΑΓΜΑΤΩΝ ΤΟΥ ΠΥΕΛΙΚΟΥ ΔΑΚΤΥΛΙΟΥ,Surgical,160,2210
X634359,ΚΛΕΙΣΤΗ ΘΕΡΑΠΕΙΑ ΚΟΚΚΥΓΙΚΟΥ ΚΑΤΑΓΜΑΤΟΣ,Surgical,160,1170
X634363,ΑΝΟΙΚΤΗ ΘΕΡΑΠΕΙΑ ΚΟΚΚΥΓΙΚΟΥ ΚΑΤΑΓΜΑΤΟΣ,Surgical,210,1490
X634389,"ΑΝΟΙΚΤΗ ΘΕΡΑΠΕΙΑ ΚΑΤΑΓΜΑΤΩΝ ΛΑΓΟΝΙΟΥ ΑΚΑΝΘΑΣ(ΩΝ), ",Surgical,240,1570
X634391,ΔΙΑΔΕΡΜΙΚΗ ΟΣΤΕΟΣΥΝΘΕΣΗ,Surgical,80,1730
X634393,ΑΝΟΙΚΤΗ ΘΕΡΑΠΕΙΑ ΚΑΤΑΓΜΑΤΟΣ ΟΣΤΩΝ ΠΡΟΣΘΙΑΣ ΠΥΕΛΟΥ ,Surgical,210,1890
X634395,ΑΝΟΙΚΤΗ ΘΕΡΑΠΕΙΑ ΚΑΤΑΓΜΑΤΟΣ ΟΣΤΩΝ ΟΠΙΣΘΙΑΣ ΠΥΕΛΟΥ ,Surgical,120,2050
X634399,"ΚΛΕΙΣΤΗ ΘΕΡΑΠΕΙΑ ΚΑΤΑΓΜΑΤΟΣ(ΩΝ) ΚΟΤΥΛΗΣ, ΧΩΡΙΣ ΧΕΙ",Surgical,120,2370
X634403,"ΚΛΕΙΣΤΗ ΘΕΡΑΠΕΙΑ ΚΑΤΑΓΜΑΤΟΣ(ΩΝ) ΚΟΤΥΛΗΣ, ΜΕ ΧΕΙΡΙΣ",Surgical,80,690
X634411,ΑΝΟΙΚΤΗ ΘΕΡΑΠΕΙΑ ΚΑΤΑΓΜΑΤΟΣ ΤΟΥ ΟΠΙΣΘΙΟΥ Ή ΠΡΟΣΘΙΟ,Surgical,150,1330
X634413,ΑΝΟΙΚΤΗ ΑΝΑΤΑΞΗ ΚΑΤΑΓΜΑΤΟΣ(ΩΝ) ΤΗΣ ΚΟΤΥΛΗΣ ΠΟΥ ΠΕΡ,Surgical,210,1490
X634415,ΑΝΟΙΚΤΗ ΑΝΑΤΑΞΗ ΚΑΤΑΓΜΑΤΟΣ(ΩΝ) ΤΗΣ ΚΟΤΥΛΗΣ ΠΟΥ ΕΜΠ,Surgical,120,1650
X634419,ΑΝΕΝΕΡΓΟΣ,Surgical,160,1970
X634423,ΑΝΕΝΕΡΓΟΣ,Surgical,120,2290
X634429,ΔΙΑΔΕΡΜΙΚΗ ΟΣΤΕΟΣΥΝΘΕΣΗ ΚΑΤΑΓΜΑΤΟΣ ΑΥΧΕΝΑ ΜΗΡΙΑΙΟΥ,Surgical,120,770
X634431,ΑΝΟΙΧΤΗ ΑΝΑΤΑΞΗ ΚΑΙ ΕΣΩΤΕΡΙΚΗ ΟΣΤΕΟΣΥΝΘΕΣΗ ΚΑΤΑΓΜΑ,Surgical,160,1380
X634435,ΑΝΕΝΕΡΓΟΣ,Surgical,120,1250
X634439,ΑΝΕΝΕΡΓΟΣ,Surgical,80,1570
X634447,ΟΣΤΕΟΣΥΝΘΕΣΗ ΔΙΑΤΡΟΧΑΝΤΗΡΙΟΥ Η ΠΕΡΙΤΡΟΧΑΝΤΗΡΙΟΥ Η ,Surgical,120,2210
X634449,"ΘΕΡΑΠΕΙΑ ΔΙΑΤΡΟΧΑΝΤΗΡΙΟΥ, ΠΕΡΙΤΡΟΧΑΝΤΗΡΙΟΥ, Ή ΥΠΟΤ",Surgical,160,2370
X634451,ΑΝΕΝΕΡΓΟΣ,Surgical,80,530
X634455,ΑΝΟΙΚΤΗ ΘΕΡΑΠΕΙΑ ΚΑΤΑΓΜΑΤΟΣ ΤΟΥ ΜΕΙΖΟΝΑ ΤΡΟΧΑΝΤΗΡΑ,Surgical,120,850
X634459,"ΚΛΕΙΣΤΗ ΘΕΡΑΠΕΙΑ ΕΞΑΡΘΡΩΣΗΣ ΤΟΥ ΙΣΧΙΟΥ, ΤΡΑΥΜΑΤΙΚΗ",Surgical,120,1170
X634463,"ΚΛΕΙΣΤΗ ΘΕΡΑΠΕΙΑ ΕΞΑΡΘΡΩΣΗΣ ΤΟΥ ΙΣΧΙΟΥ, ΤΡΑΥΜΑΤΙΚΗ",Surgical,80,1490
X634465,"ΑΝΟΙΚΤΗ ΘΕΡΑΠΕΙΑ ΕΞΑΡΘΡΩΣΗΣ ΤΟΥ ΙΣΧΙΟΥ, ΤΡΑΥΜΑΤΙΚΗ",Surgical,120,1650
X634467,"ΑΝΟΙΚΤΗ ΘΕΡΑΠΕΙΑ ΕΞΑΡΘΡΩΣΗΣ ΤΟΥ ΙΣΧΙΟΥ, ΤΡΑΥΜΑΤΙΚΗ",Surgical,180,1810
X634471,ΘΕΡΑΠΕΙΑ ΑΥΤΟΜΑΤΗΣ ΕΞΑΡΘΡΩΣΗΣ ΤΟΥ ΙΣΧΙΟΥ (ΑΝΑΠΤΥΞΙ,Surgical,120,2130
X634473,ΘΕΡΑΠΕΙΑ ΤΗΣ ΑΥΤΟΜΑΤΗΣ ΕΞΑΡΘΡΩΣΗΣ ΤΟΥ ΙΣΧΙΟΥ (ΑΝΑΠ,Surgical,160,2290
X634475,ΑΝΟΙΚΤΗ ΘΕΡΑΠΕΙΑ ΤΗΣ ΑΥΤΟΜΑΤΗΣ ΕΞΑΡΘΡΩΣΗΣ ΤΟΥ ΙΣΧΙ,Surgical,120,450
X634477,ΑΝΟΙΚΤΗ ΘΕΡΑΠΕΙΑ ΤΗΣ ΑΥΤΟΜΑΤΗΣ ΕΞΑΡΘΡΩΣΗΣ ΤΟΥ ΙΣΧΙ,Surgical,180,610
X634489,ΚΛΕΙΣΤΗ ΘΕΡΑΠΕΙΑ ΕΞΑΡΘΡΩΣΗΣ ΤΟΥ ΙΣΧΙΟΥ ΜΕΤΑ ΑΠΟ ΑΡ,Surgical,120,2020
X634491,ΚΛΕΙΣΤΗ ΘΕΡΑΠΕΙΑ ΕΞΑΡΘΡΩΣΗΣ ΤΟΥ ΙΣΧΙΟΥ ΜΕΤΑ ΑΠΟ ΑΡ,Surgical,160,2180
X634493,"ΚΛΕΙΣΤΗ ΘΕΡΑΠΕΙΑ ΚΑΤΑΓΜΑΤΟΣ ΤΟΥ ΜΗΡΙΑΙΟΥ, ΕΓΓΥΣ ΑΚ",Surgical,80,1890
X634495,"ΚΛΕΙΣΤΗ ΘΕΡΑΠΕΙΑ ΚΑΤΑΓΜΑΤΟΣ ΤΟΥ ΜΗΡΙΑΙΟΥ, ΕΓΓΥΣ ΑΚ",Surgical,120,2050
X634497,"ΑΝΟΙΚΤΗ ΘΕΡΑΠΕΙΑ ΚΑΤΑΓΜΑΤΟΣ ΤΟΥ ΜΗΡΙΑΙΟΥ, ΕΓΓΥΣ ΑΚ",Surgical,180,2210
X634509,ΑΝΕΝΕΡΓΟΣ,Surgical,160,1170
X634519,"ΑΡΘΡΟΔΕΣΗ, ΙΕΡΟΛΑΓΟΝΙΟΣ ΑΡΘΡΩΣΗ (ΠΕΡΙΛΑΜΒΑΝΕΙ ΤΗ Λ",Surgical,120,1970
X634523,"ΑΡΘΡΟΔΕΣΗ, ΗΒΙΚΗ ΣΥΜΦΥΣΗ (ΠΕΡΙΛΑΜΒΑΝΕΙ ΤΗ ΛΗΨΗ ΜΟΣ",Surgical,80,2290
X634527,"ΑΡΘΡΟΔΕΣΗ, ΚΑΤ' ΙΣΧΙΟΝ ΑΡΘΡΩΣΗ (ΠΕΡΙΛΑΜΒΑΝΕΙ ΤΗ ΛΗ",Surgical,160,610
X634531,"ΑΡΘΡΟΔΕΣΗ, ΚΑΤ' ΙΣΧΙΟΝ ΑΡΘΡΩΣΗ (ΠΕΡΙΛΑΜΒΑΝΕΙ ΤΗ ΛΗ",Surgical,120,930
X634539,ΔΙΑΠΥΕΛΟΚΟΙΛΙΑΚΟΣ ΑΚΡΩΤΗΡΙΑΣΜΟΣ (ΑΚΡΩΤΗΡΙΑΣΜΟΣ ΟΠΙ,Surgical,160,1570
X634549,ΑΠΕΞΑΡΘΡΩΣΗ ΙΣΧΙΟΥ,Surgical,120,2370
X634557,"ΜΗ ΚΑΤΑΓΕΓΡΑΜΜΕΝΗ ΔΙΑΔΙΚΑΣΙΑ, ΛΕΚΑΝΗ Ή ΚΑΤ' ΙΣΧΙΟΝ",Surgical,160,1010
X634561,"ΕΚΤΟΜΗ ΚΑΙ ΠΑΡΟΧΕΤΕΥΣΗ, ΕΝ ΤΩ ΒΑΘΕΙ ΑΠΟΣΤΗΜΑ, ΘΥΛΑ",Surgical,150,1780
X634565,"ΕΚΤΟΜΗ, ΕΝ ΤΩ ΒΑΘΕΙ, ΜΕ ΔΙΑΝΟΙΞΗ ΤΟΥ ΟΣΤΙΚΟΥ ΦΛΟΙΟ",Surgical,120,2100
X634569,ΑΝΕΝΕΡΓΟΣ,Surgical,160,1970
X634571,"ΤΕΝΟΝΤΟΤΟΜΗ, ΔΙΑΔΕΡΜΙΚΗ, ΠΡΟΣΑΓΩΓΟΣ Ή ΟΠΙΣΘΙΟΣ ΜΗΡ",Surgical,80,2130
X634573,ΑΝΕΝΕΡΓΟΣ,Surgical,120,2290
X634579,"ΑΡΘΡΟΤΟΜΗ, ΓΟΝΑΤΟ, ΜΕ ΔΙΕΡΕΥΝΗΣΗ, ΠΑΡΟΧΕΤΕΥΣΗ, Ή Α",Surgical,240,1220
X634605,"ΒΙΟΨΙΑ, ΜΑΛΑΚΟΣ ΙΣΤΟΣ ΤΗΣ ΠΕΡΙΟΧΗΣ ΜΗΡΟΥ Ή ΓΟΝΑΤΟΣ",Surgical,160,850
X634607,"ΒΙΟΨΙΑ, ΜΑΛΑΚΟΣ ΙΣΤΟΣ ΤΗΣ ΠΕΡΙΟΧΗΣ ΜΗΡΟΥ Ή ΓΟΝΑΤΟΣ",Surgical,80,1010
X634609,ΑΝΕΝΕΡΓΟΣ,Surgical,120,1170
X634611,ΑΝΕΝΕΡΓΟΣ,Surgical,160,1330
X634613,"ΕΚΤΟΜΗ, ΟΓΚΟΣ, ΠΕΡΙΟΧΗ ΜΗΡΟΥ Ή ΓΟΝΑΤΟΣ, ΥΠΟΔΟΡΙΑ",Surgical,210,1940
X634615,"ΕΚΤΟΜΗ, ΟΓΚΟΣ, ΠΕΡΙΟΧΗ ΜΗΡΟΥ Ή ΓΟΝΑΤΟΣ, ΕΝ ΤΩ ΒΑΘΕ",Surgical,120,2100
X634617,"ΡΙΖΙΚΗ ΕΚΤΟΜΗ ΟΓΚΟΥ (Π.Χ. ΚΑΚΟΗΘΕΣ ΝΕΟΠΛΑΣΜΑ), ΜΑΛ",Surgical,180,2260
X634619,"ΑΡΘΡΟΤΟΜΗ, ΓΟΝΑΤΟ, ΜΕ ΒΙΟΨΙΑ ΤΟΥ ΑΡΘΡΙΚΟΥ ΥΜΕΝΑ ΜΟ",Surgical,80,1970
X634621,"ΑΡΘΡΟΤΟΜΗ, ΓΟΝΑΤΟ, ΠΕΡΙΛΑΜΒΑΝΟΜΕΝΗΣ ΔΙΕΡΕΥΝΗΣΗΣ ΤΗ",Surgical,150,2580
X634623,"ΑΡΘΡΟΤΟΜΗ, ΜΕ ΕΚΤΟΜΗ ΤΟΥ ΜΗΝΟΕΙΔΟΥΣ ΧΟΝΔΡΟΥ ΤΟΥ ΓΟ",Surgical,210,2740
X634625,"ΑΡΘΡΟΤΟΜΗ, ΜΕ ΕΚΤΟΜΗ ΤΟΥ ΜΗΝΟΕΙΔΟΥΣ ΧΟΝΔΡΟΥ ΤΟΥ ΓΟ",Surgical,120,900
X634627,"ΑΡΘΡΟΤΟΜΗ, ΜΕ ΕΚΤΟΜΗ ΤΟΥ ΑΡΘΡΙΚΟΥ ΥΜΕΝΑ, ΓΟΝΑΤΟ, Π",Surgical,180,1060
X634629,"ΑΡΘΡΟΤΟΜΗ, ΜΕ ΕΚΤΟΜΗ ΤΟΥ ΑΡΘΡΙΚΟΥ ΥΜΕΝΑ, ΓΟΝΑΤΟ, Π",Surgical,240,1220
X634639,"ΕΚΤΟΜΗ, ΠΡΟΣΘΙΟΣ ΕΠΙΓΟΝΑΤΙΔΙΚΟΣ ΘΥΛΑΚΑΣ",Surgical,240,2020
X634649,ΑΝΕΝΕΡΓΟΣ,Surgical,80,2370
X634653,ΑΝΕΝΕΡΓΟΣ,Surgical,160,690
X634659,ΑΝΕΝΕΡΓΟΣ,Surgical,160,1170
X634669,ΕΚΤΟΜΗ Ή ΑΠΟΞΕΣΗ ΟΣΤΙΚΗΣ ΚΥΣΤΗΣ Ή ΚΑΛΟΗΘΟΥΣ ΟΓΚΟΥ ,Surgical,240,2420
X634671,ΕΚΤΟΜΗ Ή ΑΠΟΞΕΣΗ ΟΣΤΙΚΗΣ ΚΥΣΤΗΣ Ή ΚΑΛΟΗΘΟΥΣ ΟΓΚΟΥ ,Surgical,150,2580
X634673,ΕΚΤΟΜΗ Ή ΑΠΟΞΕΣΗ ΟΣΤΙΚΗΣ ΚΥΣΤΗΣ Ή ΚΑΛΟΗΘΟΥΣ ΟΓΚΟΥ ,Surgical,210,2740
X634675,ΕΚΤΟΜΗ Ή ΑΠΟΞΕΣΗ ΟΣΤΙΚΗΣ ΚΥΣΤΗΣ Ή ΚΑΛΟΗΘΟΥΣ ΟΓΚΟΥ ,Surgical,120,900
X634679,"ΜΕΡΙΚΗ ΕΚΤΟΜΗ (ΚΡΑΤΗΡΕΚΤΟΜΗ, ΔΙΣΚΕΚΤΟΜΗ, Ή ΕΚΤΟΜΗ ",Surgical,240,1220
X634689,"ΡΙΖΙΚΗ ΕΚΤΟΜΗ ΟΓΚΟΥ, ΟΣΤΟΥΝ, ΜΗΡΙΑΙΟ Ή ΓΟΝΑΤΟ",Surgical,240,2020
X634699,ΑΝΕΝΕΡΓΟΣ,Surgical,120,2370
X634703,"ΑΦΑΙΡΕΣΗ ΞΕΝΟΥ ΣΩΜΑΤΟΣ, ΕΝ ΤΩ ΒΑΘΕΙ, ΠΕΡΙΟΧΗ ΜΗΡΟΥ",Surgical,210,1140
X634719,"ΣΥΡΡΑΦΗ ΤΟΥ ΕΠΙΓΟΝΑΤΙΔΙΚΟΥ ΤΕΝΟΝΤΑ, ΠΡΩΤΟΠΑΘΗΣ ΜΕ ",Surgical,160,1970
X634721,"ΣΥΡΡΑΦΗ ΤΟΥ ΕΠΙΓΟΝΑΤΙΔΙΚΟΥ ΤΕΝΟΝΤΑ, ΔΕΥΤΕΡΟΠΑΘΗΣ Α",Surgical,80,2130
X634729,ΣΥΡΡΑΦΗ ΤΗΣ ΡΗΞΗΣ ΤΟΥ ΤΕΤΡΑΚΕΦΑΛΟΥ Ή ΟΠΙΣΘΙΟΥ ΜΗΡΙ,Surgical,120,770
X634731,ΣΥΡΡΑΦΗ ΤΗΣ ΡΗΞΗΣ ΤΟΥ ΤΕΤΡΑΚΕΦΑΛΟΥ Ή ΟΠΙΣΘΙΟΥ ΜΗΡΙ,Surgical,160,930
X634739,"ΤΕΝΟΝΤΟΤΟΜΙΑ, ΑΝΟΙΚΤΗ, ΟΠΙΣΘΙΟΙ ΜΗΡΙΑΙΟΙ, ΓΟΝΑΤΟ Ε",Surgical,240,1570
X634741,"ΤΕΝΟΝΤΟΤΟΜΙΑ, ΑΝΟΙΚΤΗ, ΟΠΙΣΘΙΟΙ ΜΗΡΙΑΙΟΙ, ΓΟΝΑΤΟ Ε",Surgical,150,1730
X634743,"ΤΕΝΟΝΤΟΤΟΜΙΑ, ΑΝΟΙΚΤΗ, ΟΠΙΣΘΙΟΙ ΜΗΡΙΑΙΟΙ, ΓΟΝΑΤΟ Ε",Surgical,210,1890
X634745,ΑΝΕΝΕΡΓΟΣ,Surgical,80,2050
X634747,ΑΝΕΝΕΡΓΟΣ,Surgical,120,2210
X634749,ΑΝΕΝΕΡΓΟΣ,Surgical,160,2370
X634751,ΑΝΕΝΕΡΓΟΣ,Surgical,80,530
X634753,ΑΝΕΝΕΡΓΟΣ,Surgical,120,690
X634759,ΑΝΕΝΕΡΓΟΣ,Surgical,120,1170
X634765,ΑΡΘΡΟΣΚΟΠΙΚΗ ΣΥΡΡΑΦΗ ΜΗΝΙΣΚΟΥ΄ΗΑΝΟΙΧΤΗ ΜΕΤΑΜΟΣΧΕΥΣ,Surgical,120,2700
X634769,ΑΝΕΝΕΡΓΟΣ,Surgical,80,1970
X634773,ΑΡΘΡΟΣΚΟΠΙΚΗ ΣΥΝΔΕΣΜΟΠΛΑΣΤΙΚΗ ΠΡΟΣΘΙΟΥ Ή ΚΑΙ ΟΠΙΣΘ,Surgical,160,2290
X634777,ΑΡΘΡΟΣΚΟΠΙΚΗ ΣΥΝΔΕΣΜΟΠΛΑΣΤΙΚΗ ΠΡΟΣΘΙΟΥ Ή ΚΑΙ ΟΠΙΣΘ,Surgical,120,610
X634783,"ΑΥΤΟΛΟΓΗ ΜΕΤΑΜΟΣΧΕΥΣΗ ΧΟΝΔΡΟΚΥΤΤΑΡΩΝ, ΓΟΝΑΤΟ",Surgical,210,2140
X634789,"ΟΣΤΕΟΧΟΝΔΡΙΝΟ ΑΛΛΟΜΟΣΧΕΥΜΑ, ΓΟΝΑΤΟ, ΑΝΟΙΚΤΗ",Surgical,240,1570
X634791,"ΟΣΤΕΟΧΟΝΔΡΙΝΟ ΑΛΛΟΜΟΣΧΕΥΜΑ(ΤΑ), ΓΟΝΑΤΟ, ΑΝΟΙΚΤΗ (Π",Surgical,150,1730
X634795,ΟΣΤΕΟΤΟΜΙΑ ΚΝΗΜΙΑΙΟΥ ΚΥΡΤΩΜΑΤΟΣ,Surgical,120,2050
X634799,ΑΝΕΝΕΡΓΟΣ,Surgical,80,2370
X634803,ΑΠΟΚΑΤΑΣΤΑΣΗ ΚΑΘ ΕΞΑΡΘΡΗΜΑΤΟΣ ΕΠΙΓΟΝΑΤΙΔΟΣ ΜΕ ΑΠΟΚ,Surgical,160,690
X634807,ΑΝΕΝΕΡΓΟΣ,Surgical,120,1010
X634809,"ΑΠΕΛΕΥΘΕΡΩΣΗ ΠΛΑΓΙΟΥ ΚΑΘΕΚΤΙΚΟΥ ΣΥΝΔΕΣΜΟΥ, ΑΝΟΙΚΤΗ",Surgical,240,1170
X634813,ΑΠΟΚΑΤΑΣΤΑΣΗ ΠΛΑΓΙΩΝ ΣΥΝΔΕΣΜΩΝ ΚΑ ΟΠΙΣΘΙΟΕΞΩΤΕΡΙΚΗ,Surgical,120,1490
X634815,ΑΡΘΡΟΣΚΟΠΙΚΗ ΣΥΝΔΕΣΜΟΠΛΑΣΤΙΚΗ ΠΡΟΣΘΙΟΥ Ή ΚΑΙ ΟΠΙΣΘ,Surgical,160,1650
X634817,ΑΡΘΡΟΣΚΟΠΙΚΗ ΣΥΝΔΕΣΜΟΠΛΑΣΤΙΚΗ ΠΡΟΣΘΙΟΥ Ή ΚΑΙ ΟΠΙΣΘ,Surgical,80,1810
X634819,ΑΝΕΝΕΡΓΟΣ,Surgical,120,1970
X634829,ΑΝΕΝΕΡΓΟΣ,Surgical,80,770
X634833,ΑΝΕΝΕΡΓΟΣ,Surgical,160,1090
X634835,"ΑΡΘΡΟΠΛΑΣΤΙΚΗ, ΕΠΙΓΟΝΑΤΙΔΑ, ΜΕ ΠΡΟΘΕΣΗ",Surgical,80,1700
X634839,ΑΝΕΝΕΡΓΟΣ,Surgical,160,1570
X634841,ΑΝΕΝΕΡΓΟΣ,Surgical,80,1730
X634843,ΑΝΕΝΕΡΓΟΣ,Surgical,120,1890
X634845,ΟΛΙΚΗ ΑΡΘΡΟΠΛΑΣΤΙΚΗ ΓΟΝΑΤΟΣ ΕΠΙΦΑΝΕΙΑΣ,Surgical,160,2500
X634849,ΣΥΝΔΕΔΕΜΕΝΗ ΟΛΙΚΗ ΑΡΘΡΟΠΛΑΣΤΙΚΗ ΓΟΝΑΤΟΣ,Surgical,120,2820
X634851,ΜΟΝΟΔΙΑΜΕΡΙΣΜΑΤΙΚΗ ΑΡΘΡΟΠΛΑΣΤΙΚΗ ΓΟΝΑΤΟΣ,Surgical,160,980
X634853,"ΑΡΘΡΟΠΛΑΣΤΙΚΗ, ΓΟΝΑΤΟ, ΚΟΝΔΥΛΟΣ ΚΑΙ ΠΛΑΤΩ, ΜΕΣΟ ΚΑ",Surgical,80,1140
X634855,ΑΝΕΝΕΡΓΟΣ,Surgical,120,850
X634859,"ΟΣΤΕΟΤΟΜΙΑ, ΜΗΡΙΑΙΟ, ΔΙΑΦΥΣΗ Ή ΥΠΕΡΚΟΝΔΥΛΙΑ, ΜΕ ΚΑ",Surgical,80,1170
X634867,ΑΝΕΝΕΡΓΟΣ,Surgical,120,1810
X634869,ΑΝΕΝΕΡΓΟΣ,Surgical,160,1970
X634873,ΑΝΕΝΕΡΓΟΣ,Surgical,120,2290
X634889,ΑΝΕΝΕΡΓΟΣ,Surgical,80,1570
X634891,ΟΣΤΕΟΤΟΜΙΑ- ΕΠΙΜΗΚΥΝΣΗ ΜΗΡΙΑΙΟΥ Ή ΚΝΗΜΗΣ- ΟΣΤΕΟΜΕΤ,Surgical,120,1730
X634895,ΑΝΕΝΕΡΓΟΣ,Surgical,80,2050
X634899,ΑΝΕΝΕΡΓΟΣ,Surgical,160,2370
X634903,"ΑΠΟΚΑΤΑΣΤΑΣΗ, ΨΕΥΔΑΡΘΡΩΣΗΣ Ή ΑΝΩΜΑΛΗΣ ΠΩΡΩΣΗΣ, ΜΗΡ",Surgical,120,690
X634909,"ΔΙΑΚΟΠΗ ΤΗΣ ΕΠΙΦΥΣΙΑΚΗΣ ΑΝΑΠΤΥΞΗΣ ΤΟΥ ΟΣΤΟΥ, ΟΠΟΙΑ",Surgical,120,1170
X634913,"ΔΙΑΚΟΠΗ ΤΗΣ ΕΠΙΦΥΣΙΑΚΗΣ ΑΝΑΠΤΥΞΗΣ ΤΟΥ ΟΣΤΟΥ, ΟΠΟΙΑ",Surgical,80,1490
X634917,"ΔΙΑΚΟΠΗ ΤΗΣ ΕΠΙΦΥΣΙΑΚΗΣ ΑΝΑΠΤΥΞΗΣ ΤΟΥ ΟΣΤΟΥ, ΟΠΟΙΑ",Surgical,160,1810
X634929,"ΔΙΑΚΟΠΗ ΤΗΣ ΑΝΑΠΤΥΞΗΣ ΤΟΥ ΟΣΤΟΥ, ΗΜΙΕΠΙΦΥΣΙΑΚΗ, ΑΠ",Surgical,160,770
X634931,"ΑΝΑΘΕΩΡΗΣΗ ΟΛΙΚΗΣ ΑΡΘΡΟΠΛΑΣΤΙΚΗΣ ΓΟΝΑΤΟΣ, ΜΕ Ή ΧΩΡ",Surgical,80,1380
X634933,"ΑΝΑΘΕΩΡΗΣΗ ΟΛΙΚΗΣ ΑΡΘΡΟΠΛΑΣΤΙΚΗΣ ΓΟΝΑΤΟΣ, ΜΕ Ή ΧΩΡ",Surgical,120,1540
X634935,"ΑΦΑΙΡΕΣΗ ΤΗΣ ΠΡΟΘΕΣΗΣ, ΠΕΡΙΛΑΜΒΑΝΟΜΕΝΗΣ ΟΛΙΚΗΣ ΠΡΟ",Surgical,120,1700
X634949,ΑΝΕΝΕΡΓΟΣ,Surgical,80,2370
X634951,"ΠΕΡΙΤΟΝΙΟΤΟΜΗ ΑΠΟΣΥΜΠΙΕΣΗΣ, ΜΗΡΟΣ ΚΑΙ/Ή ΓΟΝΑΤΟ, ΕΝ",Surgical,120,530
X634953,ΑΝΕΝΕΡΓΟΣ,Surgical,160,690
X634955,"ΠΕΡΙΤΟΝΙΟΤΟΜΗ ΑΠΟΣΥΜΠΙΕΣΗΣ, ΜΗΡΟΣ ΚΑΙ/Ή ΓΟΝΑΤΟ, ΠΟ",Surgical,80,850
X634957,ΑΝΕΝΕΡΓΟΣ,Surgical,120,1010
X634959,ΑΝΕΝΕΡΓΟΣ,Surgical,160,1170
X634961,ΑΝΕΝΕΡΓΟΣ,Surgical,80,1330
X634963,ΑΝΕΝΕΡΓΟΣ,Surgical,120,1490
X634965,ΑΝΕΝΕΡΓΟΣ,Surgical,160,1650
X634971,ΑΝΟΙΚΤΗ ΑΝΑΤΑΞΗ ΚΑΤΑΓΜΑΤΟΣ ΤΗΣ ΔΙΑΦΥΣΗΣ ΤΟΥ ΜΗΡΙΑΟ,Surgical,150,2130
X634973,ΑΝΟΙΚΤΗ ΑΝΑΤΑΞΗ ΚΑΤΑΓΜΑΤΟΣ ΤΗΣ ΔΙΑΦΥΣΗΣ ΤΟΥ ΜΗΡΙΑΙ,Surgical,210,2290
X634975,ΑΝΕΝΕΡΓΟΣ,Surgical,120,450
X634977,ΑΝΕΝΕΡΓΟΣ,Surgical,160,610
X634979,ΑΝΕΝΕΡΓΟΣ,Surgical,80,770
X634981,ΕΣΩΤΕΡΙΚΗ ΟΣΤΕΟΣΥΝΘΕΣΗ,Surgical,120,930
X634985,ΑΝΟΙΚΤΗ ΑΝΑΤΑΞΗ ΤΟΥ ΥΠΕΡΚΟΝΔΥΛΙΟΥ Ή ΔΙΑΚΟΝΔΥΛΙΟΥ Κ,Surgical,120,1250
X634987,ΑΝΟΙΚΤΗ ΑΝΑΤΑΞΗ ΚΑΤΑΓΜΑΤΟΣ ΤΗΣ ΔΙΑΦΥΣΗΣ ΤΟΥ ΜΗΡΙΑΙ,Surgical,180,1410
X634991,ΑΝΕΝΕΡΓΟΣ,Surgical,80,1730
X634993,ΑΝΕΝΕΡΓΟΣ,Surgical,120,1890
X634997,"ΑΝΟΙΚΤΗ ΑΝΑΤΑΞΗ ΔΙΑΧΩΡΙΣΜΟΥ ΑΠΩ ΕΠΙΦΥΣΗΣ ΜΗΡΙΑΙΟΥ,",Surgical,180,2210
X634999,ΑΝΕΝΕΡΓΟΣ,Surgical,120,2370
X635007,"ΑΝΟΙΚΤΗ ΑΝΑΤΑΞΗ ΚΑΤΑΓΜΑΤΟΣ ΕΠΙΓΟΝΑΤΙΔΑΣ, ΜΕ ΕΣΩΤΕΡ",Surgical,180,1460
X635019,ΑΝΕΝΕΡΓΟΣ,Surgical,80,1970
X635023,ΑΝΕΝΕΡΓΟΣ,Surgical,160,2290
X635029,"ΑΝΟΙΚΤΗ ΑΝΑΤΑΞΗ ΚΝΗΜΙΑΙΟΥ ΚΑΤΑΓΜΑΤΟΣ, ΕΓΓΥΣ (ΚΝΗΜΙ",Surgical,240,770
X635031,"ΑΝΟΙΚΤΗ ΑΝΑΤΑΞΗ ΚΝΗΜΙΑΙΟΥ ΚΑΤΑΓΜΑΤΟΣ, ΕΓΓΥΣ (ΚΝΗΜΙ",Surgical,150,930
X635035,ΑΝΕΝΕΡΓΟΣ,Surgical,160,1250
X635039,ΑΝΟΙΚΤΗ ΑΝΑΤΑΞΗ ΚΑΤΑΓΜΑΤΟΣ(ΩΝ) ΔΙΑΚΟΝΔΥΛΙΑΣ ΑΚΑΝΘΑ,Surgical,240,1570
X635059,ΑΝΕΝΕΡΓΟΣ,Surgical,160,1170
X635063,"ΚΛΕΙΣΤΗ ΑΝΑΤΑΞΗ ΕΞΑΡΘΡΗΜΑΤΟΣ ΓΟΝΑΤΟΣ, ΑΠΑΙΤΟΥΣΑ ΑΝ",Surgical,120,1490
X635071,ΤΟΠΟΘΕΤΗΣΗ ΕΞΩΤΕΡΙΚΗΣ ΟΣΤΕΟΣΥΝΘΕΣΗΣ ΜΕΤΑ ΚΛΕΙΣΤΗ Α,Surgical,160,2130
X635073,ΣΥΝΔΕΣΜΟΛΑΣΤΙΚΗ ΧΙΑΣΤΩΝ ΚΑΙ ΠΛΑΓΙΩΝ ΣΥΝΔΕΣΜΩΝ ΣΕ Ε,Surgical,80,2290
X635075,ΣΥΝΔΕΣΜΟΛΑΣΤΙΚΗ ΧΙΑΣΤΩΝ ΚΑΙ ΠΛΑΓΙΩΝ ΣΥΝΔΕΣΜΩΝ ΣΕ Ε,Surgical,120,450
X635079,"ΚΛΕΙΣΤΗ ΑΝΑΤΑΞΗ ΕΞΑΡΘΡΗΜΑΤΟΣ ΕΠΙΓΟΝΑΤΙΔΑΣ, ΧΩΡΙΣ Α",Surgical,80,770
X635083,"ΚΛΕΙΣΤΗ ΑΝΑΤΑΞΗ ΕΞΑΡΘΡΗΜΑΤΟΣ ΕΠΙΓΟΝΑΤΙΔΑΣ, ΑΠΑΙΤΟΥ",Surgical,160,1090
X635091,ΑΝΕΝΕΡΓΟΣ,Surgical,80,1730
X635099,ΑΝΕΝΕΡΓΟΣ,Surgical,120,2370
X635119,"ΑΡΘΡΟΔΕΣΗ, ΓΟΝΑΤΟ, ΟΠΟΙΑΔΗΠΟΤΕ ΤΕΧΝΙΚΗ",Surgical,160,1970
X635139,"ΑΚΡΩΤΗΡΙΑΣΜΟΣ, ΜΗΡΟΣ, ΔΙΑ ΤΟΥ ΜΗΡΙΑΙΟΥ, ΟΠΟΙΟΔΗΠΟΤ",Surgical,80,1570
X635141,ΑΝΕΝΕΡΓΟΣ,Surgical,120,1730
X635143,ΑΝΕΝΕΡΓΟΣ,Surgical,160,1890
X635147,"ΑΚΡΩΤΗΡΙΑΣΜΟΣ, ΜΗΡΟΣ, ΔΙΑ ΤΟΥ ΜΗΡΙΑΙΟΥ ΟΣΤΟΥ, ΟΠΟΙ",Surgical,120,2210
X635151,"ΑΚΡΩΤΗΡΙΑΣΜΟΣ, ΜΗΡΟΣ, ΔΙΑ ΤΟΥ ΜΗΡΙΑΙΟΥ ΟΣΤΟΥ, ΟΠΟΙ",Surgical,80,530
X635155,ΑΠΕΞΑΡΘΡΩΣΗ ΓΟΝΑΤΟΣ,Surgical,160,850
X635157,"ΜΗ ΚΑΤΑΓΕΓΡΑΜΜΕΝΗ ΔΙΑΔΙΚΑΣΙΑ, ΜΗΡΙΑΙΟ ΟΣΤΟ Ή ΓΟΝΑΤ",Surgical,80,1010
X635159,"ΔΙΑΤΟΜΗ ΠΕΡΙΤΟΝΙΑΣ ΓΑΣΤΡΟΚΝΗΜΙΑΣ, ΑΠΟΣΥΜΠΙΕΣΗ ΔΙΑΜ",Surgical,120,1170
X635161,ΑΝΕΝΕΡΓΟΣ,Surgical,160,1330
X635163,ΑΝΕΝΕΡΓΟΣ,Surgical,80,1490
X635165,"ΤΟΜΗ ΚΑΙ ΠΑΡΟΧΕΤΕΥΣΗ, ΣΚΕΛΟΣ Ή ΠΟΔΟΚΝΗΜΙΚΗ, ΕΝ ΤΩ ",Surgical,120,1650
X635167,ΠΑΡΟΧΕΤΕΥΣΗ ΣΗΠΤΙΚΗΣ ΑΡΘΙΤΙΔΑΣ ΠΟΔΟΚΝΗΜΙΚΗΣ,Surgical,160,1810
X635169,"ΤΕΝΟΝΤΟΤΟΜΗ, ΔΙΑΔΕΡΜΙΚΗ, ΑΧΙΛΛΕΙΟΣ ΤΕΝΟΝΤΑΣ (ΧΩΡΙΣ",Surgical,80,1970
X635171,"ΤΕΝΟΝΤΟΤΟΜΗ, ΔΙΑΔΕΡΜΙΚΗ, ΑΧΙΛΛΕΙΟΣ ΤΕΝΟΝΤΑΣ (ΧΩΡΙΣ",Surgical,120,2130
X635173,ΧΕΙΡΟΥΡΓΙΚΟΣ ΚΑΘΑΡΙΣΜΟΣ ΟΣΤΕΟΜΥΕΛΙΤΙΔΑΣ,Surgical,160,2290
X635179,"ΑΡΘΡΟΤΟΜΗ, ΠΟΔΟΚΝΗΜΙΚΗ, ΣΥΜΠΕΡΙΛΑΜΒΑΝΟΜΕΝΗΣ ΔΙΕΡΕΥ",Surgical,240,1220
X635183,"ΑΡΘΡΟΤΟΜΗ, ΑΠΕΛΕΥΘΕΡΩΣΗ ΟΠΙΣΘΙΑΣ ΚΑΨΑΣ, ΠΟΔΟΚΝΗΜΙΚ",Surgical,120,1090
X635185,"ΒΙΟΨΙΑ, ΜΑΛΑΚΟΣ ΙΣΤΟΣ ΤΗΣ ΠΕΡΙΟΧΗΣ ΤΟΥ ΣΚΕΛΟΥΣ Ή Τ",Surgical,160,1250
X635187,"ΒΙΟΨΙΑ, ΜΑΛΑΚΟΣ ΙΣΤΟΣ ΤΗΣ ΠΕΡΙΟΧΗΣ ΤΟΥ ΣΚΕΛΟΥΣ Ή Τ",Surgical,80,1410
X635189,"ΡΙΖΙΚΗ ΕΚΤΟΜΗ ΟΓΚΟΥ (Π.Χ. ΚΑΚΟΗΘΕΣ ΝΕΟΠΛΑΣΜΑ), ΜΑΛ",Surgical,240,2020
X635195,"ΕΚΤΟΜΗ, ΟΓΚΟΣ, ΠΕΡΙΟΧΗ ΣΚΕΛΟΥΣ Ή ΠΟΔΟΚΝΗΜΙΚΗΣ, ΥΠΟ",Surgical,120,2500
X635197,"ΕΚΤΟΜΗ, ΟΓΚΟΣ, ΠΕΡΙΟΧΗ ΣΚΕΛΟΥΣ Ή ΠΟΔΟΚΝΗΜΙΚΗΣ, ΕΝ ",Surgical,180,2660
X635199,"ΑΡΘΡΟΤΟΜΗ, ΠΟΔΟΚΝΗΜΙΚΗ, ΜΕ ΔΙΕΡΕΥΝΗΣΗ ΑΡΘΡΩΣΗΣ, ΜΕ",Surgical,240,2820
X635209,"ΑΡΘΡΟΤΟΜΗ, ΜΕ ΕΚΤΟΜΗ ΤΟΥ ΑΡΘΡΙΚΟΥ ΘΥΛΑΚΑ, ΠΟΔΟΚΝΗΜ",Surgical,240,1620
X635211,ΑΝΕΝΕΡΓΟΣ,Surgical,80,1330
X635219,ΕΚΤΟΜΗ ΒΛΑΒΗΣ ΕΛΥΤΡΟΥ Ή ΚΑΨΑΣ ΤΕΝΟΝΤΑ (Π.Χ. ΚΥΣΤΗ ,Surgical,240,2420
X635229,"ΕΚΤΟΜΗ Ή ΑΠΟΞΕΣΗ ΟΣΤΙΚΗΣ ΚΥΣΤΗΣ Ή ΚΑΛΟΗΘΟΥΣ ΟΓΚΟΥ,",Surgical,240,1220
X635233,"ΕΚΤΟΜΗ Ή ΑΠΟΞΕΣΗ ΟΣΤΙΚΗΣ ΚΥΣΤΗΣ Ή ΚΑΛΟΗΘΟΥΣ ΟΓΚΟΥ,",Surgical,210,1540
X635235,"ΕΚΤΟΜΗ Ή ΑΠΟΞΕΣΗ ΟΣΤΙΚΗΣ ΚΥΣΤΗΣ Ή ΚΑΛΟΗΘΟΥΣ ΟΓΚΟΥ,",Surgical,120,1700
X635239,ΜΕΡΙΚΗ ΕΚΤΟΜΗ ΚΝΗΜΗΣ,Surgical,240,2020
X635241,ΜΕΡΙΚΗ ΕΚΤΟΜΗ ΠΕΡΟΝΗΣ,Surgical,150,2180
X635249,"ΡΙΖΙΚΗ ΕΚΤΟΜΗ ΟΓΚΟΥ, ΟΣΤΟ, ΚΝΗΜΗ",Surgical,240,2820
X635251,"ΡΙΖΙΚΗ ΕΚΤΟΜΗ ΟΓΚΟΥ, ΟΣΤΟ, ΠΕΡΟΝΗ",Surgical,150,980
X635253,"ΡΙΖΙΚΗ ΕΚΤΟΜΗ ΟΓΚΟΥ, ΟΣΤΟ, ΑΣΤΡΑΓΑΛΟΣ Ή ΠΤΕΡΝΑ",Surgical,210,1140
X635255,ΕΝΕΣΗ ΓΙΑ ΑΡΘΡΟΓΡΑΦΙΑ ΠΟΔΟΚΝΗΜΙΚΗΣ,Surgical,120,850
X635259,"ΑΠΟΚΑΤΑΣΤΑΣΗ, ΠΡΩΤΟΠΑΘΗΣ, ΑΝΟΙΚΤΗ Ή ΔΙΑΔΕΡΜΙΚΗ, ΡΗ",Surgical,240,1170
X635263,"ΑΠΟΚΑΤΑΣΤΑΣΗ, ΠΡΩΤΟΠΑΘΗΣ, ΑΝΟΙΚΤΗ Ή ΔΙΑΔΕΡΜΙΚΗ, ΡΗ",Surgical,210,1490
X635267,"ΑΠΟΚΑΤΑΣΤΑΣΗ, ΔΕΥΤΕΡΟΠΑΘΗΣ, ΑΧΙΛΛΕΙΟΣ ΤΕΝΟΝΤΑΣ, ΜΕ",Surgical,120,1810
X635271,ΑΝΕΝΕΡΓΟΣ,Surgical,80,2130
X635275,"ΑΠΟΚΑΤΑΣΤΑΣΗ, ΤΕΝΟΝΤΑΣ ΚΑΜΠΤΗΡΑ, ΣΚΕΛΟΣ, ΠΡΩΤΟΠΑΘΗ",Surgical,160,450
X635277,"ΑΠΟΚΑΤΑΣΤΑΣΗ, ΤΕΝΟΝΤΑΣ ΚΑΜΠΤΗΡΑ, ΣΚΕΛΟΣ, ΔΕΥΤΕΡΟΠΑ",Surgical,80,610
X635287,"ΑΠΟΚΑΤΑΣΤΑΣΗ, ΤΕΝΟΝΤΑΣ ΕΚΤΕΙΝΟΝΤΟΣ, ΣΚΕΛΟΣ, ΠΡΩΤΟΠ",Surgical,160,1410
X635289,"ΑΠΟΚΑΤΑΣΤΑΣΗ, ΤΕΝΟΝΤΑΣ ΕΚΤΕΙΝΟΝΤΟΣ, ΣΚΕΛΟΣ, ΔΕΥΤΕΡ",Surgical,80,1570
X635309,"ΑΠΟΚΑΤΑΣΤΑΣΗ, ΕΞΑΡΘΡΩΜΕΝΟΙ ΠΕΡΟΝΙΑΙΟΙ ΤΕΝΟΝΤΕΣ, ΧΩ",Surgical,120,1170
X635311,"ΑΠΟΚΑΤΑΣΤΑΣΗ, ΕΞΑΡΘΡΩΜΕΝΟΙ ΠΕΡΟΝΙΑΙΟΙ ΤΕΝΟΝΤΕΣ, ΜΕ",Surgical,160,1330
X635319,"ΤΕΝΟΝΤΟΛΥΣΗ, ΚΑΜΠΤΗΡΑΣ Ή ΕΚΤΕΙΝΩΝ ΤΕΝΟΝΤΑΣ, ΣΚΕΛΟΣ",Surgical,80,1970
X635321,"ΤΕΝΟΝΤΟΛΥΣΗ, ΚΑΜΠΤΗΡΑΣ Ή ΕΚΤΕΙΝΩΝ ΤΕΝΟΝΤΑΣ, ΣΚΕΛΟΣ",Surgical,120,2130
X635329,"ΕΠΙΜΗΚΥΝΣΗ Ή ΒΡΑΧΥΝΣΗ ΤΕΝΟΝΤΑ, ΣΚΕΛΟΣ Ή ΠΟΔΟΚΝΗΜΙΚ",Surgical,160,770
X635331,"ΕΠΙΜΗΚΥΝΣΗ Ή ΒΡΑΧΥΝΣΗ ΤΕΝΟΝΤΑ, ΣΚΕΛΟΣ Ή ΠΟΔΟΚΝΗΜΙΚ",Surgical,80,930
X635333,ΡΙΚΝΩΣΗ ΓΑΣΤΡΟΚΝΗΜΙΟΥ,Surgical,120,1090
X635339,"ΤΕΝΟΝΤΟΜΕΤΑΦΟΡΑ, ΕΠΙΠΟΛΗΣ (Π.Χ. ΠΡΟΣΘΙΟΙ ΚΝΗΜΙΑΙΟΙ",Surgical,120,1570
X635341,"ΤΕΝΟΝΤΟΜΕΤΑΦΟΡΑ, ΕΝ ΤΩ ΒΑΘΕΙ (Π.Χ. ΠΡΟΣΘΙΟΣ Ή ΟΠΙΣ",Surgical,150,2780
X635343,"ΤΕΝΟΝΤΟΜΕΤΑΦΟΡΑ, ΚΑΘΕ ΕΠΙΠΛΕΟΝ ΤΕΝΟΝΤΑΣ (ΚΑΤΑΓΡΑΦΕ",Surgical,80,1890
X635349,"ΑΠΟΚΑΤΑΣΤΑΣΗ, ΠΡΩΤΟΠΑΘΗΣ, ΔΙΑΡΡΗΓΜΕΝΟΣ ΣΥΝΔΕΣΜΟΣ, ",Surgical,80,2370
X635351,"ΑΠΟΚΑΤΑΣΤΑΣΗ, ΠΡΩΤΟΠΑΘΗΣ, ΔΙΑΡΡΗΓΜΕΝΟΣ ΣΥΝΔΕΣΜΟΣ, ",Surgical,120,530
X635355,"ΑΠΟΚΑΤΑΣΤΑΣΗ, ΔΕΥΤΕΡΟΠΑΘΗΣ, ΔΙΑΡΡΗΓΜΕΝΟΣ ΣΥΝΔΕΣΜΟΣ",Surgical,80,850
X635359,ΑΝΕΝΕΡΓΟΣ,Surgical,160,1170
X635363,ΟΛΙΚΗ ΑΡΘΡΟΠΛΑΣΤΙΚΗ ΠΟΔΟΚΝΗΜΙΚΗΣ,Surgical,120,1940
X635365,"ΑΡΘΡΟΠΛΑΣΤΙΚΗ, ΠΟΔΟΚΝΗΜΙΚΗ, ΑΝΑΘΕΩΡΗΣΗ, ΣΥΝΟΛΟ ΠΟΔ",Surgical,160,2100
X635367,ΑΦΑΙΡΕΣΗ ΕΜΦΥΤΕΥΜΑΤΟΣ ΠΟΔΟΚΝΗΜΙΚΗΣ,Surgical,180,2260
X635369,"ΟΣΤΕΟΤΟΜΙΑ, ΚΝΗΜΗ",Surgical,120,1970
X635373,"ΟΣΤΕΟΤΟΜΙΑ, ΠΕΡΟΝΗ",Surgical,80,2290
X635377,"ΟΣΤΕΟΤΟΜΙΑ, ΚΝΗΜΗ ΚΑΙ ΠΕΡΟΝΗ",Surgical,160,610
X635383,"ΟΣΤΕΟΤΟΜΙΑ, ΠΟΛΛΑΠΛΗ, ΜΕ ΑΝΑΔΙΑΤΑΞΗ ΣΕ ΕΝΔΟΜΥΕΛΙΚΟ",Surgical,160,1090
X635389,"ΚΝΗΜΗ ΚΑΙ ΠΕΡΟΝΗ, ΕΠΙΜΗΚΥΝΣΗ Ή ΒΡΑΧΥΝΣΗ",Surgical,160,1570
X635399,"ΑΠΟΚΑΤΑΣΤΑΣΗ ΨΕΥΔΑΡΘΡΩΣΗΣ, ΚΝΗΜΗ, ΧΩΡΙΣ ΜΟΣΧΕΥΜΑ, ",Surgical,120,2370
X635403,"ΑΠΟΚΑΤΑΣΤΑΣΗ ΨΕΥΔΑΡΘΡΩΣΗΣ, ΚΝΗΜΗ, ΜΕ ΟΛΙΣΘΑΙΝΟΝ ΜΟ",Surgical,80,690
X635407,"ΑΠΟΚΑΤΑΣΤΑΣΗ ΨΕΥΔΑΡΘΡΩΣΗΣ , ΚΝΗΜΗ, ΜΕ ΛΑΓΟΝΙΟ Ή ΑΛ",Surgical,160,1010
X635409,"ΑΠΟΚΑΤΑΣΤΑΣΗ ΨΕΥΔΑΡΘΡΩΣΗΣ, ΚΝΗΜΗ, ΔΙΑ ΣΥΝΟΣΤEΩΣΗΣ,",Surgical,80,1170
X635411,ΑΠΟΚΑΤΑΣΤΑΣΗ ΑΝΩΜΑΛΗΣ ΠΩΡΩΣΗΣ Ή ΨΕΥΔΑΡΘΡΩΣΗΣ ΠΕΡΟΝ,Surgical,120,1330
X635413,"ΑΠΟΚΑΤΑΣΤΑΣΗ ΣΥΓΓΕΝΟΥΣ ΨΕΥΔΑΡΘΡΩΣΗΣ, ΚΝΗΜΗ",Surgical,160,1490
X635419,"ΔΙΑΚΟΠΗ ΤΗΣ ΑΝΑΠΤΥΞΗΣ ΤΟΥ ΟΣΤΟΥ, ΕΠΙΦΥΣΙΑΚΗ (ΕΠΙΦΥ",Surgical,240,1970
X635423,"ΔΙΑΚΟΠΗ ΤΗΣ ΑΝΑΠΤΥΞΗΣ ΤΟΥ ΟΣΤΟΥ, ΕΠΙΦΥΣΙΑΚΗ (ΕΠΙΦΥ",Surgical,210,2290
X635427,"ΔΙΑΚΟΠΗ ΤΗΣ ΑΝΑΠΤΥΞΗΣ ΤΟΥ ΟΣΤΟΥ, ΕΠΙΦΥΣΙΑΚΗ (ΕΠΙΦΥ",Surgical,180,610
X635439,"ΔΙΑΚΟΠΗ ΤΗΣ ΑΝΑΠΤΥΞΗΣ ΤΟΥ ΟΣΤΟΥ, ΕΠΙΦΥΣΙΑΚΗ (ΕΠΙΦΥ",Surgical,80,1570
X635443,"ΔΙΑΚΟΠΗ ΤΗΣ ΑΝΑΠΤΥΞΗΣ ΤΟΥ ΟΣΤΟΥ, ΕΠΙΦΥΣΙΑΚΗ (ΕΠΙΦΥ",Surgical,160,1890
X635449,ΑΝΕΝΕΡΓΟΣ,Surgical,160,2370
X635459,ΚΛΕΙΣΤΗ ΑΝΑΤΑΞΗ ΚΑΤΑΓΜΑΤΟΣ ΤΗΣ ΔΙΑΦΥΣΗΣ ΤΗΣ ΚΝΗΜΗΣ,Surgical,120,1170
X635463,ΚΛΕΙΣΤΗ ΑΝΑΤΑΞΗ ΚΑΤΑΓΜΑΤΟΣ ΤΗΣ ΔΙΑΦΥΣΗΣ ΤΗΣ ΚΝΗΜΗΣ,Surgical,80,1490
X635471,ΑΝΕΝΕΡΓΟΣ,Surgical,120,2130
X635475,ΑΝΟΙΚΤΗ ΑΝΑΤΑΞΗ ΚΑΤΑΓΜΑΤΟΣ ΤΗΣ ΔΙΑΦΥΣΗΣ ΤΗΣ ΚΝΗΜΗΣ,Surgical,120,450
X635477,ΑΝΑΤΑΞΗ ΚΑΤΑΓΜΑΤΟΣ ΤΗΣ ΔΙΑΦΥΣΗΣ ΤΗΣ ΚΝΗΜΗΣ (ΜΕ Ή Χ,Surgical,120,610
X635479,ΚΛΕΙΣΤΗ ΑΝΑΤΑΞΗ ΤΟΥ ΚΑΤΑΓΜΑΤΟΣ ΤΟΥ ΕΣΩ ΣΦΥΡΟΥ,Surgical,160,770
X635483,ΑΝΕΝΕΡΓΟΣ,Surgical,120,1090
X635491,ΑΝΟΙΧΤΗ ΑΝΑΤΑΞΗ ΚΑΙ ΕΣΩΤΕΡΙΚΗ ΟΣΤΕΟΣΥΝΘΕΣΗ ΤΟΥ ΚΑΤ,Surgical,160,1730
X635493,ΚΛΕΙΣΤΗ ΑΝΑΤΑΞΗ ΤΟΥ ΚΑΤΑΓΜΑΤΟΣ ΤΟΥ ΟΠΙΣΘΙΟΥ ΣΦΥΡΟΥ,Surgical,80,1890
X635495,ΑΝΕΝΕΡΓΟΣ,Surgical,120,2050
X635497,ΑΝΟΙΧΤΗ ΑΝΑΤΑΞΗ ΚΑΙ ΕΣΩΤΕΡΙΚΗ ΟΣΤΕΟΣΥΝΘΕΣΗ ΤΟΥ ΚΑΤ,Surgical,160,2210
X635519,ΚΛΕΙΣΤΗ ΑΝΑΤΑΞΗ ΚΑΤΑΓΜΑΤΟΣ ΕΓΓΥΣ ΠΕΡΟΝΗΣ Η ΔΙΑΦΥΣΗ,Surgical,120,1970
X635521,ΑΝΕΝΕΡΓΟΣ,Surgical,160,2130
X635527,ΑΝΟΙΧΤΗ ΑΝΑΤΑΞΗ ΚΑΙ ΕΣΩΤΕΡΙΚΗ ΟΣΤΕΟΣΥΝΘΕΣΗ ΚΑΤΑΓΜΑ,Surgical,160,610
X635531,ΚΛΕΙΣΤΗ ΑΝΑΤΑΞΗ ΤΟΥ ΚΑΤΑΓΜΑΤΟΣ ΤΟΥ ΕΞΩ ΣΦΥΡΟΥ,Surgical,120,930
X635535,ΑΝΕΝΕΡΓΟΣ,Surgical,80,1250
X635543,ΑΝΟΙΧΤΗ ΑΝΑΤΑΞΗ ΚΑΙ ΕΣΩΤΕΡΙΚΗ ΟΣΤΕΟΣΥΝΘΕΣΗ ΤΟΥ ΚΑΤ,Surgical,120,1890
X635575,ΚΛΕΙΣΤΗ ΑΝΑΤΑΞΗ ΑΜΦΙΣΦΥΡΙΟΥ ΚΑΤΑΓΜΑΤΟΣ,Surgical,160,450
X635579,ΑΝΕΝΕΡΓΟΣ,Surgical,120,770
X635587,ΑΝΟΙΧΤΗ ΑΝΑΤΑΞΗ ΚΑΙ ΕΣΩΤΕΡΙΚΗ ΟΣΤΕΟΣΥΝΘΕΣΗ ΑΜΦΙΣΦΥ,Surgical,160,1410
X635591,ΚΛΕΙΣΤΗ ΑΝΑΤΑΞΗ ΤΡΙΣΦΥΡΙΟΥ ΚΑΤΑΓΜΑΤΟΣ,Surgical,120,1730
X635595,ΑΝΕΝΕΡΓΟΣ,Surgical,80,2050
X635603,ΑΝΟΙΧΤΗ ΑΝΑΤΑΞΗ ΚΑΙ ΕΣΩΤΕΡΙΚΗ ΟΣΤΕΟΣΥΝΘΕΣΗ ΤΡΙΣΦΥΡ,Surgical,120,690
X635605,ΑΝΟΙΧΤΗ ΑΝΑΤΑΞΗ ΚΑΙ ΕΣΩΤΕΡΙΚΗ ΟΣΤΕΟΣΥΝΘΕΣΗ ΤΡΙΣΦΥΡ,Surgical,160,850
X635607,ΑΝΕΝΕΡΓΟΣ,Surgical,80,1010
X635609,ΚΛΕΙΣΤΗ ΑΝΑΤΑΞΗ ΕΝΔΑΡΘΡΙΚΟΥ ΚΑΤΑΓΜΑΤΟΣ ΤΗΣ ΠΕΡΙΦΕΡ,Surgical,120,1170
X635611,ΑΝΕΝΕΡΓΟΣ,Surgical,160,1330
X635613,ΑΝΕΝΕΡΓΟΣ,Surgical,80,1490
X635615,ΑΝΟΙΚΤΗ ΑΝΑΤΑΞΗ ΕΝΔΑΡΘΡΙΚΟΥ ΚΑΤΑΓΜΑΤΟΣ ΤΗΣ ΠΕΡΙΦΕΡ,Surgical,120,1650
X635617,ΑΝΟΙΧΤΗ ΑΝΑΤΑΞΗ ΡΗΞΗΣ ΤΗΣ ΑΠΩ ΚΝΗΜΟΠΕΡΟΝΙΑΙΑΣ ΑΡΘΡ,Surgical,160,1810
X635619,ΚΛΕΙΣΤΗ ΑΝΑΤΑΞΗ ΕΞΑΡΘΡΩΣΗΣ ΤΗΣ ΕΓΓΥΣ ΚΝΗΜΟΠΕΡΟΝΙΑΙ,Surgical,80,1970
X635621,ΚΛΕΙΣΤΗ ΑΝΑΤΑΞΗ ΕΞΑΡΘΡΩΣΗΣ ΤΗΣ ΕΓΓΥΣ ΚΝΗΜΟΠΕΡΟΝΙΑΙ,Surgical,120,2130
X635623,ΑΝΟΙΧΤΗ ΑΝΑΤΑΞΗ ΕΞΑΡΘΡΩΣΗΣ ΤΗΣ ΕΓΓΥΣ ΚΝΗΜΟΠΕΡΟΝΙΑΙ,Surgical,210,2740
X635639,ΑΝΕΝΕΡΓΟΣ,Surgical,120,1570
X635643,"ΚΛΕΙΣΤΗ ΑΝΑΤΑΞΗ ΕΞΑΡΘΡΗΜΑΤΟΣ ΠΟΔΟΚΝΗΜΙΚΗΣ, ΜΕ Η ΧΩ",Surgical,80,1890
X635651,ΑΝΕΝΕΡΓΟΣ,Surgical,120,530
X635655,ΑΝΕΝΕΡΓΟΣ,Surgical,80,850
X635679,ΧΕΙΡΙΣΜΟΣ ΠΟΔΟΚΝΗΜΙΚΗΣ ΥΠΟ ΟΛΙΚΗ ΑΝΑΙΣΘΗΣΙΑ (ΠΕΡΙΛ,Surgical,80,770
X635699,"ΑΡΘΡΟΔΕΣΗ, ΠΟΔΟΚΝΗΜΙΚΗ, ΑΝΟΙΧΤΗ",Surgical,120,2370
X635701,"ΑΡΘΡΟΔΕΣΗ, ΚΝΗΜΟΠΕΡΟΝΙΑΙΑ ΑΡΘΡΩΣΗ, ΕΓΓΥΣ Ή ΑΠΩ",Surgical,160,530
X635719,"ΑΚΡΩΤΗΡΙΑΣΜΟΣ, ΣΚΕΛΟΣ, ΔΙΑ ΤΗΣ ΚΝΗΜΗΣ ΚΑΙ ΠΕΡΟΝΗΣ",Surgical,160,1970
X635721,"ΑΚΡΩΤΗΡΙΑΣΜΟΣ, ΣΚΕΛΟΣ, ΔΙΑ ΤΗΣ ΚΝΗΜΗΣ ΚΑΙ ΠΕΡΟΝΗΣ,",Surgical,80,2130
X635723,"ΑΚΡΩΤΗΡΙΑΣΜΟΣ, ΣΚΕΛΟΣ, ΔΙΑ ΤΗΣ ΚΝΗΜΗΣ ΚΑΙ ΠΕΡΟΝΗΣ,",Surgical,120,2290
X635727,"ΑΚΡΩΤΗΡΙΑΣΜΟΣ, ΣΚΕΛΟΣ, ΔΙΑ ΤΗΣ ΚΝΗΜΗΣ ΚΑΙ ΠΕΡΟΝΗΣ,",Surgical,80,610
X635731,"ΑΚΡΩΤΗΡΙΑΣΜΟΣ, ΣΚΕΛΟΣ, ΔΙΑ ΤΗΣ ΚΝΗΜΗΣ ΚΑΙ ΠΕΡΟΝΗΣ,",Surgical,160,930
X635735,"ΑΚΡΩΤΗΡΙΑΣΜΟΣ, ΠΟΔΟΚΝΗΜΙΚΗ, ΔΙΑ ΤΩΝ ΣΦΥΡΩΝ ΚΝΗΜΗΣ ",Surgical,120,1700
X635737,ΑΠΕΞΑΡΘΡΩΣΗ ΠΟΔΟΚΝΗΜΙΚΗΣ,Surgical,160,1410
X635743,"ΔΙΑΤΟΜΗ ΠΕΡΙΤΟΝΙΑΣ ΓΑΣΤΡΟΚΝΗΜΙΑΣ, ΑΠΟΣΥΜΠΙΕΣΗ ΔΙΑΜ",Surgical,160,1890
X635745,ΑΝΕΝΕΡΓΟΣ,Surgical,80,2050
X635747,ΑΝΕΝΕΡΓΟΣ,Surgical,120,2210
X635757,"ΜΗ ΚΑΤΑΓΕΓΡΑΜΕΝΗ ΔΙΑΔΙΚΑΣΙΑ, ΣΚΕΛΟΣ Ή ΠΟΔΟΚΝΗΜΙΚΗ",Surgical,80,1010
X635961,"ΤΟΜΗ ΚΑΙ ΠΑΡΟΧΕΤΕΥΣΗ, ΑΡΘΡΙΚΟΣ ΘΥΛΑΚΟΣ, ΑΚΡΟΣ ΠΟΥΣ",Surgical,80,1330
X635963,ΑΝΕΝΕΡΓΟΣ,Surgical,120,1490
X635965,ΑΝΕΝΕΡΓΟΣ,Surgical,160,1650
X635969,"ΤΟΜΗ, ΦΛΟΙΟΣ ΟΣΤΟΥ (ΠΧ., ΟΣΤΕΟΜΥΕΛΙΤΙΔΑ Η ΑΠΟΣΤΗΜΑ",Surgical,120,1970
X635975,"ΤΟΜΗ ΠΕΡΙΤΟΝΙΑΣ, ΑΚΡΟΣ ΠΟΥΣ ΚΑΙ/Ή ΔΑΧΤΥΛΟ",Surgical,120,450
X635979,"ΤΕΝΟΝΤΟΤΟΜΗ, ΔΙΑΔΕΡΜΙΚΗ, ΔΑΧΤΥΛΟ, ΕΝΑΣ ΤΕΝΟΝΤΑΣ",Surgical,80,770
X635981,"ΤΕΝΟΝΤΟΤΟΜΗ, ΔΙΑΔΕΡΜΙΚΗ, ΔΑΧΤΥΛΟ, ΠΟΛΛΑΠΛΟΙ ΤΕΝΟΝΤ",Surgical,120,930
X635999,"ΑΡΘΡΟΤΟΜΗ, ΠΕΡΙΛΑΜΒΑΝΕΤΑΙ ΔΙΕΡΕΥΝΥΣΗ, ΠΑΡΟΧΕΤΕΥΣΗΣ",Surgical,240,2820
X636003,"ΑΡΘΡΟΤΟΜΗ, ΣΥΜΠΕΡΙΛΑΜΒΑΝΟΜΕΝΗΣ ΔΙΕΡΕΥΝΗΣΗΣ, ΠΑΡΟΧΕ",Surgical,210,1140
X636007,"ΑΡΘΡΟΤΟΜΗ, ΣΥΜΠΕΡΙΛΑΜΒΑΝΟΜΕΝΗΣ ΔΙΕΡΕΥΝΗΣΗΣ, ΠΑΡΟΧΕ",Surgical,180,1460
X636029,"ΑΠΕΛΕΥΘΕΡΩΣΗ, ΤΑΡΣIΑΙΟΣ ΣΩΛΗΝΑΣ (ΑΠΟΣΥΜΠΙΕΣΗ ΝΕΥΡΟ",Surgical,160,770
X636045,"ΕΚΤΟΜΗ, ΟΓΚΟΣ, ΚΑΤΩ ΑΚΡΟ, ΥΠΟΔΟΡΙΟΣ ΙΣΤΟΣ",Surgical,120,2500
X636049,"ΕΚΤΟΜΗ, ΟΓΚΟΣ, ΚΑΤΩ ΑΚΡΟ, ΕΝ ΤΩ ΒΑΘΕΙ, ΥΠΟΠΕΡΙΤΟΝΙ",Surgical,240,2820
X636051,ΡΙΖΙΚΗ ΑΦΑΙΡΕΣΗ ΟΓΚΟΥ (ΠΧ. ΚΑΚΟΗΘΟΥΣ ΝΕΟΠΛΑΣΜΑΤΟΣ),Surgical,150,980
X636059,"ΑΡΘΡΟΤΟΜΗ ΜΕ ΒΙΟΨΙΑ, ΕΝΔΟΤΑΡΣΙΑ Ή ΤΑΡΣΟΜΕΤΑΤΑΡΣΙΑ ",Surgical,160,1170
X636063,"ΑΡΘΡΟΤΟΜΗ ΜΕ ΒΙΟΨΙΑ, ΜΕΤΑΤΑΡΣΙΟΦΑΛΑΓΓΙΚΗ ΑΡΘΡΩΣΗ",Surgical,120,1490
X636067,"ΑΡΘΡΟΤΟΜΗ ΜΕ ΒΙΟΨΙΑ, ΜΕΣΟΦΑΛΑΓΓΙΚΗ ΑΡΘΡΩΣΗ",Surgical,80,1810
X636069,ΑΝΕΝΕΡΓΟΣ,Surgical,120,1970
X636079,"ΕΚΤΟΜΗ ΠΕΡΙΤΟΝΙΑΣ, ΠΕΛΜΑΤΙΑΙΑ ΠΕΡΙΤΟΝΙΑ, ΜΕΡΙΚΗ (Ξ",Surgical,240,1220
X636083,"ΕΚΤΟΜΗ ΠΕΡΙΤΟΝΙΑΣ, ΠΕΛΜΑΤΙΑΙΑ ΠΕΡΙΤΟΝΙΑ, ΡΙΖΙΚΗ (Ξ",Surgical,210,1540
X636099,"ΘΥΛΑΚΕΚΤΟΜΗ, ΕΝΔΟΤΑΡΣΙΑ Η ΤΑΡΣΟΜΕΤΑΤΑΡΣΙΑ ΑΡΘΡΩΣΗ,",Surgical,240,2820
X636103,"ΘΥΛΑΚΕΚΤΟΜΗ, ΜΕΤΑΤΑΡΣΙΟΦΑΛΑΓΓΙΚΗ ΑΡΘΡΩΣΗ, ΚΑΘΕ ΕΚΤ",Surgical,210,1140
X636119,"ΕΚΤΟΜΗ, ΜΕΣΟΔΑΚΤΥΛΙΟ ΝΕΥΡΙΝΩΜΑ (MORTON), ΕΝΑ, ΚΑΘΕ",Surgical,240,2420
X636131,"ΘΥΛΑΚΕΚΤΟΜΗ, ΕΛΥΤΡΟ ΤΕΝΟΝΤΑ, ΑΚΡΟΣ ΠΟΥΣ, ΚΑΜΠΤΗΡΑΣ",Surgical,150,1380
X636135,"ΘΥΛΑΚΕΚΤΟΜΗ, ΕΛΥΤΡΟ ΤΕΝΟΝΤΑ, ΑΚΡΟΣ ΠΟΥΣ, ΕΚΤΕΙΝΩΝ",Surgical,120,1700
X636139,"ΕΚΤΟΜΗ ΒΛΑΒΗΣ, ΤΕΝΟΝΤΑΣ, ΕΛΥΤΡΟ ΤΕΝΟΝΤΑ, Η ΚΑΨΟΥΛΑ",Surgical,240,2020
X636143,"ΕΚΤΟΜΗ ΒΛΑΒΗΣ, ΤΕΝΟΝΤΑ, ΕΛΥΤΡΟΥ ΤΕΝΟΝΤΑ, 'Η ΚΑΨΟΥΛ",Surgical,210,2340
X636159,ΕΚΤΟΜΗ Ή ΑΠΟΞΕΣΗ ΟΣΤΙΚΗΣ ΚΥΣΤΗΣ 'Η ΚΑΛΟΗΘΟΥΣ ΟΓΚΟΥ,Surgical,240,1620
X636163,"ΕΚΤΟΜΗ Ή ΑΠΟΞΕΣΗ ΟΣΤΙΚΗΣ ΚΥΣΤΗΣ Ή ΚΑΛΟΗΘΟΥΣ ΟΓΚΟΥ,",Surgical,210,1940
X636165,"ΕΚΤΟΜΗ Ή ΑΠΟΞΕΣΗ ΟΣΤΙΚΗΣ ΚΥΣΤΗΣ Ή ΚΑΛΟΗΘΟΥΣ ΟΓΚΟΥ,",Surgical,120,2100
X636167,"ΕΚΤΟΜΗ Ή ΑΠΟΞΕΣΗ ΟΣΤΙΚΗΣ ΚΥΣΤΗΣ Ή ΚΑΛΟΗΘΟΥΣ ΟΓΚΟΥ,",Surgical,180,2260
X636171,"ΕΚΤΟΜΗ Η ΑΠΟΞΕΣΗ ΟΣΤΙΚΗΣ ΚΥΣΤΗΣ Ή ΚΑΛΟΗΘΟΥΣ ΟΓΚΟΥ,",Surgical,150,2580
X636173,"ΕΚΤΟΜΗ Η ΑΠΟΞΕΣΗ ΟΣΤΙΚΗΣ ΚΥΣΤΗΣ Η ΚΑΛΟΗΘΟΥΣ ΟΓΚΟΥ,",Surgical,210,2740
X636175,"ΕΚΤΟΜΗ Ή ΑΠΟΞΕΣΗ ΟΣΤΙΚΗΣ ΚΥΣΤΗΣ Ή ΚΑΛΟΗΘΟΥΣ ΟΓΚΟΥ,",Surgical,120,900
X636179,"ΟΣΤΕΟΤΟΜΙΑ, ΜΕΡΙΚΗ ΕΚΤΟΜΗ, ΚΕΦΑΛΗ ΠΕΜΠΤΟΥ ΜΕΤΑΤΑΡΣ",Surgical,240,1220
X636181,"ΟΣΤΕΟΤΟΜΙΑ, ΠΛΗΡΗΣ ΕΚΤΟΜΗ, ΚΕΦΑΛΗ ΠΡΩΤΟΥ ΜΕΤΑΤΑΡΣΙ",Surgical,150,1380
X636183,"ΟΣΤΕΟΤΟΜΙΑ, ΠΛΗΡΗΣ ΕΚΤΟΜΗ, ΚΕΦΑΛΗ ΑΛΛΟΥ ΜΕΤΑΤΑΡΣΙΟ",Surgical,210,1540
X636185,"ΟΣΤΕΟΤΟΜΙΑ, ΠΛΗΡΗΣ ΕΚΤΟΜΗ, ΚΕΦΑΛΗ ΠΕΜΠΤΟΥ ΜΕΤΑΤΑΡΣ",Surgical,120,1700
X636187,"ΟΣΤΕΟΤΟΜΙΑ, ΠΛΗΡΗΣ ΕΚΤΟΜΗ, ΚΕΦΑΛΕΣ ΟΛΩΝ ΤΩΝ ΜΕΤΑΤΑ",Surgical,180,1860
X636191,"ΟΣΤΕΟΤΟΜΙΑ, ΕΚΤΟΜΗ ΤΑΡΣΙΑΙΑΣ ΣΥΝΟΣΤΕΩΣΗΣ",Surgical,150,2180
X636195,"ΟΣΤΕΟΤΟΜΙΑ, ΠΤΕΡΝΑ",Surgical,120,2050
X636197,"ΟΣΤΕΟΤΟΜΙΑ, ΠΤΕΡΝΑ, ΓΙΑ ΑΚΑΝΘΑ, ΜΕ Ή ΑΝΕΥ ΑΠΟΔΕΣΜΕ",Surgical,160,2210
X636199,ΧΕΙΡΟΥΡΓΙΚΟΣ ΚΑΘΑΡΙΣΜΟΣ ΑΣΤΡΑΓΑΛΟΥ Η ΠΤΕΡΝΑΣ,Surgical,80,2370
X636203,ΧΕΙΡΟΥΡΓΙΚΟΣ ΚΑΘΑΡΙΣΜΟΣ ΟΣΤΟΥ ΤΑΡΣΟΥ Η ΜΕΤΑΤΑΡΣΙΟΥ,Surgical,160,690
X636207,ΜΕΡΙΚΗ ΕΚΤΟΜΗ ΦΑΛΑΓΓΑΣ ΔΑΚΤΥΛΟΥ,Surgical,180,1460
X636211,"ΑΦΑΙΡΕΣΗ, ΜΕΡΙΚΗ Ή ΟΛΙΚΗ, ΒΑΣΗ ΦΑΛΑΓΓΑΣ, ΚΑΘΕ ΔΑΧΤ",Surgical,150,1780
X636219,ΑΣΤΡΑΓΑΛΕΚΤΟΜΗ,Surgical,240,2420
X636239,ΑΝΕΝΕΡΓΟΣ,Surgical,160,1570
X636259,"ΦΑΛΑΓΓΕΚΤΟΜΗ, ΔΑΧΤΥΛΟ ΚΑΤΩ ΑΚΡΟΥ, ΚΑΘΕ ΔΑΧΤΥΛΟ",Surgical,240,1620
X636265,"ΑΦΑΙΡΕΣΗ, ΚΟΝΔΥΛΟΣ(ΟΙ), ΑΠΩ ΑΚΡΟ ΤΗΣ ΦΑΛΑΓΓΑΣ, ΚΑΘ",Surgical,120,2100
X636279,"ΗΜΙΦΑΛΑΓΓΕΚΤΟΜΗ Ή ΕΚΤΟΜΗ ΜΕΣΟΦΑΛΑΓΓΙΚΗΣ ΑΡΘΡΩΣΗΣ, ",Surgical,240,1220
X636301,"ΡΙΖΙΚΗ ΑΦΑΙΡΕΣΗ ΟΓΚΟΥ, ΟΣΤΟ, ΤΑΡΣΟΣ (ΕΚΤΟΣ ΑΣΤΡΑΓΑ",Surgical,150,980
X636305,"ΡΙΖΙΚΗ ΑΦΑΙΡΕΣΗ ΟΓΚΟΥ, ΟΣΤΟ,ΜΕΤΑΤΑΡΣΙΟ",Surgical,120,1300
X636309,"ΡΙΖΙΚΗ ΑΦΑΙΡΕΣΗ ΟΓΚΟΥ, ΟΣΤΟ, ΦΑΛΑΓΓΑ ΔΑΧΤΥΛΟΥ ΚΑΤΩ",Surgical,240,1620
X636339,"ΑΦΑΙΡΕΣΗ ΞΕΝΟΥ ΣΩΜΑΤΟΣ, ΑΚΡΟΣ ΠΟΥΣ, ΥΠΟΔΟΡΙΟ",Surgical,240,2020
X636343,"ΑΦΑΙΡΕΣΗ ΞΕΝΟΥ ΣΩΜΑΤΟΣ, ΑΚΡΟΣ ΠΟΥΣ, ΕΝ ΤΩ ΒΑΘΕΙ",Surgical,210,2340
X636345,ΑΝΕΝΕΡΓΟΣ,Surgical,120,2050
X636359,"ΑΠΟΚΑΤΑΣΤΑΣΗ, ΤΕΝΟΝΤΑΣ, ΚΑΜΠΤΗΡΑΣ, ΑΚΡΟΣ ΠΟΥΣ, ΠΡΩ",Surgical,160,1170
X636363,"ΑΠΟΚΑΤΑΣΤΑΣΗ, ΤΕΝΟΝΤΑΣ, ΚΑΜΠΤΗΡΑΣ, ΑΚΡΟΣ ΠΟΥΣ, ΔΕΥ",Surgical,120,1490
X636375,"ΑΠΟΚΑΤΑΣΤΑΣΗ, ΤΕΝΟΝΤΑΣ, ΕΚΤΕΙΝΩΝ, ΑΚΡΟΣ ΠΟΥΣ, ΠΡΩΤ",Surgical,120,450
X636379,"ΑΠΟΚΑΤΑΣΤΑΣΗ, ΤΕΝΟΝΤΑΣ, ΕΚΤΕΙΝΩΝ, ΑΚΡΟΣ ΠΟΥΣ, ΔΕΥΤ",Surgical,80,770
X636399,"ΤΕΝΟΝΤΟΛΥΣΗ, ΚΑΜΠΤΗΡΑΣ, ΚΑΤΩ ΑΚΡΟ, ΕΝΑΣ ΤΕΝΟΝΤΑΣ",Surgical,120,2370
X636403,"ΤΕΝΟΝΤΟΛΥΣΗ, ΚΑΜΠΤΗΡΑΣ, ΚΑΤΩ ΑΚΡΟ, ΠΟΛΛΑΠΛΟΙ ΤΕΝΟΝ",Surgical,80,690
X636409,"ΤΕΝΟΝΤΟΛΥΣΗ, ΕΚΤΕΙΝΩΝ, ΚΑΤΩ ΑΚΡΟ, ΜΟΝΟΣ ΤΕΝΟΝΤΑΣ",Surgical,80,1170
X636411,"ΤΕΝΟΝΤΟΛΥΣΗ, ΕΚΤΕΙΝΩΝ, ΚΑΤΩ ΑΚΡΟ, ΠΟΛΛΑΠΛΟΙ ΤΕΝΟΝΤ",Surgical,120,1330
X636419,"ΤΕΝΟΝΤΟΤΟΜΗ, ΑΝΟΙΧΤΗ, ΚΑΜΠΤΗΡΑΣ ΤΕΝΟΝΤΑΣ, ΑΚΡΟΣ ΠΟ",Surgical,160,1970
X636423,ΑΝΕΝΕΡΓΟΣ,Surgical,120,2290
X636427,"ΤΕΝΟΝΤΟΤΟΜΗ, ΑΝΟΙΧΤΗ, ΕΚΤΕΙΝΩΝ , ΑΚΡΟΣ ΠΟΥΣ Ή ΔΑΚΤ",Surgical,80,610
X636435,ΕΚΤΟΜΗ ΤΟΥ ΕΠΙΚΟΥΡΙΚΟΥ ΤΑΡΣΙΑΙΟΥ ΣΚΑΦΟΕΙΔΟΥΣ ΟΣΤΟΥ,Surgical,120,1700
X636439,"ΤΕΝΟΝΤΟΤΟΜΗ, ΕΠΙΜΗΚΥΝΣΗ,Ή ΑΠΟΔΕΣΜΕΥΣΗ, ΑΠΑΓΩΓΟΣ ΜΥ",Surgical,240,2620
X636459,ΔΙΑΙΡΕΣΗ ΠΕΛΜΑΤΙΑΙΑΣ ΠΕΡΙΤΟΝΙΑΣ ΚΑΙ ΜΥΟΣ (ΠΧ. ΔΙΑΝ,Surgical,120,1170
X636479,"ΘΥΛΑΚΟΤΟΜΗ, ΜΕΣΟ ΠΟΔΙ, ΜΟΝΟ ΕΣΩ ΑΠΟΔΕΣΜΕΥΣΗ (ΞΕΧΩΡ",Surgical,160,770
X636481,"ΘΥΛΑΚΟΤΟΜΗ, ΜΕΣΟ ΠΟΔΙ, ΜΕ ΕΠΙΜΗΚΥΝΣΗ ΤΕΝΟΝΤΑ",Surgical,80,930
X636483,"ΘΥΛΑΚΟΤΟΜΗ, ΜΕΣΟ ΠΟΔΙ, ΕΚΤΕΝΗΣ, ΣΥΜΠΕΡΙΛΑΜΒΑΝΟΜΕΝΗ",Surgical,120,1090
X636487,"ΘΥΛΑΚΟΤΟΜΗ, ΜΕΣΟΤΑΡΣΙΟ (ΠΧ. ΕΠΕΜΒΑΣΗ ΤΥΠΟΥ HEYMAN)",Surgical,80,1410
X636499,"ΘΥΛΑΚΟΤΟΜΗ, ΜΕΤΑΤΑΡΣΟΦΑΛΑΓΓΙΚΗ ΑΡΘΡΩΣΗ, ΜΕ Ή ΧΩΡΙΣ",Surgical,80,2370
X636503,"ΘΥΛΑΚΟΤΟΜΗ, ΜΕΣΟΦΑΛΑΓΓΙΚΗ ΑΡΘΡΩΣΗ, ΚΑΘΕ ΑΡΘΡΩΣΗ (Ξ",Surgical,160,690
X636519,"ΣΥΝΔΑΚΤΥΛΙΑ, ΔΑΧΤΥΛΑ ΚΑΤΩ ΑΚΡΟΥ (ΠΧ. ΜΕ ΜΕΜΒΡΑΝΗ Ή",Surgical,120,1970
X636529,"ΔΙΟΡΘΩΣΗ, ΣΦΥΡΟΔΑΚΤΥΛΙΑ (ΠΧ. ΜΕΣΟΦΑΛΑΓΓΙΚΗ ΣΥΝΤΗΞΗ",Surgical,240,1220
X636531,"ΔΙΟΡΘΩΣΗ, ΠΑΡΑΜΟΡΦΩΣΗ ΠΕΜΠΤΟΥ ΔΑΚΤΥΛΟΥ, ΜΕ ΠΛΑΣΤΙΚ",Surgical,120,930
X636535,"ΟΣΤΕΟΤΟΜΙΑ, ΜΕΡΙΚΗ, ΕΚΤΟΜΗ ΕΞΩΣΤΟΣΗΣ Ή ΚΟΝΔΥΛΟΥ, Κ",Surgical,120,1700
X636537,ΔΙΟΡΘΩΣΗ ΔΥΣΚΑΜΨΙΑΣ ΜΕΓΑΛΟΥ ΔΑΧΤΥΛΟΥ ΜΕ ΕΚΤΟΜΗ ΧΕΙ,Surgical,180,2460
X636539,"ΔΙΟΡΘΩΣΗ, ΒΛΑΙΣΟΣ ΜΕΓΑΛΟΣ ΔΑΚΤΥΛΟΣ ΑΠΛΗ ΕΚΤΟΜΗ ΕΞΩ",Surgical,240,2620
X636543,"ΔΙΟΡΘΩΣΗ, ΒΛΑΙΣΟΣ ΜΕΓΑΛΟΣ ΔΑΚΤΥΛΟΣ ΕΠΕΜΒΑΣΗ ΤΥΠΟΥ ",Surgical,210,2940
X636545,"ΔΙΟΡΘΩΣΗ, ΒΛΑΙΣΟΣ ΜΕΓΑΛΟΣ ΔΑΚΤΥΛΟΣ ΑΡΘΡΩΣΗΣ ΜΕ ΕΜΦ",Surgical,120,3100
X636547,"ΔΙΟΡΘΩΣΗ, ΒΛΑΙΣΟΣ ΜΕΓΑΛΟΣ ΔΑΚΤΥΛΟΣ , ME ΜΟΣΧΕΥΜΑΤΑ",Surgical,180,3260
X636551,"ΔΙΟΡΘΩΣΗ, ΒΛΑΙΣΟΣ ΜΕΓΑΛΟΣ ΔΑΚΤΥΛΟΣ ΜΕ ΟΣΤΕΟΤΟΜΙΑ Μ",Surgical,150,1580
X636553,"ΔΙΟΡΘΩΣΗ, ΒΛΑΙΣΟΣ ΜΕΓΑΛΟΣ ΔΑΚΤΥΛΟΣ, ΕΠΕΜΒΑΣΗ ΤΥΠΟΥ",Surgical,210,1740
X636555,"ΔΙΟΡΘΩΣΗ, ΒΛΑΙΣΟΣ ΜΕΓΑΛΟΣ ΔΑΚΤΥΛΟΣ ΔΙΑ ΟΣΤΕΟΤΟΜΙΑΣ",Surgical,120,1900
X636557,"ΔΙΟΡΘΩΣΗ, ΒΛΑΙΣΟΣ ΜΕΓΑΛΟΣ ΔΑΚΤΥΛΟΣ ΔΙΑ ΔΙΠΛΗΣ ΟΣΤΕ",Surgical,180,2060
X636559,"ΟΣΤΕΟΤΟΜΙΑ, ΠΤΕΡΝΑ (ΠΧ. ΔΙΑΔΙΚΑΣΙΑ ΤΥΠΟΥ DWYER Ή C",Surgical,80,1170
X636563,"ΟΣΤΕΟΤΟΜΙΑ, ΑΣΤΡΑΓΑΛΟΣ",Surgical,160,1490
X636567,"ΟΣΤΕΟΤΟΜΙΑ, ΤΑΡΣΑΙΑ ΟΣΤΑ, ΕΚΤΟΣ ΠΤΕΡΝΑΣ Η ΑΣΤΡΑΓΑΛ",Surgical,120,1810
X636569,"ΟΣΤΕΟΤΟΜΙΑ, ΤΑΡΣΑΙΑ ΟΣΤΑ, ΕΚΤΟΣ ΠΤΕΡΝΑΣ Η ΑΣΤΡΑΓΑΛ",Surgical,160,1970
X636571,"ΟΣΤΕΟΤΟΜΙΑ, ΜΕ Ή ΧΩΡΙΣ ΕΠΙΜΗΚΥΝΣΗ, ΒΡΑΧΥΝΣΗ Ή ΓΩΝΙ",Surgical,80,2130
X636573,"ΟΣΤΕΟΤΟΜΙΑ, ΜΕ Ή ΧΩΡΙΣ ΕΠΙΜΗΚΥΝΣΗ, ΒΡΑΧΥΝΣΗ Ή ΓΩΝΙ",Surgical,120,2290
X636575,"ΟΣΤΕΟΤΟΜΙΑ, ΜΕ Ή ΧΩΡΙΣ ΕΠΙΜΗΚΥΝΣΗ, ΒΡΑΧΥΝΣΗ Ή ΓΩΝΙ",Surgical,160,450
X636577,"ΟΣΤΕΟΤΟΜΙΑ, ΜΕ Ή ΧΩΡΙΣ ΕΠΙΜΗΚΥΝΣΗ, ΒΡΑΧΥΝΣΗ Ή ΓΩΝΙ",Surgical,80,610
X636579,"ΟΣΤΕΟΤΟΜΙΑ, ΒΡΑΧΥΝΣΗ, ΓΩΝΙΩΔΗΣ Ή ΠΕΡΙΣΤΡΟΦΙΚΗ ΔΙΟΡ",Surgical,120,770
X636583,"ΟΣΤΕΟΤΟΜΙΑ, ΒΡΑΧΥΝΣΗ, ΓΩΝΙΩΔΗΣ Ή ΠΕΡΙΣΤΡΟΦΙΚΗ ΔΙΟΡ",Surgical,80,1090
X636585,"ΑΝΑΚΑΤΑΣΚΕΥΗ, ΓΩΝΙΩΔΗΣ ΔΥΣΜΟΡΦΙΑ ΔΑΚΤΥΛΟΥ ΚΑΤΩ ΑΚΡ",Surgical,120,1250
X636589,"ΣΗΣΑΜΟΕΙΔΕΚΤΟΜΗ, ΠΡΩΤΟΣ ΔΑΚΤΥΛΟΣ (ΞΕΧΩΡΙΣΤΗ ΕΠΕΜΒΑ",Surgical,240,2020
X636599,"ΔΙΟΡΘΩΣΗ, ΑΝΩΜΑΛΗΣ ΠΩΡΩΣΗΣ Ή ΨΕΥΔΑΡΘΡΩΣΗΣ, ΟΣΤΑ ΤΑ",Surgical,160,2370
X636603,"ΔΙΟΡΘΩΣΗ, ΑΝΩΜΑΛΗΣ ΠΩΡΩΣΗΣ Ή ΨΕΥΔΑΡΘΡΩΣΗΣ, ΜΕΤΑΤΑΡ",Surgical,120,690
X636639,"ΑΠΟΚΑΤΑΣΤΑΣΗ, ΔΑΚΤΥΛΟΣ ΚΑΤΩ ΑΚΡΟΥ, ΜΑΚΡΟΔΑΚΤΥΛΙΑ, ",Surgical,240,2020
X636641,"ΑΠΟΚΑΤΑΣΤΑΣΗ, ΔΑΚΤΥΛΟΣ ΚΑΤΩ ΑΚΡΟΥ, ΜΑΚΡΟΔΑΚΤΥΛΙΑ, ",Surgical,150,2180
X636647,"ΑΠΟΚΑΤΑΣΤΑΣΗ, ΔΑΚΤΥΛΟΣ(ΟΙ) ΚΑΤΩ ΑΚΡΟΥ, ΠΟΛΥΔΑΚΤΥΛΙ",Surgical,160,2210
X636649,"ΑΠΟΚΑΤΑΣΤΑΣΗ ΔΑΚΤΥΛΟΣ(ΟΙ) ΚΑΤΩ ΑΚΡΟΥ, ΣΥΝΔΑΚΤΥΛΙΑ,",Surgical,80,2370
X636679,"ΑΠΟΚΑΤΑΣΤΑΣΗ, ΜΕΡΙΚΗ ΑΔΑΚΤΥΛΙΑ ΚΑΤΩ ΑΚΡΟΥ (CLEFT F",Surgical,80,770
X636759,"ΚΛΕΙΣΤΗ ΑΝΑΤΑΞΗ ΚΑΤΑΓΜΑΤΟΣ ΠΤΕΡΝΑΣ , ΧΩΡΙΣ ΧΕΙΡΙΣΜ",Surgical,120,1170
X636769,ΑΝΕΝΕΡΓΟΣ,Surgical,80,1970
X636771,"ΔΙΑΔΕΡΜΙΚΗ ΣΚΕΛΕΤΙΚΗ ΚΑΘΗΛΩΣΗ ΚΑΤΑΓΜΑΤΟΣ ΠΤΕΡΝΑΣ, ",Surgical,120,2130
X636789,ΑΝΟΙΧΤΗ ΑΝΑΤΑΞΗ ΚΑΙ ΕΣΩΤΕΡΙΚΗ ΟΣΤΕΟΣΥΘΕΣΗ ΚΑΤΑΓΜΑΤ,Surgical,120,1570
X636799,ΑΝΟΙΧΤΗ ΑΝΑΤΑΞΗ ΚΑΙ ΕΣΩΤΕΡΙΚΗ ΟΣΤΕΟΣΥΘΕΣΗ ΚΑΤΑΓΜΑΤ,Surgical,80,2370
X636819,ΚΛΕΙΣΤΗ ΑΝΑΤΑΞΗ ΚΑΤΑΓΜΑΤΟΣ ΑΣΤΡΑΓΑΛΟΥ,Surgical,120,1970
X636829,ΑΝΕΝΕΡΓΟΣ,Surgical,80,770
X636831,ΑΝΕΝΕΡΓΟΣ,Surgical,120,930
X636849,ΑΝΟΙΧΤΗ ΑΝΑΤΑΞΗ ΚΑΙ ΕΣΩΤΕΡΙΚΗ ΟΣΤΕΟΣΥΘΕΣΗ ΚΑΤΑΓΜΑΤ,Surgical,120,2370
X636851,"ΑΝΟΙΧΤΟ ΟΣΤΕΟΧΟΝΔΡΙΚΟ ΑΥΤΟΜΟΣΧΕΥΜΑ, ΑΣΤΡΑΓΑΛΟΣ (ΠΕ",Surgical,160,530
X636859,ΚΛΕΙΣΤΗ ΑΝΑΤΑΞΗ ΚΑΤΑΓΜΑΤΟΣ ΤΑΡΣΟΥ,Surgical,80,1170
X636869,ΑΝΕΝΕΡΓΟΣ,Surgical,160,1970
X636871,"ΚΛΕΙΣΤΗ ΑΝΑΤΑΞΗ ΚΑΤΑΓΜΑΤΟΣ ΤΑΡΣΟΥ, ΚΑΘΗΛΩΣΗ ΜΕ ΒΕΛ",Surgical,80,2130
X636889,ΑΝΟΙΧΤΗ ΑΝΑΤΑΞΗ ΚΑΙ ΕΣΩΤΕΡΙΚΗ ΟΣΤΕΟΣΥΘΕΣΗ ΚΑΤΑΓΜΑΤ,Surgical,80,1570
X636899,"ΚΛΕΙΣΤΗ ΑΝΑΤΑΞΗ ΚΑΤΑΓΜΑΤΟΣ ΜΕΤΑΤΑΡΣΙΟΥ, ΚΑΘΕ ΚΑΤΑΓ",Surgical,160,2370
X636909,ΑΝΕΝΕΡΓΟΣ,Surgical,120,1170
X636911,"ΚΛΕΙΣΤΗ ΑΝΑΤΑΞΗ ΚΑΤΑΓΜΑΤΟΣ ΜΕΤΑΤΑΡΣΙΟΥ, ΚΑΘΗΛΩΣΗ Μ",Surgical,160,1330
X636929,ΑΝΟΙΧΤΗ ΑΝΑΤΑΞΗ ΚΑΙ ΕΣΩΤΕΡΙΚΗ ΟΣΤΕΟΣΥΘΕΣΗ ΚΑΤΑΓΜΑΤ,Surgical,160,770
X636939,ΚΛΕΙΣΤΗ ΑΝΑΤΑΞΗ ΚΑΤΑΓΜΑΤΟΣ ΤΟΥ ΜΕΓΑΛΟΥ ΔΑΚΤΥΛΟΥ ΚΑ,Surgical,240,2620
X636949,ΑΝΕΝΕΡΓΟΣ,Surgical,80,2370
X636951,ΚΛΕΙΣΤΗ ΑΝΑΤΑΞΗ ΚΑΤΑΓΜΑΤΟΣ ΤΟΥ ΜΕΓΑΛΟΥ ΔΑΚΤΥΛΟΥ ΚΑ,Surgical,150,1580
X636969,ΑΝΟΙΚΤΗ ΑΝΑΤΑΞΗ ΚΑΤΑΓΜΑΤΟΣ ΤΟΥ ΜΕΓΑΛΟΥ ΔΑΚΤΥΛΟΥ ΚΑ,Surgical,240,3020
X636979,"ΚΛΕΙΣΤΗ ΑΝΑΤΑΞΗ ΚΑΤΑΓΜΑΤΟΣ , ΦΑΛΑΓΓΑ Ή ΦΑΛΑΓΓΕΣ, Ε",Surgical,240,1820
X636989,ΑΝΕΝΕΡΓΟΣ,Surgical,160,1570
X637009,"ΑΝΟΙΚΤΗ ΑΝΑΤΑΞΗ ΚΑΤΑΓΜΑΤΟΣ, ΦΑΛΑΓΓΑ Ή ΦΑΛΑΓΓΕΣ, ΕΚ",Surgical,240,2220
X637019,ΑΝΕΝΕΡΓΟΣ,Surgical,80,1970
X637021,ΑΝΟΙΧΤΗ ΑΝΑΤΑΞΗ ΚΑΙ ΕΣΩΤΕΡΙΚΗ ΟΣΤΕΟΣΥΘΕΣΗ ΚΑΤΑΓΜΑΤ,Surgical,120,2130
X637039,"ΚΛΕΙΣΤΗ ΑΝΑΤΑΞΗ ΕΞΑΡΘΡΗΜΑΤΟΣ ΤΟΥ ΤΑΡΣΟΥ, ΕΚΤΟΣ ΤΗΣ",Surgical,120,1570
X637049,ΑΝΕΝΕΡΓΟΣ,Surgical,80,2370
X637051,"ΚΛΕΙΣΤΗ ΑΝΑΤΑΞΗ ΕΞΑΡΘΡΗΜΑΤΟΣ ΤΟΥ ΤΑΡΣΟΥ, ΕΚΤΟΣ ΤΗΣ",Surgical,120,530
X637069,"ΑΝΟΙΚΤΗ ΑΝΑΤΑΞΗ ΕΞΑΡΘΡΗΜΑΤΟΣ ΤΟΥ ΤΑΡΣΟΥ, ΕΚΤΟΣ ΤΗΣ",Surgical,240,1970
X637099,ΚΛΕΙΣΤΗ ΑΝΑΤΑΞΗ ΕΞΑΡΘΡΗΜΑΤΟΣ ΤΗΣ ΧΟΠΑΡΤΕΙΟΥ,Surgical,120,2370
X637109,ΑΝΕΝΕΡΓΟΣ,Surgical,80,1170
X637111,ΚΛΕΙΣΤΗ ΑΝΑΤΑΞΗ ΕΞΑΡΘΡΗΜΑΤΟΣ ΤΗΣ ΧΟΠΑΡΤΕΙΟΥ ΚΑΙ ΣΤ,Surgical,120,1330
X637129,ΑΝΟΙΚΤΗ ΑΝΑΤΑΞΗ ΕΞΑΡΘΡΗΜΑΤΟΣ ΤΗΣ ΧΟΠΑΡΤΕΙΟΥ ΚΑΙ ΣΤ,Surgical,240,770
X637159,ΚΛΕΙΣΤΗ ΑΝΑΤΑΞΗ ΤΑΡΣΟΜΕΤΑΤΑΡΣΙΟΥ ΕΞΑΡΘΡΗΜΑΤΟΣ,Surgical,120,1170
X637169,ΑΝΕΝΕΡΓΟΣ,Surgical,80,1970
X637171,ΚΛΕΙΣΤΗ ΑΝΑΤΑΞΗ ΤΑΡΣΟΜΕΤΑΤΕΡΣΙΟΥ ΕΞΑΡΘΡΗΜΑΤΟΣ ΚΑΙ ,Surgical,120,2130
X637189,ΑΝΟΙΚΤΗ ΑΝΑΤΑΞΗ ΤΑΡΣΟΜΕΤΑΤΑΡΣΙΟΥ ΕΞΑΡΘΡΗΜΑΤΟΣ ΚΑΙ ,Surgical,240,1570
X637219,ΚΛΕΙΣΤΗ ΑΝΑΤΑΞΗ ΜΕΤΑΤΑΡΣΙΟΦΑΛΑΓΓΙΚΟΥ ΕΞΑΡΘΡΗΜΑΤΟΣ,Surgical,120,1970
X637229,ΑΝΕΝΕΡΓΟΣ,Surgical,80,770
X637231,ΚΛΕΙΣΤΗ ΑΝΑΤΑΞΗ ΜΕΤΑΤΑΡΣΙΟΦΑΛΑΓΓΙΚΟΥ ΕΞΑΡΘΡΗΜΑΤΟΣ ,Surgical,120,930
X637249,ΑΝΟΙΚΤΗ ΑΝΑΤΑΞΗ ΜΕΤΑΤΑΡΣΙΟΦΑΛΑΓΓΙΚΟΥ ΕΞΑΡΘΡΗΜΑΤΟΣ ,Surgical,240,2370
X637279,ΚΛΕΙΣΤΗ ΑΝΑΤΑΞΗ ΜΕΣΟΦΑΛΑΓΓΙΚΟΥ ΕΞΑΡΘΡΗΜΑΤΟΣ,Surgical,120,770
X637289,ΑΝΕΝΕΡΓΟΣ,Surgical,80,1570
X637291,ΚΛΕΙΣΤΗ ΑΝΑΤΑΞΗ ΜΕΣΟΦΑΛΑΓΓΙΚΟΥ ΕΞΑΡΘΡΗΜΑΤΟΣ ΚΑΙ ΣΤ,Surgical,120,1730
X637309,ΑΝΟΙΚΤΗ ΑΝΑΤΑΞΗ ΜΕΣΟΦΑΛΑΓΓΙΚΟΥ ΕΞΑΡΘΡΗΜΑΤΟΣ ΚΑΙ ΣΤ,Surgical,240,1170
X637369,ΑΝΕΝΕΡΓΟΣ,Surgical,120,1970
X637389,"ΑΡΘΡΟΔΕΣΗ, ΤΡΙΠΛΗ",Surgical,160,1570
X637409,"ΑΡΘΡΟΔΕΣΗ, ΥΠΑΣΤΡΑΓΑΛΙΚΗ",Surgical,80,1170
X637419,"ΑΡΘΡΟΔΕΣΗ, ΜΕΣΟΤΑΡΣΙΟΥ Ή ΤΑΡΣΟΜΕΤΑΤΑΡΣΙΟΥ, ΠΟΛΛΑΠΛ",Surgical,160,1970
X637429,"ΑΡΘΡΟΔΕΣΗ, ΜΕΣΟΤΑΡΣΙΟΥ Ή ΤΑΡΣΟΜΕΤΑΤΑΡΣΙΟΥ, ΠΟΛΛΑΠΛ",Surgical,120,770
X637433,"ΑΡΘΡΟΔΕΣΗ, ΜΕ ΕΠΙΜΗΚΥΝΣΗ ΤΕΝΟΝΤΑ ΚΑΙ ΜΕΤΑΤΟΠΙΣΗ, Μ",Surgical,80,1090
X637439,"ΑΡΘΡΟΔΕΣΗ, ΜΕΣΟΤΑΡΣΙΟΥ Η ΤΑΡΣΟΜΕΤΑΤΑΡΣΙΟΥ, ΜΙΑ ΑΡΘ",Surgical,80,1570
X637459,"ΑΡΘΡΟΔΕΣΗ, ΜΕΓΑΛΟΣ ΔΑΚΤΥΛΟΣ, ΜΕΤΑΤΑΡΣΙΟΦΑΛΑΓΓΙΚΗ Α",Surgical,240,2220
X637469,"ΑΡΘΡΟΔΕΣΗ, ΜΕΓΑΛΟΣ ΔΑΚΤΥΛΟΣ, ΚΑΤΩ ΑΚΡΟ, ΜΕΣΟΦΑΛΑΓΓ",Surgical,240,3020
X637479,"ΑΡΘΡΟΔΕΣΗ, ΜΕ ΜΕΤΑΦΟΡΑ ΤΟΥ ΕΠΙΜΗΚΟΥΣ ΕΚΤΕΙΝΩΝΤΟΣ Τ",Surgical,240,1820
X637559,"ΑΚΡΩΤΗΡΙΑΣΜΟΣ, ΑΚΡΟΣ ΠΟΥΣ, ΜΕΣΟΤΑΡΣΙΟ (ΠΧ. ΕΠΕΜΒΑΣ",Surgical,80,1170
X637569,"ΑΚΡΩΤΗΡΙΑΣΜΟΣ, ΑΚΡΟΣ ΠΟΥΣ, ΔΙΑ ΤΟΥ ΜΕΤΑΤΑΡΣΙΟΥ",Surgical,160,1970
X637579,ΑΚΤΙΝΩΤΟΣ ΑΚΡΩΤΗΡΙΑΣΜΟΣ,Surgical,120,770
X637599,"ΑΚΡΩΤΗΡΙΑΣΜΟΣ, ΔΑΚΤΥΛΟΣ, ΜΕΤΑΤΑΡΣΟΦΑΛΑΓΓΙΚΗ ΑΡΘΡΩΣ",Surgical,160,2370
X637609,"ΑΚΡΩΤΗΡΙΑΣΜΟΣ, ΔΑΚΤΥΛΟΣ, ΚΑΤΩ ΑΚΡΟ, ΜΕΣΟΦΑΛΑΓΓΙΚΗ ",Surgical,120,1170
X637739,"ΕΞΩΣΩΜΑΤΙΚΗ ΘΕΡΑΠΕΙΑ SHOCK WAVE, ΥΨΗΛΗΣ ΕΝΕΡΓΕΙΑΣ,",Surgical,80,1570
X637757,"ΜΗ ΚΑΤΑΓΕΓΡΑΜΜΕΝΗ ΕΠΕΜΒΑΣΗ,ΑΚΡΟΣ ΠΟΥΣ Ή ΔΑΚΤΥΛΟΙ",Surgical,80,1010
X637959,ΕΦΑΡΜΟΓΗ ΓΥΨΟΥ ΣΩΜΑΤΟΣ ΤΥΠΟΥ HALO (ΒΛ. 20661-20663,Surgical,160,1170
X637979,"ΕΦΑΡΜΟΓΗ RISSER JACKET, ΕΝΤΟΠΙΣΤΗΣ, ΣΩΜΑ, ΜΟΝΟ",Surgical,80,770
X637989,"ΕΦΑΡΜΟΓΗ RISSER JACKET, ΕΝΤΟΠΙΣΤΗΣ, ΣΩΜΑ, ΣΥΜΠΕΡΙΛ",Surgical,160,1570
X637999,"ΕΦΑΡΜΟΓΗ TURNBUCKLE JACKET, ΣΩΜΑ, ΜΟΝΟ",Surgical,120,2370
X638009,"ΕΦΑΡΜΟΓΗ TURNBUCKLE JACKET, ΣΩΜΑ, ΣΥΜΠΕΡΙΛΑΜΒΑΝΟΜΕ",Surgical,120,1170
X638029,"ΕΦΑΡΜΟΓΗ ΓΥΨΟΥ ΣΩΜΑΤΟΣ,ΑΠΟ ΩΜΟΥΣ ΩΣ ΚΑΤ' ΙΣΧΙΟΝ ΑΡ",Surgical,160,770
X638039,"ΕΦΑΡΜΟΓΗ ΓΥΨΟΥ ΣΩΜΑΤΟΣ, ΑΠΟ ΩΜΟΥΣ ΩΣ ΚΑΤ' ΙΣΧΙΟΝ Α",Surgical,120,1570
X638047,"ΕΦΑΡΜΟΓΗ ΓΥΨΟΥ ΣΩΜΑΤΟΣ, ΑΠΟ ΩΜΟΥΣ ΩΣ ΚΑΤ' ΙΣΧΙΟΝ Α",Surgical,160,2210
X638051,"ΕΦΑΡΜΟΓΗ ΓΥΨΟΥ ΣΩΜΑΤΟΣ, ΑΠΟ ΩΜΟΥΣ ΩΣ ΚΑΤ' ΙΣΧΙΟΝ Α",Surgical,120,530
X638057,ΑΝΕΝΕΡΓΟΣ,Surgical,120,1010
X638069,ΑΝΕΝΕΡΓΟΣ,Surgical,120,1970
X638075,"ΕΦΑΡΜΟΓΗ, ΓΥΨΟΣ, ΛΕΥΚΟΠΛΑΣΤΗΣ",Surgical,120,450
X638089,"ΕΦΑΡΜΟΓΗ, ΓΥΨΟΣ, ΑΠΟ ΩΜΟ ΕΩΣ ΑΚΡΑ ΧΕΙΡ (ΜΑΚΡΥΣ)",Surgical,160,1570
X638109,"ΕΦΑΡΜΟΓΗ, ΓΥΨΟΣ, ΑΠΟ ΑΓΚΩΝΑ ΕΩΣ ΔΑΚΤΥΛΟ (ΚΟΝΤΟΣ)",Surgical,80,1170
X638129,"ΕΦΑΡΜΟΓΗ, ΓΥΨΟΣ, ΑΚΡΑ ΧΕΙΡ ΚΑΙ ΚΑΤΩΤΕΡΟ ΑΝΤΙΒΡΑΧΙΟ",Surgical,120,770
X638131,"ΕΦΑΡΜΟΓΗ, ΓΥΨΟΣ, ΔΑΚΤΥΛΟΣ",Surgical,160,930
X638169,ΕΦΑΡΜΟΓΗ ΜΑΚΡΟΥ ΝΑΡΘΗΚΑ ΑΠΟ ΩΜΟ ΣΕ ΑΚΡΑ ΧΕΙΡ,Surgical,80,1970
X638209,ΕΦΑΡΜΟΓΗ ΚΟΝΤΟΥ ΝΑΡΘΗΚΑ ΑΠΟ ΑΝΤΙΒΡΑΧΙΟ ΣΕ ΑΚΡΑ ΧΕΙ,Surgical,160,1170
X638211,ΕΦΑΡΜΟΓΗ ΚΟΝΤΟΥ ΝΑΡΘΗΚΑ ΑΠΟ ΑΝΤΙΒΡΑΧΙΟ ΣΕ ΑΚΡΑ ΧΕΙ,Surgical,80,1330
X638219,"ΕΦΑΡΜΟΓΗ ΝΑΡΘΗΚΑ ΔΑΚΤΥΛΟΥ, ΣΤΑΤΙΚΟΣ",Surgical,120,1970
X638221,"ΕΦΑΡΜΟΓΗ ΝΑΡΘΗΚΑ ΔΑΚΤΥΛΟΥ, ΔΥΝΑΜΙΚΟΣ",Surgical,160,2130
X638359,"ΠΕΡΙΔΕΣΗ, ΘΩΡΑΚΑΣ",Surgical,160,2220
X638399,ΑΝΕΝΕΡΓΟΣ,Surgical,120,2370
X638439,"ΠΕΡΙΔΕΣΗ, ΩΜΟΣ (ΠΧ. VELPEAU)",Surgical,80,1570
X638479,"ΠΕΡΙΔΕΣΗ, ΑΓΚΩΝΑΣ Ή ΚΑΡΠΟΣ",Surgical,160,770
X638519,"ΠΕΡΙΔΕΣΗ, ΑΚΡΑ ΧΕΙΡ Ή ΔΑΚΤΥΛΟΣ",Surgical,120,1970
X638569,"ΕΦΑΡΜΟΓΗ ΝΑΡΘΗΚΑ ΚΑΤ' ΙΣΧΙΟΝ ΑΡΘΡΩΣΕΩΣ, ΕΝΑ ΣΚΕΛΟΣ",Surgical,160,1970
X638609,"ΕΦΑΡΜΟΓΗ ΝΑΡΘΗΚΑ ΚΑΤ' ΙΣΧΙΟΝ ΑΡΘΡΩΣΕΩΣ, ΜΙΑΜΙΣΗ ΕΠ",Surgical,120,1170
X638649,ΕΦΑΡΜΟΓΗ ΜΑΚΡΟΥ ΓΥΨΟΥ ΣΚΕΛΟΥΣ (ΑΠΟ ΜΗΡΟ ΕΩΣ ΔΑΚΤΥΛ,Surgical,80,2370
X638669,ΕΦΑΡΜΟΓΗ ΜΑΚΡΟΥ ΓΥΨΟΥ ΣΚΕΛΟΥΣ (ΑΠΟ ΜΗΡΟ ΕΩΣ ΔΑΚΤΥΛ,Surgical,120,1970
X638675,ΑΝΕΝΕΡΓΟΣ,Surgical,120,450
X638689,ΕΦΑΡΜΟΓΗ ΚΥΛΙΝΔΡΙΚΟΥ ΓΥΨΟΥ (ΑΠΟ ΜΗΡΟ ΕΩΣ ΠΟΔΟΚΝΗΜΙ,Surgical,160,1570
X638769,ΚΝΗΜΟΠΟΔΙΚΟΣ ΓΥΨΟΣ,Surgical,80,1970
X638809,ΕΦΑΡΜΟΓΗ ΚΟΝΤΟΥ ΓΥΨΟΥ ΣΚΕΛΟΥΣ (ΚΑΤΩ ΑΠΟ ΤΟ ΓΟΝΑΤΟ ,Surgical,160,1170
X638829,ΕΦΑΡΜΟΓΗ ΓΥΨΟΥ ΕΠΙΓΟΝΑΤΙΔΙΚΟΥ ΤΕΝΟΝΤΑ (PTB),Surgical,80,770
X638839,ΠΡΟΣΘΗΚΗ WALKER ΣΕ ΠΡΟΗΓΟΥΜΕΝΗ ΕΦΑΡΜΟΓΗ ΓΥΨΟΥ,Surgical,160,1570
X638849,ΕΦΑΡΜΟΓΗ ΑΚΑΜΠΤΟΥ ΓΥΨΟΥ ΟΛΙΚΗΣ ΕΠΑΦΗΣ,Surgical,120,2370
X638859,ΕΦΑΡΜΟΓΗ ΓΥΨΟΥ ΔΙΟΡΘΩΣΗΣ ΒΛΑΙΣΟΠΟΔΙΑΣ ΜΕ ΕΚΜΑΓΕΙΟ ,Surgical,80,1170
X638969,ΕΦΑΡΜΟΓΗ ΜΑΚΡΙΟΥ ΣΚΕΛΟΥΣ ΝΑΡΘΗΚΑ (ΜΗΡΟΣ ΕΩΣ ΠΟΔΟΚΝ,Surgical,120,1970
X638989,ΚΝΗΜΟΠΟΔΙΚΟΣ ΝΑΡΘΗΚΑΣ,Surgical,160,1570
X638999,"ΕΠΙΔΕΣΗ, ΚΑΤ' ΙΣΧΙΟΝ ΑΡΘΡΩΣΗ",Surgical,120,2370
X639019,"ΕΠΙΔΕΣΗ, ΓΟΝΑΤΟ",Surgical,80,1970
X639039,"ΕΠΙΔΕΣΗ, ΠΟΔΟΚΝΗΜΙΚΗ ΚΑΙ/'Η ΑΚΡΟΣ ΠΟΥΣ",Surgical,120,1570
X639059,"ΕΠΙΔΕΣΗ, ΔΑΚΤΥΛΟΙ, ΚΑΤΩ ΑΚΡΟ",Surgical,160,1170
X639119,"ΕΠΙΔΕΣΗ, UNNA BOOT",Surgical,160,1970
X639139,ΕΠΙΔΕΣΗ ΜΕ ΝΑΡΘΗΚΑ DENIS-BROWNE,Surgical,80,1570
X639359,"ΑΦΑΙΡΕΣΗ Ή ΕΦΑΡΜΟΓΗ ΔΥΟ ΒΑΛΒΙΔΩΝ, ΓΑΝΤΙ, ΜΠΟΤΑ Ή Γ",Surgical,240,1620
X639369,"ΑΦΑΙΡΕΣΗ Ή ΕΦΑΡΜΟΓΗ ΔΥΟ ΒΑΛΒΙΔΩΝ, ΓΥΨΟΣ ΣΕ ΟΛΟ ΤΟ ",Surgical,240,2420
X639379,"ΑΦΑΙΡΕΣΗ Ή ΕΦΑΡΜΟΓΗ ΔΥΟ ΒΑΛΒΙΔΩΝ, ΧΕΙΡΟΥΡΓΙΚΟΣ ΕΠΙ",Surgical,240,1220
X639389,"ΑΦΑΙΡΕΣΗ Ή ΕΦΑΡΜΟΓΗ ΔΥΟ ΒΑΛΒΙΔΩΝ, ΤΥΠΟΥ TURNBUCKLE",Surgical,240,2020
X639399,"ΔΙΟΡΘΩΣΗ ΤΟΥ ΧΕΙΡΟΥΡΓΙΚΟΥ ΕΠΙΔΕΣΜΟΥ, ΓΥΨΟΥ ΣΩΜΑΤΟΣ",Surgical,120,2370
X639419,"ΓΥΨΟ£̠Μ̠ΣΥΣΤΗΜ ""ΠΑΡΑΘΥΡΩΝ""",Surgical,160,1970
X639439,ΣΤΕΡΕΩΣΗ ΓΥΨΟΥ (ΕΞΑΙΡΕΙΤΑΙ Ο ΓΥΨΟΣ ΓΙΑ ΒΛΑΙΣΟΠΟΔΙΑ,Surgical,80,1570
X639459,ΣΤΕΡΕΩΣΗ ΓΥΨΟΥ ΔΙΟΡΘΩΣΗΣ ΒΛΑΙΣΟΠΟΔΙΑΣ,Surgical,120,1170
X639557,"ΜΗ ΚΑΤΑΓΕΓΡΑΜΜΕΝΗ ΔΙΑΔΙΚΑΣΙΑ, ΕΦΑΡΜΟΓΗ ΓΥΨΟΥ Ή ΕΠΙ",Surgical,160,1010
X639559,"ΑΡΘΡΟΣΚΟΠΗΣΗ, ΚΡΟΤΑΦΟΓΝΑΘΙΚΗ ΑΡΘΡΩΣΗ, ΔΙΑΓΝΩΣΤΙΚΗ,",Surgical,80,1170
X639567,"ΑΡΘΡΟΣΚΟΠΗΣΗ, ΚΡΟΤΑΦΟΓΝΑΘΙΚΗ ΑΡΘΡΩΣΗ, ΧΕΙΡΟΥΡΙΚΗ",Surgical,120,1810
X639569,"ΑΡΘΡΟΣΚΟΠΗΣΗ, ΩΜΟΣ, ΔΙΑΓΝΩΣΤΙΚΗ, ΜΕ Ή ΧΩΡΙΣ ΑΡΘΡΙΚ",Surgical,160,1970
X639571,"ΑΡΘΡΟΣΚΟΠΗΣΗ, ΩΜΟΣ, ΧΕΙΡΟΥΡΓΙΚΗ, ΡΑΦΗ ΑΡΘΡΙΚΟΥ ΘΥΛ",Surgical,80,2130
X639573,"ΑΡΘΡΟΣΚΟΠΗΣΗ, ΩΜΟΣ, ΧΕΙΡΟΥΡΓΙΚΗ, ΑΠΟΚΑΤΑΣΤΑΣΗ ΡΗΞΗ",Surgical,120,2290
X639597,"ΑΡΘΡΟΣΚΟΠΗΣΗ, ΩΜΟΣ, ΧΕΙΡΟΥΡΓΙΚΗ; ΜΕ ΑΦΑΙΡΕΣΗ ΕΛΕΥΘ",Surgical,180,2660
X639599,ΑΝΕΝΕΡΓΟΣ,Surgical,160,2370
X639601,"ΑΡΘΡΟΣΚΟΠΗΣΗ, ΩΜΟΣ, ΧΕΙΡΟΥΡΓΙΚΗ, ΕΚΤΟΜΗ ΑΡΘΡΙΚΟΥ Θ",Surgical,150,980
X639603,"ΑΡΘΡΟΣΚΟΠΗΣΗ, ΩΜΟΣ, ΧΕΙΡΟΥΡΓΙΚΗ, ΧΕΙΡΟΥΡΓΙΚΟΣ ΚΑΘΑ",Surgical,120,690
X639605,"ΑΡΘΡΟΣΚΟΠΗΣΗ, ΩΜΟΣ, ΧΕΙΡΟΥΡΓΙΚΗ, ΧΕΙΡΟΥΡΓΙΚΟΣ ΚΑΘΑ",Surgical,160,850
X639607,"ΑΡΘΡΟΣΚΟΠΗΣΗ, ΩΜΟΣ, ΧΕΙΡΟΥΡΓΙΚΗ, ΠΕΡΙΦΕΡΙΚΗ ΚΛΕΙΔΕ",Surgical,180,1460
X639609,"ΑΡΘΡΟΣΚΟΠΗΣΗ, ΩΜΟΣ, ΧΕΙΡΟΥΡΓΙΚΗ, ΜΕ ΛΥΣΗ ΚΑΙ ΑΦΑΙΡ",Surgical,240,1620
X639611,"ΑΡΘΡΟΣΚΟΠΗΣΗ, ΩΜΟΣ, ΧΕΙΡΟΥΡΓΙΚΗ, ΑΠΟΣΥΜΠΙΕΣΗ ΤΟΥ Υ",Surgical,160,1330
X639613,"ΑΡΘΡΟΣΚΟΠΗΣΗ, ΩΜΟΣ, ΧΕΙΡΟΥΡΓΙΚΗ, ΜΕ ΑΠΟΚΑΤΑΣΤΑΣΗ Τ",Surgical,80,1490
X639615,"ΑΡΘΡΟΣΚΟΠΗΣΗ, ΩΜΟΣ,ΧΕΙΡΟΥΡΓΙΚΗ, ΤΕΝΟΝΤΟΔΕΣΗ ΤΟΥ ΔΙ",Surgical,120,1650
X639619,"ΑΡΘΡΟΣΚΟΠΗΣΗ, ΑΓΚΩΝΑΣ, ΔΙΑΓΝΩΣΤΙΚΗ, ΜΕ Ή ΧΩΡΙΣ ΑΡΘ",Surgical,80,1970
X639627,"ΑΡΘΡΟΣΚΟΠΗΣΗ, ΑΓΚΩΝΑΣ, ΧΕΙΡΟΥΡΓΙΚΗ; ΜΕ ΑΦΑΙΡΕΣΗ ΕΛ",Surgical,180,1060
X639629,ΑΝΕΝΕΡΓΟΣ,Surgical,160,770
X639631,"ΑΡΘΡΟΣΚΟΠΗΣΗ, ΑΓΚΩΝΑΣ, ΧΕΙΡΟΥΡΓΙΚΗ, ΕΚΤΟΜΗ ΑΡΘΡΙΚΟ",Surgical,150,1380
X639633,ΑΝΕΝΕΡΓΟΣ,Surgical,120,1090
X639635,"ΑΡΘΡΟΣΚΟΠΗΣΗ, ΑΓΚΩΝΑΣ, ΧΕΙΡΟΥΡΓΙΚΗ, ΧΕΙΡΟΥΡΓΙΚΟΣ Κ",Surgical,160,1250
X639639,"ΑΡΘΡΟΣΚΟΠΗΣΗ, ΚΑΡΠΟΣ, ΔΙΑΓΝΩΣΤΙΚΗ, ΜΕ Ή ΧΩΡΙΣ ΑΡΘΡ",Surgical,120,1570
X639645,ΑΡΘΡΟΣΚΟΠΙΚΟΣ ΚΑΘΑΡΙΣΜΟΣ ΕΚΠΛΥΣΗ,Surgical,120,2050
X639647,"ΑΡΘΡΟΣΚΟΠΗΣΗ, ΚΑΡΠΟΣ, ΧΕΙΡΟΥΡΓΙΚΗ, ΕΚΤΟΜΗ ΑΡΘΡΙΚΟΥ",Surgical,180,2660
X639649,"ΑΡΘΡΟΣΚΟΠΗΣΗ, ΚΑΡΠΟΣ, ΧΕΙΡΟΥΡΓΙΚΗ, ΕΚΤΟΜΗ ΑΡΘΡΙΚΟΥ",Surgical,240,2820
X639651,"ΑΡΘΡΟΣΚΟΠΗΣΗ, ΚΑΡΠΟΣ, ΧΕΙΡΟΥΡΓΙΚΗ, ΕΚΤΟΜΗ ΚΑΙ/Ή ΑΠ",Surgical,150,980
X639653,"ΑΡΘΡΟΣΚΟΠΗΣΗ, ΚΑΡΠΟΣ, ΧΕΙΡΟΥΡΓΙΚΗ, ΕΣΩΤΕΡΙΚΗ ΚΑΘΗΛ",Surgical,160,690
X639655,"ΕΝΔΟΣΚΟΠΗΣΗ, ΚΑΡΠΟΣ, ΧΕΙΡΟΥΡΓΙΚΗ, ΜΕ ΑΠΟΔΕΣΜΕΥΣΗ Τ",Surgical,80,850
X639659,ΑΡΘΡΟΣΚΟΠΙΚΑ ΥΠΟΒΟΗΘΟΥΜΕΝΗ ΑΝΑΤΑΞΗ ΜΕΣΟΚΟΝΔΥΛΙΑΣ Α,Surgical,160,1170
X639661,ΑΡΘΡΟΣΚΟΠΙΚΑ ΥΠΟΒΟΗΘΟΥΜΕΝΗ ΑΝΑΤΑΞΗ ΜΕΣΟΚΟΝΔΥΛΙΑΣ Α,Surgical,80,1330
X639669,ΑΡΘΡΟΣΚΟΠΙΚΑ ΥΠΟΒΟΗΘΟΥΜΕΝΗ ΑΝΑΤΑΞΗ ΚΝΗΜΙΑΙΟΥ ΚΑΤΑΓ,Surgical,120,1970
X639671,ΑΡΘΡΟΣΚΟΠΙΚΑ ΥΠΟΒΟΗΘΟΥΜΕΝΗ ΑΝΑΤΑΞΗ ΤΟΥ ΚΝΗΜΙΑΙΟΥ Κ,Surgical,160,2130
X639679,"ΑΡΘΡΟΣΚΟΠΗΣΗ, ΚΑΤ' ΙΣΧΙΟΝ ΑΡΘΡΩΣΗ, ΔΙΑΓΝΩΣΤΙΚΗ, ΜΕ",Surgical,80,770
X639681,"ΑΡΘΡΟΣΚΟΠΗΣΗ, ΚΑΤ' ΙΣΧΙΟΝ ΑΡΘΡΩΣΗ, ΧΕΙΡΟΥΡΓΙΚΗ; ΜΕ",Surgical,150,1380
X639683,"ΑΡΘΡΟΣΚΟΠΗΣΗ, ΚΑΤ' ΙΣΧΙΟΝ ΑΡΘΡΩΣΗ, ΧΕΙΡΟΥΡΓΙΚΗ; ΜΕ",Surgical,210,1540
X639685,"ΑΡΘΡΟΣΚΟΠΗΣΗ, ΚΑΤ' ΙΣΧΙΟΝ ΑΡΘΡΩΣΗ, ΧΕΙΡΟΥΡΓΙΚΗ; ΜΕ",Surgical,120,1700
X639691,"ΑΡΘΡΟΣΚΟΠΗΣΗ, ΓΟΝΑΤΟ, ΧΕΙΡΟΥΡΓΙΚΗ. ΟΣΤΕΟΧΟΝΔΡΙΝΟ Μ",Surgical,80,1730
X639693,"ΑΡΘΡΟΣΚΟΠΗΣΗ, ΓΟΝΑΤΟ, ΧΕΙΡΟΥΡΓΙΚΗ. ΟΣΤΕΟΧΟΝΔΡΙΚΟ Α",Surgical,120,1890
X639695,"ΑΡΘΡΟΣΚΟΠΗΣΗ, ΓΟΝΑΤΟ, ΧΕΙΡΟΥΡΓΙΚΗ. ΜΕΤΑΜΟΣΧΕΥΣΗ ΜΗ",Surgical,120,3100
X639699,"ΑΡΘΡΟΣΚΟΠΗΣΗ, ΓΟΝΑΤΟ, ΔΙΑΓΝΩΣΤΙΚΗ, ΜΕ Ή ΧΩΡΙΣ ΑΡΘΡ",Surgical,120,2370
X639701,"ΑΡΘΡΟΣΚΟΠΗΣΗ, ΓΟΝΑΤΟ, ΧΕΙΡΟΥΡΓΙΚΗ, ΓΙΑ ΜΟΛΥΝΣΗ, ΕΚ",Surgical,160,530
X639705,ΑΡΘΡΟΣΚΟΠΙΚΗ ΑΠΟΚΑΤΑΣΤΑΣΗ ΕΞΑΡΘΡΗΜΑΤΟΣ ΕΠΙΓΟΝΑΤΙΔΟ,Surgical,120,850
X639707,"ΑΡΘΡΟΣΚΟΠΗΣΗ, ΓΟΝΑΤΟ, ΧΕΙΡΟΥΡΓΙΚΗ; ΓΙΑ ΑΦΑΙΡΕΣΗ ΕΛ",Surgical,180,1460
X639709,"ΑΡΘΡΟΣΚΟΠΗΣΗ, ΓΟΝΑΤΟ, ΧΕΙΡΟΥΡΓΙΚΗ. ΕΚΤΟΜΗ ΑΡΘΡΙΚΟΥ",Surgical,240,1620
X639711,"ΑΡΘΡΟΣΚΟΠΗΣΗ, ΓΟΝΑΤΟ, ΧΕΙΡΟΥΡΓΙΚΗ. ΕΚΤΟΜΗ ΑΡΘΡΙΚΟΥ",Surgical,150,2380
X639713,"ΑΡΘΡΟΣΚΟΠΗΣΗ, ΓΟΝΑΤΟ, ΧΕΙΡΟΥΡΓΙΚΗ; ΧΕΙΡΟΥΡΓΙΚΟΣ ΚΑ",Surgical,160,1490
X639717,"ΑΡΘΡΟΣΚΟΠΗΣΗ, ΓΟΝΑΤΟ, ΧΕΙΡΟΥΡΓΙΚΗ. ΑΡΘΡΟΠΛΑΣΤΙΚΗ Α",Surgical,120,2260
X639719,"ΑΡΘΡΟΣΚΟΠΗΣΗ, ΓΟΝΑΤΟ, ΧΕΙΡΟΥΡΓΙΚΗ. ΜΕ ΕΚΤΟΜΗ ΜΗΝΙΣ",Surgical,240,2420
X639721,"ΑΡΘΡΟΣΚΟΠΗΣΗ, ΓΟΝΑΤΟ, ΧΕΙΡΟΥΡΓΙΚΗ. ΜΕ ΕΚΤΟΜΗ ΜΗΝΙΣ",Surgical,150,2580
X639723,ΑΡΘΡΟΣΚΟΠΙΚΗ ΣΥΡΡΑΦΗ ΜΗΝΙΣΚΩΝ ΜΕ ΒΙΟΑΠΟΡΡΟΦΗΣΙΜΑ Υ,Surgical,120,2290
X639725,ΑΝΕΝΕΡΓΟΣ,Surgical,160,450
X639727,"ΑΡΘΡΟΣΚΟΠΗΣΗ, ΓΟΝΑΤΟ, ΧΕΙΡΟΥΡΓΙΚΗ. ΜΕ ΛΥΣΗ ΣΥΜΦΥΣΕ",Surgical,80,610
X639729,"ΑΡΘΡΟΣΚΟΠΗΣΗ, ΓΟΝΑΤΟ, ΧΕΙΡΟΥΡΓΙΚΗ. ΜΕ ΤΟΜΗ (ΤΡΥΠΑΝ",Surgical,120,770
X639731,"ΑΡΘΡΟΣΚΟΠΗΣΗ, ΓΟΝΑΤΟ, ΤΡΥΠΑΝΙΣΜΟΣ ΓΙΑ ΜΗ ΕΠΙΠΛΕΓΜΕ",Surgical,160,930
X639733,"ΑΡΘΡΟΣΚΟΠΗΣΗ, ΓΟΝΑΤΟ, ΤΡΥΠΑΝΙΣΜΟΣ ΓΙΑ ΜΗ ΕΠΙΠΛΕΓΜΕ",Surgical,80,1090
X639735,ΑΡΘΡΟΣΚΟΠΙΚΑ ΥΠΟΒΟΗΘΟΥΜΕΝΗ ΑΠΟΚΑΤΑΣΤΑΣΗ/ΕΝΙΣΧΥΣΗ Π,Surgical,120,1250
X639737,ΑΡΘΡΟΣΚΟΠΙΚΑ ΥΠΟΒΟΗΘΟΥΜΕΝΗ ΑΠΟΚΑΤΑΣΤΑΣΗ/ΕΝΙΣΧΥΣΗ Ο,Surgical,160,1410
X639741,"ΑΡΘΡΟΣΚΟΠΗΣΗ, ΠΟΔΟΚΝΗΜΙΚΗ, ΧΕΙΡΟΥΡΓΙΚΗ, ΕΚΤΟΜΗ ΟΣΤ",Surgical,150,2180
X639743,ΑΡΘΡΟΣΚΟΠΙΚΑ ΥΠΟΒΟΗΘΟΥΜΕΝΗ ΑΠΟΚΑΤΑΣΤΑΣΗ ΜΕΓΑΛΗΣ ΒΛ,Surgical,210,2940
X639745,ΕΝΔΟΣΚΟΠΙΚΗ ΤΟΜΗ ΠΕΛΜΑΤΙΑΙΑΣ ΠΕΡΙΤΟΝΙΑΣ,Surgical,80,2050
X639747,"ΑΡΘΡΟΣΚΟΠΗΣΗ, ΠΟΔΟΚΝΗΜΙΚΗ (ΑΣΤΡΑΓΑΛΟΚΝΗΜΙΑΙΕΣ ΚΑΙ ",Surgical,180,2660
X639749,"ΑΡΘΡΟΣΚΟΠΗΣΗ, ΠΟΔΟΚΝΗΜΙΚΗ (ΑΣΤΡΑΓΑΛΟΚΝΗΜΙΑΙΕΣ ΚΑΙ ",Surgical,240,2820
X639753,ΑΝΕΝΕΡΓΟΣ,Surgical,120,690
X639755,"ΑΡΘΡΟΣΚΟΠΗΣΗ, ΠΟΔΟΚΝΗΜΙΚΗ (ΑΣΤΡΑΓΑΛΟΚΝΗΜΙΑΙΕΣ ΚΑΙ ",Surgical,160,850
X639757,"ΑΡΘΡΟΣΚΟΠΗΣΗ, ΠΟΔΟΚΝΗΜΙΚΗ (ΑΣΤΡΑΓΑΛΟΚΝΗΜΙΑΙΕΣ ΚΑΙ ",Surgical,80,1010
X639759,ΑΝΕΝΕΡΓΟΣ,Surgical,120,1170
X639761,ΑΡΘΡΟΣΚΟΠΗΣΗ ΜΕΤΑΤΑΡΣΟΦΑΛΑΓΓΙΚΗΣ ΑΡΘΡΟΣΚΟΠΙΚΟΣ ΚΑΘ,Surgical,160,1330
X639763,"ΑΡΘΡΟΣΚΟΠΗΣH, ΜΕΤΑΚΑΡΠΙΟΦΑΛΑΓΓΙΚΗ ΔΙΑΡΘΡΩΣΗ, ΧΕΙΡΟ",Surgical,80,1490
X639767,"ΑΡΘΡΟΣΚΟΠΗΣΗ,ΥΠΑΣΤΡΑΓΑΛΙΚΗ ΑΡΘΡΩΣΗ, ΧΕΙΡΟΥΡΓΙΚΗ. Μ",Surgical,180,2260
X639769,"ΑΡΘΡΟΣΚΟΠΗΣΗ, ΥΠΑΣΤΡΑΓΑΛΙΚΗ ΑΡΘΡΩΣΗ, ΧΕΙΡΟΥΡΓΙΚΗ. ",Surgical,240,2420
X639771,"ΑΡΘΡΟΣΚΟΠΗΣΗ, ΥΠΑΣΤΡΑΓΑΛΙΚΗ ΑΡΘΡΩΣΗ, ΧΕΙΡΟΥΡΓΙΚΗ. ",Surgical,120,2130
X639773,"ΑΡΘΡΟΣΚΟΠΗΣΗ, ΥΠΑΣΤΡΑΓΑΛΙΚΗ ΑΡΘΡΩΣΗ, ΧΕΙΡΟΥΡΓΙΚΗ. ",Surgical,160,2290
X639957,"ΜΗ ΚΑΤΑΓΕΓΡΑΜΜΕΝΗ ΔΙΑΔΙΚΑΣΙΑ, ΑΡΘΡΟΣΚΟΠΗΣΗ",Surgical,120,1010
X639959,"ΠΑΡΟΧΕΤΕΥΣΗ ΑΠΟΣΤΗΜΑΤΟΣ Ή ΑΙΜΑΤΩΜΑΤΟΣ, ΡΙΝΙΚΟ, ΕΣΩ",Surgical,160,1170
X639999,"ΠΑΡΟΧΕΤΕΥΣΗ ΑΠΟΣΤΗΜΑΤΟΣ Ή ΑΙΜΑΤΩΜΑΤΟΣ, ΡΙΝΙΚΟ ΔΙΑΦ",Surgical,120,2370
X640159,"ΒΙΟΨΙΑ, ΕΝΔΟΡΙΝΙΚΗ",Surgical,120,1170
X640179,"ΕΚΤΟΜΗ, ΡΙΝΙΚΟΣ ΠΟΛΥΠΟΔΑΣ(ΕΣ), ΑΠΛΗ",Surgical,240,1220
X640189,"ΕΚΤΟΜΗ, ΡΙΝΙΚΟΣ ΠΟΛΥΠΟΔΑΣ(ΕΣ), ΕΥΡΕΙΑ",Surgical,240,2020
X640193,ΕΚΤΟΜΗ Ή ΚΑΤΑΣΤΡΟΦΗ (ΠΧ. ΛΕΪΖΕΡ Ή ΡΑΔΙΟΣΥΧΝΟΤΗΤΕΣ),Surgical,210,2340
X640195,"ΕΚΤΟΜΗ Ή ΚΑΤΑΣΤΡΟΦΗ (ΠΧ. ΛΕΪΖΕΡ), ΕΝΔΟΡΙΝΙΚΗ ΒΛΑΒΗ",Surgical,120,2500
X640199,"ΑΝΤΙΜΕΤΩΠΙΣΗ ΡΙΝΟΦΥΜΑΤΟς ΜΕ ΧΡΗΣΗ ΔΕΡΜΟΑΠΟΞΕΣΗΣ, Λ",Surgical,80,2370
X640207,"ΕΚΤΟΜΗ ΔΕΡΜΟΕΙΔΟΥΣ ΚΥΣΤΗΣ, ΡΙΣ. ΑΠΛΗ, ΔΕΡΜΑ, ΥΠΟΔΟ",Surgical,180,1460
X640209,"ΕΚΤΟΜΗ ΔΕΡΜΟΕΙΔΟΥΣ ΚΥΣΤΗΣ, ΡΙΣ. ΣΥΝΘΕΤΗ, ΚΑΤΩ ΑΠΟ ",Surgical,240,1620
X640219,"ΕΚΤΟΜΗ ΚΑΤΩ ΡΙΝΙΚΗΣ ΚΟΓΧΗΣ, ΜΕΡΙΚΗ Ή ΟΛΙΚΗ, ΚΑΘΕ Μ",Surgical,240,2420
X640239,"ΥΠΟΒΛΕΝΝΟΓΟΝΟΣ ΕΚΤΟΜΗ ΚΑΤΩ ΡΙΝΙΚΗΣ ΚΟΓΧΗΣ, ΜΕΡΙΚΗ ",Surgical,240,2020
X640259,ΡΙΝΕΚΤΟΜΗ. ΜΕΡΙΚΗ,Surgical,240,1620
X640279,ΡΙΝΕΚΤΟΜΗ. ΟΛΙΚΗ,Surgical,240,1220
X640359,"ΕΝΕΣΗ ΣΤΗΝ ΡΙΝΙΚΗ(ΕΣ) ΚΟΓΧΗ(ΕΣ), ΘΕΡΑΠΕΥΤΙΚΗ",Surgical,160,1170
X640379,ΘΕΡΑΠΕΙΑ ΠΑΡΕΚΤΟΠΗΣΗΣ (ΤΥΠΟΣ PROETZ),Surgical,80,770
X640399,"ΕΙΣΑΓΩΓΗ, ΡΙΝΙΚΗ ΔΙΑΦΡΑΓΜΑΤΙΚΗ ΠΡΟΘΕΣΗ (ΟΠΗ)",Surgical,120,2370
X640559,"ΑΦΑΙΡΕΣΗ ΞΕΝΟΥ ΣΩΜΑΤΟΣ, ΕΝΔΟΡΙΝΙΚΗ, ΔΙΑΔΙΚΑΣΙΑ ΙΑΤ",Surgical,240,1620
X640579,"ΑΦΑΙΡΕΣΗ ΞΕΝΟΥ ΣΩΜΑΤΟΣ, ΕΝΔΟΡΙΝΙΚΗ. ΑΠΑΙΤΕΙ ΓΕΝΙΚΗ",Surgical,240,1220
X640599,"ΑΦΑΙΡΕΣΗ ΞΕΝΟΥ ΣΩΜΑΤΟΣ, ΕΝΔΟΡΙΝΙΚΗ. ΜΕΣΩ ΠΛΑΓΙΑΣ Ρ",Surgical,240,2820
X640759,"ΡΙΝΟΠΛΑΣΤΙΚΗ, ΒΑΣΙΚΗ. ΠΛΕΥΡΙΚΟΙ ΚΑΙ ΠΤΕΡΥΓΟΕΙΔΕΙΣ ",Surgical,120,1170
X640779,"ΡΙΝΟΠΛΑΣΤΙΚΗ, ΒΑΣΙΚΗ. ΠΛΗΡΗΣ, ΕΞΩΤΕΡΙΚΑ ΜΕΡΗ ΣΥΜΠΕ",Surgical,160,770
X640799,"ΡΙΝΟΠΛΑΣΤΙΚΗ, ΒΑΣΙΚΗ. ΣΥΜΠΕΡΙΛΑΜΒΑΝΟΜΕΝΗΣ ΕΚΤΕΤΑΜΕ",Surgical,80,2370
X640819,"ΡΙΝΟΠΛΑΣΤΙΚΗ, ΔΕΥΤΕΡΕΥΟΥΣΑ. ΕΛΑΣΣΩΝ ΑΝΑΘΕΩΡΗΣΗ (ΠΕ",Surgical,120,1970
X640829,"ΡΙΝΟΠΛΑΣΤΙΚΗ, ΔΕΥΤΕΡΕΥΟΥΣΑ. ΕΝΔΙΑΜΕΣΗ ΑΝΑΘΕΩΡΗΣΗ (",Surgical,80,770
X640859,"ΡΙΝΟΠΛΑΣΤΙΚΗ, ΔΕΥΤΕΡΕΥΟΥΣΑ, ΕΚΤΕΤΑΜΕΝΗ ΑΝΑΘΕΩΡΗΣΗ ",Surgical,80,1170
X640879,ΡΙΝΟΠΛΑΣΤΙΚΗ ΓΙΑ ΡΙΝΙΚΗ ΔΥΣΜΟΡΦΙΑ ΔΕΥΤΕΡΟΓΕΝΗΣ ΣΕ ,Surgical,120,770
X640883,ΡΙΝΟΠΛΑΣΤΙΚΗ ΓΙΑ ΡΙΝΙΚΗ ΔΥΣΜΟΡΦΙΑ ΔΕΥΤΕΡΟΓΕΝΗΣ ΣΕ ,Surgical,80,1090
X640889,ΑΠΟΚΑΤΑΣΤΑΣΗ ΣΤΕΝΩΣΗΣ ΡΙΝΙΚΗΣ ΑΙΘΟΥΣΑΣ (ΠΧ. ΕΚΤΕΤΑ,Surgical,240,2620
X640999,"ΠΛΑΣΤΙΚΗ ΔΙΑΦΡΑΓΜΑΤΟΣ Ή ΥΠΟΒΛΕΝΝΟΓΟΝΟΣ ΕΚΤΟΜΗ, ΜΕ ",Surgical,240,2820
X641039,ΑΠΟΚΑΤΑΣΤΑΣΗ ΑΤΡΗΣΙΑΣ ΡΙΝΙΚΩΝ ΧΟΑΝΩΝ. ΔΙΑΡΙΝΙΚΗ,Surgical,120,1570
X641049,ΑΠΟΚΑΤΑΣΤΑΣΗ ΑΤΡΗΣΙΑΣ ΡΙΝΙΚΩΝ ΧΟΝΔΡΩΝ. ΔΙΑΫΠΕΡΩΙΚΗ,Surgical,80,2370
X641079,ΛΥΣΙΣ ΕΝΔΟΡΙΝΙΚΗΣ ΣΥΜΦΥΣΗΣ,Surgical,80,770
X641119,ΑΠΟΚΑΤΑΣΤΑΣΗ ΣΥΡΙΓΓΙΟΥ. ΣΤΟΜΑΤΟΓΝΑΘΙΚΟ (ΣΥΝΔΥΑΣΜΟΣ,Surgical,160,1970
X641159,ΑΠΟΚΑΤΑΣΤΑΣΗ ΣΥΡΙΓΓΙΟΥ. ΣΤΟΜΑΤΟΡΙΝΙΚΟ,Surgical,120,1170
X641199,ΔΙΑΦΡΑΓΜΑΤΙΚΗ Ή ΑΛΛΗ ΕΝΔΟΡΙΝΙΚΗ ΔΕΡΜΑΤΟΠΛΑΣΤΙΚΗ (Δ,Surgical,80,2370
X641219,ΑΠΟΚΑΤΑΣΤΑΣΗ ΡΙΝΙΚΩΝ ΔΙΑΦΡΑΓΜΑΤΙΚΩΝ ΔΙΑΤΡΗΣΕΩΝ,Surgical,120,1970
X641561,ΚΑΥΤΗΡΙΑΣΜΟΣ ΚΑΙ/Ή ΑΦΑΙΡΕΣΗ ΒΛΕΝΝΟΓΟΝΟΥ ΤΩΝ ΚΑΤΩ Ρ,Surgical,150,1780
X641563,ΚΑΥΤΗΡΙΑΣΜΟΣ ΚΑΙ/Ή ΑΦΑΙΡΕΣΗ ΒΛΕΝΝΟΓΟΝΟΥ ΤΩΝ ΚΑΤΩ Ρ,Surgical,210,1940
X641761,"ΕΛΕΓΧΟΣ ΡΙΝΙΚΗΣ ΑΙΜΟΡΡΑΓΙΑΣ, ΠΡΟΣΘΙΑ, ΑΠΛΗ (ΠΕΡΙΟΡ",Surgical,160,1330
X641765,"ΕΛΕΓΧΟΣ ΡΙΝΙΚΗΣ ΑΙΜΟΡΡΑΓΙΑΣ, ΠΡΟΣΘΙΑ, ΣΥΝΘΕΤΟΣ (ΕΚ",Surgical,120,1650
X641769,"ΕΛΕΓΧΟΣ ΡΙΝΙΚΗΣ ΑΙΜΟΡΡΑΓΙΑΣ, ΟΠΙΣΘΙΑ, ΜΕ ΟΠΙΣΘΙΟ Ρ",Surgical,80,1970
X641771,"ΕΛΕΓΧΟΣ ΡΙΝΙΚΗΣ ΑΙΜΟΡΡΑΓΙΑΣ, ΟΠΙΣΘΙΑ, ΜΕ ΟΠΙΣΘΙΟ Ρ",Surgical,120,2130
X641789,ΑΠΟΛΙΝΩΣΗ ΑΡΤΗΡΙΩΝ. ΗΘΜΟΕΙΔΩΝ,Surgical,120,1570
X641799,"ΑΠΟΛΙΝΩΣΗ ΑΡΤΗΡΙΩΝ. ΕΣΩ ΓΝΑΘΙΚΗ ΑΡΤΗΡΙΑ, ΔΙΑ ΤΟΥ Ι",Surgical,80,2370
X641819,"ΚΑΤΑΓΜΑ ΚΑΤΩ ΡΙΝΙΚΗΣ (ΩΝ) ΚΟΓΧΗΣ (ΩΝ), ΘΕΡΑΠΕΥΤΙΚΗ",Surgical,120,1970
X641957,"ΜΗ ΚΑΤΑΓΕΓΡΑΜΜΕΝΗ ΔΙΑΔΙΚΑΣΙΑ, ΡΙΣ",Surgical,120,1010
X641959,ΕΚΠΛΥΣΗ ΜΕΣΩ ΔΙΑΣΩΛΗΝΩΣΗΣ. ΙΓΜΟΡΙΟ ΑΝΤΡΟ (ΠΑΡΑΚΕΝΤ,Surgical,160,1170
X641963,ΕΚΠΛΥΣΗ ΜΕΣΩ ΔΙΑΣΩΛΗΝΩΣΗΣ. ΣΦΗΝΟΕΙΔΗΣ ΚΟΛΠΟΣ,Surgical,120,1490
X641999,ΤΟΜΗ ΙΓΜΟΡΕΙΟΥ ΑΝΤΡΟΥ (ΑΝΤΡΟΣΤΟΜΙΑ Ή ΑΝΑΤΡΗΣΗ ΙΓΜΟ,Surgical,120,2370
X642019,ΤΟΜΗ ΙΓΜΟΡΕΙΟΥ ΑΝΤΡΟΥ (ΑΝΤΡΟΣΤΟΜΙΑ Ή ΑΝΑΤΡΗΣΗ ΙΓΜΟ,Surgical,240,2420
X642023,ΤΟΜΗ ΙΓΜΟΡΕΙΟΥ ΑΝΤΡΟΥ (ΑΝΤΡΟΣΤΟΜΙΑ Ή ΑΝΑΤΡΗΣΗ ΙΓΜΟ,Surgical,210,2740
X642039,"ΧΕΙΡΟΥΡΓΙΚΗ ΕΠΕΜΒΑΣΗ ΣΤΟ ΠΤΕΡΥΓΟΓΝΑΘΙΑΙΟ ΒΟΘΡΙΟ, Ο",Surgical,120,1570
X642059,"ΤΟΜΗ ΠΑΡΑΡΡΙΝΙΟΥ ΚΟΛΠΟΥ, ΣΦΗΝΟΕΙΔΗΣ, ΜΕ 'Η ΧΩΡΙΣ Β",Surgical,160,1170
X642061,"ΤΟΜΗ ΠΑΡΑΡΡΙΝΙΟΥ ΚΟΛΠΟΥ, ΣΦΗΝΟΕΙΔΗΣ, ΜΕ Ή ΧΩΡΙΣ ΒΙ",Surgical,150,1780
X642099,"ΤΟΜΗ ΠΑΡΑΡΡΙΝΙΟΥ ΚΟΛΠΟΥ, ΜΕΤΩΠΙΑΙΟΣ. ΕΞΩΤΕΡΙΚΗ, ΑΠ",Surgical,120,2370
X642109,"ΤΟΜΗ ΠΑΡΑΡΡΙΝΙΟΥ ΚΟΛΠΟΥ, ΜΕΤΩΠΙΑΙΟΣ. ΔΙΑΚΟΓΧΙΚΗ, Ε",Surgical,80,1170
X642119,"ΤΟΜΗ ΠΑΡΑΡΡΙΝΙΟΥ ΚΟΛΠΟΥ, ΜΕΤΩΠΙΑΙΟΣ. ΑΦΑΙΡΕΣΗ ΧΩΡΙ",Surgical,240,2420
X642121,"ΤΟΜΗ ΠΑΡΑΡΡΙΝΙΟΥ ΚΟΛΠΟΥ, ΜΕΤΩΠΙΑΙΟΣ. ΑΦΑΙΡΕΣΗ ΧΩΡΙ",Surgical,150,2580
X642127,ΤΟΜΗ ΠΑΡΑΡΡΙΝΙΟΥ ΚΟΛΠΟΥ ΕΜΠΡΟΣΘΙΑ. ΑΦΑΙΡΕΣΗ ΜΕ ΟΣΤ,Surgical,180,1060
X642129,ΤΟΜΗ ΠΑΡΑΡΡΙΝΙΟΥ ΚΟΛΠΟΥ ΕΜΠΡΟΣΘΙΑ. ΑΦΑΙΡΕΣΗ ΜΕ ΟΣΤ,Surgical,240,1220
X642131,ΤΟΜΗ ΠΑΡΑΡΡΙΝΙΟΥ ΚΟΛΠΟΥ ΕΜΠΡΟΣΘΙΑ. ΧΩΡΙΣ ΑΦΑΙΡΕΣΗ ,Surgical,150,1380
X642133,ΤΟΜΗ ΠΑΡΑΡΡΙΝΙΟΥ ΚΟΛΠΟΥ ΕΜΠΡΟΣΘΙΑ. ΧΩΡΙΣ ΑΦΑΙΡΕΣΗ ,Surgical,210,1540
X642139,"ΤΟΜΗ ΠΑΡΑΡΡΙΝΙΟΥ ΚΟΛΠΟΥ, ΕΤΕΡΟΠΛΕΥΡΗ, ΤΡΕΙΣ Ή ΠΕΡΙ",Surgical,80,1570
X642359,"ΗΘΜΟΕΙΔΕΚΤΟΜΗ. ΕΝΔΟΡΙΝΙΚΗ, ΠΡΟΣΘΙΑ",Surgical,240,1620
X642361,"ΗΘΜΟΕΙΔΕΚΤΟΜΗ. ΕΝΔΟΡΙΝΙΚΗ, ΟΛΙΚΗ",Surgical,150,1780
X642369,"ΗΘΜΟΕΙΔΕΚΤΟΜΗ. ΕΞΩΡΙΝΙΚΗ, ΟΛΙΚΗ",Surgical,240,2420
X642409,ΓΝΑΘΕΚΤΟΜΗ. ΧΩΡΙΣ ΚΟΓΧΙΚΗ ΕΞΕΝΤΕΡΩΣΗ,Surgical,240,1620
X642419,ΓΝΑΘΕΚΤΟΜΗ. ΜΕ ΚΟΓΧΙΚΗ ΕΞΕΝΤΕΡΩΣΗ (EN BLOCK),Surgical,240,2420
X642421,"ΡΙΝΙΚΗ ΕΝΔΟΣΚΟΠΗΣΗ, ΔΙΑΓΝΩΣΤΙΚΗ, ΕΤΕΡΟΠΛΕΥΡΗ Ή ΑΜΦ",Surgical,80,2130
X642425,"ΡΙΝΙΚΗ/ΚΟΛΠΙΚΗ ΕΝΔΟΣΚΟΠΗΣΗ, ΔΙΑΓΝΩΣΤΙΚΗ ΜΕ ΕΝΔΟΣΚΟ",Surgical,160,450
X642429,"ΡΙΝΙΚΗ/ΚΟΛΠΙΚΗ ΕΝΔΟΣΚΟΠΗΣΗ, ΔΙΑΓΝΩΣΤΙΚΗ ΜΕ ΕΝΔΟΣΚΟ",Surgical,120,770
X642433,"ΡΙΝΙΚΗ/ΚΟΛΠΙΚΗ ΕΝΔΟΣΚΟΠΗΣΗ, ΧΕΙΡΟΥΡΓΙΚΗ. ΜΕ ΒΙΟΨΙΑ",Surgical,210,1540
X642435,"ΡΙΝΙΚΗ/ΚΟΛΠΙΚΗ ΕΝΔΟΣΚΟΠΗΣΗ, ΧΕΙΡΟΥΡΓΙΚΗ. ΜΕ ΕΛΕΓΧΟ",Surgical,120,1250
X642437,"ΡΙΝΙΚΗ/ΚΟΛΠΙΚΗ ΕΝΔΟΣΚΟΠΗΣΗ, ΧΕΙΡΟΥΡΓΙΚΗ. ΜΕ ΔΑΚΡΥΟ",Surgical,160,1410
X642439,"ΡΙΝΙΚΗ/ΚΟΛΠΙΚΗ ΕΝΔΟΣΚΟΠΗΣΗ, ΧΕΙΡΟΥΡΓΙΚΗ. ΜΕ ΚΟΓΧΟΤ",Surgical,80,1570
X642467,"ΡΙΝΙΚΗ/ΚΟΛΠΙΚΗ ΕΝΔΟΣΚΟΠΗΣΗ, ΧΕΙΡΟΥΡΓΙΚΗ. ΜΕ ΗΘΜΟΕΙ",Surgical,180,2260
X642469,"ΡΙΝΙΚΗ/ΚΟΛΠΙΚΗ ΕΝΔΟΣΚΟΠΗΣΗ, ΧΕΙΡΟΥΡΓΙΚΗ. ΜΕ ΗΘΜΟΕΙ",Surgical,240,2420
X642471,"ΡΙΝΙΚΗ/ΚΟΛΠΙΚΗ ΕΝΔΟΣΚΟΠΗΣΗ, ΧΕΙΡΟΥΡΓΙΚΗ. ΜΕ ΡΙΝΟΑΝ",Surgical,120,2130
X642493,"ΡΙΝΙΚΗ/ΚΟΛΠΙΚΗ ΕΝΔΟΣΚΟΠΗΣΗ, ΧΕΙΡΟΥΡΓΙΚΗ. ΜΕ ΡΙΝΟΑΝ",Surgical,210,2340
X642511,"ΡΙΝΙΚΗ/ΚΟΛΠΙΚΗ ΕΝΔΟΣΚΟΠΗΣΗ, ΧΕΙΡΟΥΡΓΙΚΗ ΜΕ ΔΙΕΡΕΥΝ",Surgical,150,1780
X642533,"ΡΙΝΙΚΗ/ΚΟΛΠΙΚΗ ΕΝΔΟΣΚΟΠΗΣΗ, ΧΕΙΡΟΥΡΓΙΚΗ. ΜΕ ΔΙΑΝΟΙ",Surgical,160,1090
X642535,"ΡΙΝΙΚΗ/ΚΟΛΠΙΚΗ ΕΝΔΟΣΚΟΠΗΣΗ, ΧΕΙΡΟΥΡΓΙΚΗ. ΜΕ ΔΙΑΝΟΙ",Surgical,120,1700
X642539,"ΡΙΝΙΚΗ/ΚΟΛΠΙΚΗ ΕΝΔΟΣΚΟΠΗΣΗ, ΧΕΙΡΟΥΡΓΙΚΗ, ΜΕ ΑΠΟΚΑΤ",Surgical,160,1570
X642541,"ΡΙΝΙΚΗ/ΚΟΛΠΙΚΗ ΕΝΔΟΣΚΟΠΗΣΗ, ΧΕΙΡΟΥΡΓΙΚΗ, ΜΕ ΑΠΟΚΑΤ",Surgical,80,1730
X642543,"ΡΙΝΙΚΗ/ΚΟΛΠΙΚΗ ΕΝΔΟΣΚΟΠΗΣΗ, ΧΕΙΡΟΥΡΓΙΚΗ. ΜΕ ΑΠΟΣΥΜ",Surgical,120,1890
X642545,"ΡΙΝΙΚΗ/ΚΟΛΠΙΚΗ ΕΝΔΟΣΚΟΠΗΣΗ, ΧΕΙΡΟΥΡΓΙΚΗ. ΜΕ ΑΠΟΣΥΜ",Surgical,160,2050
X642547,"ΡΙΝΙΚΗ/ΚΟΛΠΙΚΗ ΕΝΔΟΣΚΟΠΗΣΗ, ΧΕΙΡΟΥΡΓΙΚΗ. ΜΕ ΑΠΟΣΥΜ",Surgical,80,2210
X642557,"ΜΗ ΚΑΤΑΓΕΓΡΑΜΜΕΝΗ ΔΙΑΔΙΚΑΣΙΑ, ΠΑΡΑΡΡΙΝΙΕΣ ΚΟΙΛΟΤΗΤ",Surgical,160,1010
X642559,"ΛΑΡΥΓΓΟΤΟΜΙΑ (ΘΥΡΕΟΤΟΜΗ, ΜΕΣΗ ΛΑΡΥΓΓΟΤΟΜΙΑ). ΜΕ ΑΦ",Surgical,240,1620
X642599,"ΛΑΡΥΓΓΟΤΟΜΙΑ (ΘΥΡΕΟΤΟΜΗ, ΜΕΣΗ ΛΑΡΥΓΓΟΤΟΜΙΑ). ΔΙΑΓΝ",Surgical,160,2370
X642679,"ΛΑΡΥΓΓΕΚΤΟΜΗ. ΟΛΙΚΗ, ΧΩΡΙΣ ΡΙΖΙΚΟ ΛΕΜΦΑΔΕΝΙΚΟ ΚΑΘΑ",Surgical,240,1220
X642689,"ΛΑΡΥΓΓΕΚΤΟΜΗ. ΟΛΙΚΗ, ΜΕ ΡΙΖΙΚΟ ΛΕΜΦΑΔΕΝΙΚΟ ΚΑΘΑΡΙΣ",Surgical,240,2020
X642693,"ΛΑΡΥΓΓΕΚΤΟΜΗ. ΥΦΟΛΙΚΗ ΥΠΕΡΓΛΩΤΤΙΔΙΚΗ, ΧΩΡΙΣ ΡΙΖΙΚΟ",Surgical,210,2340
X642695,"ΛΑΡΥΓΓΕΚΤΟΜΗ. ΥΦΟΛΙΚΗ ΥΠΕΡΓΛΩΤΤΙΔΙΚΗ, ΜΕ ΡΙΖΙΚΟ ΛΕ",Surgical,120,2500
X642699,ΜΕΡΙΚΗ ΛΑΡΥΓΓΕΚΤΟΜΗ (ΗΜΙΛΑΡΥΓΓΕΚΤΟΜΗ). ΟΡΙΖΟΝΤΙΑ,Surgical,240,2820
X642709,ΜΕΡΙΚΗ ΛΑΡΥΓΓΕΚΤΟΜΗ (ΗΜΙΛΑΡΥΓΓΕΚΤΟΜΗ). ΠΛΑΓΙΟ ΚΑΙ ,Surgical,240,1620
X642719,ΜΕΡΙΚΗ ΛΑΡΥΓΓΕΚΤΟΜΗ (ΗΜΙΛΑΡΥΓΓΕΚΤΟΜΗ). ΠΡΟΣΘΙΑ ΚΑΙ,Surgical,240,2420
X642723,"ΜΕΡΙΚΗ ΛΑΡΥΓΓΕΚΤΟΜΗ (ΗΜΙΛΑΡΥΓΓΕΚΤΟΜΗ). ΠΡΟΣΘΙΑ,ΠΛΑ",Surgical,210,2740
X642739,ΦΑΡΥΓΓΟΛΑΡΥΓΓΕΚΤΟΜΗ. ΜΕ ΡΙΖΙΚΟ ΛΕΜΦΑΔΕΝΙΚΟ ΚΑΘΑΡΙΣ,Surgical,240,2020
X642749,ΦΑΡΥΓΓΟΛΑΡΥΓΓΕΚΤΟΜΗ. ΜΕ ΡΙΖΙΚΟ ΛΕΜΦΑΔΕΝΙΚΟ ΚΑΘΑΡΙΣ,Surgical,240,2820
X642759,"ΑΡΥΤΑΙΝΟΪΔΕΚΤΟΜΗ, ΑΡΥΤΑΙΝΟΕΙΔΟΠΗΞΙΑ, ΕΞΩΤΕΡΙΚΗ ΠΡΟ",Surgical,240,1620
X642799,ΕΠΙΓΛΩΤΙΔΕΚΤΟΜΗ,Surgical,240,2820
X642959,"ΔΙΑΣΩΛΗΝΩΣΗ, ΕΝΔΟΤΡΑΧΕΙΑΚΗ, ΕΠΕΙΓΟΥΣΑ ΔΙΑΔΙΚΑΣΙΑ",Surgical,160,1170
X642963,"ΑΛΛΑΓΗ ΣΩΛΗΝΑ ΤΡΑΧΕΙΟΤΟΜΙΑΣ, ΠΡΟ ΤΗΣ ΕΜΦΑΝΙΣΗΣ ΣΥΡ",Surgical,120,1490
X642969,"ΛΑΡΥΓΓΟΣΚΟΠΗΣΗ, ΕΜΜΕΣΗ. ΔΙΑΓΝΩΣΤΙΚΗ (ΞΕΧΩΡΙΣΤΗ ΔΙΑ",Surgical,120,1970
X642979,"ΛΑΡΥΓΓΟΣΚΟΠΗΣΗ, ΕΜΜΕΣΗ. ΜΕ ΒΙΟΨΙΑ",Surgical,80,770
X642981,"ΛΑΡΥΓΓΟΣΚΟΠΗΣΗ, ΕΜΜΕΣΗ. ΜΕ ΑΦΑΙΡΕΣΗ ΞΕΝΟΥ ΣΩΜΑΤΟΣ",Surgical,150,1380
X642983,"ΛΑΡΥΓΓΟΣΚΟΠΗΣΗ, ΕΜΜΕΣΗ. ΜΕ ΑΦΑΙΡΕΣΗ ΒΛΑΒΗΣ",Surgical,210,1540
X642985,"ΛΑΡΥΓΓΟΣΚΟΠΗΣΗ, ΕΜΜΕΣΗ. ΜΕ ΕΝΕΣΗ ΣΤΙΣ ΦΩΝΗΤΙΚΕΣ ΧΟ",Surgical,80,1250
X642989,"ΛΑΡΥΓΓΟΣΚΟΠΗΣΗ ΑΜΕΣΗ, ΜΕ Ή ΧΩΡΙΣ ΤΡΑΧΕΙΟΣΚΟΠΗΣΗ. Γ",Surgical,160,1570
X642999,"ΛΑΡΥΓΓΟΣΚΟΠΗΣΗ ΑΜΕΣΗ, ΜΕ Ή ΧΩΡΙΣ ΤΡΑΧΕΙΟΣΚΟΠΗΣΗ. Δ",Surgical,120,2370
X643009,"ΛΑΡΥΓΓΟΣΚΟΠΗΣΗ ΑΜΕΣΗ, ΜΕ Ή ΧΩΡΙΣ ΤΡΑΧΕΙΟΣΚΟΠΗΣΗ. Δ",Surgical,120,1170
X643011,"ΛΑΡΥΓΓΟΣΚΟΠΗΣΗ ΑΜΕΣΗ, ΜΕ Ή ΧΩΡΙΣ ΤΡΑΧΕΙΟΣΚΟΠΗΣΗ. Δ",Surgical,160,1330
X643013,"ΛΑΡΥΓΓΟΣΚΟΠΗΣΗ ΑΜΕΣΗ, ΜΕ Ή ΧΩΡΙΣ ΤΡΑΧΕΙΟΣΚΟΠΗΣΗ. Μ",Surgical,80,1490
X643015,"ΛΑΡΥΓΓΟΣΚΟΠΗΣΗ ΑΜΕΣΗ, ΜΕ Ή ΧΩΡΙΣ ΤΡΑΧΕΙΟΣΚΟΠΗΣΗ. Μ",Surgical,120,1650
X643017,"ΛΑΡΥΓΓΟΣΚΟΠΗΣΗ ΑΜΕΣΗ, ΜΕ Ή ΧΩΡΙΣ ΤΡΑΧΕΙΟΣΚΟΠΗΣΗ. Μ",Surgical,160,1810
X643019,"ΛΑΡΥΓΓΟΣΚΟΠΗΣΗ, ΑΜΕΣΗ, ΕΓΧΕΙΡΗΤΙΚΗ, ΜΕ ΑΦΑΙΡΕΣΗ ΞΕ",Surgical,240,2420
X643021,"ΛΑΡΥΓΓΟΣΚΟΠΗΣΗ ΑΜΕΣΗ, ΕΓΧΕΙΡΗΤΙΚΗ, ΜΕ ΑΦΑΙΡΕΣΗ ΞΕΝ",Surgical,150,2580
X643029,"ΛΑΡΥΓΓΟΣΚΟΠΗΣΗ, ΑΜΕΣΗ, ΧΕΙΡΟΥΡΓΙΚΗ, ΜΕ ΒΙΟΨΙΑ.",Surgical,160,770
X643031,"ΛΑΡΥΓΓΟΣΚΟΠΗΣΗ, ΑΜΕΣΗ, ΧΕΙΡΟΥΡΓΙΚΗ, ΜΕ ΒΙΟΨΙΑ. ΜΕ ",Surgical,80,930
X643039,"ΛΑΡΥΓΓΟΣΚΟΠΗΣΗ, ΑΜΕΣΗ, ΧΕΙΡΟΥΡΓΙΚΗ, ΜΕ ΕΚΤΟΜΗ ΤΟΥ ",Surgical,240,2020
X643041,"ΛΑΡΥΓΓΟΣΚΟΠΗΣΗ, ΑΜΕΣΗ, ΧΕΙΡΟΥΡΓΙΚΗ, ΜΕ ΕΚΤΟΜΗ ΤΟΥ ",Surgical,150,2180
X643049,"ΛΑΡΥΓΓΟΣΚΟΠΗΣΗ, ΑΜΕΣΗ, ΧΕΙΡΟΥΡΓΙΚΗ, ΜΕ ΧΡΗΣΗ ΧΕΙΡΟ",Surgical,240,2820
X643051,"ΛΑΡΥΓΓΟΣΚΟΠΗΣΗ, ΑΜΕΣΗ, ΧΕΙΡΟΥΡΓΙΚΗ, ΜΕ ΧΡΗΣΗ ΧΕΙΡΟ",Surgical,150,980
X643079,"ΛΑΡΥΓΓΟΣΚΟΠΗΣΗ, ΑΜΕΣΗ, ΧΕΙΡΟΥΡΓΙΚΗ, ΜΕ ΑΡΥΤΑΙΝΟΪΔΕ",Surgical,240,1220
X643081,"ΛΑΡΥΓΓΟΣΚΟΠΗΣΗ, ΑΜΕΣΗ, ΧΕΙΡΟΥΡΓΙΚΗ, ΜΕ ΑΡΥΤΑΙΝΟΪΔΕ",Surgical,150,1380
X643099,"ΛΑΡΥΓΓΟΣΚΟΠΗΣΗ, ΑΜΕΣΗ, ΜΕ ΕΝΕΣΗ ΣΤΗ ΦΩΝΗΤΙΚΗ ΧΟΡΔΗ",Surgical,120,2370
X643101,"ΛΑΡΥΓΓΟΣΚΟΠΗΣΗ, ΑΜΕΣΗ, ΜΕ ΕΝΕΣΗ ΣΤΗ ΦΩΝΗΤΙΚΗ ΧΟΡΔΗ",Surgical,160,530
X643109,"ΛΑΡΥΓΓΟΣΚΟΠΗΣΗ, ΕΥΚΑΜΠΤΟ ΕΝΔΟΣΚΟΠΙΟ. ΔΙΑΓΝΩΣΤΙΚΗ",Surgical,80,1170
X643111,"ΛΑΡΥΓΓΟΣΚΟΠΗΣΗ, ΕΥΚΑΜΠΤΟ ΕΝΔΟΣΚΟΠΙΟ. ΜΕ ΒΙΟΨΙΑ",Surgical,120,1330
X643113,"ΛΑΡΥΓΓΟΣΚΟΠΗΣΗ, ΕΥΚΑΜΠΤΟ ΕΝΔΟΣΚΟΠΙΟ. ΜΕ ΑΦΑΙΡΕΣΗ Ξ",Surgical,210,1940
X643115,"ΛΑΡΥΓΓΟΣΚΟΠΗΣΗ, ΕΥΚΑΜΠΤΟ ΕΝΔΟΣΚΟΠΙΟ. ΜΕ ΑΦΑΙΡΕΣΗ Β",Surgical,120,2100
X643117,"ΛΑΡΥΓΓΟΣΚΟΠΗΣΗ, ΕΥΚΑΜΠΤΟ Ή ΑΚΑΜΠΤΟ ΕΝΔΟΣΚΟΠΙΟ, ΜΕ ",Surgical,120,1810
X643119,ΛΑΡΥΓΓΟΠΛΑΣΤΙΚΗ. ΓΙΑ ΣΥΓΓΕΝΗ ΣΤΕΝΩΣΗ ΛΑΡΥΓΓΑ (WEB),Surgical,240,2420
X643123,"ΛΑΡΥΓΓΟΠΛΑΣΤΙΚΗ. ΓΙΑ ΛΑΡΥΓΓΙΚΗ ΣΤΕΝΩΣΗ, ΜΕ ΜΟΣΧΕΥΜ",Surgical,120,2290
X643127,ΛΑΡΥΓΓΟΠΛΑΣΤΙΚΗ. ΜΕ ΑΝΟΙΚΤΗ ΑΠΟΚΑΤΑΣΤΑΣΗ ΚΑΤΑΓΜΑΤΟ,Surgical,180,610
X643133,"ΛΑΡΥΓΓΟΠΛΑΣΤΙΚΗ, ΚΡΙΚΟΕΙΔΙΚΗ ΡΗΞΗ",Surgical,80,1090
X643135,"ΛΑΡΥΓΓΟΠΛΑΣΤΙΚΗ, ΜΗ ΚΑΘΟΡΙΣΜΕΝΗ ΑΛΛΟΥ (ΠΧ. ΓΙΑ ΕΓΚ",Surgical,120,1700
X643139,ΛΑΡΥΓΓΙΚΗ ΕΠΑΝΑΝΕΥΡΩΣΗ ΜΕΣΩ ΝΕΥΡΟΜΥΪΚΟΥ ΜΙΣΧΟΥ,Surgical,80,1570
X643149,"ΔΙΑΤΟΜΗ ΠΑΛΛΙΝΔΡΟΜΟΥ ΛΑΡΥΓΓΙΚΟΥ ΝΕΥΡΟΥ, ΘΕΡΑΠΕΥΤΙΚ",Surgical,160,2370
X643157,"ΜΗ ΚΑΤΑΓΕΓΡΑΜΜΕΝΗ ΔΙΑΔΙΚΑΣΙΑ, ΛΑΡΥΓΓΑΣ",Surgical,80,1010
X643159,"ΤΡΑΧΕΙΟΣΤΟΜΙΑ, ΠΡΟΓΡΑΜΜΑΤΙΣΜΕΝΗ, ΑΝΟΙΚΤΗ (ΞΕΧΩΡΙΣΤ",Surgical,240,1170
X643161,"ΤΡΑΧΕΙΟΣΤΟΜΙΑ, ΠΡΟΓΡΑΜΜΑΤΙΣΜΕΝΗ, ΑΝΟΙΚΤΗ (ΞΕΧΩΡΙΣΤ",Surgical,150,1330
X643165,ΤΡΑΧΕΙΟΣΤΟΜΙΑ ΕΠΕΙΓΟΥΣΑ,Surgical,120,1650
X643169,"ΤΡΑΧΕΙΟΣΤΟΜΙΑ, ΕΠΕΙΓΟΥΣΑ ΠΡΟΣΠΕΛΑΣΗ, ΚΡΙΚΟΘΥΡΕΟΕΙΔ",Surgical,80,1970
X643179,"ΤΡΑΧΕΙΟΣΤΟΜΙΑ, ΔΙΑΔΙΚΑΣΙΑ ΘΥΡΙΔΟΠΟΙΗΣΗΣ ΜΕ ΔΕΡΜΑΤΙ",Surgical,160,770
X643181,ΚΑΤΑΣΚΕΥΗ ΤΡΑΧΕΙΟΟΙΣΟΦΑΓΙΚΟΥ ΣΥΡΙΓΓΙΟΥ ΚΑΙ ΕΠΑΚΟΛΟ,Surgical,80,930
X643183,"ΤΡΑΧΕΙΑΚΗ ΠΑΡΑΚΕΝΤΗΣΗ, ΔΙΑΔΕΡΜΙΚΗ ΜΕ ΔΙΑΤΡΑΧΕΙΑΚΗ ",Surgical,120,1090
X643185,"ΕΠΑΝΕΠΕΜΒΑΣΗ ΤΡΑΧΕΙΟΣΤΟΜΙΑΣ. ΑΠΛΗ, ΧΩΡΙΣ ΠΕΡΙΣΤΡΟΦ",Surgical,160,1250
X643187,"ΕΠΑΝΕΠΕΜΒΑΣΗ ΤΡΑΧΕΙΟΣΤΟΜΙΑΣ. ΣΥΝΘΕΤΗ, ΜΕ ΠΕΡΙΣΤΡΟΦ",Surgical,80,1410
X643189,ΤΡΑΧΕΙΟΒΡΟΓΧΟΣΚΟΠΗΣΗ ΔΙΑΜΕΣΩ ΕΓΚΑΤΕΣΤΗΜΕΝΗΣ ΤΡΑΧΕΙ,Surgical,120,1570
X643199,ΕΝΔΟΒΡΟΓΧΙΚΟ ΥΠΕΡΗΧΟΓΡΑΦΗΜΑ (EBUS) ΚΑΤΑ ΤΗ ΔΙΑΡΚΕΙ,Surgical,80,2370
X643203,"ΒΡΟΓΧΟΣΚΟΠΗΣΗ, ΜΕ ΑΚΑΜΠΤΟ Ή ΕΥΚΑΜΠΤΟ ΒΡΟΓΧΟΣΚΟΠΙΟ,",Surgical,160,690
X643205,"ΒΡΟΓΧΟΣΚΟΠΗΣΗ, ΜΕ ΑΚΑΜΠΤΟ Ή ΕΥΚΑΜΠΤΟ ΒΡΟΓΧΟΣΚΟΠΙΟ,",Surgical,80,850
X643207,"ΒΡΟΓΧΟΣΚΟΠΗΣΗ, ΜΕ ΑΚΑΜΠΤΟ Ή ΕΥΚΑΜΠΤΟ ΒΡΟΓΧΟΣΚΟΠΙΟ,",Surgical,120,1010
X643209,"ΒΡΟΓΧΟΣΚΟΠΗΣΗ, ΜΕ ΑΚΑΜΠΤΟ Ή ΕΥΚΑΜΠΤΟ ΒΡΟΓΧΟΣΚΟΠΙΟ,",Surgical,160,1170
X643215,"ΒΡΟΓΧΟΣΚΟΠΗΣΗ, ΜΕ ΑΚΑΜΠΤΟ Ή ΕΥΚΑΜΠΤΟ ΒΡΟΓΧΟΣΚΟΠΙΟ,",Surgical,160,1650
X643217,"ΒΡΟΓΧΟΣΚΟΠΗΣΗ, ΜΕ ΑΚΑΜΠΤΟ Ή ΕΥΚΑΜΠΤΟ ΒΡΟΓΧΟΣΚΟΠΙΟ,",Surgical,80,1810
X643219,ΔΙΑΣΤΟΛΗ ΒΡΟΓΧΟΥ ΜΕ ΜΠΑΛΟΝΙ,Surgical,120,1970
X643221,ΤΟΠΟΘΕΤΗΣΗ ΕΝΔΟΠΡΟΣΘΕΣΗΣ (STENT) ΜΕ ΤΟ ΕΥΚΑΜΠΤΟ ΒΡ,Surgical,160,2130
X643223,"ΒΡΟΓΧΟΣΚΟΠΗΣΗ, ΜΕ ΑΚΑΜΠΤΟ Ή ΕΥΚΑΜΠΤΟ ΒΡΟΓΧΟΣΚΟΠΙΟ,",Surgical,80,2290
X643225,"ΒΡΟΓΧΟΣΚΟΠΗΣΗ, ΜΕ ΑΚΑΜΠΤΟ Ή ΕΥΚΑΜΠΤΟ ΒΡΟΓΧΟΣΚΟΠΙΟ,",Surgical,120,450
X643229,"ΒΡΟΓΧΟΣΚΟΠΗΣΗ, ΜΕ ΑΚΑΜΠΤΟ Ή ΕΥΚΑΜΠΤΟ ΒΡΟΓΧΟΣΚΟΠΙΟ,",Surgical,240,1220
X643231,"ΒΡΟΓΧΟΣΚΟΠΗΣΗ, ΜΕ ΑΚΑΜΠΤΟ Ή ΕΥΚΑΜΠΤΟ ΒΡΟΓΧΟΣΚΟΠΙΟ,",Surgical,120,930
X643233,"ΒΡΟΓΧΟΣΚΟΠΗΣΗ, ΜΕ ΑΚΑΜΠΤΟ Ή ΕΥΚΑΜΠΤΟ ΒΡΟΓΧΟΣΚΟΠΙΟ,",Surgical,160,1090
X643235,"ΒΡΟΓΧΟΣΚΟΠΗΣΗ, ΜΕ ΑΚΑΜΠΤΟ Ή ΕΥΚΑΜΠΤΟ ΒΡΟΓΧΟΣΚΟΠΙΟ,",Surgical,80,1250
X643239,"ΒΡΟΓΧΟΣΚΟΠΗΣΗ, ΜΕ ΑΚΑΜΠΤΟ Ή ΕΥΚΑΜΠΤΟ ΒΡΟΓΧΟΣΚΟΠΙΟ,",Surgical,240,2020
X643241,LASER ΓΙΑ ΚΑΛΟΗΘΕΙΣ Ή ΚΑΚΟΗΘΕΙΣ ΒΛΑΒΕΣ ΜΕ ΕΥΚΑΜΠΤΟ,Surgical,80,1730
X643245,ΒΡΟΓΧΟΣΚΟΠΗΣΗ (ΜΕ ΑΚΑΜΠΤΟ Ή ΕΥΚΑΜΠΤΟ ΒΡΟΓΧΟΣΚΟΠΙΟ),Surgical,160,2050
X643249,ΒΡΟΓΧΟΣΚΟΠΗΣΗ (ΜΕ ΑΚΑΜΠΤΟ Ή ΕΥΚΑΜΠΤΟ ΒΡΟΓΧΟΣΚΟΠΙΟ),Surgical,120,2370
X643251,ΒΡΟΓΧΟΣΚΟΠΗΣΗ (ΜΕ ΑΚΑΜΠΤΟ Ή ΕΥΚΑΜΠΤΟ ΒΡΟΓΧΟΣΚΟΠΙΟ),Surgical,160,530
X643271,ΒΡΟΓΧΟΣΚΟΠΗΣΗ (ΜΕ ΑΚΑΜΠΤΟ Ή ΕΥΚΑΜΠΤΟ ΒΡΟΓΧΟΣΚΟΠΙΟ),Surgical,80,2130
X643389,ΔΙΑΤΡΑΧΕΙΑΚΗ ΕΓΧΥΣΗ ΓΙΑ ΒΡΟΓΧΟΓΡΑΦΙΑ,Surgical,160,1570
X643393,ΚΑΘΕΤΗΡΙΑΣΜΟΣ ΜΕ ΒΡΟΓΧΙΚΗ ΒΙΟΨΙΑ ΜΕ ΒΟΥΡΤΣΑ,Surgical,120,1890
X643399,ΑΝΑΡΡΟΦΗΣΗ ΜΕ ΚΑΘΕΤΗΡΑ (ΞΕΧΩΡΙΣΤΗ ΔΙΑΔΙΚΑΣΙΑ). ΡΙΝ,Surgical,120,2370
X643409,ΑΝΑΡΡΟΦΗΣΗ ΜΕ ΚΑΘΕΤΗΡΑ (ΞΕΧΩΡΙΣΤΗ ΔΙΑΔΙΚΑΣΙΑ). ΤΡΑ,Surgical,80,1170
X643419,"ΔΙΑΤΡΑΧΕΙΑΚΗ (ΔΙΑΔΕΡΜΙΚΗ) ΕΙΣΑΓΩΓΗ ΒΕΛΟΝΗΣ, ΣΥΡΜΑΤ",Surgical,160,1970
X643459,"ΤΡΑΧΕΙΟΠΛΑΣΤΙΚΗ, ΤΡΑΧΗΛΙΚΗ ΠΡΟΣΠΕΛΑΣΗ",Surgical,120,1170
X643469,"ΤΡΑΧΕΙΟΠΛΑΣΤΙΚΗ, ΤΡΑΧΕΙΟΦΑΡΥΓΓΙΚΟ ΣΥΡΙΓΓΙΟ, ΚΑΘΕ Σ",Surgical,80,1970
X643479,"ΤΡΑΧΕΙΟΠΛΑΣΤΙΚΗ, ΕΝΔΟΘΩΡΑΚΙΚΗ ΠΡΟΣΠΕΛΑΣΗ",Surgical,160,1820
X643491,ΑΠΟΚΑΤΑΣΤΑΣΗ ΤΡΟΠΙΔΑΣ,Surgical,160,1730
X643499,ΒΡΟΓΧΟΠΛΑΣΤΙΚΗ. ΑΠΟΚΑΤΑΣΤΑΣΗ ΜΕ ΜΟΣΧΕΥΜΑ,Surgical,80,2370
X643509,ΒΡΟΓΧΟΠΛΑΣΤΙΚΗ. ΕΚΤΟΜΗ ΣΤΕΝΩΣΗΣ ΚΑΙ ΑΝΑΣΤΟΜΩΣΗΣ,Surgical,240,1620
X643519,"ΕΚΤΟΜΗ ΤΡΑΧΕΙΑΚΗΣ ΣΤΕΝΩΣΗΣ ΚΑΙ ΑΝΑΣΤΟΜΩΣΗ, ΤΡΑΧΗΛΙ",Surgical,240,2420
X643521,"ΕΚΤΟΜΗ ΤΡΑΧΕΙΑΚΗΣ ΣΤΕΝΩΣΗΣ ΚΑΙ ΑΝΑΣΤΟΜΩΣΗ, ΣΥΝΔΥΑΣ",Surgical,150,3180
X643529,"ΕΚΤΟΜΗ ΤΡΑΧΕΙΑΚΟΥ ΟΓΚΟΥ Ή ΚΑΡΚΙΝΩΜΑΤΟΣ, ΤΡΑΧΗΛΙΚΗ ",Surgical,240,1220
X643531,"ΕΚΤΟΜΗ ΤΡΑΧΕΙΑΚΟΥ ΟΓΚΟΥ Ή ΚΑΡΚΙΝΩΜΑΤΟΣ, ΘΩΡΑΚΙΚΗ Π",Surgical,150,1980
X643559,"ΑΠΟΚΑΤΑΣΤΑΣΗ ΤΡΑΥΜΑΤΟΣ ΤΗΣ ΤΡΑΧΕΙΑΣ, ΤΡΑΧΗΛΙΚΗ ΠΡΟ",Surgical,80,1170
X643569,"ΑΠΟΚΑΤΑΣΤΑΣΗ ΤΡΑΥΜΑΤΟΣ ΤΗΣ ΤΡΑΧΕΙΑΣ, ΠΡΟΣΠΕΛΑΣΗ ΜΕ",Surgical,160,3020
X643599,ΧΕΙΡΟΥΡΓΙΚΗ ΣΥΓΚΛΕΙΣΗ ΤΡΑΧΕΙΟΣΤΟΜΙΑΣ Ή ΣΥΡΙΓΓΙΟΥ. ,Surgical,160,2370
X643609,ΧΕΙΡΟΥΡΓΙΚΗ ΣΥΓΚΛΕΙΣΗ ΤΡΑΧΕΙΟΣΤΟΜΙΑΣ Ή ΣΥΡΙΓΓΙΟΥ. ,Surgical,120,1170
X643619,ΕΠΑΝΕΠΕΜΒΑΣΗ ΕΠΙ ΟΥΛΗΣ ΤΡΑΧΕΙΟΣΤΟΜΙΑΣ,Surgical,80,1970
X643757,"ΜΗ ΚΑΤΑΓΕΓΡΑΜΜΕΝΗ ΔΙΑΔΙΚΑΣΙΑ, ΤΡΑΧΕΙΑ, ΒΡΟΓΧΟΙ",Surgical,80,1010
X644029,ΘΩΡΑΚΟΣΤΟΜΙΑ. ΜΕ ΕΚΤΟΜΗ ΠΛΕΥΡΩΝ ΓΙΑ ΕΜΠΥΗΜΑ,Surgical,240,1820
X644031,ΘΩΡΑΚΟΣΤΟΜΙΑ ΜΕ ΔΗΜΙΟΥΡΓΙΑ ΤΟΠΙΚΟΥ ΜΥΟΔΕΡΜΑΤΙΚΟΥ Κ,Surgical,80,1980
X644149,"ΘΩΡΑΚΟΤΟΜΗ, ΜΙΚΡΗ, ΓΙΑ ΑΝΟΙΚΤΗ ΒΙΟΨΙΑ ΠΝΕΥΜΟΝΑ Ή Υ",Surgical,240,3420
X644159,"ΘΩΡΑΚΟΤΟΜΗ, ΕΥΡΕΙΑ, ΜΕ ΔΙΕΡΕΥΝΗΣΗ ΚΑΙ ΒΙΟΨΙΑ",Surgical,120,2220
X644179,"ΘΩΡΑΚΟΤΟΜΗ, ΜΕΓΑΛΗ. ΜΕ ΕΛΕΓΧΟ ΤΗΣ ΤΡΑΥΜΑΤΙΚΗΣ ΑΙΜΟ",Surgical,240,1820
X644199,"ΘΩΡΑΚΟΤΟΜΗ, ΕΥΡΕΙΑ, (ΕΠΑΝΑΔΙΑΝΟΙΞΗ Η ΑΡΧΙΚΗ) ΓΙΑ Α",Surgical,80,3420
X644207,"ΘΩΡΑΚΟΤΟΜΗ, ΕΥΡΕΙΑ, ΜΕ ΑΝΟΙΧΤΗ ΕΝΔΟΫΠΕΖΩΚΟΤΙΚΗ ΠΝΕ",Surgical,120,2060
X644239,"ΘΩΡΑΚΟΤΟΜΗ, ΕΥΡΕΙΑ, ΜΕ ΕΚΤΟΜΗ ΑΕΡΩΔΩΝ ΚΑΙ ΑΛΛΩΝ ΚΥ",Surgical,240,2620
X644241,"ΘΩΡΑΚΟΤΟΜΗ, ΕΥΡΕΙΑ, ΜΕ ΕΚΤΟΜΗ - ΠΤΥΧΩΣΗ ΤΗΣ ΚΥΣΤΗΣ",Surgical,150,2780
X644259,"ΘΩΡΑΚΟΤΟΜΗ, ΕΥΡΕΙΑ, ΠΑΡΟΧΕΤΕΥΣΗ ΕΜΠΥΗΜΑΤΟΣ ΚΑΙ ΕΠΙ",Surgical,80,2220
X644261,"ΘΩΡΑΚΟΤΟΜΗ, ΜΕΓΑΛΗ. ΜΕ ΑΦΑΙΡΕΣΗ ΑΠΟ ΤΗΝ ΥΠΕΖΩΚΟΤΙΚ",Surgical,150,2380
X644279,"ΑΝΑΖΩΟΓΟΝΗΤΙΚΗ ΕΠΕΙΓΟΥΣΑ ΘΩΡΑΚΟΤΟΜΗ, ΜΕ ΚΑΡΔΙΑΚΕΣ ",Surgical,120,1820
X644359,"ΠΝΕΥΜΟΝΟΣΤΟΜΙΑ, ΜΕ ΑΝΟΙΚΤΗ ΠΑΡΟΧΕΤΕΥΣΗ ΤΟΥ ΑΠΟΣΤΗΜ",Surgical,240,2220
X644361,ΠΝΕΥΜΟΝΟΣΤΟΜΙΑ. ΜΕ ΔΙΑΔΕΡΜΙΚΗ ΠΑΡΟΧΕΤΕΥΣΗ ΤΟΥ ΑΠΟΣ,Surgical,80,1330
X644389,ΜΗΧΑΝΙΚΗ ΠΛΕΥΡΟΔΕΣΙΑ ΓΙΑ ΑΝΤΙΜΕΤΩΠΙΣΗ ΕΠΑΝΕΙΛΗΜΕΝΩ,Surgical,160,2620
X644399,"ΑΠΟΦΛΟΙΩΣΗ ΠΝΕΥΜΟΝΑ (ΞΕΧΩΡΙΣΤΗ ΔΙΑΔΙΚΑΣΙΑ), ΠΛΗΡΗΣ",Surgical,120,2370
X644409,"ΑΠΟΦΛΟΙΩΣΗ ΠΝΕΥΜΟΝΑ (ΞΕΧΩΡΙΣΤΗ ΔΙΑΔΙΚΑΣΙΑ), ΜΕΡΙΚΗ",Surgical,80,1170
X644579,ΕΚΤΟΜΗ ΤΟΙΧΩΜΑΤΙΚΟΥ ΠΕΤΑΛΟΥ ΤΟΥ ΥΠΕΖΩΚΟΤΟΣ (ΞΕΧΩΡΙ,Surgical,240,1220
X644599,ΑΠΟΦΛΟΙΩΣΗ ΠΝΕΥΜΟΝΑ ΚΑΙ ΕΚΤΟΜΗ ΤΟΙΧΩΜΑΤΙΚΟΥ ΠΕΤΑΛΟ,Surgical,240,2820
X644759,"ΒΙΟΨΙΑ, ΥΠΕΖΩΚΩΣ , ΔΙΑΔΕΡΜΙΚΗ ΒΕΛΟΝΗ",Surgical,120,1170
X644763,"ΒΙΟΨΙΑ ΥΠΕΖΩΚΟΤΟΣ, ΘΩΡΑΚΟΤΟΜΗ ΜΙΚΡΗ",Surgical,80,2540
X644769,"ΒΙΟΨΙΑ ΠΝΕΥΜΟΝΑ Η ΒΛΑΒΗΣ ΜΕΣΟΘΩΡΑΚΙΟΥ, ΔΙΑΔΕΡΜΙΚΗ ",Surgical,80,3020
X644799,ΠΑΡΑΚΕΝΤΗΣΗ ΤΟΥ ΠΝΕΥΜΟΝΑ ΓΙΑ ΑΝΑΡΡΟΦΗΣΗ,Surgical,80,2370
X644801,"ΠΑΡΑΚΕΝΤΗΣΗ ΤΟΥ ΘΩΡΑΚΑ, ΠΑΡΑΚΕΝΤΗΣΗ ΥΠΕΖΩΚΟΤΙΚΗΣ Κ",Surgical,120,1580
X644803,ΠΑΡΑΚΕΝΤΗΣΗ ΤΟΥ ΘΩΡΑΚΑ ΜΕ ΕΙΣΑΓΩΓΗ ΘΩΡΑΚΙΚΟΥ ΣΩΛΗΝ,Surgical,160,1740
X644839,"ΕΚΤΟΜΗ ΠΝΕΥΜΟΝΙΚΟΥ ΠΑΡΕΓΧΥΜΑΤΟΣ, ΠΝΕΥΜΟΝΕΚΤΟΜΗ ΔΕΞ",Surgical,240,2020
X644843,"ΕΚΤΟΜΗ ΠΝΕΥΜΟΝΙΚΟΥ ΠΑΡΕΓΧΥΜΑΤΟΣ, ΠΝΕΥΜΟΝΕΚΤΟΜΗ, ΜΕ",Surgical,210,2340
X644849,"ΕΚΤΟΜΗ ΠΝΕΥΜΟΝΙΚΟΥ ΠΑΡΕΓΧΥΜΑΤΟΣ, ΕΞΩΥΠΕΖΟΚΩΤΙΚΗ ΠΝ",Surgical,240,2820
X644919,"ΕΚΤΟΜΗ ΠΝΕΥΜΟΝΙΚΟΥ ΠΑΡΕΓΧΥΜΑΤΟΣ, ΕΝΑΣ ΛΟΒΟΣ (ΛΟΒΕΚ",Surgical,240,2420
X644923,"ΕΚΤΟΜΗ ΠΝΕΥΜΟΝΙΚΟΥ ΠΑΡΕΓΧΥΜΑΤΟΣ, ΔΥΟ ΛΟΒΟΙ (ΔΙΛΟΒΕ",Surgical,210,2740
X644927,"ΕΚΤΟΜΗ ΤΟΥ ΠΝΕΥΜΟΝΙΚΟΥ ΠΑΡΕΓΧΥΜΑΤΟΣ, ΕΝΑ ΤΜΗΜΑ (ΤΥ",Surgical,180,1060
X644931,ΕΚΤΟΜΗ ΠΝΕΥΜΟΝΙΚΟΥ ΠΑΡΕΓΧΥΜΑΤΟΣ ΜΕ KYKΛIKH ΑΦΑΙΡΕΣ,Surgical,150,1380
X644935,"ΕΚΤΟΜΗ ΠΝΕΥΜΟΝΙΚΟΥ ΠΑΡΕΓΧΥΜΑΤΟΣ, ΕΚΤΟΜΗ ΕΝΑΠΟΜΕΙΝΑ",Surgical,120,1700
X644941,"ΕΚΤΟΜΗ ΠΝΕΥΜΟΝΙΚΟΥ ΠΑΡΕΓΧΥΜΑΤΟΣ, ΑΝΟΙΧΤΗ ΕΚΤΟΜΗ ΤΟ",Surgical,150,2780
X644959,"ΕΚΤΟΜΗ ΠΝΕΥΜΟΝΙΚΟΥ ΠΑΡΕΓΧΥΜΑΤΟΣ, ΣΦΗΝΟΕΙΔΗΣ ΕΚΤΟΜΗ",Surgical,240,1620
X644961,ΕΚΤΟΜΗ ΚΑΙ ΑΠΟΚΑΤΑΣΤΑΣΗ ΤΜΗΜΑΤΟΣ ΤΟΥ ΒΡΟΓΧΟΥ (ΒΡΟΓ,Surgical,150,1780
X644965,ΕΚΤΟΜΗ ΟΓΚΟΥ ΤΗΣ ΚΟΡΥΦΗΣ ΤΟΥ ΠΝΕΥΜΟΝΑ (ΟΓΚΟΣ PANCO,Surgical,120,2700
X644967,ΕΚΤΟΜΗ ΟΓΚΟΥ ΤΗΣ ΚΟΡΥΦΗΣ ΤΟΥ ΠΝΕΥΜΟΝΑ (ΟΓΚΟΣ PANCO,Surgical,180,2860
X645039,ΕΞΩΥΠΕΖΩΚΟΤΙΚΗ ΕΚΠΥΡΗΝΥΣΗ ΕΜΠΥΗΜΑΤΟΣ (ΕΚΤΟΜΗ ΕΜΠΥΗ,Surgical,240,2020
X645059,ΕΙΣΑΓΩΓΗ ΜΟΝΙΜΟΥ ΥΠΕΖΩΚΟΤΙΚΟΥ ΚΑΘΕΤΗΡΑ ΠΑΡΟΧΕΤΕΥΣΗ,Surgical,160,1170
X645061,"ΘΩΡΑΚΟΣΤΟΜΙΑ ΜΕ ΣΩΛΗΝΑ, ΠΟΥ ΠΕΡΙΛΑΜΒΑΝΕΙ ΠΛΕΥΡΟΔΕΣ",Surgical,80,2380
X645079,ΧΗΜΙΚΗ ΠΛΕΥΡΟΔΕΣΗ (ΠΧ. ΓΙΑ ΥΠΟΤΡΟΠΙΑΖΟΝΤΑ Ή ΕΜΜΕΝΟ,Surgical,80,1820
X645161,"ΘΩΡΑΚΟΣΚΟΠΗΣΗ, ΔΙΑΓΝΩΣΤΙΚΗ (ΞΕΧΩΡΙΣΤΗ ΔΙΑΔΙΚΑΣΙΑ).",Surgical,160,2380
X645163,"ΘΩΡΑΚΟΣΚΟΠΗΣΗ, ΔΙΑΓΝΩΣΤΙΚΗ (ΞΕΧΩΡΙΣΤΗ ΔΙΑΔΙΚΑΣΙΑ).",Surgical,80,2540
X645165,"ΘΩΡΑΚΟΣΚΟΠΗΣΗ, ΔΙΑΓΝΩΣΤΙΚΗ (ΞΕΧΩΡΙΣΤΗ ΔΙΑΔΙΚΑΣΙΑ),",Surgical,120,2700
X645167,"ΘΩΡΑΚΟΣΚΟΠΗΣΗ, ΔΙΑΓΝΩΣΤΙΚΗ (ΞΕΧΩΡΙΣΤΗ ΔΙΑΔΙΚΑΣΙΑ),",Surgical,160,2860
X645169,"ΘΩΡΑΚΟΣΚΟΠΗΣΗ, ΔΙΑΓΝΩΣΤΙΚΗ (ΞΕΧΩΡΙΣΤΗ ΔΙΑΔΙΚΑΣΙΑ).",Surgical,80,3020
X645171,"ΘΩΡΑΚΟΣΚΟΠΗΣΗ, ΔΙΑΓΝΩΣΤΙΚΗ (ΞΕΧΩΡΙΣΤΗ ΔΙΑΔΙΚΑΣΙΑ).",Surgical,120,3180
X645259,"ΘΩΡΑΚΟΣΚΟΠΗΣΗ, ΘΕΡΑΠΕΥΤΙΚΗ, ΓΙΑ ΠΛΕΥΡΟΔΕΣΙΑ (ΜΗΧΑΝ",Surgical,80,2220
X645261,"ΘΩΡΑΚΟΣΚΟΠΗΣΗ, ΘΕΡΑΠΕΥΤΙΚΗ ΜΕ ΜΕΡΙΚΗ ΑΠΟΦΛΟΙΩΣΗ ΠΝ",Surgical,120,2380
X645263,"ΘΩΡΑΚΟΣΚΟΠΗΣΗ, ΘΕΡΑΠΕΥΤΙΚΗ, ΜΕ ΠΛΗΡΗ ΑΠΟΦΛΟΙΩΣΗ ΠΝ",Surgical,160,2540
X645265,"ΘΩΡΑΚΟΣΚΟΠΗΣΗ, ΘΕΡΑΠΕΥΤΙΚΗ, ΜΕ ΑΦΑΙΡΕΣΗ ΑΠΟ ΤΗΝ ΥΠ",Surgical,120,2700
X645267,"ΘΩΡΑΚΟΣΚΟΠΗΣΗ, ΘΕΡΑΠΕΥΤΙΚΗ, ΜΕ ΕΛΕΓΧΟ ΤΗΣ ΕΝΕΡΓΟΥ ",Surgical,120,2860
X645269,"ΘΩΡΑΚΟΣΚΟΠΗΣΗ, ΘΕΡΑΠΕΥΤΙΚΗ, ΜΕ ΕΚΤΟΜΗ Η ΠΤΥΧΩΣΗ ΑΕ",Surgical,240,3020
X645271,"ΘΩΡΑΚΟΣΚΟΠΗΣΗ, ΘΕΡΑΠΕΥΤΙΚΗ, ΜΕ ΕΚΤΟΜΗ ΤΟΙΧΩΜΑΤΙΚΟΥ",Surgical,150,3180
X645273,"ΘΩΡΑΚΟΣΚΟΠΗΣΗ, ΘΕΡΑΠΕΥΤΙΚΗ, ΜΕ ΣΦΗΝΟΕΙΔΗ ΕΚΤΟΜΗ ΤΟ",Surgical,210,3340
X645275,"ΘΩΡΑΚΟΣΚΟΠΗΣΗ, ΘΕΡΑΠΕΥΤΙΚΗ. ΜΕ ΑΦΑΙΡΕΣΗ ΘΡΟΜΒΟΥ Ή ",Surgical,120,1500
X645277,"ΘΩΡΑΚΟΣΚΟΠΗΣΗ, ΘΕΡΑΠΕΥΤΙΚΗ ΜΕ ΔΗΜΙΟΥΡΓΙΑ ΠΕΡΙΚΑΡΔΙ",Surgical,180,1660
X645279,"ΘΩΡΑΚΟΣΚΟΠΗΣΗ, ΘΕΡΑΠΕΥΤΙΚΗ ΜΕ ΥΦΟΛΙΚΗ ΠΕΡΙΚΑΡΔΙΕΚΤ",Surgical,240,1820
X645281,"ΘΩΡΑΚΟΣΚΟΠΗΣΗ, ΘΕΡΑΠΕΥΤΙΚΗ. ΜΕ ΕΚΤΟΜΗ ΠΕΡΙΚΑΡΔΙΑΚΗ",Surgical,150,1980
X645283,"ΘΩΡΑΚΟΣΚΟΠΗΣΗ, ΘΕΡΑΠΕΥΤΙΚΗ, ΜΕ ΑΦΑΙΡΕΣΗ ΜΕΣΟΘΩΡΑΚΙ",Surgical,210,2140
X645285,"ΘΩΡΑΚΟΣΚΟΠΗΣΗ, ΘΕΡΑΠΕΥΤΙΚΗ, ΜΕ ΛΟΒΕΚΤΟΜΗ Ή ΤΥΠΙΚΗ ",Surgical,120,2300
X645287,"ΘΩΡΑΚΟΣΚΟΠΗΣΗ, ΘΕΡΑΠΕΥΤΙΚΗ, ΜΕ ΘΩΡΑΚΙΚΗ ΣΥΜΠΑΘΕΚΤΟ",Surgical,180,2460
X645289,"ΘΩΡΑΚΟΣΚΟΠΗΣΗ, ΘΕΡΑΠΕΥΤΙΚΗ, ΜΕ ΟΙΣΟΦΑΓΟΜΥΟΤΟΜΗ (ΤΥ",Surgical,80,2620
X645559,ΑΠΟΚΑΤΑΣΤΑΣΗ ΚΗΛΗΣ ΠΝΕΥΜΟΝΙΚΟΥ ΙΣΤΟΥ ΔΙΑ ΤΟΥ ΘΩΡΑΚ,Surgical,80,2220
X645579,ΧΕΙΡΟΥΡΓΙΚΗ ΣΥΓΚΛΕΙΣΗ ΤΟΥ ΘΩΡΑΚΙΚΟΥ ΤΟΙΧΩΜΑΤΟΣ ΜΕΤ,Surgical,240,1820
X645589,ΧΕΙΡΟΥΡΓΙΚΗ ΣΥΓΚΛΕΙΣΗ ΣΥΡΙΓΓΙΟΥ ΤΟΥ ΚΥΡΙΟΥ ΒΡΟΓΧΟΥ,Surgical,80,2620
X645599,ΜΕΙΖΩΝ ΑΠΟΚΑΤΑΣΤΑΣΗ ΘΩΡΑΚΙΚΟΥ ΤΟΙΧΩΜΑΤΟΣ (ΜΕΤΑΤΡΑΥ,Surgical,160,3420
X645659,ΕΚΤΟΜΗ ΠΝΕΥΜΟΝΑ ΔΟΤΗ (ΣΥΜΠΕΡΙΛΑΒΑΝΟΜΕΝΗΣ ΣΥΝΤΗΡΗΣΗ,Surgical,240,1620
X645661,"ΜΕΤΑΜΟΣΧΕΥΣΗ ΕΝΟΣ ΠΝΕΥΜΟΝΑ, ΧΩΡΙΣ ΕΞΩΣΩΜΑΤΙΚΗ ΚΥΚΛ",Surgical,150,2380
X645663,"ΜΕΤΑΜΟΣΧΕΥΣΗ ΕΝΟΣ ΠΝΕΥΜΟΝΑ,ΜΕ ΕΞΩΣΩΜΑΤΙΚΗ ΚΥΚΛΟΦΟΡ",Surgical,210,2540
X645665,"ΜΕΤΑΜΟΣΧΕΥΣΗ ΠΝΕΥΜΟΝΑ, ΔΙΠΛΗ (ΑΜΦΙΠΛΕΥΡΗ ΔΙΑΔΟΧΙΚΗ",Surgical,120,2700
X645667,"ΜΕΤΑΜΟΣΧΕΥΣΗ ΠΝΕΥΜΟΝΑ, ΔΙΠΛΗ (ΑΜΦΙΠΛΕΥΡΗ ΔΙΑΔΟΧΙΚΗ",Surgical,180,2860
X645669,ΤΥΠΙΚΗ ΠΡΟΕΤΟΙΜΑΣΙΑ ΑΛΛΟΜΟΣΧΕΥΜΑΤΟΣ ΠΝΕΥΜΟΝΑ ΑΠΟ Π,Surgical,240,3020
X645671,ΤΥΠΙΚΗ ΠΡΟΕΤΟΙΜΑΣΙΑ ΑΛΛΟΜΟΣΧΕΥΜΑΤΟΣ ΠΝΕΥΜΟΝΑ ΑΠΟ Π,Surgical,150,3180
X645759,"ΕΚΤΟΜΗ ΤΩΝ ΠΛΕΥΡΩΝ, ΕΞΩΥΠΕΖΩΚΟΤΙΚΗ, ΟΛΑ ΤΑ ΣΤΑΔΙΑ",Surgical,240,1620
X645769,"ΘΩΡΑΚΟΠΛΑΣΤΙΚΗ, ΤΥΠΟΥ SCHEDE Ή ΕΞΩΥΠΕΖΩΚΟΤΙΚΗ (ΟΛΑ",Surgical,80,3020
X645771,"ΘΩΡΑΚΟΠΛΑΣΤΙΚΗ, ΤΥΠΟΥ SCHEDE Ή ΕΞΩΥΠΕΖΩΚΟΤΙΚΗ (ΟΛΑ",Surgical,120,3180
X645839,"ΠΝΕΥΜΟΝΟΛΥΣΗ, ΕΞΩΠΕΡΙΟΣΤΙΚΗ, ΣΥΜΠΕΡΙΛΑΜΒΑΝΟΜΕΝΩΝ Δ",Surgical,160,1570
X645879,"ΠΝΕΥΜΟΘΩΡΑΚΑΣ ΘΕΡΑΠΕΥΤΙΚΟΣ, ΕΝΔΟΫΠΕΖΩΚΟΤΙΚΗ ΕΝΕΣΗ ",Surgical,120,1820
X645953,ΘΕΡΑΠΕΥΤΙΚΗ ΕΚΠΛΥΣΗ (LAVAGE) ΠΝΕΥΜΟΝΑ (ΕΤΕΡΟΠΛΕΥΡΗ,Surgical,160,690
X645955,ΑΦΑΙΡΕΣΗ ΜΕ ΥΨΙΣΥΧΝΟ ΡΕΥΜΑ ΓΙΑ ΜΕΙΩΣΗ Ή ΕΚΡΙΖΩΣΗ Ε,Surgical,120,1900
X645957,"ΜΗ ΚΑΤΑΓΕΓΡΑΜΜΕΝΗ ΔΙΑΔΙΚΑΣΙΑ, ΠΝΕΥΜΟΝΕΣ ΚΑΙ ΥΠΕΖΩΚ",Surgical,120,1010
X645979,ΠΑΡΑΚΕΝΤΗΣΗ ΠΕΡΙΚΑΡΔΙΟΥ. ΑΡΧΙΚΗ,Surgical,80,770
X645981,ΠΑΡΑΚΕΝΤΗΣΗ ΠΕΡΙΚΑΡΔΙΟΥ. ΕΠΑΝΑΛΑΜΒΑΝΟΜΕΝΗ,Surgical,120,930
X645989,ΤΟΠΟΘΕΤΗΣΗ ΣΩΛΗΝΩΝ ΠΕΡΙΚΑΡΔΙΟΣΤΟΜΙΑΣ,Surgical,160,1570
X645999,ΠΕΡΙΚΑΡΔΙΟΤΟΜΙΑ ΓΙΑ ΑΦΑΙΡΕΣΗ ΘΡΟΜΒΟΥ Ή ΞΕΝΟΥ ΣΩΜΑΤ,Surgical,240,2820
X646009,ΔΗΜΙΟΥΡΓΙΑ ΠΕΡΙΚΑΡΔΙΑΚΟΥ ΠΑΡΑΘΥΡΟΥ Ή ΜΕΡΙΚΗ ΕΚΤΟΜΗ,Surgical,240,2220
X646019,"ΕΚΤΟΜΗ ΠΕΡΙΚΑΡΔΙΟΥ, ΥΦΟΛΙΚΗ Ή ΟΛΙΚΗ. ΧΩΡΙΣ ΚΑΡΔΙΟΠ",Surgical,240,2420
X646021,"ΕΚΤΟΜΗΠΕΡΙΚΑΡΔΙΟΥ, ΥΦΟΛΙΚΗ Ή ΟΛΙΚΗ. ΜΕ ΚΑΡΔΙΟΠΝΕΥΜ",Surgical,150,2580
X646059,ΕΚΤΟΜΗ ΠΕΡΙΚΑΡΔΙΑΚΗΣ ΚΥΣΤΗΣ,Surgical,240,2220
X646199,ΕΚΤΟΜΗ ΕΝΔΟΚΑΡΔΙΑΚΟΥ ΟΓΚΟΥ ΜΕ ΚΑΡΔΙΟΠΝΕΥΜΟΝΙΚΗ ΠΑΡ,Surgical,240,3420
X646219,ΑΦΑΙΡΕΣΗ ΕΠΙΚΑΡΔΙΑΚΟΥ ΟΓΚΟΥ,Surgical,240,3020
X646239,"ΔΙΑΜΥΟΚΑΡΔΙΑΚΗ ΕΠΑΝΑΓΓΕΙΩΣΗ ΜΕ ΛΕΪΖΕΡ, ΜΕΣΩ ΘΩΡΑΚΟ",Surgical,160,2620
X646241,"ΔΙΑΜΥΟΚΑΡΔΙΑΚΗ ΕΠΑΝΑΓΓΕΙΩΣΗ ΜΕ ΛΕΪΖΕΡ, ΜΕΣΩ ΣΤΕΡΝΟ",Surgical,150,2780
X646363,ΤΟΠΟΘΕΤΗΣΗ ΕΠΙΚΑΡΔΙΑΚΟΥ ΗΛΕΚΤΡΟΔΙΟΥ(ΩΝ). ΑΝΟΙΚΤΗ Τ,Surgical,210,2540
X646365,ΤΟΠΟΘΕΤΗΣΗ ΕΠΙΚΑΡΔΙΑΚΟΥ ΗΛΕΚΤΡΟΔΙΟΥ(ΩΝ). ΕΝΔΟΣΚΟΠΙ,Surgical,160,2700
X646371,ΤΟΠΟΘΕΤΗΣΗ Ή ΑΝΤΙΚΑΤΑΣΤΑΣΗ ΜΟΝΙΜΟΥ ΒΗΜΑΤΟΔΟΤΗ ΜΕ Δ,Surgical,160,2130
X646373,ΤΟΠΟΘΕΤΗΣΗ Ή ΑΝΤΙΚΑΤΑΣΤΑΣΗ ΜΟΝΙΜΟΥ ΒΗΜΑΤΟΔΟΤΗ ΜΕ Δ,Surgical,80,2290
X646375,ΤΟΠΟΘΕΤΗΣΗ Ή ΑΝΤΙΚΑΤΑΣΤΑΣΗ ΜΟΝΙΜΟΥ ΒΗΜΑΤΟΔΟΤΗ ΜΕ Δ,Surgical,120,1500
X646379,ΤΟΠΟΘΕΤΗΣΗ Ή ΑΝΤΙΚΑΤΑΣΤΑΣΗ ΠΡΟΣΩΡΙΝΟΥ ΔΙΑΦΛΕΒΙΟΥ Η,Surgical,80,770
X646381,ΤΟΠΟΘΕΤΗΣΗ Ή ΑΝΤΙΚΑΤΑΣΤΑΣΗ ΠΡΟΣΩΡΙΝΟΥ ΔΙΑΦΛΕΒΙΟΥ Η,Surgical,120,1980
X646383,ΤΟΠΟΘΕΤΗΣΗ Ή ΑΝΤΙΚΑΤΑΣΤΑΣΗ ΓΕΝΝΗΤΡΙΑΣ ΒΗΜΑΤΟΔΟΤΗ Μ,Surgical,160,2140
X646385,ΤΟΠΟΘΕΤΗΣΗ Ή ΑΝΤΙΚΑΤΑΣΤΑΣΗ ΓΕΝΝΗΤΡΙΑΣ ΒΗΜΑΤΟΔΟΤΗ Δ,Surgical,80,2300
X646387,"ΑΝΑΒΑΘΜΙΣΗ ΕΜΦΥΤΕΥΜΕΝΟΥ ΣΥΣΤΗΜΑΤΟΣ ΒΗΜΑΤΟΔΟΤΗ, ΜΕΤ",Surgical,180,1860
X646389,ΕΠΑΝΑΤΟΠΟΘΕΤΗΣΗ ΗΛΕΚΤΡΟΔΙΟΥ ΠΡΟΗΓΟΥΜΕΝΩΣ ΕΜΦΥΤΕΥΜΕ,Surgical,160,2620
X646391,ΤΟΠΟΘΕΤΗΣΗ ΔΙΑΦΛΕΒΙΟΥ ΗΛΕΚΤΡΟΔΙΟΥ. ΜΙΑΣ ΚΟΙΛΟΤΗΤΑΣ,Surgical,80,1730
X646393,ΤΟΠΟΘΕΤΗΣΗ ΔΙΑΦΛΕΒΙΟΥ ΗΛΕΚΤΡΟΔΙΟΥ. ΔΥΟ ΚΟΙΛΟΤΗΤΩΝ ,Surgical,120,1890
X646395,ΕΠΙΣΚΕΥΗ ΕΝΟΣ ΔΙΑΦΛΕΒΙΟΥ ΗΛΕΚΤΡΟΔΙΟΥ ΓΙΑ ΜΙΑΣ ΚΟΙΛ,Surgical,160,2050
X646399,ΕΠΙΣΚΕΥΗ ΔΥΟ ΔΙΑΦΛΕΒΙΩΝ ΗΛΕΚΤΡΟΔΙΩΝ ΓΙΑ ΔΥΟ ΚΟΙΛΟΤ,Surgical,120,2370
X646403,ΠΕΡΙΠΟΙΗΣΗ Η ΑΛΛΑΓΗ ΘΕΣΗΣ ΤΗΣ ΘΗΚΗΣ ΤΟΥ ΒΗΜΑΤΟΔΟΤΗ,Surgical,80,690
X646405,ΠΕΡΙΠΟΙΗΣΗ Η ΑΛΛΑΓΗ ΘΕΣΗΣ ΤΗΣ ΘΗΚΗΣ ΜΟΝΟΕΣΤΙΑΚΟΥ Η,Surgical,120,850
X646407,"ΕΙΣΑΓΩΓΗ ΗΛΕΚΤΡΟΔΙΟΥ ΒΗΜΑΤΟΔΟΤΗΣΗΣ, ΣΤΟ ΣΤΕΦΑΝΙΑΙΟ",Surgical,180,1460
X646409,ΕΙΣΑΓΩΓΗ ΗΛΕΚΤΡΟΔΙΟΥ ΒΗΜΑΤΟΔΟΤΗΣΗΣ ΣΤΟ ΣΤΕΦΑΝΙΑΙΟ ,Surgical,80,1170
X646411,ΕΠΑΝΑΤΟΠΟΘΕΤΗΣΗ ΠΡΟΗΓΟΥΜΕΝΩΣ ΕΜΦΥΤΕΥΜΕΝΟΥ ΗΛΕΚΤΡΟΔ,Surgical,150,1780
X646425,ΑΦΑΙΡΕΣΗ ΓΕΝΝΗΤΡΙΑΣ ΠΑΛΜΩΝ ΜΟΝΙΜΟΥ ΒΗΜΑΤΟΔΟΤΗ,Surgical,120,900
X646427,ΑΦΑΙΡΕΣΗ ΔΙΑΦΛΕΒΙΩΝ ΗΛΕΚΤΡΟΔΙΩΝ ΒΗΜΑΤΟΔΟΤΗ ΣΥΣΤΗΜΑ,Surgical,180,1060
X646429,ΑΦΑΙΡΕΣΗ ΔΙΑΦΛΕΒΙΩΝ ΗΛΕΚΤΡΟΔΙΩΝ ΒΗΜΑΤΟΔΟΤΗ. ΣΥΣΤΗΜ,Surgical,240,1220
X646431,ΑΦΑΙΡΕΣΗ ΜΟΝΙΜΟΥ ΕΠΙΚΑΡΔΙΑΚΟΥ ΒΗΜΑΤΟΔΟΤΗ ΚΑΙ ΗΛΕΚΤ,Surgical,150,1980
X646433,ΑΦΑΙΡΕΣΗ ΜΟΝΙΜΟΥ ΕΠΙΚΑΡΔΙΑΚΟΥ ΒΗΜΑΤΟΔΟΤΗ ΚΑΙ ΗΛΕΚΤ,Surgical,210,2140
X646435,ΑΦΑΙΡΕΣΗ ΜΟΝΙΜΩΝ ΔΙΑΦΛΕΒΙΩΝ ΗΛΕΚΤΡΟΔΙΩΝ ΜΕ ΘΩΡΑΚΟΤ,Surgical,120,2300
X646439,ΕΙΣΑΓΩΓΗ ΓΕΝΝΗΤΡΙΑΣ ΠΑΛΜΩΝ ΒΗΜΑΤΟΔΟΤΗ-ΑΠΙΝΙΔΩΤΗ ΜΙ,Surgical,80,1570
X646441,ΑΦΑΙΡΕΣΗ ΓΕΝΝΗΤΡΙΑΣ ΠΑΛΜΩΝ ΜΟΝΟΥ Ή ΔΙΠΛΟΥ ΘΑΛΑΜΟΥ ,Surgical,150,2180
X646445,ΑΦΑΙΡΕΣΗ ΗΛΕΚΤΡΟΔΙΩΝ ΜΟΝΟΥ Ή ΔΙΠΛΟΥ ΘΑΛΑΜΟΥ ΒΗΜΑΤΟ,Surgical,120,3100
X646447,ΑΦΑΙΡΕΣΗ ΗΛΕΚΤΡΟΔΙΩΝ ΜΟΝΟΥ Ή ΔΙΠΛΟΥ ΘΑΛΑΜΟΥ ΒΗΜΑΤΟ,Surgical,180,2660
X646457,ΕΙΣΑΓΩΓΗ Ή ΕΠΑΝΑΤΟΠΟΘΕΤΗΣΗ ΑΠΑΓΩΓΩΝ ΗΛΕΚΤΡΟΔΙΩΝ ΓΙ,Surgical,80,1010
X646459,ΕΓΧΕΙΡΗΤΙΚΗ ΚΑΤΑΛΥΣΗ ΥΠΕΡΚΟΙΛΙΑΚΗΣ ΑΡΡΥΘΜΙΟΓΟΝΟΥ Ε,Surgical,120,1170
X646461,ΕΓΧΕΙΡΗΤΙΚΗ ΚΑΤΑΛΥΣΗ ΥΠΕΡΚΟΙΛΙΑΚΗΣ ΑΡΡΥΘΜΙΟΓΟΝΟΥ Ε,Surgical,160,1330
X646467,ΕΓΧΕΙΡΗΤΙΚΗ ΚΑΤΑΛΥΣΗ ΑΡΡΥΘΜΙΟΓΟΝΟΥ ΕΣΤΙΑΣ (Π.Χ. ΤΡ,Surgical,160,1810
X646469,ΕΓΧΕΙΡΗΤΙΚΗ ΚΑΤΑΛΥΣΗ ΑΡΡΥΘΜΙΟΓΟΝΟΥ ΕΣΤΙΑΣ ΧΩΡΙΣ ΚΑ,Surgical,80,1970
X646471,ΕΓΧΕΙΡΗΤΙΚΗ ΚΑΤΑΛΥΣΗ ΑΡΡΥΘΜΙΟΓΟΝΟΥ ΕΣΤΙΑΣ ΜΕ ΚΑΡΔΙ,Surgical,120,2130
X646473,"ΕΓΧΕΙΡΗΤΙΚΗ ΚΑΤΑΛΥΣΗ ΑΡΡΥΘΜΙΟΓΟΝΟΥ ΕΣΤΙΑΣ, ΠΡΑΓΜΑΤ",Surgical,160,2290
X646475,ΕΓΧΕΙΡΗΤΙΚΗ ΚΑΤΑΛΥΣΗ ΑΡΡΥΘΜΙΟΓΟΝΟΥ ΕΣΤΙΑΣ ΠΡΑΓΜΑΤΟ,Surgical,80,450
X646477,ΕΓΧΕΙΡΗΤΙΚΗ ΚΑΤΑΛΥΣΗ ΑΡΡΥΘΜΙΟΓΟΝΟΥ ΕΣΤΙΑΣ ΠΡΑΓΜΑΤΟ,Surgical,120,610
X646481,ΕΓΧΕΙΡΗΤΙΚΗ ΚΑΤΑΛΥΣΗ ΚΟΙΛΙΑΚΗΣ ΑΡΡΥΘΜΙΟΓΟΝΟΥ ΕΣΤΙΑ,Surgical,80,930
X646489,"ΕΝΔΟΣΚΟΠΗΣΗ ΚΑΙ ΑΝΑΠΛΑΣΗ ΚΟΙΛΙΑΣ, ΠΕΡΙΟΡΙΣΜΕΝΗ (Π.",Surgical,120,1570
X646491,"ΕΝΔΟΣΚΟΠΗΣΗ, ΧΕΙΡΟΥΡΓΙΚΗ. ΕΓΧΕΙΡΗΤΙΚΗ ΑΦΑΙΡΕΣΗ ΙΣΤ",Surgical,150,2180
X646523,ΕΜΦΥΤΕΥΣΗ ΚΑΤΑΓΡΑΦΕΑ ΚΑΡΔΙΑΚΩΝ ΕΠΕΙΣΟΔΙΩΝ ΠΟΥ ΕΝΕΡ,Surgical,80,3340
X646527,ΑΦΑΙΡΕΣΗ ΕΜΦΥΤΕΥΣΙΜΟΥ ΚΑΤΑΓΡΑΦΕΑ ΚΑΡΔΙΑΚΩΝ ΕΠΕΙΣΟΔ,Surgical,180,1660
X646559,ΑΠΟΚΑΤΑΣΤΑΣΗ ΚΑΡΔΙΑΚΟΥ ΤΡΑΥΜΑΤΟΣ. ΧΩΡΙΣ ΚΑΡΔΙΟΠΝΕΥ,Surgical,80,2220
X646569,ΑΠΟΚΑΤΑΣΤΑΣΗ ΚΑΡΔΙΑΚΟΥ ΤΡΑΥΜΑΤΟΣ. ΜΕ ΚΑΡΔΙΟΠΝΕΥΜΟΝ,Surgical,160,3020
X646579,"ΚΑΡΔΙΟΤΟΜΗ, ΔΙΕΡΕΥΝΗΤΙΚΗ (ΠΕΡΙΛΑΜΒΑΝΕΙ ΑΦΑΙΡΕΣΗ ΞΕ",Surgical,240,1220
X646589,"ΚΑΡΔΙΟΤΟΜΗ, ΔΙΕΡΕΥΝΗΤΙΚΗ (ΠΕΡΙΛΑΜΒΑΝΕΙ ΑΦΑΙΡΕΣΗ ΞΕ",Surgical,240,2020
X646599,ΑΠΟΚΑΤΑΣΤΑΣΗ ΤΡΑΥΜΑΤΟΣ ΜΕ ΣΥΡΡΑΦΗ ΤΗΣ ΑΟΡΤΗΣ Ή ΤΩΝ,Surgical,240,3420
X646601,ΑΠΟΚΑΤΑΣΤΑΣΗ ΤΡΑΥΜΑΤΟΣ ΜΕ ΣΥΡΡΑΦΗ ΤΗΣ ΑΟΡΤΗΣ Ή ΤΩΝ,Surgical,150,1580
X646603,ΑΠΟΚΑΤΑΣΤΑΣΗ ΤΡΑΥΜΑΤΟΣ ΜΕ ΣΥΡΡΑΦΗ ΤΗΣ ΑΟΡΤΗΣ Ή ΤΩΝ,Surgical,210,1740
X646619,"ΕΝΔΑΓΓΕΙΑΚΗ ΤΟΠΟΘΕΤΗΣΗ ΜΟΣΧΕΥΜΑΤΟΣ, ΑΟΡΤΗ Ή ΜΕΓΑΛΑ",Surgical,240,3020
X646623,"ΤΟΠΟΘΕΤΗΣΗ ΜΟΣΧΕΥΜΑΤΟΣ, ΑΟΡΤΗ Ή ΜΕΓΑΛΑ ΑΓΓΕΙΑ. ΜΕ ",Surgical,210,3340
X646629,"ΤΟΠΟΘΕΤΗΣΗ ΜΟΣΧΕΥΜΑΤΟΣ, ΑΟΡΤΗ Ή ΜΕΓΑΛΑ ΑΓΓΕΙΑ. ΜΕ ",Surgical,240,1820
X646759,"ΒΑΛΒΙΔΟΠΛΑΣΤΙΚΗ ΑΟΡΤΙΚΗΣ ΒΑΛΒΙΔΑΣ ΑΝΟΙΧΤΗ, ΜΕ ΚΑΡΔ",Surgical,120,1170
X646761,"ΒΑΛΒΙΔΟΠΛΑΣΤΙΚΗ ΑΟΡΤΙΚΗΣ ΒΑΛΒΙΔΑΣ ΑΝΟΙΧΤΗ, ΜΕ ΑΠΟΚ",Surgical,160,1330
X646765,"ΒΑΛΒΙΔΟΠΛΑΣΤΙΚΗ, ΑΟΡΤΙΚΗ ΒΑΛΒΙΔΑ. ΜΕ ΤΗ ΧΡΗΣΗ ΔΙΑΚ",Surgical,120,1650
X646767,ΤΟΠΟΘΕΤΗΣΗ ΣΩΛΗΝΩΤΟΥ ΜΟΣΧΕΥΜΑΤΟΣ ΜΕΤΑΞΥ ΚΟΡΥΦΗΣ ΑΡ,Surgical,160,1810
X646769,"ΑΝΤΙΚΑΤΑΣΤΑΣΗ ΑΟΡΤΙΚΗΣ ΒΑΛΒΙΔΑΣ, ΜΕ ΚΑΡΔΙΟΠΝΕΥΜΟΝΙ",Surgical,80,1970
X646771,ΑΝΤΙΚΑΤΑΣΤΑΣΗ ΑΟΡΤΙΚΗΣ ΒΑΛΒΙΔΑΣ ΜΕ ΚΑΡΔΙΟΠΝΕΥΜΟΝΙΚ,Surgical,120,2130
X646779,"ΑΝΤΙΚΑΤΑΣΤΑΣΗ ΑΟΡΤΙΚΗΣ ΒΑΛΒΙΔΑΣ, ΜΕ ΚΑΡΔΙΟΠΝΕΥΜΟΝΙ",Surgical,160,770
X646781,ΑΝΤΙΚΑΤΑΣΤΑΣΗ ΑΟΡΤΙΚΗΣ ΒΑΛΒΙΔΑΣ ΜΕ ΔΙΕΥΡΥΝΣΗ ΤΟΥ Α,Surgical,80,930
X646783,ΑΝΤΙΚΑΤΑΣΤΑΣΗ ΑΟΡΤΙΚΗΣ ΒΑΛΒΙΔΑΣ ΜΕ ΔΙΑΚΟΙΛΙΑΚΗ ΔΙΕ,Surgical,120,1090
X646785,ΑΝΤΙΚΑΤΑΣΤΑΣΗ ΑΟΡΤΙΚΗΣ ΒΑΛΒΙΔΑΣ ΜΕ ΤΟΠΟΘΕΤΗΣΗ ΤΗΣ ,Surgical,160,1250
X646787,ΑΠΟΚΑΤΑΣΤΑΣΗ ΑΠΟΦΡΑΞΗΣ ΧΩΡΟΥ ΕΚΡΟΗΣ ΑΡΙΣΤΕΡΗΣ ΚΟΙΛ,Surgical,80,1410
X646789,ΕΚΤΟΜΗ Ή ΤΟΜΗ ΥΠΟΒΑΛΒΙΔΙΚΟΥ ΙΣΤΟΥ ΓΙΑ ΥΠΟΒΑΛΒΙΔΙΚΗ,Surgical,240,2020
X646791,ΚΟΙΛΙΟΜΥΟΤΟΜΗ (-ΜΥΕΚΤΟΜΗ) ΓΙΑ ΙΔΙΟΠΑΘΗ ΥΠΕΡΤΡΟΦΙΚΗ,Surgical,150,2180
X646793,ΑΟΡΤΟΠΛΑΣΤΙΚΗ (GUSSET) ΓΙΑ ΥΠΕΡΒΑΛΒΙΔΙΚΗ ΣΤΕΝΩΣΗ,Surgical,80,1890
X646799,ΚΛΕΙΣΤΗ ΒΑΛΒΙΔΟΤΟΜΗ ΤΗΣ ΜΙΤΡΟΕΙΔΟΥΣ ΒΑΛΒΙΔΑΣ,Surgical,80,2370
X646803,ΑΝΟΙΚΤΗ ΒΑΛΒΙΔΟΤΟΜΗ ΤΗΣ ΜΙΤΡΟΕΙΔΟΥΣ ΒΑΛΒΙΔΑΣ ΜΕ ΚΑ,Surgical,210,690
X646809,"ΒΑΛΒΙΔΟΠΛΑΣΤΙΚΗ ΤΗΣ ΜΙΤΡΟΕΙΔΟΥΣ ΒΑΛΒΙΔΑΣ, ΜΕ ΚΑΡΔΙ",Surgical,160,1170
X646811,"ΒΑΛΒΙΔΟΠΛΑΣΤΙΚΗ ΤΗΣ ΜΙΤΡΟΕΙΔΟΥΣ ΒΑΛΒΙΔΑΣ, ΜΕ ΚΑΡΔΙ",Surgical,80,1330
X646813,"ΒΑΛΒΙΔΟΠΛΑΣΤΙΚΗ ΤΗΣ ΜΙΤΡΟΕΙΔΟΥΣ ΒΑΛΒΙΔΑΣ, ΜΕ ΚΑΡΔΙ",Surgical,120,1490
X646819,"ΑΝΤΙΚΑΤΑΣΤΑΣΗ ΤΗΣ ΜΙΤΡΟΕΙΔΟΥΣ ΒΑΛΒΙΔΑΣ, ΜΕ ΚΑΡΔΙΟΠ",Surgical,120,1970
X646879,"ΕΚΤΟΜΗ ΤΡΙΓΛΩΧΙΝΑΣ ΒΑΛΒΙΔΑΣ, ΜΕ ΚΑΡΔΙΟΠΝΕΥΜΟΝΙΚΗ Π",Surgical,240,1220
X646885,ΒΑΛΒΙΔΟΠΛΑΣΤΙΚΗ ΤΡΙΓΛΩΧΙΝΑΣ ΒΑΛΒΙΔΑΣ. ΧΩΡΙΣ ΤΟΠΟΘΕ,Surgical,120,1250
X646887,ΒΑΛΒΙΔΟΠΛΑΣΤΙΚΗ ΤΡΙΓΛΩΧΙΝΑΣ ΒΑΛΒΙΔΑΣ ΜΕ ΤΟΠΟΘΕΤΗΣΗ,Surgical,160,1410
X646889,"ΑΝΤΙΚΑΤΑΣΤΑΣΗ ΤΡΙΓΛΩΧΙΝΑΣ ΒΑΛΒΙΔΑΣ, ΜΕ ΚΑΡΔΙΟΠΝΕΥΜ",Surgical,80,1570
X646895,ΕΠΑΝΑΤΟΠΟΘΕΤΗΣΗ ΤΡΙΓΛΩΧΙΝΗΣ ΒΑΛΒΙΔΑΣ ΚΑΙ ΠΤΥΧΩΣΗ Γ,Surgical,80,2050
X646899,"ΚΛΕΙΣΤΗ ΔΙΑΚΟΙΛΙΑΚΗ ΒΑΛΒΙΔΟΤΟΜΗ, ΠΝΕΥΜΟΝΙΚΗΣ ΒΑΛΒΙ",Surgical,160,2370
X646901,ΚΛΕΙΣΤΗ ΒΑΛΒΙΔΟΤΟΜΗ ΠΝΕΥΜΟΝΙΚΗΣ ΒΑΛΒΙΔΑΣ ΜΕΣΩ ΠΝΕΥ,Surgical,80,530
X646903,ΑΝΟΙΚΤΗ ΒΑΛΒΙΔΟΤΟΜΗ ΠΝΕΥΜΟΝΙΚΗΣ ΒΑΛΒΙΔΑΣ ΜΕ ΑΠΟΚΛΕ,Surgical,210,690
X646907,ΑΝΟΚΤΗ ΒΑΛΒΙΔΟΤΟΜΗ ΠΝΕΥΜΟΝΙΚΗΣ ΒΑΛΒΙΔΑΣ ΜΕ ΚΑΡΔΙΟΠ,Surgical,80,1010
X646909,ΑΝΟΙΚΤΗ ΑΝΤΙΚΑΤΑΣΤΑΣΗ ΠΝΕΥΜΟΝΙΚΗΣ ΒΑΛΒΙΔΑΣ,Surgical,240,1170
X646911,"ΕΚΤΟΜΗ ΔΕΞΙΑΣ ΚΟΙΛΙΑΣ ΓΙΑ ΣΤΕΝΩΣΗ ΧΟΑΝΗΣ, ΜΕ Ή ΧΩΡ",Surgical,150,1780
X646915,"ΔΙΕΥΡΥΝΣΗ ΤΟΥ ΧΩΡΟΥ ΕΚΡΟΗΣ (GUSSET), ΜΕ Ή ΧΩΡΙΣ ΔΙ",Surgical,120,2100
X646951,ΑΠΟΚΑΤΑΣΤΑΣΗ ΜΗ-ΔΟΜΙΚΗΣ ΔΥΣΛΕΙΤΟΥΡΓΙΑΣ ΠΡΟΣΘΕΤΙΚΗΣ,Surgical,120,530
X646959,ΧΕΙΡΟΥΡΓΙΚΗ ΔΙΟΡΘΩΣΗ ΣΤΕΦΑΝΙΑΙΑΣ ΑΡΤΗΡΙΟΦΛΕΒΙΚΗΣ Ε,Surgical,160,2220
X646961,ΧΕΙΡΟΥΡΓΙΚΗ ΔΙΟΡΘΩΣΗ ΣΤΕΦΑΝΙΑΙΑΣ ΑΡΤΗΡΙΟΦΛΕΒΙΚΗΣ Ε,Surgical,80,2380
X646963,ΧΕΙΡΟΥΡΓΙΚΗ ΔΙΟΡΘΩΣΗ ΣΤΕΦΑΝΙΑΙΑΣ ΑΡΤΗΡΙΑΣ ΜΕ ΑΝΩΜΑ,Surgical,120,1490
X646965,ΧΕΙΡΟΥΡΓΙΚΗ ΔΙΟΡΘΩΣΗ ΣΤΕΦΑΝΙΑΙΑΣ ΑΡΤΗΡΙΑΣ ΜΕ ΑΝΩΜΑ,Surgical,160,1650
X646967,ΧΕΙΡΟΥΡΓΙΚΗ ΔΙΟΡΘΩΣΗ ΣΤΕΦΑΝΙΑΙΑΣ ΑΡΤΗΡΙΑΣ ΜΕ ΑΝΩΜΑ,Surgical,80,1810
X646969,ΧΕΙΡΟΥΡΓΙΚΗ ΔΙΟΡΘΩΣΗ ΣΤΕΦΑΝΙΑΙΑΣ ΑΡΤΗΡΙΑΣ ΜΕ ΑΝΩΜΑ,Surgical,120,1970
X646971,ΧΕΙΡΟΥΡΓΙΚΗ ΔΙΟΡΘΩΣΗ ΣΤΕΦΑΝΙΑΙΑΣ ΑΡΤΗΡΙΑΣ ΜΕ ΑΝΩΜΑ,Surgical,160,2130
X646973,ΧΕΙΡΟΥΡΓΙΚΗ ΔΙΟΡΘΩΣΗ ΑΝΩΜΑΛΗΣ (Π.Χ. ΕΝΔΟΤΟΙΧΩΜΑΤΙΚ,Surgical,80,2290
X646975,"ΕΝΔΟΣΚΟΠΗΣΗ, ΧΕΙΡΟΥΡΓΙΚΗ, ΣΥΜΠΕΡΙΛΑΜΒΑΝΟΜΕΝΗΣ ΤΗΣ ",Surgical,120,450
X646979,"ΠΑΡΑΚΑΜΨΗ ΣΤΕΦΑΝΙΑΙΑΣ ΑΡΤΗΡΙΑΣ, ΜΟΝΟ ΦΛΕΒΑ, ΕΝΑ ΦΛ",Surgical,80,770
X646981,"ΠΑΡΑΚΑΜΨΗ ΣΤΕΦΑΝΙΑΙΑΣ ΑΡΤΗΡΙΑΣ, ΜΟΝΟ ΦΛΕΒΑ. ΔΥΟ ΦΛ",Surgical,120,930
X646983,"ΠΑΡΑΚΑΜΨΗ ΣΤΕΦΑΝΙΑΙΑΣ ΑΡΤΗΡΙΑΣ, ΜΟΝΟ ΦΛΕΒΑ. ΤΡΙΑ Φ",Surgical,160,1090
X646985,"ΠΑΡΑΚΑΜΨΗ ΣΤΕΦΑΝΙΑΙΑΣ ΑΡΤΗΡΙΑΣ, ΜΟΝΟ ΦΛΕΒΑ. ΤΕΣΣΕΡ",Surgical,80,1250
X646987,"ΠΑΡΑΚΑΜΨΗ ΣΤΕΦΑΝΙΑΙΑΣ ΑΡΤΗΡΙΑΣ, ΜΟΝΟ ΦΛΕΒΑ. ΠΕΝΤΕ ",Surgical,120,1410
X646991,"ΠΑΡΑΚΑΜΨΗ ΣΤΕΦΑΝΙΑΙΑΣ ΑΡΤΗΡΙΑΣ, ΜΟΝΟ ΦΛΕΒΑ. ΕΞΙ Ή ",Surgical,80,1730
X646993,"ΠΑΡΑΚΑΜΨΗ ΣΤΕΦΑΝΙΑΙΑΣ ΑΡΤΗΡΙΑΣ, ΜΕ ΤΗ ΧΡΗΣΗ ΦΛΕΒΙΚ",Surgical,120,1890
X646995,"ΠΑΡΑΚΑΜΨΗ ΣΤΕΦΑΝΙΑΙΑΣ ΑΡΤΗΡΙΑΣ, ΜΕ ΤΗ ΧΡΗΣΗ ΦΛΕΒΙΚ",Surgical,160,2050
X646997,"ΠΑΡΑΚΑΜΨΗ ΣΤΕΦΑΝΙΑΙΑΣ ΑΡΤΗΡΙΑΣ, ΜΕ ΤΗ ΧΡΗΣΗ ΦΛΕΒΙΚ",Surgical,80,2210
X647001,"ΠΑΡΑΚΑΜΨΗ ΣΤΕΦΑΝΙΑΙΑΣ ΑΡΤΗΡΙΑΣ, ΜΕ ΤΗ ΧΡΗΣΗ ΦΛΕΒΙΚ",Surgical,80,530
X647003,"ΠΑΡΑΚΑΜΨΗ ΣΤΕΦΑΝΙΑΙΑΣ ΑΡΤΗΡΙΑΣ, ΜΕ ΤΗ ΧΡΗΣΗ ΦΛΕΒΙΚ",Surgical,120,690
X647005,"ΠΑΡΑΚΑΜΨΗ ΣΤΕΦΑΝΙΑΙΑΣ ΑΡΤΗΡΙΑΣ, ΜΕ ΤΗ ΧΡΗΣΗ ΦΛΕΒΙΚ",Surgical,160,850
X647019,"ΕΠΑΝΕΓΧΕΙΡΙΣΗ, ΕΠΕΜΒΑΣΗ ΠΑΡΑΚΑΜΨΗΣ ΣΤΕΦΑΝΙΑΙΑΣ ΑΡΤ",Surgical,80,1970
X647025,"ΠΑΡΑΚΑΜΨΗ ΣΤΕΦΑΝΙΑΙΑΣ ΑΡΤΗΡΙΑΣ, ΜΕ ΤΗ ΧΡΗΣΗ ΑΡΤΗΡΙ",Surgical,80,450
X647027,"ΠΑΡΑΚΑΜΨΗ ΣΤΕΦΑΝΙΑΙΑΣ ΑΡΤΗΡΙΑΣ, ΜΕ ΤΗ ΧΡΗΣΗ ΑΡΤΗΡΙ",Surgical,120,610
X647029,"ΠΑΡΑΚΑΜΨΗ ΣΤΕΦΑΝΙΑΙΑΣ ΑΡΤΗΡΙΑΣ, ΜΕ ΤΗ ΧΡΗΣΗ ΑΡΤΗΡΙ",Surgical,160,770
X647031,"ΠΑΡΑΚΑΜΨΗ ΣΤΕΦΑΝΙΑΙΑΣ ΑΡΤΗΡΙΑΣ, ΜΕ ΤΗ ΧΡΗΣΗ ΑΡΤΗΡΙ",Surgical,80,930
X647043,ΕΚΤΟΜΗ ΜΥΟΚΑΡΔΙΟΥ (Π.Χ. ΕΚΤΟΜΗ ΚΟΙΛΙΑΚΟΥ ΑΝΕΥΡΥΣΜΑ,Surgical,210,2340
X647049,ΑΠΟΚΑΤΑΣΤΑΣΗ ΜΕΤΕΜΦΡΑΚΤΙΚΟΥ ΕΛΛΕΙΜΑΤΟΣ ΜΕΣΟΚΟΙΛΙΑΚ,Surgical,240,2820
X647055,ΧΕΙΡΟΥΡΓΙΚΗ ΕΠΕΜΒΑΣΗ ΑΝΑΔΙΑΜΟΡΦΩΣΗΣ ΤΗΣ ΚΟΙΛΙΑΣ ΣΥ,Surgical,80,850
X647103,"ΣΤΕΦΑΝΙΑΙΑ ΕΝΔΑΡΤΗΡΙΕΚΤΟΜΗ, ΑΝΟΙΧΤΗ, ΚΑΘΕ ΜΕΘΟΔΟΣ,",Surgical,210,1140
X647159,ΣΥΓΚΛΕΙΣΗ ΚΟΛΠΟΚΟΙΛΙΑΚΗΣ ΒΑΛΒΙΔΑΣ (ΜΙΤΡΟΕΙΔΟΥΣ Ή Τ,Surgical,120,1170
X647163,ΣΥΓΚΛΕΙΣΗ ΜΗΝΟΕΙΔΟΥΣ ΒΑΛΒΙΔΑΣ (ΑΟΡΤΙΚΗΣ Ή ΠΝΕΥΜΟΝΙ,Surgical,80,1490
X647171,ΑΝΑΣΤΟΜΩΣΗ ΠΝΕΥΜΟΝΙΚΗΣ ΑΡΤΗΡΙΑΣ ΣΤΗΝ ΑΟΡΤΗ (ΔΙΑΔΙΚ,Surgical,120,2580
X647175,ΧΕΙΡΟΥΡΓΙΚΗ ΔΙΟΡΘΩΣΗ ΣΥΝΘΕΤΗΣ ΚΑΡΔΙΑΚΗΣ ΑΝΩΜΑΛΙΑΣ ,Surgical,80,1500
X647179,ΧΕΙΡΟΥΡΓΙΚΗ ΔΙΟΡΘΩΣΗ ΣΥΝΘΕΤΩΝ ΚΑΡΔΙΑΚΩΝ ΑΝΩΜΑΛΙΩΝ ,Surgical,160,1820
X647181,ΑΠΟΚΑΤΑΣΤΑΣΗ ΔΙΠΛΗΣ ΕΞΟΔΟΥ ΔΕΞΙΑΣ ΚΟΙΛΙΑΣ ΜΕ ΧΕΙΡΟ,Surgical,80,930
X647183,ΧΕΙΡΟΥΡΓΙΚΗ ΔΙΟΡΘΩΣΗ ΔΙΠΛΗΣ ΕΞΟΔΟΥ ΔΕΞΙΑΣ ΚΟΙΛΙΑΣ ,Surgical,120,1090
X647189,ΧΕΙΡΟΥΡΓΙΚΗ ΔΙΟΡΘΩΣΗ ΣΥΝΘΕΤΩΝ ΚΑΡΔΙΑΚΩΝ ΑΝΩΜΑΛΙΩΝ ,Surgical,120,2620
X647193,ΧΕΙΡΟΥΡΓΙΚΗ ΑΝΤΙΜΕΤΩΠΙΣΗ ΣΥΝΘΕΤΩΝ ΚΑΡΔΙΑΚΩΝ ΑΝΩΜΑΛ,Surgical,80,2940
X647197,ΧΕΙΡΟΥΡΓΙΚΗ ΑΝΤΙΜΕΤΩΠΙΣΗ ΜΟΝΗΡΟΥΣ ΚΟΙΛΙΑΣ ΜΕ ΑΠΟΦΡ,Surgical,160,2210
X647241,ΧΕΙΡΟΥΡΓΙΚΗ ΣΥΓΚΛΕΙΣΗ ΔΕΥΤΕΡΟΓΕΝΟΥΣ ΜΕΣΟΚΟΛΠΙΚΗΣ Ε,Surgical,80,1730
X647249,"ΑΜΕΣΗ ΣΥΓΚΛΕΙΣΗ Ή ΣΥΓΚΛΕΙΣΗ ΜΕ ""ΜΠΑΛΩΜΑ"" ΦΛΕΒΩΔΟΥΣ",Surgical,120,2370
X647253,ΧΕΙΡΟΥΡΓΙΚΗ ΔΙΟΡΘΩΣΗ ΜΕΣΟΚΟΛΠΙΚΗΣ Ή ΜΕΣΟΚΟΙΛΙΑΚΗΣ ,Surgical,80,690
X647279,ΧΕΙΡΟΥΡΓΙΚΗ ΑΠΟΚΑΤΑΣΤΑΣΗ ΑΤΕΛΟΥΣ Ή ΜΕΡΙΚΟΥ ΚΟΛΠΟΚΟ,Surgical,120,770
X647289,ΧΕΙΡΟΥΡΓΙΚΗ ΑΠΟΚΑΤΑΣΤΑΣΗ ΜΕΡΙΚΟΥ Ή ΠΑΡΟΔΙΚΟΥ ΚΟΛΠΟ,Surgical,80,1570
X647299,ΧΕΙΡΟΥΡΓΙΚΗ ΑΠΟΚΑΤΑΣΤΑΣΗ ΠΛΗΡΟΥΣ ΚΟΛΠΟΚΟΙΛΙΑΚΟΥ ΚΑ,Surgical,160,2370
X647309,ΧΕΙΡΟΥΡΓΙΚΗ ΣΥΓΚΛΕΙΣΗ ΠΟΛΛΑΠΛΩΝ ΜΕΣΟΚΟΙΛΑΙΚΩΝ ΕΠΙΚ,Surgical,120,1170
X647311,ΧΕΙΡΟΥΡΓΙΚΗ ΣΥΓΚΛΕΙΣΗ ΠΟΛΛΑΠΛΩΝ ΜΕΣΟΚΟΙΛΙΑΚΩΝ ΕΠΙΚ,Surgical,150,1780
X647313,ΧΕΙΡΟΥΡΓΙΚΗ ΣΥΓΚΛΕΙΣΗ ΠΟΛΛΑΠΛΩΝ ΜΕΣΟΚΟΙΛΙΑΚΩΝ ΕΠΙΚ,Surgical,210,1940
X647321,ΧΕΙΡΟΥΡΓΙΚΗ ΣΥΓΚΛΕΙΣΗ ΜΟΝΗΡΟΥΣ ΜΕΣΟΚΟΙΛΙΑΚΗΣ ΕΠΙΚΟ,Surgical,120,2130
X647327,ΧΕΙΡΟΥΡΓΙΚΗ ΣΥΓΚΛΕΙΣΗ ΜΟΝΗΡΟΥΣ ΜΕΣΟΚΟΙΛΙΑΚΗΣ ΕΠΙΚΟ,Surgical,180,1060
X647335,ΧΕΙΡΟΥΡΓΙΚΗ ΣΥΓΚΛΕΙΣΗ ΜΟΝΗΡΟΥΣ ΜΕΣΟΚΟΙΛΙΑΚΗΣ ΕΠΙΚΟ,Surgical,120,1700
X647339,ΠΕΡΙΟΡΙΣΜΕΝΗ ΣΥΣΦΙΞΗ (BANDING) ΤΗΣ ΠΝΕΥΜΟΝΙΚΗΣ ΑΡΤ,Surgical,120,1570
X647343,ΠΛΗΡΗΣ ΔΙΟΡΘΩΣΗ ΤΕΤΡΑΛΟΓΙΑΣ FALLOT ΧΩΡΙΣ ΠΝΕΥΜΟΝΙΚ,Surgical,80,1890
X647347,ΠΛΗΡΗΣ ΔΙΟΡΘΩΣΗ ΤΕΤΡΑΛΟΓΙΑΣ FALLOT ΜΕ ΠΝΕΥΜΟΝΙΚΗ Α,Surgical,160,2210
X647353,ΠΛΗΡΗΣ ΔΙΟΡΘΩΣΗ ΤΕΤΡΑΛΟΓΙΑΣ FALLOT ΜΕ ΠΝΕΥΜΟΝΙΚΗ Α,Surgical,160,690
X647363,ΧΕΙΡΟΥΡΓΙΚΗ ΔΙΟΡΘΩΣΗ ΣΥΡΙΓΓΙΟΥ ΤΟΥ ΚΟΛΠΟΥ ΤΟΥ VALS,Surgical,120,1490
X647379,ΧΕΙΡΟΥΡΓΙΚΗ ΔΙΟΡΘΩΣΗ ΣΥΡΙΓΓΙΟΥ ΤΟΥ ΚΟΛΠΟΥ ΤΟΥ VALS,Surgical,80,770
X647399,ΧΕΙΡΟΥΡΓΙΚΗ ΔΙΟΡΘΩΣΗ ΣΥΡΙΓΓΙΟΥ ΤΟΥ ΚΟΛΠΟΥ ΤΟΥ VALS,Surgical,120,2370
X647403,ΣΥΓΚΛΕΙΣΗ ΣΩΛΗΝΩΤΟΥ ΜΟΣΧΕΥΜΑΤΟΣ ΜΕΤΑΞΥ ΑΟΡΤΗΣ ΚΑΙ ,Surgical,80,690
X647407,ΧΕΙΡΟΥΡΓΙΚΗ ΔΙΟΡΘΩΣΗ ΜΕΜΟΝΩΜΕΝΗΣ ΜΕΡΙΚΗΣ ΑΝΩΜΑΛΗΣ ,Surgical,160,1010
X647411,ΧΕΙΡΟΥΡΓΙΚΗ ΔΙΟΡΘΩΣΗ ΣΤΕΝΩΣΗΣ ΠΝΕΥΜΟΝΙΚΗΣ ΦΛΕΒΑΣ,Surgical,120,1330
X647419,ΠΛΗΡΗΣ ΧΕΙΡΟΥΡΓΙΚΗ ΔΙΟΡΘΩΣΗ ΑΝΩΜΑΛΗΣ ΕΚΒΟΛΗΣ ΠΝΕΥΜ,Surgical,160,3020
X647423,ΧΕΙΡΟΥΡΓΙΚΗ ΔΙΟΡΘΩΣΗ ΤΡΙΚΟΛΠΗΣ ΚΑΡΔΙΑΣ Ή ΥΠΕΡΒΑΛΒΙ,Surgical,210,3340
X647429,ΕΚΤΟΜΗ Ή ΔΙΑΝΟΙΞΗ ΤΟΥ ΜΕΣΟΚΟΛΠΙΚΟΥ ΔΙΑΦΡΑΓΜΑΤΟΣ. Κ,Surgical,240,1820
X647431,ΕΚΤΟΜΗ Ή ΔΙΑΝΟΙΞΗ ΤΟΥ ΜΕΣ ΚΟΛΠΙΚΟΥ ΔΙΑΦΡΑΓΜΑΤΟΣ. Α,Surgical,150,1980
X647433,ΕΚΤΟΜΗ Ή ΔΙΑΝΟΙΞΗ ΤΟΥ ΜΕΣΟΚΟΛΠΙΚΟΥ ΔΙΑΦΡΑΓΜΑΤΟΣ. Α,Surgical,210,2140
X647459,ΤΟΠΟΘΕΤΗΣΗ ΠΑΡΑΚΑΜΨΗΣ (SHUNT) ΜΕΤΑΞΥ ΥΠΟΚΛΕΙΔΙΑΣ Κ,Surgical,120,1170
X647469,ΤΟΠΟΘΕΤΗΣΗ ΠΑΡΑΚΑΜΨΗΣ( SHUNT) ΜΕΤΑΞΥ ΑΝΙΟΥΣΗΣ ΑΟΡΤ,Surgical,80,1970
X647483,ΤΟΠΟΘΕΤΗΣΗ ΠΑΡΑΚΑΜΨΗΣ (SHUNT) ΜΕΤΑΞΥ ΚΑΤΙΟΥΣΗΣ ΑΟΡ,Surgical,120,1090
X647487,ΤΟΠΟΘΕΤΗΣΗ ΚΕΝΤΡΙΚΗΣ ΠΑΡΑΚΑΜΨΗΣ (SHUNT) ΜΕ ΠΡΟΣΘΕΤ,Surgical,80,1410
X647491,ΤΟΠΟΘΕΤΗΣΗ ΠΑΡΑΚΑΜΨΗΣ (SHUNT) ΜΕΤΑΞΥ ΑΝΩ ΚΟΙΛΗΣ ΦΛ,Surgical,160,1730
X647493,ΤΟΠΟΘΕΤΗΣΗ ΠΑΡΑΚΑΜΨΗΣ (SHUNT) ΜΕΤΑΞΥ ΑΝΩ ΚΟΙΛΗΣ ΦΛ,Surgical,80,1890
X647495,ΑΝΑΣΤΟΜΩΣΗ ΚΟΙΛΗΣ ΦΛΕΒΑΣ-ΠΝΕΥΜΟΝΙΚΗΣ ΑΡΤΗΡΙΑΣ ΜΕ Τ,Surgical,120,2500
X647499,ΧΕΙΡΟΥΡΓΙΚΗ ΔΙΟΡΘΩΣΗ ΜΕΤΑΘΕΣΗΣ ΤΩΝ ΜΕΓΑΛΩΝ ΑΡΤΗΡΙΩ,Surgical,240,3420
X647501,ΧΕΙΡΟΥΡΓΙΚΗ ΔΙΟΡΘΩΣΗ ΜΕΤΑΘΕΣΗΣ ΤΩΝ ΜΕΓΑΛΩΝ ΑΡΤΗΡΙΩ,Surgical,150,1580
X647507,"ΧΕΙΡΟΥΡΓΙΚΗ ΔΙΟΡΘΩΣΗ ΤΩΝ ΜΕΓΑΛΩΝ ΑΡΤΗΡΙΩΝ, ΧΕΙΡΟΥΡ",Surgical,180,2060
X647509,"ΧΕΙΡΟΥΡΓΙΚΗ ΔΙΟΡΘΩΣΗ ΤΩΝ ΜΕΓΑΛΩΝ ΑΡΤΗΡΙΩΝ, ΜΕ ΑΝΑΚ",Surgical,240,2220
X647511,"ΧΕΙΡΟΥΡΓΙΚΗ ΔΙΟΡΘΩΣΗ ΤΩΝ ΜΕΓΑΛΩΝ ΑΡΤΗΡΙΩΝ, ΜΕ ΑΝΑΚ",Surgical,150,2380
X647513,"ΧΕΙΡΟΥΡΓΙΚΗ ΔΙΟΡΘΩΣΗ ΤΩΝ ΜΕΓΑΛΩΝ ΑΡΤΗΡΙΩΝ, ΜΕ ΑΝΑΚ",Surgical,210,2540
X647515,ΧΕΙΡΟΥΡΓΙΚΗ ΔΙΟΡΘΩΣΗ ΤΗΣ ΜΕΤΑΘΕΣΗΣ ΤΩΝ ΜΕΓΑΛΩΝ ΑΡΤ,Surgical,120,2700
X647517,ΧΕΙΡΟΥΡΓΙΚΗ ΔΙΟΡΘΩΣΗ ΤΗΣ ΜΕΤΑΘΕΣΗΣ ΤΩΝ ΜΕΓΑΛΩΝ ΑΡΤ,Surgical,180,2860
X647519,ΧΕΙΡΟΥΡΓΙΚΗ ΔΙΟΡΘΩΣΗ ΤΗΣ ΜΕΤΑΘΕΣΗΣ ΤΩΝ ΜΕΓΑΛΩΝ ΑΡΤ,Surgical,240,3020
X647521,ΧΕΙΡΟΥΡΓΙΚΗ ΔΙΟΡΘΩΣΗ ΤΗΣ ΜΕΤΑΘΕΣΗΣ ΤΩΝ ΜΕΓΑΛΩΝ ΑΡΤ,Surgical,150,3180
X647531,"ΠΛΗΡΗΣ ΧΕΙΡΟΥΡΓΙΚΗ ΔΙΟΡΘΩΣΗ , ΑΡΤΗΡΙΑΚΟΣ ΠΟΡΟΣ (ΕΓ",Surgical,120,930
X647535,ΕΠΑΝΕΜΦΥΤΕΥΣΗ ΑΝΩΜΑΛΗΣ ΕΚΦΥΣΗΣ ΠΝΕΥΜΟΝΙΚΗΣ ΑΡΤΗΡΙΑ,Surgical,80,1250
X647559,ΑΟΡΤΙΚΗ ΑΝΟΡΘΩΣΗ ΓΙΑ ΑΠΟΣΥΜΠΙΕΣΗ ΤΗΣ ΤΡΑΧΕΙΑΣ (Π.Χ,Surgical,80,1170
X647563,ΔΙΑΙΡΕΣΗ ΕΚΤΟΠΟΥ ΑΓΓΕΙΟΥ (ΑΓΓΕΙΑΚΟΣ ΔΑΚΤΥΛΙΟΣ).,Surgical,160,1490
X647565,ΔΙΑΙΡΕΣΗ ΕΚΤΟΠΟΥ ΑΓΓΕΙΟΥ(ΑΓΓΕΙΑΚΟΣ ΔΑΚΤΥΛΙΟΣ). ΜΕ ,Surgical,80,2100
X647585,ΣΥΓΚΛΕΙΣΗ ΑΟΡΤΟΠΝΕΥΜΟΝΙΚΟΥ ΔΙΑΦΡΑΓΜΑΤΙΚΟΥ ΕΛΕΙΜΑΤΟ,Surgical,120,1250
X647587,ΣΥΓΚΛΕΙΣΗ ΑΟΡΤΟΠΝΕΥΜΟΝΙΚΟΥ ΔΙΑΦΡΑΓΜΑΤΙΚΟΥ ΕΛΕΙΜΑΤΟ,Surgical,160,1410
X647599,ΧΕΙΡΟΥΡΓΙΚΗ ΑΠΟΛΙΝΩΣΗ ΑΝΟΙΚΤΟΥ ΑΡΤΗΡΙΑΚΟΥ ΠΟΡΟΥ.,Surgical,240,2370
X647603,ΔΙΑΤΟΜΗ ΑΝΟΙΚΤΟΥ ΑΡΤΗΡΙΑΚΟΥ ΠΟΡΟΥ. ΓΙΑ ΑΣΘΕΝΕΙΣ ΚΑ,Surgical,210,690
X647607,ΔΙΑΤΟΜΗ ΑΝΟΙΚΤΟΥ ΑΡΤΗΡΙΑΚΟΥ ΠΟΡΟΥ ΓΙΑ ΑΣΘΕΝΕΙΣ 18 ,Surgical,180,1010
X647639,"ΕΚΤΟΜΗ ΣΤΕΝΩΣΗΣ ΙΣΘΜΟΥ ΑΟΡΤΗΣ, ΜΕ Ή ΧΩΡΙΣ ΣΥΝΟΔΟ Α",Surgical,240,2020
X647649,"ΕΚΤΟΜΗ ΣΤΕΝΩΣΗΣ ΙΣΘΜΟΥ ΑΟΡΤΗΣ, ΜΕ Ή ΧΩΡΙΣ ΣΥΝΟΔΟ Α",Surgical,240,2820
X647661,"ΕΚΤΟΜΗ ΣΤΕΝΩΣΗΣ ΙΣΘΜΟΥ ΑΟΡΤΗΣ, ΜΕ Ή ΧΩΡΙΣ ΣΥΝΟΔΟ Α",Surgical,150,1780
X647663,ΧΕΙΡΟΥΡΓΙΚΗ ΔΙΟΡΘΩΣΗ ΥΠΟΠΛΑΣΤΙΚΟΥ Ή ΔΙΑΚΕΚΟΜΜΕΝΟΥ ,Surgical,120,1490
X647665,ΧΕΙΡΟΥΡΓΙΚΗ ΔΙΟΡΘΩΣΗ ΥΠΟΠΛΑΣΤΙΚΟΥ Ή ΔΙΑΚΕΚΟΜΜΕΝΟΥ ,Surgical,160,1650
X647679,"ΑΝΤΙΚΑΤΑΣΤΑΣΗ ΜΕ ΜΟΣΧΕΥΜΑ ΤΗΣ ΑΝΙΟΥΣΑΣ ΑΟΡΤΗΣ, ΜΕ ",Surgical,80,770
X647681,"ΑΝΤΙΚΑΤΑΣΤΑΣΗ ΜΕ ΜΟΣΧΕΥΜΑ ΑΝΙΟΥΣΑΣ ΑΟΡΤΗΣ, ΜΕ ΚΑΡΔ",Surgical,120,930
X647685,"ΜΟΣΧΕΥΜΑ ΑΝΙΟΥΣΑΣ ΑΟΡΤΗΣ, ΜΕ ΚΑΡΔΙΟΠΝΕΥΜΟΝΙΚΗ ΠΑΡΑ",Surgical,80,1250
X647687,"ΜΟΣΧΕΥΜΑ ΑΝΙΟΥΣΑΣ ΑΟΡΤΗΣ, ΜΕ ΚΑΡΔΙΟΠΝΕΥΜΟΝΙΚΗ ΠΑΡΑ",Surgical,120,1410
X647699,"ΕΓΚΑΡΣΙΟ ΜΟΣΧΕΥΜΑ ΑΟΡΤΙΚΟΥ ΤΟΞΟΥ, ΜΕ ΚΑΡΔΙΟΠΝΕΥΜΟΝ",Surgical,120,2370
X647709,"ΜΟΣΧΕΥΜΑ ΚΑΤΙΟΥΣΑΣ ΘΩΡΑΚΙΚΗΣ ΑΟΡΤΗΣ, ΜΕ Ή ΧΩΡΙΣ ΠΑ",Surgical,80,2220
X647713,ΧΕΙΡΟΥΡΓΙΚΗ ΔΙΟΡΘΩΣΗ ΘΩΡΑΚΟΚΟΙΛΙΑΚΟΥ ΑΟΡΤΙΚΟΥ ΑΝΕΥ,Surgical,160,2540
X647719,ΕΝΔΑΓΓΕΙΑΚΗ ΑΠΟΚΑΤΑΣΤΑΣΗ ΚΑΤΙΟΥΣΑΣ ΘΩΡΑΚΙΚΗΣ ΑΟΡΤΗ,Surgical,160,3020
X647721,ΕΝΔΑΓΓΕΙΑΚΗ ΑΠΟΚΑΤΑΣΤΑΣΗ ΚΑΤΙΟΥΣΑΣ ΘΩΡΑΚΙΚΗΣ ΑΟΡΤΗ,Surgical,80,3180
X647725,ΤΟΠΟΘΕΤΗΣΗ ΠΡΟΘΕΣΗΣ ΕΠΕΚΤΑΣΗΣ ΣΤΟ ΚΕΝΤΡΙΚΟ ΤΜΗΜΑ Γ,Surgical,160,1500
X647727,ΤΟΠΟΘΕΤΗΣΗ ΠΡΟΘΕΣΗΣ ΣΤΟ ΚΕΝΤΡΙΚΟ ΤΜΗΜΑ ΓΙΑ ΕΝΔΑΓΓΕ,Surgical,80,1660
X647731,ΤΟΠΟΘΕΤΗΣΗ ΠΕΡΙΦΕΡΙΚΗΣ ΠΡΟΣΘΕΤΙΚΗΣ ΕΠΕΚΤΑΣΗΣ ΣΕ ΔΕ,Surgical,160,1980
X647737,ΑΝΟΙΚΤΗ ΜΕΤΑΘΕΣΗ ΑΠΟ ΥΠΟΚΛΕΙΔΙΑ ΣΤΗΝ ΚΑΡΩΤΙΔΙΚΗ ΑΡ,Surgical,180,2460
X647741,ΜΗ ΦΛΕΒΙΚΟ ΜΟΣΧΕΥΜΑ ΠΑΡΑΚΑΜΨΗΣ. ΔΙΑΥΧΕΝΙΚΟ ΟΠΙΣΘΟΦ,Surgical,120,2780
X647779,"ΕΜΒΟΛΕΚΤΟΜΗ ΠΝΕΥΜΟΝΙΚΗΣ ΑΡΤΗΡΙΑΣ, ΜΕ ΚΑΡΔΙΟΠΝΕΥΜΟΝ",Surgical,240,1220
X647789,"ΕΜΒΟΛΕΚΤΟΜΗ ΠΝΕΥΜΟΝΙΚΗΣ ΑΡΤΗΡΙΑΣ, ΧΩΡΙΣ ΚΑΡΔΙΟΠΝΕΥ",Surgical,240,2020
X647791,"ΕΝΔΑΡΤΗΡΙΕΚΤΟΜΗ ΠΝΕΥΜΟΝΙΚΗΣ ΑΡΤΗΡΙΑΣ, ΜΕ Ή ΧΩΡΙΣ Ε",Surgical,150,2180
X647793,ΧΕΙΡΟΥΡΓΙΚΗ ΔΙΟΡΘΩΣΗ ΣΤΕΝΩΣΗΣ ΠΝΕΥΜΟΝΙΚΗΣ ΑΡΤΗΡΙΑΣ,Surgical,80,1890
X647799,ΑΠΟΚΑΤΑΣΤΑΣΗ ΑΤΡΗΣΙΑΣ ΠΝΕΥΜΟΝΙΚΗΣ ΑΡΤΗΡΙΑΣ ΜΕ ΜΕΣΟ,Surgical,80,2370
X647803,ΔΙΑΤΟΜΗ ΠΝΕΥΜΟΝΙΚΗΣ ΑΡΤΗΡΙΑΣ ΜΕ ΚΑΡΔΙΟΠΝΕΥΜΟΝΙΚΗ Π,Surgical,160,690
X647807,ΑΠΟΛΙΝΩΣΗ ΚΑΙ ΣΥΡΡΑΦΗ ΠΑΡΑΚΑΜΨΗΣ ΣΥΣΤΗΜΑΤΙΚΗΣ-ΠΡΟΣ,Surgical,120,1010
X647809,ΑΠΟΚΑΤΑΣΤΑΣΗ ΑΝΩΜΑΛΙΩΝ ΤΩΝ ΤΕΛΙΚΩΝ ΚΛΑΔΩΝ ΤΗΣ ΠΝΕΥ,Surgical,160,1170
X647811,ΑΠΟΚΑΤΑΣΤΑΣΗ ΑΝΩΜΑΛΙΩΝ ΤΩΝ ΤΕΛΙΚΩΝ ΚΛΑΔΩΝ ΤΗΣ ΠΝΕΥ,Surgical,80,1330
X647819,ΛΗΨΗ ΚΑΡΔΙΟΠΝΕΥΜΟΝΙΚΟΥ ΜΟΣΧΕΥΜΑΤΟΣ ΓΙΑ ΜΕΤΑΜΟΣΧΕΥΣ,Surgical,240,3020
X647825,ΤΥΠΙΚΗ ΠΡΟΕΤΟΙΜΑΣΙΑ ΑΛΛΟΜΟΣΧΕΥΜΑΤΟΣ ΚΑΡΔΙΑΣ/ΠΝΕΥΜΟ,Surgical,120,1500
X647829,ΜΕΤΑΜΟΣΧΕΥΣΗ ΚΑΡΔΙΑΣ-ΠΝΕΥΜΟΝΑ ΜΕ ΚΑΡΔΙΕΚΤΟΜΗ-ΠΝΕΥΜ,Surgical,240,1820
X647839,ΛΗΨΗ ΚΑΡΔΙΑΚΟΥ ΜΟΣΧΕΥΜΑΤΟΣ ΓΙΑ ΜΕΤΑΜΟΣΧΕΥΣΗ (ΣΥΜΠΕ,Surgical,240,2620
X647847,ΤΥΠΙΚΗ ΠΡΟΕΤΟΙΜΑΣΙΑ ΚΑΡΔΙΑΚΟΥ ΑΛΛΟΜΟΣΧΕΥΜΑΤΟΣ ΑΠΟ ,Surgical,180,3260
X647849,ΟΡΘΟΤΟΠΙΚΗ Η ΕΤΕΡΟΤΟΠΙΚΗ ΜΕΤΑΜΟΣΧΕΥΣΗ ΚΑΡΔΙΑΣ,Surgical,240,3420
X647879,ΤΟΠΟΘΕΤΗΣΗ ECMO 24 ΩΡΕΣ,Surgical,120,770
X647881,ΤΟΠΟΘΕΤΗΣΗ ECMO (ΜΕΡΕΣ),Surgical,160,930
X647893,ΤΟΠΟΘΕΤΗΣΗ ΣΥΣΚΕΥΗΣ ΥΠΟΣΤΗΡΙΞΗΣ ΕΝΔΟΑΟΡΤΙΚΟΥ ΑΕΡΟΘ,Surgical,160,1890
X647895,ΑΦΑΙΡΕΣΗ ΣΥΣΚΕΥΗΣ ΥΠΟΣΤΗΡΙΞΗΣ ΕΝΔΟΑΟΡΤΙΚΟΥ ΑΕΡΟΘΑΛ,Surgical,120,2500
X647899,ΕΙΣΑΓΩΓΗ ΣΥΣΚΕΥΗΣ ΥΠΟΣΤΗΡΙΞΗΣ ΕΝΔΟΑΟΡΤΙΚΟΥ ΑΕΡΟΘΑΛ,Surgical,160,2370
X647901,ΑΦΑΙΡΕΣΗ ΣΥΣΚΕΥΗΣ ΥΠΟΣΤΗΡΙΞΗΣ ΕΝΔΟΑΟΡΤΙΚΟΥ ΑΕΡΟΘΑΛ,Surgical,150,980
X647905,ΕΙΣΑΓΩΓΗ ΣΥΣΚΕΥΗΣ ΥΠΟΣΤΗΡΙΞΗΣ ΕΝΔΟΑΟΡΤΙΚΟΥ ΑΕΡΟΘΑΛ,Surgical,160,850
X647907,ΑΦΑΙΡΕΣΗ ΣΥΣΚΕΥΗΣ ΥΠΟΣΤΗΡΙΞΗΣ ΕΝΔΟΑΟΡΤΙΚΟΥ ΑΕΡΟΘΑΛ,Surgical,180,1460
X647909,ΤΟΠΟΘΕΤΗΣΗ ΣΥΣΚΕΥΗΣ ΥΠΟΣΤΗΡΙΞΗΣ ΔΕΞΙΑΣ Η ΑΡΙΣΤΕΡΗΣ,Surgical,120,1170
X647911,ΤΟΠΟΘΕΤΗΣΗ ΣΥΣΚΕΥΗΣ ΑΜΦΙΚΟΙΛΙΑΚΗΣ ΥΠΟΣΤΗΡΙΞΗΣ ΕΞΩΣ,Surgical,160,1330
X647913,ΑΦΑΙΡΕΣΗ ΣΥΣΚΕΥΗΣ ΥΠΟΣΤΗΡΙΞΗΣ ΔΕΞΙΑΣ Η ΑΡΙΣΤΕΡΗΣ Κ,Surgical,210,1940
X647915,ΑΦΑΙΡΕΣΗ ΣΥΣΚΕΥΗΣ ΑΜΦΙΚΟΙΛΙΑΚΗΣ ΥΠΟΣΤΗΡΙΞΗΣ ΚΑΡΔΙΑ,Surgical,120,2700
X647917,ΕΜΦΥΤΕΥΣΗ ΣΥΣΚΕΥΗΣ ΥΠΟΣΤΗΡΙΞΗΣ ΔΕΞΙΑΣ Η ΑΡΙΣΤΕΡΗΣ ,Surgical,160,1810
X647919,ΑΦΑΙΡΕΣΗ ΕΜΦΥΤΕΥΣΙΜΗΣ ΣΥΣΚΕΥΗΣ ΥΠΟΣΤΗΡΙΞΗΣ ΔΕΞΙΑΣ ,Surgical,240,2420
X647957,"ΜΗ ΚΑΤΑΓΕΓΡΑΜΜΕΝΗ ΕΠΕΜΒΑΣΗ, ΕΓΧΕΙΡΗΣΗ ΚΑΡΔΙΑΣ",Surgical,120,2060
X647961,"ΕΜΒΟΛΕΚΤΟΜΗ Ή ΘΡΟΜΒΕΚΤΟΜΗ, ΜΕ Ή ΧΩΡΙΣ ΚΑΘΕΤΗΡΑ, ΚΑ",Surgical,150,1780
X648061,"ΕΜΒΟΛΕΚΤΟΜΗ Ή ΘΡΟΜΒΕΚΤΟΜΗ, ΜΕ Ή ΧΩΡΙΣ ΚΑΘΕΤΗΡΑ, ΑΝ",Surgical,150,2380
X648161,"ΕΜΒΟΛΕΚΤΟΜΗ Ή ΘΡΟΜΒΕΚΤΟΜΗ, ΜΕ Ή ΧΩΡΙΣ ΚΑΘΕΤΗΡΑ, ΜΑ",Surgical,150,1780
X648181,"ΕΜΒΟΛΕΚΤΟΜΗ Ή ΘΡΟΜΒΕΚΤΟΜΗ, ΜΕ Ή ΧΩΡΙΣ ΚΑΘΕΤΗΡΑ, ΚΕ",Surgical,150,1380
X648261,"ΕΜΒΟΛΕΚΤΟΜΗ Ή ΘΡΟΜΒΕΚΤΟΜΗ, ΜΕ Ή ΧΩΡΙΣ ΚΑΘΕΤΗΡΑ, ΝΕ",Surgical,150,1780
X648361,"ΕΜΒΟΛΕΚΤΟΜΗ Ή ΘΡΟΜΒΕΚΤΟΜΗ, ΜΕ Ή ΧΩΡΙΣ ΚΑΘΕΤΗΡΑ, ΜΗ",Surgical,150,1780
X648365,"ΕΜΒΟΛΕΚΤΟΜΗ Ή ΘΡΟΜΒΕΚΤΟΜΗ, ΜΕ Ή ΧΩΡΙΣ ΚΑΘΕΤΗΡΑ, ΙΓ",Surgical,120,2100
X648761,"ΘΡΟΜΒΕΚΤΟΜΗ, ΑΜΕΣΗ Ή ΜΕ ΚΑΘΕΤΗΡΑ. ΚΑΤΩ ΚΟΙΛΗ ΦΛΕΒΑ",Surgical,150,1780
X648801,"ΘΡΟΜΒΕΚΤΟΜΗ, ΑΜΕΣΗ Ή ΜΕ ΚΑΘΕΤΗΡΑ.ΚΟΙΛΗ ΦΛΕΒΑ, ΛΑΓΟ",Surgical,150,980
X648861,"ΘΡΟΜΒΕΚΤΟΜΗ, ΑΜΕΣΗ Ή ΜΕ ΚΑΘΕΤΗΡΑ. ΚΟΙΛΗ ΦΛΕΒΑ, ΛΑΓ",Surgical,150,1780
X648901,"ΘΡΟΜΒΕΚΤΟΜΗ, ΑΜΕΣΗ Ή ΜΕ ΚΑΘΕΤΗΡΑ. ΥΠΟΚΛΕΙΔΙΑ ΦΛΕΒΑ",Surgical,150,980
X648939,"ΘΡΟΜΒΕΚΤΟΜΗ, ΑΜΕΣΗ Ή ΜΕ ΚΑΘΕΤΗΡΑ. ΜΑΣΧΑΛΙΑΙΑ ΚΑΙ Υ",Surgical,240,2020
X648961,"ΒΑΛΒΙΔΟΠΛΑΣΤΙΚΗ, ΜΗΡΙΑΙΑ ΦΛΕΒΑ",Surgical,80,1330
X648963,"ΑΝΑΚΑΤΑΣΚΕΥΗ ΚΟΙΛΗΣ ΦΛΕΒΑΣ, ΚΑΘΕ ΜΕΘΟΔΟΣ",Surgical,120,1490
X648979,"ΜΕΤΑΘΕΣΗ ΦΛΕΒΙΚΗΣ ΒΑΛΒΙΔΑΣ, ΚΑΘΕ ΦΛΕΒΑΣ ΔΟΤΗ",Surgical,80,770
X648999,ΔΙΑΣΤΑΥΡΟΥΜΕΝΟ ΦΛΕΒΙΚΟ ΜΟΣΧΕΥΜΑ ΣΤΟ ΦΛΕΒΙΚΟ ΣΥΣΤΗΜ,Surgical,120,2370
X649019,ΑΝΑΣΤΟΜΩΣΗ ΣΑΦΗΝΟΪΓΝΥΑΚΗΣ ΦΛΕΒΑΣ,Surgical,80,2420
X649559,ΕΝΔΑΓΓΕΙΑΚΗ ΑΠΟΚΑΤΑΣΤΑΣΗ ΑΝΕΥΡΥΣΜΑΤΟΣ ΚΟΙΛΙΑΚΗΣ ΑΟ,Surgical,80,1170
X649563,ΕΝΔΑΓΓΕΙΑΚΗ ΑΠΟΚΑΤΑΣΤΑΣΗ ΑΝΕΥΡΥΣΜΑΤΟΣ ΚΟΙΛΙΑΚΗΣ ΑΟ,Surgical,160,1490
X649565,ΕΝΔΑΓΓΕΙΑΚΗ ΑΠΟΚΑΤΑΣΤΑΣΗ ΑΝΕΥΡΥΣΜΑΤΟΣ ΚΟΙΛΙΑΚΗΣ ΑΟ,Surgical,80,1650
X649567,ΕΝΔΑΓΓΕΙΑΚΗ ΑΠΟΚΑΤΑΣΤΑΣΗ ΑΝΕΥΡΥΣΜΑΤΟΣ ΚΟΙΛΙΑΚΗΣ ΑΟ,Surgical,120,1810
X649569,ΕΝΔΑΓΓΕΙΑΚΗ ΑΠΟΚΑΤΑΣΤΑΣΗ ΑΝΕΥΡΥΣΜΑΤΟΣ ΚΟΙΛΙΑΚΗΣ ΑΟ,Surgical,160,1970
X649571,ΔΙΑΚΑΘΕΤΗΡΙΑΚΗ ΤΟΠΟΘΕΤΗΣΗ ΑΣΥΡΜΑΤΟΥ ΦΥΣΙΟΛΟΓΙΚΟΥ Α,Surgical,80,2130
X649575,ΕΝΔΑΓΓΕΙΑΚΗ ΤΟΠΟΘΕΤΗΣΗ ΣΥΣΚΕΥΗΣ ΑΠΟΦΡΑΞΗΣ ΛΑΓΟΝΙΑΣ,Surgical,160,450
X649583,ΑΠΟΚΑΛΥΨΗ ΜΗΡΙΑΙΑΣ ΑΡΤΗΡΙΑΣ ΓΙΑ ΕΙΣΑΓΩΓΗ ΕΝΔΑΓΓΕΙΑ,Surgical,80,1090
X649585,ΤΟΠΟΘΕΤΗΣΗ ΜΗΡΟ-ΜΗΡΙΑΙΟΥ ΠΡΟΣΘΕΤΙΚΟΥ ΜΟΣΧΕΥΜΑΤΟΣ Κ,Surgical,120,1250
X649599,ΑΠΟΚΑΛΥΨΗ ΛΑΓΟΝΙΑΣ ΑΡΤΗΡΙΑΣ ΓΙΑ ΕΙΣΑΓΩΓΗ ΕΝΔΑΓΓΕΙΑ,Surgical,160,2370
X649609,ΤΟΠΟΘΕΤΗΣΗ ΕΓΓΥΣ Ή ΠΕΡΙΦΕΡΙΚΗΣ ΠΡΟΣΘΕΤΙΚΗΣ ΕΠΕΚΤΑΣ,Surgical,120,1170
X649611,ΤΟΠΟΘΕΤΗΣΗ ΕΓΓΥΣ Ή ΠΕΡΙΦΕΡΙΚΗΣ ΠΡΟΣΘΕΤΙΚΗΣ ΕΠΕΚΤΑΣ,Surgical,160,1330
X649619,ΑΝΟΙΧΤΗ ΑΠΟΚΑΤΑΣΤΑΣΗ ΑΝΕΥΡΥΣΜΑΤΟΣ Ή ΔΙΑΧΩΡΙΣΜΟΥ ΚΟ,Surgical,80,1970
X649621,ΑΝΟΙΧΤΗ ΑΠΟΚΑΤΑΣΤΑΣΗ ΑΝΕΥΡΥΣΜΑΤΟΣ Ή ΔΙΑΧΩΡΙΣΜΟΥ ΚΟ,Surgical,120,2130
X649623,ΑΝΟΙΧΤΗ ΑΠΟΚΑΤΑΣΤΑΣΗ ΑΝΕΥΡΥΣΜΑΤΟΣ Ή ΔΙΑΧΩΡΙΣΜΟΥ ΚΟ,Surgical,160,2290
X649625,ΑΠΟΚΑΛΥΨΗ ΛΑΓΟΝΙΑΣ ΑΡΤΗΡΙΑΣ ΜΕ ΔΗΜΙΟΥΡΓΙΑ ΑΓΩΓΟΥ Γ,Surgical,80,450
X649627,ΧΕΙΡΟΥΡΓΙΚΗ ΑΠΟΚΑΛΥΨΗ ΒΡΑΧΙΟΝΙΑΣ ΑΡΤΗΡΙΑΣ ΓΙΑ ΤΗΝ ,Surgical,120,610
X649759,ΕΝΔΑΓΓΕΙΑΚΗ ΤΟΠΟΘΕΤΗΣΗ ΜΟΣΧΕΥΜΑΤΟΣ ΓΙΑ ΤΗΝ ΑΠΟΚΑΤΑ,Surgical,120,1170
X649961,"ΑΜΕΣΗ ΑΠΟΚΑΤΑΣΤΑΣΗ ΑΝΕΥΡΥΣΜΑΤΟΣ, ΨΕΥΔΟΑΝΕΥΡΥΣΜΑΤΟΣ",Surgical,150,1780
X649963,"ΑΜΕΣΗ ΑΠΟΚΑΤΑΣΤΑΣΗ ΑΝΕΥΡΥΣΜΑΤΟΣ, ΨΕΥΔΟΑΝΕΥΡΥΣΜΑΤΟΣ",Surgical,210,1940
X649969,"ΑΜΕΣΗ ΑΠΟΚΑΤΑΣΤΑΣΗ ΑΝΕΥΡΥΣΜΑΤΟΣ, ΨΕΥΔΟΑΝΕΥΡΥΣΜΑΤΟΣ",Surgical,240,2420
X649981,"ΑΜΕΣΗ ΑΠΟΚΑΤΑΣΤΑΣΗ ΑΝΕΥΡΥΣΜΑΤΟΣ, ΨΕΥΔΟΑΝΕΥΡΥΣΜΑΤΟΣ",Surgical,150,1380
X649985,"ΑΜΕΣΗ ΑΠΟΚΑΤΑΣΤΑΣΗ ΑΝΕΥΡΥΣΜΑΤΟΣ, ΨΕΥΔΟΑΝΕΥΡΥΣΜΑΤΟΣ",Surgical,120,1700
X650001,"ΑΜΕΣΗ ΑΠΟΚΑΤΑΣΤΑΣΗ ΑΝΕΥΡΥΣΜΑΤΟΣ, ΨΕΥΔΟΑΝΕΥΡΥΣΜΑΤΟΣ",Surgical,150,1580
X650003,"ΑΜΕΣΗ ΑΠΟΚΑΤΑΣΤΑΣΗ ΑΝΕΥΡΥΣΜΑΤΟΣ, ΨΕΥΔΟΑΝΕΥΡΥΣΜΑΤΟΣ",Surgical,210,1740
X650049,"ΑΜΕΣΗ ΑΠΟΚΑΤΑΣΤΑΣΗ ΑΝΕΥΡΥΣΜΑΤΟΣ, ΨΕΥΔΟΑΝΕΥΡΥΣΜΑΤΟΣ",Surgical,240,2820
X650121,"ΑΜΕΣΗ ΑΠΟΚΑΤΑΣΤΑΣΗ ΑΝΕΥΡΥΣΜΑΤΟΣ, ΨΕΥΔΟΑΝΕΥΡΥΣΜΑΤΟΣ",Surgical,150,2580
X650123,"ΑΜΕΣΗ ΑΠΟΚΑΤΑΣΤΑΣΗ ΑΝΕΥΡΥΣΜΑΤΟΣ, ΨΕΥΔΟΑΝΕΥΡΥΣΜΑΤΟΣ",Surgical,210,2740
X650141,"ΑΜΕΣΗ ΑΠΟΚΑΤΑΣΤΑΣΗ ΑΝΕΥΡΥΣΜΑΤΟΣ, ΨΕΥΔΟΑΝΕΥΡΥΣΜΑΤΟΣ",Surgical,150,2180
X650143,"ΑΜΕΣΗ ΑΠΟΚΑΤΑΣΤΑΣΗ ΑΝΕΥΡΥΣΜΑΤΟΣ, ΨΕΥΔΟΑΝΕΥΡΥΣΜΑΤΟΣ",Surgical,210,2340
X650163,"ΑΜΕΣΗ ΑΠΟΚΑΤΑΣΤΑΣΗ ΑΝΕΥΡΥΣΜΑΤΟΣ, ΨΕΥΔΟΑΝΕΥΡΥΣΜΑΤΟΣ",Surgical,210,1940
X650165,"ΑΜΕΣΗ ΑΠΟΚΑΤΑΣΤΑΣΗ ΑΝΕΥΡΥΣΜΑΤΟΣ, ΨΕΥΔΟΑΝΕΥΡΥΣΜΑΤΟΣ",Surgical,120,2100
X650181,"ΑΜΕΣΗ ΑΠΟΚΑΤΑΣΤΑΣΗ ΑΝΕΥΡΥΣΜΑΤΟΣ, ΨΕΥΔΟΑΝΕΥΡΥΣΜΑΤΟΣ",Surgical,150,1380
X650183,"ΑΜΕΣΗ ΑΠΟΚΑΤΑΣΤΑΣΗ ΑΝΕΥΡΥΣΜΑΤΟΣ, ΨΕΥΔΟΑΝΕΥΡΥΣΜΑΤΟΣ",Surgical,210,1540
X650201,"ΑΜΕΣΗ ΑΠΟΚΑΤΑΣΤΑΣΗ ΑΝΕΥΡΥΣΜΑΤΟΣ, ΨΕΥΔΟΑΝΕΥΡΥΣΜΑΤΟΣ",Surgical,150,980
X650203,"ΑΜΕΣΗ ΑΠΟΚΑΤΑΣΤΑΣΗ ΑΝΕΥΡΥΣΜΑΤΟΣ, ΨΕΥΔΟΑΝΕΥΡΥΣΜΑΤΟΣ",Surgical,210,1140
X650221,"ΑΜΕΣΗ ΑΠΟΚΑΤΑΣΤΑΣΗ ΑΝΕΥΡΥΣΜΑΤΟΣ, ΨΕΥΔΟΑΝΕΥΡΥΣΜΑΤΟΣ",Surgical,150,2580
X650223,"ΑΜΕΣΗ ΑΠΟΚΑΤΑΣΤΑΣΗ ΑΝΕΥΡΥΣΜΑΤΟΣ, ΨΕΥΔΟΑΝΕΥΡΥΣΜΑΤΟΣ",Surgical,210,2740
X650241,"ΑΜΕΣΗ ΑΠΟΚΑΤΑΣΤΑΣΗ ΑΝΕΥΡΥΣΜΑΤΟΣ, ΨΕΥΔΟΑΝΕΥΡΥΣΜΑΤΟΣ",Surgical,150,2180
X650243,"ΑΜΕΣΗ ΑΠΟΚΑΤΑΣΤΑΣΗ ΑΝΕΥΡΥΣΜΑΤΟΣ, ΨΕΥΔΟΑΝΕΥΡΥΣΜΑΤΟΣ",Surgical,210,2340
X650261,"ΑΜΕΣΗ ΑΠΟΚΑΤΑΣΤΑΣΗ ΑΝΕΥΡΥΣΜΑΤΟΣ, ΨΕΥΔΟΑΝΕΥΡΥΣΜΑΤΟΣ",Surgical,150,1780
X650263,"ΑΜΕΣΗ ΑΠΟΚΑΤΑΣΤΑΣΗ ΑΝΕΥΡΥΣΜΑΤΟΣ, ΨΕΥΔΟΑΝΕΥΡΥΣΜΑΤΟΣ",Surgical,210,1940
X650319,"ΑΠΟΚΑΤΑΣΤΑΣΗ, ΣΥΓΓΕΝΕΣ ΑΡΤΗΡΙΟΦΛΕΒΙΚΟ ΣΥΡΙΓΓΙΟ. ΚΕ",Surgical,80,1970
X650323,"ΑΠΟΚΑΤΑΣΤΑΣΗ, ΣΥΓΓΕΝΕΣ ΑΡΤΗΡΙΟΦΛΕΒΙΚΟ ΣΥΡΙΓΓΙΟ. ΘΩ",Surgical,160,3340
X650327,"ΑΠΟΚΑΤΑΣΤΑΣΗ, ΣΥΓΓΕΝΕΣ ΑΡΤΗΡΙΟΦΛΕΒΙΚΟ ΣΥΡΙΓΓΙΟ. ΑΚ",Surgical,120,610
X650335,"ΑΠΟΚΑΤΑΣΤΑΣΗ, ΕΠΙΚΤΗΤΟ Ή ΤΡΑΥΜΑΤΙΚΟ ΑΡΤΗΡΙΟΦΛΕΒΙΚΟ",Surgical,160,1250
X650337,"ΑΠΟΚΑΤΑΣΤΑΣΗ, ΕΠΙΚΤΗΤΟ Ή ΤΡΑΥΜΑΤΙΚΟ ΑΡΤΗΡΙΟΦΛΕΒΙΚΟ",Surgical,80,2460
X650339,"ΑΠΟΚΑΤΑΣΤΑΣΗ, ΕΠΙΚΤΗΤΟ Ή ΤΡΑΥΜΑΤΙΚΟ ΑΡΤΗΡΙΟΦΛΕΒΙΚΟ",Surgical,120,1570
X650361,"ΑΠΟΚΑΤΑΣΤΑΣΗ ΑΙΜΟΦΟΡΟΥ ΑΓΓΕΙΟΥ, ΑΜΕΣΗ. ΤΡΑΧΗΛΟΣ",Surgical,80,1330
X650371,"ΑΠΟΚΑΤΑΣΤΑΣΗ ΑΙΜΟΦΟΡΟΥ ΑΓΓΕΙΟΥ, ΑΜΕΣΗ. ΑΝΩ ΑΚΡΟ",Surgical,160,2130
X650373,"ΑΠΟΚΑΤΑΣΤΑΣΗ ΑΙΜΟΦΟΡΟΥ ΑΓΓΕΙΟΥ. ΑΜΕΣΗ. ΑΚΡΑ ΧΕΙΡ, ",Surgical,80,2290
X650381,"ΑΠΟΚΑΤΑΣΤΑΣΗ ΑΙΜΟΦΟΡΟΥ ΑΓΓΕΙΟΥ, ΑΜΕΣΗ. ΕΝΔΟΘΩΡΑΚΙΚ",Surgical,120,1980
X650391,"ΑΠΟΚΑΤΑΣΤΑΣΗ ΑΙΜΟΦΟΡΟΥ ΑΓΓΕΙΟΥ, ΑΜΕΣΗ. ΕΝΔΟΘΩΡΑΚΙΚ",Surgical,80,2780
X650401,"ΑΠΟΚΑΤΑΣΤΑΣΗ ΑΙΜΟΦΟΡΟΥ ΑΓΓΕΙΟΥ, ΑΜΕΣΗ. ΕΝΔΟΚΟΙΛΙΑΚ",Surgical,160,530
X650411,"ΑΠΟΚΑΤΑΣΤΑΣΗ ΑΙΜΟΦΟΡΟΥ ΑΓΓΕΙΟΥ, ΑΜΕΣΗ. ΚΑΤΩ ΑΚΡΟ",Surgical,120,1330
X650421,ΑΠΟΚΑΤΑΣΤΑΣΗ ΑΙΜΟΦΟΡΟΥ ΑΓΓΕΙΟΥ ΜΕ ΦΛΕΒΙΚΟ ΜΟΣΧΕΥΜΑ,Surgical,80,2130
X650431,ΑΠΟΚΑΤΑΣΤΑΣΗ ΑΙΜΟΦΟΡΟΥ ΑΓΓΕΙΟΥ ΜΕ ΦΛΕΒΙΚΟ ΜΟΣΧΕΥΜΑ,Surgical,160,930
X650441,ΑΠΟΚΑΤΑΣΤΑΣΗ ΑΙΜΟΦΟΡΟΥ ΑΓΓΕΙΟΥ ΜΕ ΦΛΕΒΙΚΟ ΜΟΣΧΕΥΜΑ,Surgical,120,2780
X650451,ΑΠΟΚΑΤΑΣΤΑΣΗ ΑΙΜΟΦΟΡΟΥ ΑΓΓΕΙΟΥ ΜΕ ΦΛΕΒΙΚΟ ΜΟΣΧΕΥΜΑ,Surgical,80,1580
X650461,ΑΠΟΚΑΤΑΣΤΑΣΗ ΑΙΜΟΦΟΡΟΥ ΑΓΓΕΙΟΥ ΜΕ ΦΛΕΒΙΚΟ ΜΟΣΧΕΥΜΑ,Surgical,160,1330
X650471,ΑΠΟΚΑΤΑΣΤΑΣΗ ΑΙΜΟΦΟΡΟΥ ΑΓΓΕΙΟΥ ΜΕ ΦΛΕΒΙΚΟ ΜΟΣΧΕΥΜΑ,Surgical,120,2130
X650481,ΑΠΟΚΑΤΑΣΤΑΣΗ ΑΙΜΟΦΟΡΟΥ ΑΓΓΕΙΟΥ ΜΕ ΜΟΣΧΕΥΜΑ ΕΚΤΟΣ Φ,Surgical,80,930
X650491,ΑΠΟΚΑΤΑΣΤΑΣΗ ΑΙΜΟΦΟΡΟΥ ΑΓΓΕΙΟΥ ΜΕ ΜΟΣΧΕΥΜΑ ΕΚΤΟΣ Φ,Surgical,160,1730
X650501,ΑΠΟΚΑΤΑΣΤΑΣΗ ΑΙΜΟΦΟΡΟΥ ΑΓΓΕΙΟΥ ΜΕ ΜΟΣΧΕΥΜΑ ΕΚΤΟΣ Φ,Surgical,120,1580
X650511,ΑΠΟΚΑΤΑΣΤΑΣΗ ΑΙΜΟΦΟΡΟΥ ΑΓΓΕΙΟΥ ΜΕ ΜΟΣΧΕΥΜΑ ΕΚΤΟΣ Φ,Surgical,80,2380
X650521,ΑΠΟΚΑΤΑΣΤΑΣΗ ΑΙΜΟΦΟΡΟΥ ΑΓΓΕΙΟΥ ΜΕ ΜΟΣΧΕΥΜΑ ΕΚΤΟΣ Φ,Surgical,160,2130
X650531,ΑΠΟΚΑΤΑΣΤΑΣΗ ΑΙΜΟΦΟΡΟΥ ΑΓΓΕΙΟΥ ΜΕ ΜΟΣΧΕΥΜΑ ΕΚΤΟΣ Φ,Surgical,120,930
X650561,"ΘΡΟΜΒΟΕΝΔΑΡΤΗΡΕΚΤΟΜΗ, ΠΕΡΙΛΑΜΒΑΝΕΙ ΕΜΒΑΛΩΜΑΤΙΚΟ ΜΟ",Surgical,150,1780
X650563,"ΘΡΟΜΒΟΕΝΔΑΡΤΗΡΕΚΤΟΜΗ, ΠΕΡΙΛΑΜΒΑΝΕΙ ΕΜΒΑΛΩΜΑΤΙΚΟ ΜΟ",Surgical,210,1940
X650565,"ΘΡΟΜΒΟΕΝΔΑΡΤΗΡΕΚΤΟΜΗ, ΠΕΡΙΛΑΜΒΑΝΕΙ ΕΜΒΑΛΩΜΑΤΙΚΟ ΜΟ",Surgical,120,2100
X650567,"ΘΡΟΜΒΟΕΝΔΑΡΤΗΡΕΚΤΟΜΗ, ΠΕΡΙΛΑΜΒΑΝΕΙ ΕΜΒΑΛΩΜΑΤΙΚΟ ΜΟ",Surgical,180,2260
X650569,"ΘΡΟΜΒΟΕΝΔΑΡΤΗΡΕΚΤΟΜΗ, ΠΕΡΙΛΑΜΒΑΝΕΙ ΕΜΒΑΛΩΜΑΤΙΚΟ ΜΟ",Surgical,240,2420
X650571,"ΘΡΟΜΒΟΕΝΔΑΡΤΗΡΕΚΤΟΜΗ, ΠΕΡΙΛΑΜΒΑΝΕΙ ΕΜΒΑΛΩΜΑΤΙΚΟ ΜΟ",Surgical,150,2580
X650581,"ΘΡΟΜΒΟΕΝΔΑΡΤΗΡΕΚΤΟΜΗ, ΠΕΡΙΛΑΜΒΑΝΕΙ ΕΜΒΑΛΩΜΑΤΙΚΟ ΜΟ",Surgical,150,1980
X650601,"ΘΡΟΜΒΟΕΝΔΑΡΤΗΡΕΚΤΟΜΗ, ΠΕΡΙΛΑΜΒΑΝΕΙ ΕΜΒΑΛΩΜΑΤΙΚΟ ΜΟ",Surgical,150,980
X650621,"ΘΡΟΜΒΟΕΝΔΑΡΤΗΡΕΚΤΟΜΗ, ΠΕΡΙΛΑΜΒΑΝΕΙ ΕΜΒΑΛΩΜΑΤΙΚΟ ΜΟ",Surgical,150,2580
X650641,"ΘΡΟΜΒΟΕΝΔΑΡΤΗΡΕΚΤΟΜΗ, ΠΕΡΙΛΑΜΒΑΝΕΙ ΕΜΒΑΛΩΜΑΤΙΚΟ ΜΟ",Surgical,150,2180
X650661,"ΘΡΟΜΒΟΕΝΔΑΡΤΗΡΕΚΤΟΜΗ, ΠΕΡΙΛΑΜΒΑΝΕΙ ΕΜΒΑΛΩΜΑΤΙΚΟ ΜΟ",Surgical,150,1780
X650669,"ΘΡΟΜΒΟΕΝΔΑΡΤΗΡΕΚΤΟΜΗ, ΠΕΡΙΛΑΜΒΑΝΕΙ ΕΜΒΑΛΩΜΑΤΙΚΟ ΜΟ",Surgical,240,2420
X650681,"ΘΡΟΜΒΟΕΝΔΑΡΤΗΡΕΚΤΟΜΗ, ΠΕΡΙΛΑΜΒΑΝΕΙ ΕΜΒΑΛΩΜΑΤΙΚΟ ΜΟ",Surgical,150,1380
X650685,"ΘΡΟΜΒΟΕΝΔΑΡΤΗΡΕΚΤΟΜΗ, ΠΕΡΙΛΑΜΒΑΝΕΙ ΕΜΒΑΛΩΜΑΤΙΚΟ ΜΟ",Surgical,120,1700
X650701,"ΘΡΟΜΒΟΕΝΔΑΡΤΗΡΕΚΤΟΜΗ, ΠΕΡΙΛΑΜΒΑΝΕΙ ΕΜΒΑΛΩΜΑΤΙΚΟ ΜΟ",Surgical,150,980
X650703,"ΘΡΟΜΒΟΕΝΔΑΡΤΗΡΕΚΤΟΜΗ, ΠΕΡΙΛΑΜΒΑΝΕΙ ΕΜΒΑΛΩΜΑΤΙΚΟ ΜΟ",Surgical,210,1140
X650739,"ΕΠΑΝΕΓΧΕΙΡΗΣΗ, ΚΑΡΩΤΙΔΙΚΗ, ΘΡΟΜΒΟΕΝΔΑΡΤΗΡΕΚΤΟΜΗ, Σ",Surgical,240,2620
X650759,ΑΓΓΕΙΟΣΚΟΠΗΣΗ (ΜΗ-ΣΤΕΦΑΝΙΑΙΑ ΑΓΓΕΙΑ Ή ΜΟΣΧΕΥΜΑΤΑ) ,Surgical,120,1170
X650859,"ΔΙΑΥΛΙΚΗ ΑΓΓΕΙΟΠΛΑΣΤΙΚΗ ΜΕ ΑΕΡΟΘΑΛΑΜΟ, ΑΝΟΙΧΤΗ. ΝΕ",Surgical,80,1170
X650863,"ΔΙΑΥΛΙΚΗ ΑΓΓΕΙΟΠΛΑΣΤΙΚΗ ΜΕ ΑΕΡΟΘΑΛΑΜΟ, ΑΝΟΙΧΤΗ. ΑΟ",Surgical,160,1490
X650867,"ΔΙΑΥΛΙΚΗ ΑΓΓΕΙΟΠΛΑΣΤΙΚΗ ΜΕ ΑΕΡΟΘΑΛΑΜΟ, ΑΝΟΙΧΤΗ. ΛΑ",Surgical,120,1810
X650871,"ΔΙΑΥΛΙΚΗ ΑΓΓΕΙΟΠΛΑΣΤΙΚΗ ΜΕ ΑΕΡΟΘΑΛΑΜΟ, ΑΝΟΙΧΤΗ. ΜΗ",Surgical,80,2130
X650875,"ΔΙΑΥΛΙΚΗ ΑΓΓΕΙΟΠΛΑΣΤΙΚΗ ΜΕ ΑΕΡΟΘΑΛΑΜΟ, ΑΝΟΙΧΤΗ. ΣΤ",Surgical,160,450
X650877,"ΔΙΑΥΛΙΚΗ ΑΓΓΕΙΟΠΛΑΣΤΙΚΗ ΜΕ ΑΕΡΟΘΑΛΑΜΟ, ΑΝΟΙΧΤΗ. ΣΤ",Surgical,80,610
X650879,"ΔΙΑΥΛΙΚΗ ΑΓΓΕΙΟΠΛΑΣΤΙΚΗ ΜΕ ΑΕΡΟΘΑΛΑΜΟ, ΑΝΟΙΧΤΗ. ΦΛ",Surgical,120,770
X650899,"ΔΙΑΥΛΙΚΗ ΑΓΓΕΙΟΠΛΑΣΤΙΚΗ ΜΕ ΑΕΡΟΘΑΛΑΜΟ, ΔΙΑΔΕΡΜΙΚΗ.",Surgical,160,2370
X650901,"ΔΙΑΥΛΙΚΗ ΑΓΓΕΙΟΠΛΑΣΤΙΚΗ ΜΕ ΑΕΡΟΘΑΛΑΜΟ, ΔΙΑΔΕΡΜΙΚΗ.",Surgical,80,530
X650903,"ΔΙΑΥΛΙΚΗ ΑΓΓΕΙΟΠΛΑΣΤΙΚΗ ΜΕ ΑΕΡΟΘΑΛΑΜΟ, ΔΙΑΔΕΡΜΙΚΗ.",Surgical,120,690
X650905,"ΔΙΑΥΛΙΚΗ ΑΓΓΕΙΟΠΛΑΣΤΙΚΗ ΜΕ ΑΕΡΟΘΑΛΑΜΟ, ΔΙΑΔΕΡΜΙΚΗ.",Surgical,160,850
X650907,"ΔΙΑΥΛΙΚΗ ΑΓΓΕΙΟΠΛΑΣΤΙΚΗ ΜΕ ΑΕΡΟΘΑΛΑΜΟ, ΔΙΑΔΕΡΜΙΚΗ.",Surgical,80,1010
X650909,"ΔΙΑΥΛΙΚΗ ΑΓΓΕΙΟΠΛΑΣΤΙΚΗ ΜΕ ΑΕΡΟΘΑΛΑΜΟ, ΔΙΑΔΕΡΜΙΚΗ.",Surgical,120,1170
X650911,"ΔΙΑΥΛΙΚΗ ΑΓΓΕΙΟΠΛΑΣΤΙΚΗ ΜΕ ΑΕΡΟΘΑΛΑΜΟ, ΔΙΑΔΕΡΜΙΚΗ.",Surgical,160,1330
X650919,"ΔΙΑΥΛΙΚΗ ΠΕΡΙΦΕΡΙΚΗ ΑΘΗΡΕΚΤΟΜΗ, ΑΝΟΙΧΤΗ. ΝΕΦΡΙΚΗ Α",Surgical,240,2420
X650921,"ΔΙΑΥΛΙΚΗ ΠΕΡΙΦΕΡΙΚΗ ΑΘΗΡΕΚΤΟΜΗ, ΑΝΟΙΧΤΗ. ΑΟΡΤΗ",Surgical,150,2580
X650923,"ΔΙΑΥΛΙΚΗ ΠΕΡΙΦΕΡΙΚΗ ΑΘΗΡΕΚΤΟΜΗ, ΑΝΟΙΧΤΗ. ΛΑΓΟΝΙΑ",Surgical,210,2740
X650925,"ΔΙΑΥΛΙΚΗ ΠΕΡΙΦΕΡΙΚΗ ΑΘΗΡΕΚΤΟΜΗ, ΑΝΟΙΧΤΗ. ΜΗΡΟ - ΙΓ",Surgical,120,900
X650927,"ΔΙΑΥΛΙΚΗ ΠΕΡΙΦΕΡΙΚΗ ΑΘΗΡΕΚΤΟΜΗ, ΑΝΟΙΧΤΗ. ΣΤΕΛΕΧΟΣ ",Surgical,180,1060
X650929,"ΔΙΑΥΛΙΚΗ ΠΕΡΙΦΕΡΙΚΗ ΑΘΗΡΕΚΤΟΜΗ, ΑΝΟΙΧΤΗ. ΣΤΕΛΕΧΟΣ ",Surgical,240,1220
X650939,"ΔΙΑΥΛΙΚΗ ΠΕΡΙΦΕΡΙΚΗ ΑΘΗΡΕΚΤΟΜΗ, ΔΙΑΔΕΡΜΙΚΗ. ΝΕΦΡΙΚ",Surgical,240,2020
X650941,"ΔΙΑΥΛΙΚΗ ΠΕΡΙΦΕΡΙΚΗ ΑΘΗΡΕΚΤΟΜΗ, ΔΙΑΔΕΡΜΙΚΗ. ΑΟΡΤΗ",Surgical,150,2180
X650943,"ΔΙΑΥΛΙΚΗ ΠΕΡΙΦΕΡΙΚΗ ΑΘΗΡΕΚΤΟΜΗ, ΔΙΑΔΕΡΜΙΚΗ. ΛΑΓΟΝΙ",Surgical,210,2340
X650945,"ΔΙΑΥΛΙΚΗ ΠΕΡΙΦΕΡΙΚΗ ΑΘΗΡΕΚΤΟΜΗ, ΔΙΑΔΕΡΜΙΚΗ. ΜΗΡΟ -",Surgical,120,2500
X650947,"ΔΙΑΥΛΙΚΗ ΠΕΡΙΦΕΡΙΚΗ ΑΘΗΡΕΚΤΟΜΗ, ΔΙΑΔΕΡΜΙΚΗ. ΣΤΕΛΕΧ",Surgical,180,2660
X650949,"ΔΙΑΥΛΙΚΗ ΠΕΡΙΦΕΡΙΚΗ ΑΘΗΡΕΚΤΟΜΗ, ΔΙΑΔΕΡΜΙΚΗ. ΣΤΕΛΕΧ",Surgical,240,2820
X650959,"ΛΗΨΗ ΦΛΕΒΑΣ ΑΝΩ ΑΚΡΟΥ, ΕΝΑ ΤΜΗΜΑ, ΓΙΑ ΚΑΤΩ ΑΚΡΟ Ή ",Surgical,160,1170
X650961,"ΜΟΣΧΕΥΜΑ ΠΑΡΑΚΑΜΨΗΣ, ΜE ΦΛΕΒΑ. ΚΟΙΝΗ ΚΑΡΩΤΙΔΑ- ΟΜΟ",Surgical,80,1330
X650971,"ΜΟΣΧΕΥΜΑ ΠΑΡΑΚΑΜΨΗΣ, ΜΕ ΦΛΕΒΑ. ΚΑΡΩΤΙΔΑ - ΥΠΟΚΛΕΙΔ",Surgical,160,2130
X650975,"ΜΟΣΧΕΥΜΑ ΠΑΡΑΚΑΜΨΗΣ, ΜΕ ΦΛΕΒΑ. ΚΑΡΩΤΙΔΑ - ΣΠΟΝΔΥΛΙ",Surgical,120,450
X650977,"ΜΟΣΧΕΥΜΑ ΠΑΡΑΚΑΜΨΗΣ, ΜΕ ΦΛΕΒΑ. ΚΑΡΩΤΙΔΑ - ΑΝΤΙΣΤΟΙ",Surgical,160,610
X650979,"ΜΟΣΧΕΥΜΑ ΠΑΡΑΚΑΜΨΗΣ, ΜΕ ΦΛΕΒΑ. ΚΑΡΩΤΙΔΑ - ΒΡΑΧΙΟΝΙ",Surgical,80,770
X650981,"ΜΟΣΧΕΥΜΑ ΠΑΡΑΚΑΜΨΗΣ, ΜΕ ΦΛΕΒΑ. ΥΠΟΚΛΕΙΔΙΑ -ΥΠΟΚΛΕΙ",Surgical,120,930
X650983,"ΜΟΣΧΕΥΜΑ ΠΑΡΑΚΑΜΨΗΣ, ΜΕ ΦΛΕΒΑ. ΥΠΟΚΛΕΙΔΙΑ - ΒΡΑΧΙΟ",Surgical,160,1090
X650989,"ΜΟΣΧΕΥΜΑ ΠΑΡΑΚΑΜΨΗΣ, ΜΕ ΦΛΕΒΑ. ΥΠΟΚΛΕΙΔΙΑ - ΣΠΟΝΔΥ",Surgical,160,1570
X650991,"ΜΟΣΧΕΥΜΑ ΠΑΡΑΚΑΜΨΗΣ, ΜΕ ΦΛΕΒΑ. ΥΠΟΚΛΕΙΔΙΑ - ΜΑΣΧΑΛ",Surgical,80,1730
X650995,"ΜΟΣΧΕΥΜΑ ΠΑΡΑΚΑΜΨΗΣ, ΜΕ ΦΛΕΒΑ. ΜΑΣΧΑΛΙΑΙΑ - ΜΑΣΧΑΛ",Surgical,160,2050
X651001,"ΜΟΣΧΕΥΜΑ ΠΑΡΑΚΑΜΨΗΣ, ΜΕ ΦΛΕΒΑ. ΜΑΣΧΑΛΙΑΙΑ - ΜΗΡΙΑΙ",Surgical,80,530
X651003,"ΜΟΣΧΕΥΜΑ ΠΑΡΑΚΑΜΨΗΣ, ΜΕ ΦΛΕΒΑ. ΜΑΣΧΑΛΙΑΙΑ - ΒΡΑΧΙΟ",Surgical,120,690
X651005,"ΜΟΣΧΕΥΜΑ ΠΑΡΑΚΑΜΨΗΣ, ΜΕ ΦΛΕΒΑ. ΒΡΑΧΙΟΝΙΑ - ΩΛΕΝΙΑ ",Surgical,160,850
X651009,"ΜΟΣΧΕΥΜΑ ΠΑΡΑΚΑΜΨΗΣ, ΜΕ ΦΛΕΒΑ. ΒΡΑΧΙΟΝΙΑ - ΒΡΑΧΙΟΝ",Surgical,120,1170
X651011,"ΜΟΣΧΕΥΜΑ ΠΑΡΑΚΑΜΨΗΣ, ΜΕ ΦΛΕΒΑ. ΑΟΡΤΟΫΠΟΚΛΕΙΔΙΟ Ή Κ",Surgical,160,1330
X651021,"ΜΟΣΧΕΥΜΑ ΠΑΡΑΚΑΜΨΗΣ, ΜΕ ΦΛΕΒΑ. ΑΟΡΤΟΚΟΙΛΙΑΚΗ Ή ΑΟΡ",Surgical,120,2130
X651025,"ΜΟΣΧΕΥΜΑ ΠΑΡΑΚΑΜΨΗΣ, ΜΕ ΦΛΕΒΑ. ΜΑΣΧΑΛΙΑΙΑ - ΜΗΡΙΑΙ",Surgical,80,450
X651029,"ΜΟΣΧΕΥΜΑ ΠΑΡΑΚΑΜΨΗΣ, ΜΕ ΦΛΕΒΑ. ΗΠΑΤΟΝΕΦΡΙΚΗ",Surgical,160,770
X651031,"ΜΟΣΧΕΥΜΑ ΠΑΡΑΚΑΜΨΗΣ, ΜΕ ΦΛΕΒΑ. ΣΠΛΗΝΟΝΕΦΡΙΚΗ",Surgical,80,930
X651033,"ΜΟΣΧΕΥΜΑ ΠΑΡΑΚΑΜΨΗΣ, ΜΕ ΦΛΕΒΑ. ΑΟΡΤΟΛΑΓΟΝΙΑ",Surgical,120,1090
X651035,"ΜΟΣΧΕΥΜΑ ΠΑΡΑΚΑΜΨΗΣ, ΜΕ ΦΛΕΒΑ. ΑΟΡΤΟ-ΑΜΦΟΤΕΡΕΣ ΛΑΓ",Surgical,160,1250
X651037,"ΜΟΣΧΕΥΜΑ ΠΑΡΑΚΑΜΨΗΣ, ΜΕ ΦΛΕΒΑ. ΑΟΡΤΟΜΗΡΙΑΙΑ",Surgical,80,1410
X651039,"ΜΟΣΧΕΥΜΑ ΠΑΡΑΚΑΜΨΗΣ, ΜΕ ΦΛΕΒΑ. ΑΟΡΤΟ-ΑΜΦΟΤΕΡΕΣ ΜΗΡ",Surgical,120,1570
X651055,"ΜΟΣΧΕΥΜΑ ΠΑΡΑΚΑΜΨΗΣ, ΜΕ ΦΛΕΒΑ. ΑΟΡΤΟΛΑΓΟΝΟΜΗΡΙΑΙΑ,",Surgical,80,850
X651057,"ΜΟΣΧΕΥΜΑ ΠΑΡΑΚΑΜΨΗΣ, ΜΕ ΦΛΕΒΑ. ΑΟΡΤΟΛΑΓΟΝΟΜΗΡΙΑΙΑ,",Surgical,120,1010
X651061,"ΜΟΣΧΕΥΜΑ ΠΑΡΑΚΑΜΨΗΣ, ΜΕ ΦΛΕΒΑ. ΑΟΡΤΟΜΗΡΙΑΙΑ - ΙΓΝΥ",Surgical,80,1330
X651071,"ΜΟΣΧΕΥΜΑ ΠΑΡΑΚΑΜΨΗΣ, ΜΕ ΦΛΕΒΑ. ΜΗΡΙΑΙΑ - ΙΓΝΥΑΚΗ",Surgical,160,2130
X651075,"ΜΟΣΧΕΥΜΑ ΠΑΡΑΚΑΜΨΗΣ, ΜΕ ΦΛΕΒΑ. ΜΗΡΙΑΙΑ- ΜΗΡΙΑΙΑ",Surgical,120,450
X651079,"ΜΟΣΧΕΥΜΑ ΠΑΡΑΚΑΜΨΗΣ, ΜΕ ΦΛΕΒΑ. ΑΟΡΤΟΝΕΦΡΙΚΗ",Surgical,80,770
X651085,"ΜΟΣΧΕΥΜΑ ΠΑΡΑΚΑΜΨΗΣ, ΜΕ ΦΛΕΒΑ. ΛΑΓΟΝΟΛΑΓΟΝΙΑ",Surgical,80,1250
X651089,"ΜΟΣΧΕΥΜΑ ΠΑΡΑΚΑΜΨΗΣ, ΜΕ ΦΛΕΒΑ. ΛΑΓΟΝΟΜΗΡΙΑΙΑ",Surgical,160,1570
X651091,"ΜΟΣΧΕΥΜΑ ΠΑΡΑΚΑΜΨΗΣ, ΜΕ ΦΛΕΒΑ. ΜΗΡΙΑΙΟ- ΠΡΟΣΘΙΑ ΚΝ",Surgical,80,1730
X651099,"ΜΟΣΧΕΥΜΑ ΠΑΡΑΚΑΜΨΗΣ, ΜΕ ΦΛΕΒΑ. ΚΝΗΜΙΑΙΑ- ΚΝΗΜΙΑΙΑ,",Surgical,120,2370
X651101,"ΜΟΣΧΕΥΜΑ ΠΑΡΑΚΑΜΨΗΣ, ΜΕ ΦΛΕΒΑ. ΙΓΝΥΑΚΗ - ΚΝΗΜΙΑΙΑ,",Surgical,160,530
X651103,"ΛΗΨΗ ΜΗΡΟΪΓΝΥΑΚΗΣ ΦΛΕΒΑΣ, ΕΝΟΣ ΤΜΗΜΑΤΟΣ, ΓΙΑ ΑΓΓΕΙ",Surgical,80,690
X651125,ΕΠΙΤΟΠΙΑ ΦΛΕΒΙΚΗ ΠΑΡΑΚΑΜΨΗ. ΜΗΡΙΑΙΑ - ΙΓΝΥΑΚΗ,Surgical,160,450
X651129,ΕΠΙΤΟΠΙΑ ΦΛΕΒΙΚΗ ΠΑΡΑΚΑΜΨΗ. ΜΗΡΙΑΙΑ - ΠΡΟΣΘΙΑ ΚΝΗΜ,Surgical,120,770
X651133,"ΕΠΙΤΟΠΙΑ ΦΛΕΒΙΚΗ ΠΑΡΑΚΑΜΨΗ. ΙΓΝΥΑΚΗ - ΚΝΗΜΙΑΙΑ, ΠΕ",Surgical,80,1090
X651159,"ΛΗΨΗ ΑΡΤΗΡΙΑΣ ΑΝΩ ΑΚΡΟΥ, ΕΝΑ ΤΜΗΜΑ, ΓΙΑ ΑΟΡΤΟΣΤΕΦΑ",Surgical,120,1170
X651161,"ΜΟΣΧΕΥΜΑ ΠΑΡΑΚΑΜΨΗΣ, ΕΚΤΟΣ ΦΛΕΒΑΣ. ΚΟΙΝΗ ΚΑΡΩΤΙΔΑ-",Surgical,160,1330
X651171,"ΜΟΣΧΕΥΜΑ ΠΑΡΑΚΑΜΨΗΣ, ΕΚΤΟΣ ΦΛΕΒΑΣ. ΚΑΡΩΤΙΔΑ - ΥΠΟΚ",Surgical,120,2130
X651183,"ΜΟΣΧΕΥΜΑ ΠΑΡΑΚΑΜΨΗΣ, ΕΚΤΟΣ ΦΛΕΒΑΣ.ΥΠΟΚΛΕΙΔΙΑ -ΥΠΟΚ",Surgical,120,1090
X651191,"ΜΟΣΧΕΥΜΑ ΠΑΡΑΚΑΜΨΗΣ, ΕΚΤΟΣ ΦΛΕΒΑΣ. ΥΠΟΚΛΕΙΔΙΑ - ΜΑ",Surgical,160,1730
X651201,"ΜΟΣΧΕΥΜΑ ΠΑΡΑΚΑΜΨΗΣ, ΕΚΤΟΣ ΦΛΕΒΑΣ. ΜΑΣΧΑΛΙΑΙΑ - ΜΗ",Surgical,120,530
X651205,"ΜΟΣΧΕΥΜΑ ΠΑΡΑΚΑΜΨΗΣ, ΕΚΤΟΣ ΦΛΕΒΑΣ. ΜΑΣΧΑΛΙΑΙΑ - ΙΓ",Surgical,80,850
X651211,"ΜΟΣΧΕΥΜΑ ΠΑΡΑΚΑΜΨΗΣ, ΕΚΤΟΣ ΦΛΕΒΑΣ. ΑΟΡΤΟΫΠΟΚΛΕΙΔΙΑ",Surgical,80,1330
X651221,"ΜΟΣΧΕΥΜΑ ΠΑΡΑΚΑΜΨΗΣ, ΕΚΤΟΣ ΦΛΕΒΑΣ. ΑΟΡΤΟΚΟΙΛΙΑΚΗ, ",Surgical,160,2130
X651223,"ΜΟΣΧΕΥΜΑ ΠΑΡΑΚΑΜΨΗΣ, ΕΚΤΟΣ ΦΛΕΒΑΣ. ΛΑΓΟΝΙΑ-ΚΟΙΛΙΑΚ",Surgical,80,2290
X651225,"ΜΟΣΧΕΥΜΑ ΠΑΡΑΚΑΜΨΗΣ, ΕΚΤΟΣ ΦΛΕΒΑΣ. ΛΑΓΟΝΙΑ -ΜΕΣΕΝΤ",Surgical,120,450
X651227,"ΜΟΣΧΕΥΜΑ ΠΑΡΑΚΑΜΨΗΣ, ΕΚΤΟΣ ΦΛΕΒΑΣ. ΛΑΓΟΝIΑ - ΝΕΦΡΙ",Surgical,160,610
X651231,"ΜΟΣΧΕΥΜΑ ΠΑΡΑΚΑΜΨΗΣ, ΕΚΤΟΣ ΦΛΕΒΑΣ. ΣΠΛΗΝΟΝΕΦΡΙΚΗ (",Surgical,120,1380
X651233,"ΜΟΣΧΕΥΜΑ ΠΑΡΑΚΑΜΨΗΣ, ΕΚΤΟΣ ΦΛΕΒΑΣ. ΑΟΡΤΟΛΑΓΟΝΙΑ",Surgical,160,1090
X651235,"ΜΟΣΧΕΥΜΑ ΠΑΡΑΚΑΜΨΗΣ, ΕΚΤΟΣ ΦΛΕΒΑΣ ΔΙΧΑΛΩΤΗ ΑΟΡΤΟΛΑ",Surgical,80,1250
X651243,"ΜΟΣΧΕΥΜΑ ΠΑΡΑΚΑΜΨΗΣ, ΕΚΤΟΣ ΦΛΕΒΑΣ. ΚΑΡΩΤΙΔΑ - ΣΠΟΝ",Surgical,120,1890
X651249,"ΜΟΣΧΕΥΜΑ ΠΑΡΑΚΑΜΨΗΣ, ΕΚΤΟΣ ΦΛΕΒΑΣ. ΥΠΟΚΛΕΙΔΙΑ - ΣΠ",Surgical,120,2370
X651251,"ΜΟΣΧΕΥΜΑ ΠΑΡΑΚΑΜΨΗΣ, ΕΚΤΟΣ ΦΛΕΒΑΣ. ΔΙΧΑΛΩΤΗ ΑΟΡΤΟ ",Surgical,160,530
X651253,"ΜΟΣΧΕΥΜΑ ΠΑΡΑΚΑΜΨΗΣ, ΕΚΤΟΣ ΦΛΕΒΑΣ. ΑΟΡΤΟΜΗΡΙΑΙΑ",Surgical,80,690
X651259,"ΜΟΣΧΕΥΜΑ ΠΑΡΑΚΑΜΨΗΣ, ΕΚΤΟΣ ΦΛΕΒΑΣ. ΜΑΣΧΑΛΙΑΙΑ - ΜΑ",Surgical,80,1170
X651261,"ΜΟΣΧΕΥΜΑ ΠΑΡΑΚΑΜΨΗΣ, ΕΚΤΟΣ ΦΛΕΒΑΣ. ΑΟΡΤΟΜΗΡΙΑΙΑ - ",Surgical,120,1330
X651267,"ΜΟΣΧΕΥΜΑ ΠΑΡΑΚΑΜΨΗΣ, ΕΚΤΟΣ ΦΛΕΒΑΣ. ΜΑΣΧΑΛΙΑΙΑ - ΜΗ",Surgical,120,1810
X651271,"ΜΟΣΧΕΥΜΑ ΠΑΡΑΚΑΜΨΗΣ, ΕΚΤΟΣ ΦΛΕΒΑΣ. ΜΗΡΙΑΙΑ - ΙΓΝΥΑ",Surgical,80,2130
X651281,"ΜΟΣΧΕΥΜΑ ΠΑΡΑΚΑΜΨΗΣ, ΕΚΤΟΣ ΦΛΕΒΑΣ. ΜΗΡΙΑΙΑ - ΜΗΡΙΑ",Surgical,160,930
X651285,"ΜΟΣΧΕΥΜΑ ΠΑΡΑΚΑΜΨΗΣ, ΕΚΤΟΣ ΦΛΕΒΑΣ. ΛΑΓΟΝΟΛΑΓΟΝΙΑ",Surgical,120,1250
X651289,"ΜΟΣΧΕΥΜΑ ΠΑΡΑΚΑΜΨΗΣ, ΕΚΤΟΣ ΦΛΕΒΑΣ. ΛΑΓΟΝΟΜΗΡΙΑΙΑ",Surgical,80,1570
X651291,"ΜΟΣΧΕΥΜΑ ΠΑΡΑΚΑΜΨΗΣ, ΕΚΤΟΣ ΦΛΕΒΑΣ. ΜΗΡΙΑΙΑ - ΠΡΟΣΘ",Surgical,120,1730
X651301,"ΜΟΣΧΕΥΜΑ ΠΑΡΑΚΑΜΨΗΣ, ΕΚΤΟΣ ΦΛΕΒΑΣ. ΙΓΝΥΑΚΗ - ΚΝΗΜΙ",Surgical,80,530
X651321,"ΜΟΣΧΕΥΜΑ ΠΑΡΑΚΑΜΨΗΣ. ΣΥΝΘΕΤΟ, ΠΡΟΣΘΕΤΙΚΟ ΚΑΙ ΦΛΕΒΙ",Surgical,120,2130
X651323,"ΜΟΣΧΕΥΜΑ ΠΑΡΑΚΑΜΨΗΣ. ΑΥΤΟΓΕΝΕΣ ΣΥΝΘΕΤΟ, ΔΥΟ ΤΜΗΜΑΤ",Surgical,160,2290
X651325,"ΜΟΣΧΕΥΜΑ ΠΑΡΑΚΑΜΨΗΣ. ΑΥΤΟΓΕΝΕΣ ΣΥΝΘΕΤΟ, ΤΡΙΑ Ή ΠΕΡ",Surgical,80,450
X651329,ΤΟΠΟΘΕΤΗΣΗ ΤΟΥ ΦΛΕΒΙΚΟΥ ΕΜΒΑΛΩΜΑΤΙΚΟΥ ΜΟΣΧΕΥΜΑΤΟΣ ,Surgical,160,1220
X651331,ΔΗΜΙΟΥΡΓΙΑ ΠΕΡΙΦΕΡΙΚΟΥ ΑΡΤΗΡΙΟΦΛΕΒΩΔΟΥΣ ΣΥΡΙΓΓΙΟΥ ,Surgical,80,930
X651341,ΜΕΤΑΘΕΣΗ ΚΑΙ/ 'Η ΕΠΑΝΕΜΦΥΤΕΥΣΗ. ΣΠΟΝΔΥΛΙΚΗΣ ΣΤΗ ΚΑ,Surgical,160,1730
X651345,ΜΕΤΑΘΕΣΗ ΚΑΙ/ 'Η ΕΠΑΝΕΜΦΥΤΕΥΣΗ. ΣΠΟΝΔΥΛΙΚΗΣ ΣΤΗ ΥΠ,Surgical,120,2050
X651347,ΜΕΤΑΘΕΣΗ ΚΑΙ/ 'Η ΕΠΑΝΕΜΦΥΤΕΥΣΗ. ΣΠΟΝΔΥΛΙΚΗΣ ΣΤΗ ΚΑ,Surgical,160,2210
X651349,ΜΕΤΑΘΕΣΗ ΚΑΙ/ 'Η ΕΠΑΝΕΜΦΥΤΕΥΣΗ. ΚΑΡΩΤΙΔΑΣ ΣΤΗ ΥΠΟΚ,Surgical,80,2370
X651353,"ΕΠΑΝΕΜΦΥΤΕΥΣΗ, ΠΡΟΘΕΣΗ ΣΠΛΑΓΧΝΙΚΗΣ ΑΡΤΗΡΙΑΣ ΣΕ ΑΟΡ",Surgical,160,690
X651359,"ΕΠΑΝΕΓΧΕΙΡΗΣΗ, ΜΗΡΙΑΙΑ - ΙΓΝΥΑΚΗ Ή ΜΗΡΙΑΙΑ (ΙΓΝΥΑΚ",Surgical,160,1170
X651361,ΔΙΕΡΕΥΝΗΣΗ (ΔΕΝ ΑΚΟΛΟΥΘΕΙ ΧΕΙΡΟΥΡΓΙΚΗ ΑΠΟΚΑΤΑΣΤΑΣΗ,Surgical,80,1330
X651401,ΔΙΕΡΕΥΝΗΣΗ (ΔΕΝ ΑΚΟΛΟΥΘΕΙ ΧΕΙΡΟΥΡΓΙΚΗ ΑΠΟΚΑΤΑΣΤΑΣΗ,Surgical,160,530
X651441,ΔΙΕΡΕΥΝΗΣΗ (ΔΕΝ ΑΚΟΛΟΥΘΕΙ ΧΕΙΡΟΥΡΓΙΚΗ ΑΠΟΚΑΤΑΣΤΑΣΗ,Surgical,120,1730
X651481,ΔΙΕΡΕΥΝΗΣΗ (ΔΕΝ ΑΚΟΛΟΥΘΕΙ ΧΕΙΡΟΥΡΓΙΚΗ ΑΠΟΚΑΤΑΣΤΑΣΗ,Surgical,80,930
X651559,"ΔΙΕΡΕΥΝΗΣΗ ΓΙΑ ΜΕΤΕΓΧΕΙΡΗΤΙΚΗ ΑΙΜΟΡΡΑΓΙΑ, ΘΡΟΜΒΩΣΗ",Surgical,80,1170
X651599,"ΔΙΕΡΕΥΝΗΣΗ ΓΙΑ ΜΕΤΕΓΧΕΙΡΗΤΙΚΗ ΑΙΜΟΡΡΑΓΙΑ, ΘΡΟΜΒΩΣΗ",Surgical,160,3420
X651639,"ΔΙΕΡΕΥΝΗΣΗ ΓΙΑ ΜΕΤΕΓΧΕΙΡΗΤΙΚΗ ΑΙΜΟΡΡΑΓΙΑ, ΘΡΟΜΒΩΣΗ",Surgical,120,1570
X651679,"ΔΙΕΡΕΥΝΗΣΗ ΓΙΑ ΜΕΤΕΓΧΕΙΡΗΤΙΚΗ ΑΙΜΟΡΡΑΓΙΑ, ΘΡΟΜΒΩΣΗ",Surgical,80,770
X651699,ΑΠΟΚΑΤΑΣΤΑΣΗ ΣΥΡΙΓΓΙΟΥ ΜΟΣΧΕΥΜΑΤΟΣ-ΕΝΤΕΡΟΥ,Surgical,120,2370
X651709,ΘΡΟΜΒΕΚΤΟΜΗ ΑΡΤΗΡΙΑΚΟΥ Ή ΦΛΕΒΙΚΟΥ ΜΟΣΧΕΥΜΑΤΟΣ (ΑΛΛ,Surgical,240,1620
X651711,ΘΡΟΜΒΕΚΤΟΜΗ ΑΡΤΗΡΙΑΚΟΥ Ή ΦΛΕΒΙΚΟΥ ΜΟΣΧΕΥΜΑΤΟΣ (ΑΛΛ,Surgical,150,1780
X651717,"ΑΠΟΚΑΤΑΣΤΑΣΗ, ΑΡΤΗΡΙΑΚΗΣ ΠΑΡΑΚΑΜΨΗΣ ΚΑΤΩ ΑΚΡΟΥ, ΑΝ",Surgical,180,2260
X651721,"ΑΠΟΚΑΤΑΣΤΑΣΗ, ΑΡΤΗΡΙΑΚΗΣ ΠΑΡΑΚΑΜΨΗΣ ΚΑΤΩ ΑΚΡΟΥ, ΑΝ",Surgical,150,2580
X651725,"ΑΠΟΚΑΤΑΣΤΑΣΗ, ΜΗΡΙΑΙΑ ΑΝΑΣΤΟΜΩΣΗ ΣΥΝΘΕΤΙΚΟΥ ΑΡΤΗΡΙ",Surgical,120,900
X651727,"ΑΠΟΚΑΤΑΣΤΑΣΗ, ΜΗΡΙΑΙΑ ΑΝΑΣΤΟΜΩΣΗ ΣΥΝΘΕΤΙΚΟΥ ΑΡΤΗΡΙ",Surgical,80,1060
X651761,ΕΚΤΟΜΗ ΜΟΛΥΣΜΕΝΟΥ ΜΟΣΧΕΥΜΑΤΟΣ. ΤΡΑΧΗΛΟΣ,Surgical,150,1780
X651765,ΕΚΤΟΜΗ ΜΟΛΥΣΜΕΝΟΥ ΜΟΣΧΕΥΜΑΤΟΣ. ΑΚΡΟ,Surgical,120,2100
X651769,ΕΚΤΟΜΗ ΜΟΛΥΣΜΕΝΟΥ ΜΟΣΧΕΥΜΑΤΟΣ. ΘΩΡΑΚΑΣ,Surgical,240,3020
X651773,ΕΚΤΟΜΗ ΜΟΛΥΣΜΕΝΟΥ ΜΟΣΧΕΥΜΑΤΟΣ. ΚΟΙΛΙΑ,Surgical,210,2740
X651959,"ΕΙΣΑΓΩΓΗ ΒΕΛΟΝΑΣ Ή ΕΝΔΟΚΑΘΕΤΗΡΑ, ΦΛΕΒΑ",Surgical,160,1170
X651963,ΔΙΑΔΙΚΑΣΙΑ ΕΝΕΣΗΣ (ΠΧ. THROBIN) ΓΙΑ ΔΙΑΔΕΡΜΙΚΗ ΑΝΤ,Surgical,120,1490
X651969,ΔΙΑΔΙΚΑΣΙΑ ΕΓΧΥΣΗΣ ΓΙΑ ΦΛΕΒΟΓΡΑΦΙΑ ΑΚΡΟΥ (ΣΥΜΠΕΡΙΛ,Surgical,120,1970
X651979,"ΕΙΣΑΓΩΓΗ ΚΑΘΕΤΗΡΑ, ΑΝΩ Ή ΚΑΤΩ ΚΟΙΛΗ ΦΛΕΒΑ",Surgical,80,770
X651981,"ΕΠΙΛΕΚΤΙΚΗ ΤΟΠΟΘΕΤΗΣΗ ΚΑΘΕΤΗΡΑ, ΦΛΕΒΙΚΟ ΣΥΣΤΗΜΑ. Δ",Surgical,120,930
X651983,"ΕΠΙΛΕΚΤΙΚΗ ΤΟΠΟΘΕΤΗΣΗ ΚΑΘΕΤΗΡΑ, ΦΛΕΒΙΚΟ ΣΥΣΤΗΜΑ, Δ",Surgical,160,1090
X651985,"ΕΙΣΑΓΩΓΗ ΚΑΘΕΤΗΡΑ, ΔΕΞΙΑ ΚΑΡΔΙΑ Ή ΚΥΡΙΑ ΠΝΕΥΜΟΝΙΚΗ",Surgical,80,2300
X651987,"ΕΠΙΛΕΚΤΙΚΗ ΤΟΠΟΘΕΤΗΣΗ ΚΑΘΕΤΗΡΑ, ΑΡΙΣΤΕΡΗ Ή ΔΕΞΙΑ Π",Surgical,120,1410
X651989,"ΕΠΙΛΕΚΤΙΚΗ ΤΟΠΟΘΕΤΗΣΗ ΚΑΘΕΤΗΡΑ, ΤΜΗΜΑΤΙΚΗ Ή ΥΠΟΤΜΗ",Surgical,160,1570
X652159,"ΕΙΣΑΓΩΓΗ ΒΕΛΟΝΑΣ Ή ΕΝΔΟΚΑΘΕΤΗΡΑ, ΚΑΡΩΤΙΔΑ Ή ΣΠΟΝΔΥ",Surgical,120,1170
X652199,ΕΙΣΑΓΩΓΗ ΒΕΛΟΝΑΣ Ή ΕΝΔΟΚΑΘΕΤΗΡΑ. ΠΑΛΙΝΔΡΟΜΑ ΣΤΗ ΒΡ,Surgical,80,2370
X652239,ΕΙΣΑΓΩΓΗ ΒΕΛΟΝΑΣ Ή ΕΝΔΟΚΑΘΕΤΗΡΑ.ΑΡΤΗΡΙΑ ΑΚΡΟΥ,Surgical,160,1570
X652249,ΕΙΣΑΓΩΓΗ ΒΕΛΟΝΑΣ Ή ΕΝΔΟΚΑΘΕΤΗΡΑ. ΑΡΤΗΡΙΟΦΛΕΒΩΔΗΣ Π,Surgical,120,2370
X652279,"ΕΙΣΑΓΩΓΗ ΒΕΛΟΝΑΣ Ή ΕΝΔΟΚΑΘΕΤΗΡΑ, ΑΟΡΤΙΚΗ, ΔΙΟΣΦΥΪΚ",Surgical,120,770
X652359,"ΕΙΣΑΓΩΓΗ ΚΑΘΕΤΗΡΑ, ΑΟΡΤΗ",Surgical,160,1170
X652389,"ΕΠΙΛΕΚΤΙΚΗ ΤΟΠΟΘΕΤΗΣΗ ΚΑΘΕΤΗΡΑ, ΑΡΤΗΡΙΑΚΟ ΣΥΣΤΗΜΑ.",Surgical,160,2620
X652391,"ΕΠΙΛΕΚΤΙΚΗ ΤΟΠΟΘΕΤΗΣΗ ΚΑΘΕΤΗΡΑ, ΑΡΤΗΡΙΑΚΟ ΣΥΣΤΗΜΑ.",Surgical,80,2780
X652393,"ΕΠΙΛΕΚΤΙΚΗ ΤΟΠΟΘΕΤΗΣΗ ΚΑΘΕΤΗΡΑ, ΑΡΤΗΡΙΑΚΟ ΣΥΣΤΗΜΑ.",Surgical,120,2940
X652395,"ΕΠΙΛΕΚΤΙΚΗ ΤΟΠΟΘΕΤΗΣΗ ΚΑΘΕΤΗΡΑ, ΑΡΤΗΡΙΑΚΟ ΣΥΣΤΗΜΑ.",Surgical,160,3100
X652449,"ΕΠΙΛΕΚΤΙΚΗ ΤΟΠΟΘΕΤΗΣΗ ΚΑΘΕΤΗΡΑ, ΑΡΤΗΡΙΑΚΟ ΣΥΣΤΗΜΑ.",Surgical,160,2370
X652451,"ΕΠΙΛΕΚΤΙΚΗ ΤΟΠΟΘΕΤΗΣΗ ΚΑΘΕΤΗΡΑ, ΑΡΤΗΡΙΑΚΟ ΣΥΣΤΗΜΑ.",Surgical,80,530
X652453,"ΕΠΙΛΕΚΤΙΚΗ ΤΟΠΟΘΕΤΗΣΗ ΚΑΘΕΤΗΡΑ, ΑΡΤΗΡΙΑΚΟ ΣΥΣΤΗΜΑ.",Surgical,120,690
X652455,"ΕΠΙΛΕΚΤΙΚΗ ΤΟΠΟΘΕΤΗΣΗ ΚΑΘΕΤΗΡΑ, ΑΡΤΗΡΙΑΚΟ ΣΥΣΤΗΜΑ.",Surgical,160,850
X652479,ΕΙΣΑΓΩΓΗ ΤΗΣ ΕΜΦΥΤΕΥΣΙΜΗΣ ΕΝΔΑΡΤΗΡΙΑΚΗΣ ΑΝΤΛΙΑΣ ΕΓ,Surgical,160,770
X652481,ΑΠΟΚΑΤΑΣΤΑΣΗ ΤΗΣ ΕΜΦΥΤΕΥΜΕΝΗΣ ΕΝΔΑΡΤΗΡΙΑΚΗΣ ΑΝΤΛΙΑ,Surgical,80,930
X652483,ΑΦΑΙΡΕΣΗ ΤΗΣ ΕΜΦΥΤΕΥΜΕΝΗΣ ΕΝΔΑΡΤΗΡΙΑΚΗΣ ΑΝΤΛΙΑΣ ΕΓ,Surgical,210,1540
X652557,"ΜΗ ΚΑΤΑΓΕΓΡΑΜΜΕΝΗ ΔΙΑΔΙΚΑΣΙΑ, ΕΝΕΣΗ (ΕΓΧΥΣΗ) ΑΓΓΕΙ",Surgical,160,1010
X652759,"ΦΛΕΒΙΚΗ ΠΑΡΑΚΕΝΤΗΣΗ, ΣΕ ΗΛΙΚΙΑ ΜΙΚΡΟΤΕΡΗ ΤΩΝ 3 ΕΤΩ",Surgical,120,1170
X652769,"ΦΛΕΒΙΚΗ ΠΑΡΑΚΕΝΤΗΣΗ, ΣΕ ΗΛΙΚΙΑ ΜΙΚΡΟΤΕΡΗ ΤΩΝ 3 ΕΤΩ",Surgical,80,1970
X652771,"ΦΛΕΒΙΚΗ ΠΑΡΑΚΕΝΤΗΣΗ, ΣΕ ΗΛΙΚΙΑ ΜΙΚΡΟΤΕΡΗ ΤΩΝ 3 ΕΤΩ",Surgical,120,2130
X652779,"ΦΛΕΒΙΚΗ ΠΑΡΑΚΕΝΤΗΣΗ, ΗΛΙΚΙΑ 3 ΕΤΩΝ Ή ΜΕΓΑΛΥΤΕΡΗ, Α",Surgical,240,1820
X652789,ΛΗΨΗ ΦΛΕΒΙΚΟΥ ΑΙΜΑΤΟΣ ΜΕ ΦΛΕΒΙΚΗ ΠΑΡΑΚΕΝΤΗΣΗ,Surgical,120,1570
X652791,"ΛΗΨΗ ΔΕΙΓΜΑΤΟΣ ΤΡΙΧΟΕΙΔΙΚΟΥ ΑΙΜΑΤΟΣ (ΠΧ. ΔΑΚΤΥΛΟΣ,",Surgical,160,1730
X652799,"ΦΛΕΒΙΚΗ ΠΑΡΑΚΕΝΤΗΣΗ, ΜΕ ΤΟΜΗ. ΣΕ ΗΛΙΚΙΑ ΚΑΤΩ ΤΟΥ 1",Surgical,80,2370
X652809,"ΦΛΕΒΙΚΗ ΠΑΡΑΚΕΝΤΗΣΗ, ΜΕ ΤΟΜΗ. ΣΕ ΗΛΙΚΙΑ 1 ΕΤΟΥΣ ΚΑ",Surgical,160,1170
X652819,"ΜΕΤΑΓΓΙΣΗ ΑΙΜΑΤΟΣ, Ή ΠΑΡΑΓΩΓΩΝ ΑΙΜΑΤΟΣ",Surgical,120,1970
X652839,"ΜΕΤΑΓΓΙΣΗ ΜΕ ΠΙΕΣΗ , ΑΙΜΑΤΟΣ, ΣΕ ΗΛΙΚΙΑ 2 ΕΤΩΝ Ή Μ",Surgical,160,1570
X652859,"ΑΦΑΙΜΑΞΟΜΕΤΑΓΓΙΣΗ, ΑΙΜΑ. ΝΕΟΓΕΝΝΗΤΟ",Surgical,80,1170
X652869,"ΑΦΑΙΜΑΞΟΜΕΤΑΓΓΙΣΗ, ΑΙΜΑ. ΕΚΤΟΣ ΝΕΟΓΕΝΝΗΤΟ",Surgical,160,1970
X652879,"ΜΕΤΑΓΓΙΣΗ, ΕΝΔΟΜΗΤΡΙΑ, ΕΜΒΡΥΪΚΗ",Surgical,120,770
X652895,"ΜΙΑ Ή ΠΟΛΛΑΠΛΕΣ ΕΝΕΣΕΙΣ. ΣΚΛΗΡΥΝΤΙΚΑ ΔΙΑΛΥΜΑΤΑ, ΕΥ",Surgical,80,2050
X652897,"ΜΙΑ Ή ΠΟΛΛΑΠΛΕΣ ΕΝΕΣΕΙΣ. ΣΚΛΗΡΥΝΤΙΚΑ ΔΙΑΛΥΜΑΤΑ, ΕΥ",Surgical,120,2210
X652899,ΕΝΕΣΗ ΣΚΛΗΡΥΝΤΙΚΟ ΔΙΑΛΥΜΑ. ΜΙΑ ΦΛΕΒΑ,Surgical,160,2370
X652901,"ΕΝΕΣΗ ΣΚΛΗΡΥΝΤΙΚΟ ΔΙΑΛΥΜΑ. ΠΟΛΛΕΣ ΦΛΕΒΕΣ, ΙΔΙΟ ΣΚΕ",Surgical,80,530
X652909,"ΕΝΔΟΦΛΕΒΙΑ ΘΕΡΑΠΕΙΑ ΑΝΕΠΑΡΚΟΥΣ ΦΛΕΒΑΣ, ABLATION, Α",Surgical,120,1170
X652911,"ΕΝΔΟΦΛΕΒΙΑ ΘΕΡΑΠΕΙΑ ΑΝΕΠΑΡΚΟΥΣ ΦΛΕΒΑΣ, ABLATION, Α",Surgical,160,1330
X652915,"ΕΝΔΟΦΛΕΒΙΑ ΘΕΡΑΠΕΙΑ ΑΝΕΠΑΡΚΟΥΣ ΦΛΕΒΑΣ, ABLATION, Α",Surgical,120,1650
X652917,"ΕΝΔΟΦΛΕΒΙΑ ΘΕΡΑΠΕΙΑ ΑΝΕΠΑΡΚΟΥΣ ΦΛΕΒΑΣ, ABLATION, Α",Surgical,160,1810
X652921,"ΔΙΑΔΕΡΜΙΚΟΣ ΚΑΘΕΤΗΡΙΑΣΜΟΣ ΠΥΛΑΙΑΣ ΦΛΕΒΑΣ, ΜΕ ΟΠΟΙΑ",Surgical,120,2130
X652959,ΦΛΕΒΙΚΟΣ ΚΑΘΕΤΗΡΙΑΣΜΟΣ ΓΙΑ ΔΕΙΓΜΑΤΟΛΗΨΙΑ ΑΙΜΑΤΟΣ Σ,Surgical,160,1170
X652979,ΚΑΘΕΤΗΡΙΑΣΜΟΣ ΟΜΦΑΛΙΚΗΣ ΦΛΕΒΑΣ ΓΙΑ ΔΙΑΓΝΩΣΗ Ή ΘΕΡΑ,Surgical,80,770
X652981,ΘΕΡΑΠΕΥΤΙΚΗ ΑΦΑΙΡΕΣΗ. ΓΙΑ ΛΕΥΚΑ ΑΙΜΟΣΦΑΙΡΙΑ,Surgical,150,1380
X652983,ΘΕΡΑΠΕΥΤΙΚΗ ΑΦΑΙΡΕΣΗ. ΓΙΑ ΕΡΥΘΡΑ ΑΙΜΟΣΦΑΙΡΙΑ,Surgical,210,1540
X652985,ΘΕΡΑΠΕΥΤΙΚΗ ΑΦΑΙΡΕΣΗ. ΓΙΑ ΑΙΜΟΠΕΤΑΛΙΑ,Surgical,120,1700
X652987,ΘΕΡΑΠΕΥΤΙΚΗ ΑΦΑΙΡΕΣΗ. ΓΙΑ ΠΛΑΣΜΑΦΑΙΡΕΣΗ,Surgical,180,1860
X652989,ΘΕΡΑΠΕΥΤΙΚΗ ΑΦΑΙΡΕΣΗ. ΜΕ ΕΞΩΣΩΜΑΤΙΚΗ ΑΝΟΣΟΠΡΟΣΡΟΦΗ,Surgical,240,2020
X652991,ΘΕΡΑΠΕΥΤΙΚΗ ΑΦΑΙΡΕΣΗ. ΜΕ ΕΞΩΣΩΜΑΤΙΚΗ ΕΠΙΛΕΚΤΙΚΗ ΠΡ,Surgical,150,2180
X653003,"ΦΩΤΟΑΦΑΙΡΕΣΗ, ΕΞΩΣΩΜΑΤΙΚΗ",Surgical,210,1140
X653069,"ΕΙΣΑΓΩΓΗ, ΚΕΝΤΡΙΚΗ, ΦΛΕΒΙΚΟΥ ΚΑΘΕΤΗΡΑ. ΚΕΝΤΡΙΚΟΥ Φ",Surgical,120,1970
X653071,"ΕΙΣΑΓΩΓΗ, ΚΕΝΤΡΙΚΗ, ΦΛΕΒΙΚΟΥ ΚΑΘΕΤΗΡΑ. ΚΕΝΤΡΙΚΟΥ Φ",Surgical,150,3180
X653073,"ΕΙΣΑΓΩΓΗ, ΚΕΝΤΡΙΚΗ, ΦΛΕΒΙΚΟΥ ΚΑΘΕΤΗΡΑ. ΚΕΝΤΡΙΚΟΥ Φ",Surgical,80,2290
X653075,"ΕΙΣΑΓΩΓΗ, ΚΕΝΤΡΙΚΗ, ΦΛΕΒΙΚΟΥ ΚΑΘΕΤΗΡΑ. ΚΕΝΤΡΙΚΟΥ Φ",Surgical,120,1500
X653079,"ΕΙΣΑΓΩΓΗ, ΚΕΝΤΡΙΚΗ, ΣΥΣΚΕΥΗΣ ΓΙΑ ΚΕΝΤΡΙΚΗ ΦΛΕΒΙΚΗ ",Surgical,80,770
X653081,"ΕΙΣΑΓΩΓΗ, ΚΕΝΤΡΙΚΗ, ΣΥΣΚΕΥΗΣ ΓΙΑ ΚΕΝΤΡΙΚΗ ΦΛΕΒΙΚΗ ",Surgical,150,1980
X653085,"ΕΙΣΑΓΩΓΗ, ΚΕΝΤΡΙΚΗ, ΣΥΣΚΕΥΗΣ ΓΙΑ ΚΕΝΤΡΙΚΗ ΦΛΕΒΙΚΗ ",Surgical,80,1250
X653089,"ΕΙΣΑΓΩΓΗ, ΚΕΝΤΡΙΚΗ, ΣΥΣΚΕΥΗΣ ΓΙΑ ΚΕΝΤΡΙΚΗ ΦΛΕΒΙΚΗ ",Surgical,160,1570
X653091,"ΕΙΣΑΓΩΓΗ, ΚΕΝΤΡΙΚΗ, ΣΥΣΚΕΥΗΣ ΓΙΑ ΚΕΝΤΡΙΚΗ ΦΛΕΒΙΚΗ ",Surgical,80,1730
X653095,"ΕΙΣΑΓΩΓΗ, ΠΕΡΙΦΕΡΙΚΗ. ΚΕΝΤΡΙΚΟΥ ΦΛΕΒΙΚΟΥ ΚΑΘΕΤΗΡΑ ",Surgical,160,2050
X653097,"ΕΙΣΑΓΩΓΗ, ΠΕΡΙΦΕΡΙΚΗ. ΚΕΝΤΡΙΚΟΥ ΦΛΕΒΙΚΟΥ ΚΑΘΕΤΗΡΑ ",Surgical,180,3260
X653099,"ΕΙΣΑΓΩΓΗ, ΠΕΡΙΦΕΡΙΚΗ. ΚΕΝΤΡΙΚΟΥ ΦΛΕΒΙΚΟΥ ΚΑΘΕΤΗΡΑ ",Surgical,120,2370
X653101,"ΕΙΣΑΓΩΓΗ, ΠΕΡΙΦΕΡΙΚΗ. ΚΕΝΤΡΙΚΟΥ ΦΛΕΒΙΚΟΥ ΚΑΘΕΤΗΡΑ ",Surgical,150,1580
X653109,"ΑΠΟΚΑΤΑΣΤΑΣΗ ΚΕΝΤΡΙΚΟΥ ΦΛΕΒΙΚΟΥ ΚΑΘΕΤΗΡΑ, ΜΕ Ή ΧΩΡ",Surgical,80,1170
X653111,ΑΠΟΚΑΤΑΣΤΑΣΗ ΤΗΣ ΣΥΣΚΕΥΗΣ ΚΕΝΤΡΙΚΗΣ ΦΛΕΒΙΚΗΣ ΠΡΟΣΒ,Surgical,120,1330
X653115,"ΑΝΤΙΚΑΤΑΣΤΑΣΗ, ΜΟΝΟ ΚΑΘΕΤΗΡΑΣ, ΣΥΣΚΕΥΗΣ ΚΕΝΤΡΙΚΗΣ ",Surgical,80,1650
X653119,"ΑΝΤΙΚΑΤΑΣΤΑΣΗ, ΠΛΗΡΗΣ, ΚΕΝΤΡΙΚΟΥ ΦΛΕΒΙΚΟΥ ΚΑΘΕΤΗΡΑ",Surgical,160,1970
X653121,"ΑΝΤΙΚΑΤΑΣΤΑΣΗ, ΠΛΗΡΗΣ, ΚΕΝΤΡΙΚΟΥ ΦΛΕΒΙΚΟΥ ΚΑΘΕΤΗΡΑ",Surgical,80,2130
X653123,"ΑΝΤΙΚΑΤΑΣΤΑΣΗ, ΠΛΗΡΗΣ, ΚΕΝΤΡΙΚΟΥ ΦΛΕΒΙΚΟΥ ΚΑΘΕΤΗΡΑ",Surgical,120,2290
X653125,"ΑΝΤΙΚΑΤΑΣΤΑΣΗ, ΠΛΗΡΗΣ, ΚΕΝΤΡΙΚΟΥ ΦΛΕΒΙΚΟΥ ΚΑΘΕΤΗΡΑ",Surgical,160,450
X653127,"ΑΝΤΙΚΑΤΑΣΤΑΣΗ, ΠΛΗΡΗΣ, ΕΝΟΣ ΠΕΡΙΦΕΡΙΚΑ ΕΙΣΑΓΩΜΕΝΟΥ",Surgical,80,610
X653129,"ΑΝΤΙΚΑΤΑΣΤΑΣΗ, ΠΛΗΡΗΣ, ΜΙΑΣ ΠΕΡΙΦΕΡΙΚΑ ΕΙΣΑΓΩΜΕΝΗΣ",Surgical,120,770
X653137,"ΑΦΑΙΡΕΣΗ ΤΟΥ, ΜΕ ΥΠΟΔΟΡΙΑ ΠΟΡΕΙΑ, ΚΕΝΤΡΙΚΟΥ ΦΛΕΒΙΚ",Surgical,180,1860
X653139,"ΑΦΑΙΡΕΣΗ ΤΟΥ, ΜΕ ΥΠΟΔΟΡΙΑ ΠΟΡΕΙΑ, ΚΕΝΤΡΙΚΟΥ ΦΛΕΒΙΚ",Surgical,240,2020
X653141,ΣΥΛΛΟΓΗ ΔΕΙΓΜΑΤΟΣ ΑΙΜΑΤΟΣ ΑΠΟ ΜΙΑ ΠΛΗΡΩΣ ΕΜΦΥΤΕΥΣΙ,Surgical,120,1730
X653143,ΣΥΛΛΟΓΗ ΔΕΙΓΜΑΤΟΣ ΑΙΜΑΤΟΣ ΜΕ ΧΡΗΣΗ ΕΓΚΑΤΕΣΤΗΜΕΝΟΥ ,Surgical,160,1890
X653145,"ΘΡΟΜΒΟΛΥΣΗ ΜΕ ΘΡΟΜΒΟΛΥΤΙΚΟ ΠΑΡΑΓΟΝΤΑ, ΕΜΦΥΤΕΥΜΕΝΗΣ",Surgical,80,2050
X653149,ΜΗΧΑΝΙΚΗ ΑΦΑΙΡΕΣΗ ΤΟΥ ΠΕΡΙΚΑΘΕΤΗΡΙΑΚΟΥ ΑΠΟΦΡΑΚΤΙΚΟ,Surgical,240,2820
X653151,ΜΗΧΑΝΙΚΗ ΑΦΑΙΡΕΣΗ ΕΝΔΟΑΥΛΙΚΟΥ (ΕΝΔΟΚΑΘΕΤΗΡΑΣ) ΑΠΟΦ,Surgical,150,980
X653153,ΕΠΑΝΑΤΟΠΟΘΕΤΗΣΗ ΠΡΟΗΓΟΥΜΕΝΩΣ ΤΟΠΟΘΕΤΗΜΕΝΟΥ ΚΕΝΤΡΙΚ,Surgical,120,690
X653155,ΕΝΕΣΗ(ΕΙΣ) ΣΚΙΑΓΡΑΦΙΚΟΥ ΥΛΙΚΟΥ ΓΙΑ ΑΚΤΙΝΟΛΟΓΙΚΗ ΑΞ,Surgical,160,850
X653159,"ΑΡΤΗΡΙΑΚΗ ΠΑΡΑΚΕΝΤΗΣΗ, ΛΗΨΗ ΑΙΜΑΤΟΣ ΓΙΑ ΔΙΑΓΝΩΣΗ",Surgical,120,1170
X653199,ΑΡΤΗΡΙΑΚΟΣ ΚΑΘΕΤΗΡΙΑΣΜΟΣ Ή ΤΟΠΟΘΕΤΗΣΗ ΣΩΛΗΝΑ ΓΙΑ Δ,Surgical,80,2370
X653209,ΑΡΤΗΡΙΑΚΟΣ ΚΑΘΕΤΗΡΙΑΣΜΟΣ Ή ΤΟΠΟΘΕΤΗΣΗ ΣΩΛΗΝΑ ΓΙΑ Δ,Surgical,160,1170
X653239,ΑΡΤΗΡΙΑΚΟΣ ΚΑΘΕΤΗΡΙΑΣΜΟΣ ΓΙΑ ΘΕΡΑΠΕΥΤΙΚΗ ΑΓΩΓΗ ΠΑΡ,Surgical,160,1570
X653279,"ΚΑΘΕΤΗΡΙΑΣΜΟΣ, ΟΜΦΑΛΙΚΗ ΑΡΤΗΡΙΑ, ΝΕΟΓΕΝΝΗΤΟ, ΓΙΑ Δ",Surgical,120,770
X653319,ΤΟΠΟΘΕΤΗΣΗ ΒΕΛΟΝΑΣ ΓΙΑ ΕΝΔΟΣΤΙΚΗ ΕΓΧΥΣΗ,Surgical,80,1970
X653559,"ΕΙΣΑΓΩΓΗ ΣΩΛΗΝΙΣΚΟΥ ΓΙΑ ΑΙΜΟΔΙΑΛΥΣΗ, ΑΛΛΟΣ ΣΚΟΠΟΣ ",Surgical,80,1170
X653579,"ΕΙΣΑΓΩΓΗ ΣΩΛΗΝΙΣΚΟΥ ΓΙΑ ΑΙΜΟΔΙΑΛΥΣΗ, ΑΛΛΟΣ ΣΚΟΠΟΣ ",Surgical,120,770
X653589,"ΕΙΣΑΓΩΓΗ ΣΩΛΗΝΙΣΚΟΥ ΓΙΑ ΑΙΜΟΔΙΑΛΥΣΗ, ΑΛΛΟΣ ΣΚΟΠΟΣ ",Surgical,80,1570
X653595,"ΑΡΤΗΡΙΟΦΛΕΒΙΚΗ ΑΝΑΣΤΟΜΩΣΗ, ΑΝΟΙΚΤΗ. ΜΕ ΜΕΤΑΘΕΣΗ ΤΗ",Surgical,120,2500
X653597,"ΑΡΤΗΡΙΟΦΛΕΒΙΚΗ ΑΝΑΣΤΟΜΩΣΗ, ΑΝΟΙΚΤΗ. ΜΕ ΜΕΤΑΘΕΣΗ ΤΗ",Surgical,180,2660
X653599,"ΑΡΤΗΡΙΟΦΛΕΒΙΚΗ ΑΝΑΣΤΟΜΩΣΗ, ΑΝΟΙΚΤΗ. ΜΕ ΜΕΤΑΘΕΣΗ ΦΛ",Surgical,240,2820
X653601,"ΑΡΤΗΡΙΟΦΛΕΒΙΚΗ ΑΝΑΣΤΟΜΩΣΗ, ΑΝΟΙΚΤΗ. ΑΜΕΣΗ, ΚΑΘΕ ΘΕ",Surgical,150,980
X653603,ΕΙΣΑΓΩΓΗ ΣΩΛΗΝΙΣΚΟΥ(ΩΝ) ΓΙΑ ΠΑΡΑΤΕΤΑΜΕΝΗ ΕΞΩΣΩΜΑΤΙ,Surgical,120,690
X653605,ΕΙΣΑΓΩΓΗ ΑΡΤΗΡΙΑΚΟΥ ΚΑΙ ΦΛΕΒΙΚΟΥ ΣΩΛΗΝΙΣΚΟΥ ΓΙΑ ΞΕ,Surgical,120,1300
X653609,ΔΗΜΙΟΥΡΓΙΑ ΑΡΤΗΡΙΟΦΛΕΦΙΚΟΥ ΣΥΡΙΓΓΙΟΥ ΜΕΣΩ ΑΛΛΗΣ ΔΙ,Surgical,120,1620
X653619,ΔΗΜΙΟΥΡΓΙΑ ΑΡΤΗΡΙΟΦΛΕΒΙΚΟΥ ΣΥΡΙΓΓΙΟΥ ΜΕΣΩ ΑΛΛΗΣ ΔΙ,Surgical,80,2420
X653621,"ΘΡΟΜΒΕΚΤΟΜΗ, ΑΝΟΙΚΤΗ, ΑΡΤΗΡΙΟΦΛΕΒΙΚΟ ΣΥΡΙΓΓΙΟ ΧΩΡΙ",Surgical,150,2580
X653623,"ΑΝΑΘΕΩΡΗΣΗ, ΑΝΟΙΚΤΗ, ΑΡΤΗΡΙΟΦΛΕΒΙΚΟ ΣΥΡΙΓΓΙΟ, ΧΩΡΙ",Surgical,210,2740
X653625,"ΑΝΑΘΕΩΡΗΣΗ, ΑΝΟΙΚΤΗ, ΑΡΤΗΡΙΟΦΛΕΒΙΚΟ ΣΥΡΙΓΓΙΟ, ΧΩΡΙ",Surgical,120,900
X653627,ΠΛΑΣΤΙΚΗ ΑΠΟΚΑΤΑΣΤΑΣΗ ΑΡΤΗΡΙΟΦΛΕΒΙΚΟΥ ΑΝΕΥΡΥΣΜΑΤΟΣ,Surgical,120,610
X653629,ΕΙΣΑΓΩΓΗ ΠΑΡΑΚΑΜΨΗΣ THOMAS (ΞΕΧΩΡΙΣΤΗ ΕΠΕΜΒΑΣΗ),Surgical,160,770
X653635,ΠΕΡΙΦΕΡΙΚΗ ΕΠΑΝΑΓΓΕΙΩΣΗ ΚΑΙ ΠΕΡΙΟΔΙΚΗ ΑΠΟΛΙΝΩΣΗ (D,Surgical,160,1250
X653679,ΑΦΑΙΡΕΣΗ ΠΗΓΜΑΤΟΣ ΜΕ ΕΞΩΤΕΡΙΚΟ ΣΩΛΗΝΑ (ΞΕΧΩΡΙΣΤΗ Ε,Surgical,240,1220
X653681,ΑΦΑΙΡΕΣΗ ΠΗΓΜΑΤΟΣ ΜΕ ΕΞΩΤΕΡΙΚΟ ΚΑΘΕΤΗΡΑ (ΞΕΧΩΡΙΣΤΗ,Surgical,150,1380
X653699,"ΘΡΟΜΒΕΚΤΟΜΗ, ΔΙΑΔΕΡΜΙΚΗ, ΑΡΤΗΡΙΟΦΛΕΒΙΚΟ ΣΥΡΙΓΓΙΟ, ",Surgical,240,2820
X654239,"ΦΛΕΒΙΚΗ ΑΝΑΣΤΟΜΩΣΗ, ΑΝΟΙΚΤΗ; ΠΥΛΑΙΑ-ΚΟΙΛΗ",Surgical,240,2020
X654249,"ΦΛΕΒΙΚΗ ΑΝΑΣΤΟΜΩΣΗ, ΑΝΟΙΚΤΗ, ΝΕΦΡΟΠΥΛΑΙΑ",Surgical,240,2820
X654279,"ΦΛΕΒΙΚΗ ΑΝΑΣΤΟΜΩΣΗ, ΑΝΟΙΚΤΗ, ΚΟΙΛΗ-ΜΕΣΕΝΤΕΡΙΑ",Surgical,240,1220
X654319,"ΦΛΕΒΙΚΗ ΑΝΑΣΤΟΜΩΣΗ, ΑΝΟΙΚΤΗ, ΣΠΛΗΝΟΝΕΦΡΙΚΗ, ΕΓΓΥΣ",Surgical,240,2420
X654321,"ΦΛΕΒΙΚΗ ΑΝΑΣΤΟΜΩΣΗ, ΑΝΟΙΚΤΗ, ΣΠΛΗΝΟΝΕΦΡΙΚΗ, ΠΕΡΙΦΕ",Surgical,150,2580
X654323,ΕΙΣΑΓΩΓΗ ΔΙΑΦΛΕΒΙΑΣ ΕΝΔΟΗΠΑΤΙΚΗΣ ΠΥΛΑΙΟΣΥΣΤΗΜΑΤΙΚΗ,Surgical,160,2290
X654325,ΑΝΑΘΕΩΡΗΣΗ ΔΙΑΦΛΕΒΙΑΣ ΕΝΔΟΗΠΑΤΙΚΗΣ ΠΥΛΑΙΟΣΥΣΤΗΜΑΤΙ,Surgical,80,450
X654327,ΠΡΩΤΟΓΕΝΗΣ ΔΙΑΔΕΡΜΙΚΗ ΔΙΑΥΛΙΚΗ ΜΗΧΑΝΙΚΗ ΘΡΟΜΒΕΚΤΟΜ,Surgical,180,1060
X654329,ΠΡΩΤΟΓΕΝΗΣ ΔΙΑΔΕΡΜΙΚΗ ΔΙΑΥΛΙΚΗ ΜΗΧΑΝΙΚΗ ΘΡΟΜΒΕΚΤΟΜ,Surgical,240,1220
X654331,ΔΕΥΤΕΡΟΓΕΝΗΣ ΔΙΑΔΕΡΜΙΚΗ ΔΙΑΥΛΙΚΗ ΘΡΟΜΒΕΚΤΟΜΗ (Π.Χ.,Surgical,150,1380
X654333,"ΔΙΑΔΕΡΜΙΚΗ ΔΙΑΥΛΙΚΗ ΜΗΧΑΝΙΚΗ ΘΡΟΜΒΕΚΤΟΜΗ, ΦΛΕΒΑ(ΕΣ",Surgical,210,1540
X654335,"ΔΙΑΔΕΡΜΙΚΗ ΔΙΑΥΛΙΚΗ ΜΗΧΑΝΙΚΗ ΘΡΟΜΒΕΚΤΟΜΗ, ΦΛΕΒΑ(ΕΣ",Surgical,120,1700
X654349,"ΘΡΟΜΒΟΛΥΣΗ, ΕΓΚΕΦΑΛΙΚΗ, ΜΕΣΩ ΕΝΔΟΦΛΕΒΙΑΣ ΕΓΧΥΣΗΣ",Surgical,80,2370
X654359,ΔΙΑΚΑΘΕΤΗΡΙΑΚΗ ΒΙΟΨΙΑ,Surgical,160,1170
X654361,"ΔΙΑΚΑΘΕΤΗΡΙΑΚΗ ΘΕΡΑΠΕΙΑ, ΕΓΧΥΣΗ ΓΙΑ ΘΡΟΜΒΟΛΥΣΗ ΑΛΛ",Surgical,80,1330
X654363,"ΔΙΑΚΑΘΕΤΗΡΙΑΚΗ ΘΕΡΑΠΕΙΑ, ΕΓΧΥΣΗ ΕΚΤΟΣ ΘΡΟΜΒΟΛΥΤΙΚΗ",Surgical,120,1490
X654365,"ΔΙΑΚΑΘΕΤΗΡΙΑΚΗ ΑΝΑΚΤΗΣΗ, ΔΙΑΔΕΡΜΙΚΗ, ΕΝΔΑΓΓΕΙΑΚΟΥ ",Surgical,160,1650
X654367,ΔΙΑΚΑΘΕΤΗΡΙΑΚΗ ΑΠΟΦΡΑΞΗ Ή ΕΜΒΟΛΙΣΜΟΣ (Π.Χ. ΚΑΤΑΣΤΡ,Surgical,80,1810
X654369,ΔΙΑΚΑΘΕΤΗΡΙΑΚΗ ΤΟΠΟΘΕΤΗΣΗ ΕΝΔΑΓΓΕΙΑΚΟΥ(ΩΝ) ΣΤΕΝΤ(Σ,Surgical,120,1970
X654371,ΔΙΑΚΑΘΕΤΗΡΙΑΚΗ ΤΟΠΟΘΕΤΗΣΗ ΕΝΔΑΓΓΕΙΑΚΟΥ(ΩΝ) ΣΤΕΝΤ(Σ,Surgical,160,2130
X654373,ΔΙΑΚΑΘΕΤΗΡΙΑΚΗ ΤΟΠΟΘΕΤΗΣΗ ΕΝΔΑΓΓΕΙΑΚΟΥ(ΩΝ) ΣΤΕΝΤ(Σ,Surgical,210,2290
X654375,ΔΙΑΚΑΘΕΤΗΡΙΑΚΗ ΤΟΠΟΘΕΤΗΣΗ ΕΝΔΑΓΓΕΙΑΚΟΥ(ΩΝ) ΣΤΕΝΤ(Σ,Surgical,120,450
X654377,ΑΝΤΙΚΑΤΑΣΤΑΣΗ ΗΔΗ ΤΟΠΟΘΕΤΗΜΕΝΟΥ ΕΝΔΑΓΓΕΙΑΚΟΥ ΚΑΘΕΤ,Surgical,160,610
X654379,"ΕΜΒΟΛΙΣΜΟΣ ΙΝΟΜΥΩΜΑΤΩΝ ΜΗΤΡΑΣ (UFE, ΕΜΒΟΛΙΣΜΟΣ ΤΩΝ",Surgical,80,770
X654389,ΔΙΑΚΑΘΕΤΗΡΙΑΚΗ ΤΟΠΟΘΕΤΗΣΗ ΕΝΔΑΓΓΕΙΑΚΟΥ(ΩΝ) ΣΤΕΝΤ(Σ,Surgical,160,1570
X654391,ΔΙΑΚΑΘΕΤΗΡΙΑΚΗ ΤΟΠΟΘΕΤΗΣΗ ΕΝΔΑΓΓΕΙΑΚΟΥ(ΩΝ) ΣΤΕΝΤ(Σ,Surgical,80,1730
X654459,ΕΝΔΑΓΓΕΙΑΚΗ ΥΠΕΡΗΧΟΓΡΑΦΙΑ (ΜΗ ΣΤΕΦΑΝΙΑΙΟ ΑΓΓΕΙΟ) Κ,Surgical,120,1170
X654461,ΕΝΔΑΓΓΕΙΑΚΗ ΥΠΕΡΗΧΟΓΡΑΦΙΑ (ΜΗ ΣΤΕΦΑΝΙΑΙΟ ΑΓΓΕΙΟ) Κ,Surgical,160,1330
X654959,"ΑΓΓΕΙΑΚΗ ΕΝΔΟΣΚΟΠΗΣΗ, ΧΕΙΡΟΥΡΓΙΚΗ, ΜΕ ΑΠΟΛΙΝΩΣΗ ΔΙ",Surgical,160,1170
X654961,ΜΗ ΚΑΤΑΓΕΓΡΑΜΜΕΝΗ ΔΙΑΔΙΚΑΣΙΑ ΑΓΓΕΙΑΚΗΣ ΕΝΔΟΣΚΟΠΗΣΗ,Surgical,80,1330
X655089,"ΑΠΟΛΙΝΩΣΗ, ΕΣΩ ΣΦΑΓΙΤΙΔΑ ΦΛΕΒΑ",Surgical,160,1570
X655159,"ΑΠΟΛΙΝΩΣΗ, ΕΞΩ ΚΑΡΩΤΙΔΙΚΗ ΑΡΤΗΡΙΑ",Surgical,120,1170
X655169,"ΑΠΟΛΙΝΩΣΗ, ΕΣΩ Ή ΚΟΙΝΗ ΚΑΡΩΤΙΔΙΚΗ ΑΡΤΗΡΙΑ",Surgical,80,1970
X655171,"ΑΠΟΛΙΝΩΣΗ, ΕΣΩ Ή ΚΟΙΝΗ ΚΑΡΩΤΙΔΙΚΗ ΑΡΤΗΡΙΑ, ΜΕ ΒΑΘΜ",Surgical,120,2130
X655173,ΑΠΟΛΙΝΩΣΗ Ή ΣΥΣΦΙΞΗ ΑΡΤΗΡΙΟΦΛΕΒΙΚΟΥ ΣΥΡΙΓΓΙΟΥ ΑΓΓΕ,Surgical,160,2290
X655177,"ΑΠΟΛΙΝΩΣΗ Ή ΒΙΟΨΙΑ, ΚΡΟΤΑΦΙΚΗ ΑΡΤΗΡΙΑ",Surgical,120,610
X655189,"ΑΠΟΛΙΝΩΣΗ, ΜΕΓΑΛΗ ΑΡΤΗΡΙΑ (Π.Χ., ΜΕΤΑΤΡΑΥΜΑΤΙΚΗ, Ρ",Surgical,240,2620
X655191,"ΑΠΟΛΙΝΩΣΗ, ΜΕΓΑΛΗ ΑΡΤΗΡΙΑ (Π.Χ., ΜΕΤΑΤΡΑΥΜΑΤΙΚΗ, Ρ",Surgical,150,2780
X655193,"ΑΠΟΛΙΝΩΣΗ, ΜΕΓΑΛΗ ΑΡΤΗΡΙΑ (Π.Χ., ΜΕΤΑΤΡΑΥΜΑΤΙΚΗ, Ρ",Surgical,210,2940
X655195,"ΑΠΟΛΙΝΩΣΗ, ΜΕΓΑΛΗ ΑΡΤΗΡΙΑ (Π.Χ., ΜΕΤΑΤΡΑΥΜΑΤΙΚΗ, Ρ",Surgical,120,3100
X655199,"ΔΙΑΚΟΠΗ, ΜΕΡΙΚΗ Ή ΟΛΙΚΗ, ΤΗΣ ΚΑΤΩ ΚΟΙΛΗΣ ΦΛΕΒΑΣ ΜΕ",Surgical,80,2370
X655259,ΑΠΟΛΙΝΩΣΗ ΤΗΣ ΜΗΡΙΑΙΑΣ ΦΛΕΒΑΣ,Surgical,80,1170
X655279,ΑΠΟΛΙΝΩΣΗ ΤΗΣ ΚΟΙΝΗΣ ΛΑΓΟΝΙΑΣ ΦΛΕΒΑΣ,Surgical,120,770
X655359,ΑΠΟΛΙΝΩΣΗ ΚΑΙ ΔΙΑΤΟΜΗ ΤΗΣ ΜΕΙΖΟΝΟΣ ΣΑΦΗΝΟΥΣ ΦΛΕΒΑΣ,Surgical,160,1170
X655395,"ΑΠΟΛΙΝΩΣΗ, ΔΙΑΤΟΜΗ, ΚΑΙ ΑΠΟΨΙΛΩΣΗ ΤΗΣ ΕΛΑΣΣΟΝΟΣ ΣΑ",Surgical,160,2050
X655403,"ΑΠΟΛΙΝΩΣΗ, ΔΙΑΤΟΜΗ, ΚΑΙ ΑΠΟΨΙΛΩΣΗ, ΤΗΣ ΜΕΙΖΟΝΟΣ ΣΑ",Surgical,80,690
X655429,ΑΠΟΛΙΝΩΣΗ ΚΑΙ ΔΙΑΤΟΜΗ ΚΑΙ ΡΙΖΙΚΗ ΑΠΟΨΙΛΩΣΗ ΤΗΣ ΜΕΙ,Surgical,240,1220
X655479,"ΑΠΟΛΙΝΩΣΗ ΔΙΑΤΙΤΡΑΙΝΟΥΣΩΝ ΦΛΕΒΩΝ, ΚΑΤΩΘΕΝ ΤΗΣ ΠΕΡΙ",Surgical,240,770
X655489,"ΦΛΕΒΕΚΤΟΜΗ ΚΙΡΣΩΝ ΜΕ ΜΙΚΡΕΣ ΤΟΜΕΣ ΔΕΡΜΑΤΟΣ, ΕΝΑ ΑΚ",Surgical,240,2020
X655491,"ΦΛΕΒΕΚΤΟΜΗ ΚΙΡΣΩΝ ΜΕ ΜΙΚΡΕΣ ΤΟΜΕΣ ΔΕΡΜΑΤΟΣ, ΕΝΑ ΑΚ",Surgical,150,2180
X655519,ΑΠΟΛΙΝΩΣΗ ΚΑΙ ΔΙΑΤΟΜΗ ΤΗΣ ΕΛΑΣΣΟΝΟΣ ΣΑΦΗΝΟΥΣ ΦΛΕΒΑ,Surgical,120,1970
X655529,"ΑΠΟΛΙΝΩΣΗ, ΔΙΑΤΟΜΗ, ΚΑΙ/Ή ΕΚΤΟΜΗ ΣΥΜΠΛΕΓΜΑΤΟΣ(ΩΝ) ",Surgical,240,1220
X655535,"ΕΠΑΝΑΓΓΕΙΩΣΗ ΠΕΟΥΣ, ΑΡΤΗΡΙΑ, ΜΕ Ή ΧΩΡΙΣ ΦΛΕΒΙΚΟ ΜΟ",Surgical,80,1250
X655539,ΕΠΕΜΒΑΣΗ ΦΛΕΒΙΚΗΣ ΑΠΟΦΡΑΞΗΣ ΠΕΟΥΣ,Surgical,160,1570
X655557,"ΜΗ ΚΑΤΑΓΕΓΡΑΜΜΕΝΗ ΔΙΑΔΙΚΑΣΙΑ, ΑΓΓΕΙΑΚΗ ΕΓΧΕΙΡΗΣΗ",Surgical,160,1010
X656159,ΣΠΛΗΝΕΚΤΟΜΗ; ΟΛΙΚΗ (ΞΕΧΩΡΙΣΤΗ ΕΠΕΜΒΑΣΗ),Surgical,240,1620
X656161,ΣΠΛΗΝΕΚΤΟΜΗ; ΜΕΡΙΚΗ (ΞΕΧΩΡΙΣΤΗ ΕΠΕΜΒΑΣΗ),Surgical,150,1780
X656163,"ΣΠΛΗΝΕΚΤΟΜΗ, ΟΛΙΚΗ, EN BLOCK ΓΙΑ ΕΚΤΕΤΑΜΕΝΗ ΝΟΣΟ, ",Surgical,210,1940
X656189,ΑΠΟΚΑΤΑΣΤΑΣΗ ΡΗΞΗΣ ΣΠΛΗΝΑΣ (ΣΠΛΗΝΟΡΑΦΗ) ΜΕ Ή ΧΩΡΙΣ,Surgical,240,2020
X656199,"ΛΑΠΑΡΟΣΚΟΠΗΣΗ, ΧΕΙΡΟΥΡΓΙΚΗ, ΣΠΛΗΝΕΚΤΟΜΗ",Surgical,240,2820
X656217,"ΜΗ ΚΑΤΑΓΕΓΡΑΜΜΕΝΗ ΔΙΑΔΙΚΑΣΙΑ ΛΑΠΑΡΟΣΚΟΠΗΣΗΣ, ΣΠΛΗΝ",Surgical,80,1810
X656359,ΑΝΕΝΕΡΓΟΣ,Surgical,160,1170
X656367,ΑΝΑΖΗΤΗΣΗ ΚΑΤΑΛΛΗΛΟΥ ΔΟΤΗ ΑΙΜΟΠΟΙΗΤΙΚΩΝ ΚΥΤΤΑΡΩΝ Γ,Surgical,180,2860
X656369,ΣΥΛΛΟΓΗ ΑΙΜΟΠΟΙΗΤΙΚΩΝ ΚΥΤΤΑΡΩΝ ΑΠΟ ΤΟ ΠΕΡΙΦΕΡΙΚΟ Α,Surgical,240,3020
X656371,ΣΥΛΛΟΓΗ ΑΙΜΟΠΟΙΗΤΙΚΩΝ ΚΥΤΤΑΡΩΝ ΑΠΟ ΤΟ ΠΕΡΙΦΕΡΙΚΟ Α,Surgical,150,3180
X656373,ΚΑΤΑΨΥΞΗ ΚΑΙ ΣΥΝΤΗΡΗΣΗ ΑΙΜΟΠΟΙΗΤΙΚΩΝ ΚΥΤΤΑΡΩΝ ΓΙΑ ,Surgical,210,3340
X656375,"ΑΠΟΨΥΞΗ ΑΙΜΟΠΟΙΗΤΙΚΩΝ ΚΥΤΤΑΡΩΝ ΠΡΙΝ ΤΗ ΧΟΡΗΓΗΣΗ, Χ",Surgical,120,450
X656377,"ΑΠΟΨΥΞΗ ΑΙΜΟΠΟΙΗΤΙΚΩΝ ΚΥΤΤΑΡΩΝ ΠΡΙΝ ΤΗ ΧΟΡΗΓΗΣΗ, Μ",Surgical,160,610
X656379,ΑΦΑΙΡΕΣΗ ΤΩΝ Τ ΛΕΜΦΟΚΥΤΤΑΡΩΝ ΑΠΟ ΤΟ ΑΙΜΟΠΟΙΗΤΙΚΟ Μ,Surgical,240,1220
X656381,ΜΕΙΩΣΗ ΟΓΚΟΥ ΑΙΜΟΠΟΙΗΤΙΚΟΥ ΜΟΣΧΕΥΜΑΤΟΣ ΜΕ ΑΦΑΙΡΕΣΗ,Surgical,150,1380
X656383,ΑΦΑΙΡΕΣΗ ΕΡΥΘΡΩΝ ΑΙΜΟΣΦΑΙΡΙΩΝ ΑΠΟ ΑΙΜΟΠΟΙΗΤΙΚΟ ΜΟΣ,Surgical,210,1540
X656385,ΑΦΑΙΡΕΣΗ ΑΙΜΟΠΕΤΑΛΙΩΝ ΑΠΟ ΑΙΜΟΠΟΙΗΤΙΚΟ ΜΟΣΧΕΥΜΑ,Surgical,120,1700
X656387,ΑΦΑΙΡΕΣΗ ΠΛΑΣΜΑΤΟΣ ΑΠΟ ΑΙΜΟΠΟΙΗΤΙΚΟ ΜΟΣΧΕΥΜΑ,Surgical,180,1860
X656389,ΕΠΙΛΟΓΗ ΛΕΜΦΟΜΟΝΟΠΥΡΗΝΩΝ ΚΥΤΤΑΡΩΝ Ή ΤΗΣ ΣΤΙΒΑΔΑΣ Τ,Surgical,160,1570
X656399,ΑΝΑΡΡΟΦΗΣΗ ΜΥΕΛΟΥ ΟΣΤΩΝ,Surgical,120,2370
X656401,ΟΣΤΕΟΜΥΕΛΙΚΗ ΒΙΟΨΙΑ,Surgical,160,530
X656419,ΣΥΛΛΟΓΗ ΜΥΕΛΟΥ ΟΣΤΩΝ ΓΙΑ ΜΕΤΑΜΟΣΧΕΥΣΗ ΑΙΜΟΠΟΙΗΤΙΚΩ,Surgical,240,3020
X656439,ΕΓΧΥΣΗ ΑΛΛΟΓΕΝΩΝ ΑΙΜΟΠΟΙΗΤΙΚΩΝ ΚΥΤΤΑΡΩΝ ΑΠΟ ΜΥΕΛΟ ,Surgical,80,1570
X656441,ΕΓΧΥΣΗ ΑΥΤΟΛΟΓΩΝ ΑΙΜΟΠΟΙΗΤΙΚΩΝ ΚΥΤΤΑΡΩΝ ΜΕ ΑΙΜΟΠΟΙ,Surgical,120,1730
X656443,ΕΓΧΥΣΗ ΛΕΜΦΟΚΥΤΤΑΡΩΝ ΔΟΤΗ ΜΕΤΑ ΑΛΛΟΓΕΝΗ ΜΕΤΑΜΟΣΧΕΥ,Surgical,210,2940
X656559,ΠΑΡΟΧΕΤΕΥΣΗ ΑΠΟΣΤΗΜΑΤΟΣ ΓΑΓΓΛΙΟΥ Ή ΛΕΜΦΑΔΕΝΙΤΙΔΑΣ;,Surgical,80,1170
X656569,"ΠΑΡΟΧΕΤΕΥΣΗ ΑΠΟΣΤΗΜΑΤΟΣ ΓΑΓΓΛΙΟΥ Ή ΛΕΜΦΑΔΕΝΙΤΙΔΑΣ,",Surgical,160,1970
X656575,ΛΕΜΦΑΓΓΕΙΟΤΟΜΗ Ή ΑΛΛΕΣ ΕΠΕΜΒΑΣΕΙΣ ΣΕ ΛΕΜΦΙΚΑ ΑΓΓΕΙ,Surgical,160,450
X656719,ΣΥΡΡΑΦΗ ΚΑΙ/Ή ΑΠΟΛΙΝΩΣΗ ΘΩΡΑΚΙΚΟΥ ΠΟΡΟΥ; ΤΡΑΧΗΛΙΚΗ,Surgical,160,3020
X656721,ΣΥΡΡΑΦΗ ΚΑΙ/Ή ΑΠΟΛΙΝΩΣΗ ΘΩΡΑΚΙΚΟΥ ΠΟΡΟΥ; ΘΩΡΑΚΙΚΗ ,Surgical,80,3180
X656723,ΣΥΡΡΑΦΗ ΚΑΙ/Ή ΑΠΟΛΙΝΩΣΗ ΘΩΡΑΚΙΚΟΥ ΠΟΡΟΥ; ΚΟΙΛΙΑΚΗ ,Surgical,120,3340
X656959,"ΒΙΟΨΙΑ Ή ΕΚΤΟΜΗ ΛΕΜΦΑΔΕΝΑ(ΩΝ); ΑΝΟΙΚΤΗ, ΕΠΙΦΑΝΕΙΑΚ",Surgical,240,1620
X656969,"ΒΙΟΨΙΑ Ή ΕΚΤΟΜΗ ΛΕΜΦΑΔΕΝΑ(ΩΝ); ΜΕ ΒΕΛΟΝΑ, ΕΠΙΦΑΝΕΙ",Surgical,240,2420
X656979,"ΒΙΟΨΙΑ Ή ΕΚΤΟΜΗ ΛΕΜΦΑΔΕΝΑ(ΩΝ); ΑΝΟΙΚΤΗ, ΕΝ ΤΩ ΒΑΘΕ",Surgical,240,1220
X656999,"ΒΙΟΨΙΑ Ή ΕΚΤΟΜΗ ΛΕΜΦΑΔΕΝΑ(ΩΝ); ΑΝΟΙΚΤΗ, ΕΝ ΤΩ ΒΑΘΕ",Surgical,240,2820
X657009,"ΒΙΟΨΙΑ Ή ΕΚΤΟΜΗ ΛΕΜΦΑΔΕΝΑ(ΩΝ); ΑΝΟΙΚΤΗ, ΕΝ ΤΩ ΒΑΘΕ",Surgical,240,1620
X657019,"ΒΙΟΨΙΑ Ή ΕΚΤΟΜΗ ΛΕΜΦΑΔΕΝΑ(ΩΝ); ΑΝΟΙΚΤΗ, ΕΚΤΟΜΗ ΕΣΩ",Surgical,240,2420
X657043,ΕΝ ΤΩ ΒΑΘΕΙ ΣΦΑΓΙΤΙΔΙΚΟΣ(ΟΙ) ΛΕΜΦΑΔΕΝΑΣ(ΕΣ),Surgical,80,1890
X657059,"ΕΚΤΟΜΗ ΚΥΣΤΙΚΟΥ ΥΓΡΩΜΑΤΟΣ, ΜΑΣΧΑΛΙΑΙΑ Ή ΤΡΑΧΗΛΙΚΗ;",Surgical,240,1620
X657069,"ΕΚΤΟΜΗ ΚΥΣΤΙΚΟΥ ΥΓΡΩΜΑΤΟΣ, ΜΑΣΧΑΛΙΑΙΑ Ή ΤΡΑΧΗΛΙΚΗ;",Surgical,240,2420
X657083,ΠΕΡΙΟΡΙΣΜΕΝΗ ΛΕΜΦΑΔΕΝΕΚΤΟΜΗ ΓΙΑ ΣΤΑΔΙΟΠΟΙΗΣΗ (ΞΕΧΩ,Surgical,210,1540
X657087,ΠΕΡΙΟΡΙΣΜΕΝΗ ΛΕΜΦΑΔΕΝΕΚΤΟΜΗ ΓΙΑ ΣΤΑΔΙΟΠΟΙΗΣΗ (ΞΕΧΩ,Surgical,180,1860
X657099,"ΛΑΠΑΡΟΣΚΟΠΗΣΗ, ΧΕΙΡΟΥΡΓΙΚΗ; ΜΕ ΔΕΙΓΜΑΤΟΛΗΨΙΑ ΟΠΙΣΘ",Surgical,120,2370
X657101,"ΛΑΠΑΡΟΣΚΟΠΗΣΗ, ΧΕΙΡΟΥΡΓΙΚΗ; ΜΕ ΑΜΦΟΤΕΡΟΠΛΕΥΡΗ ΟΛΙΚ",Surgical,150,980
X657103,"ΛΑΠΑΡΟΣΚΟΠΗΣΗ, ΧΕΙΡΟΥΡΓΙΚΗ; ΜΕ ΑΜΦΟΤΕΡΟΠΛΕΥΡΗ ΟΛΙΚ",Surgical,210,1140
X657137,"ΜΗ ΚΑΤΑΓΕΓΡΑΜΜΕΝΗ ΔΙΑΔΙΚΑΣΙΑ ΛΑΠΑΡΟΣΚΟΠΗΣΗΣ, ΛΕΜΦΙ",Surgical,160,1410
X657359,ΛΕΜΦΑΔΕΝΕΚΤΟΜΗ ΑΝΩΘΕΝ ΤΟΥ ΥΟΕΙΔΟΥΣ,Surgical,240,1620
X657399,ΤΡΑΧΗΛΙΚΗ ΛΕΜΦΑΔΕΝΕΚΤΟΜΗ (ΠΛΗΡΗΣ),Surgical,240,2820
X657407,ΤΡΑΧΗΛΙΚΗ ΛΕΜΦΑΔΕΝΕΚΤΟΜΗ (ΤΡΟΠΟΠΟΙΗΜΕΝΟΣ ΡΙΖΙΚΟΣ Λ,Surgical,180,1460
X657439,ΜΑΣΧΑΛΙΑΙΑ ΛΕΜΦΑΔΕΝΕΚΤΟΜΗ; ΕΠΙΦΑΝΕΙΑΚΗ,Surgical,240,2020
X657449,ΜΑΣΧΑΛΙΑΙΑ ΛΕΜΦΑΔΕΝΕΚΤΟΜΗ; ΠΛΗΡΗΣ,Surgical,240,2820
X657451,"ΘΩΡΑΚΙΚΗ ΛΕΜΦΑΔΕΝΕΚΤΟΜΗ, ΠΕΡΙΟΧΙΚΗ, ΠΟΥ ΠΕΡΙΛΑΜΒΑΝ",Surgical,150,1580
X657453,"ΚΟΙΛΙΑΚΗ ΛΕΜΦΑΔΕΝΕΚΤΟΜΗ, ΠΕΡΙΟΧΙΚΗ, ΠΟΥ ΠΕΡΙΛΑΜΒΑΝ",Surgical,210,1140
X657479,"ΒΟΥΒΩΝΟΜΗΡΙΑΙΑ ΛΕΜΦΑΔΕΝΕΚΤΟΜΗ, ΕΠΙΦΑΝΕΙΑΚΗ, ΠΟΥ ΠΕ",Surgical,240,1220
X657489,"ΒΟΥΒΩΝΟΜΗΡΙΑΙΑ ΛΕΜΦΑΔΕΝΕΚΤΟΜΗ, ΕΠΙΦΑΝΕΙΑΚΗ, ΣΕ ΣΥΝ",Surgical,240,2020
X657499,"ΠΥΕΛΙΚΗ ΛΕΜΦΑΔΕΝΕΚΤΟΜΗ, ΠΟΥ ΠΕΡΙΛΑΜΒΑΝΕΙ ΕΞΩ ΛΑΓΟΝ",Surgical,240,2820
X657519,"ΟΠΙΣΘΟΠΕΡΙΤΟΝΑΪΚΗ ΕΝΔΟΚΟΙΛΙΑΚΗ ΛΕΜΦΑΔΕΝΕΚΤΟΜΗ, ΕΚΤ",Surgical,240,2420
X657539,ΔΙΑΔΙΚΑΣΙΑ ΕΓΧΥΣΗΣ; ΛΕΜΦΑΓΓΕΙΟΓΡΑΦΙΑ,Surgical,160,1570
X657543,ΣΠΙΝΘΗΡΟΓΡΑΦΗΜΑ ΑΝΙΧΝΕΥΣΗΣ ΛΕΜΦΑΔΕΝΑ ΦΡΟΥΡΟΥ.,Surgical,120,1890
X657547,"ΕΙΣΑΓΩΓΗ ΣΩΛΗΝΙΣΚΟΥ, ΘΩΡΑΚΙΚΟΣ ΠΟΡΟΣ",Surgical,80,3260
X657957,"ΜΗ ΚΑΤΑΓΕΓΡΑΜΜΕΝΗ ΕΠΕΜΒΑΣΗ, ΑΙΜΑΤΟΛΟΓΙΚΟ Ή ΛΕΜΦΙΚΟ",Surgical,120,1010
X657959,"ΧΕΙΡΟΥΡΓΙΚΗ ΔΙΕΡΕΥΝΗΣΗ ΜΕΣΟΘΩΡΑΚΙΟΥ, ΠΑΡΟΧΕΤΕΥΣΗ, ",Surgical,240,2220
X657979,"ΧΕΙΡΟΥΡΓΙΚΗ ΔΙΕΡΕΥΝΗΣΗ ΜΕΣΟΘΩΡΑΚΙΟΥ, ΠΑΡΟΧΕΤΕΥΣΗ, ",Surgical,240,1820
X658359,"ΕΚΤΟΜΗ ΜΕΣΟΘΩΡΑΚΙΚΗΣ ΚΥΣΤΗΣ, ΜΕΣΗ ΣΤΕΡΝΟΤΟΜΗ",Surgical,240,2220
X658399,"ΕΚΤΟΜΗ ΟΓΚΟΥ ΜΕΣΟΘΩΡΑΚΙΟΥ, ΜΕΣΗ ΣΤΕΡΝΟΤΟΜΗ",Surgical,240,3420
X658759,"ΜΕΣΟΘΩΡΑΚΟΣΚΟΠΗΣΗ, ΜΕ Ή ΧΩΡΙΣ ΒΙΟΨΙΑ",Surgical,120,2220
X658957,"ΜΗ ΚΑΤΑΓΕΓΡΑΜΜΕΝΗ ΔΙΑΔΙΚΑΣΙΑ, ΜΕΣΟΘΩΡΑΚΙΟ",Surgical,120,2060
X658961,"ΑΠΟΚΑΤΑΣΤΑΣΗ, ΡΗΞΗ ΤΟΥ ΔΙΑΦΡΑΓΜΑΤΟΣ, ΑΝΟΙΧΤΗ, ΘΩΡΑ",Surgical,80,2380
X658963,"ΑΠΟΚΑΤΑΣΤΑΣΗ ΠΑΡΑΟΙΣΟΦΑΓΙΚΗΣ ΔΙΑΦΡΑΓΜΑΤΟΚΗΛΗΣ, ΔΙΑ",Surgical,120,1490
X658965,"ΑΠΟΚΑΤΑΣΤΑΣΗ ΝΕΟΓΝΙΚΗΣ ΔΙΑΦΡΑΓΜΑΤΟΚΗΛΗΣ, ΜΕ Ή ΧΩΡΙ",Surgical,160,2700
X658999,"ΑΠΟΚΑΤΑΣΤΑΣΗ, ΔΙΑΦΡΑΓΜΑΤΟΚΗΛΗ (ΟΙΣΟΦΑΓΙΚΟ ΤΡΗΜΑ), ",Surgical,120,3420
X659019,"ΑΠΟΚΑΤΑΣΤΑΣΗ, ΔΙΑΦΡΑΓΜΑΤΟΚΗΛΗ (ΟΙΣΟΦΑΓΙΚΟ ΤΡΗΜΑ), ",Surgical,80,3020
X659021,"ΑΠΟΚΑΤΑΣΤΑΣΗ, ΔΙΑΦΡΑΓΜΑΤΟΚΗΛΗ (ΟΙΣΟΦΑΓΙΚΟ ΤΡΗΜΑ), ",Surgical,120,3180
X659039,"ΑΠΟΚΑΤΑΣΤΑΣΗ, ΔΙΑΦΡΑΓΜΑΤΟΚΗΛΗ (ΕΚΤΟΣ ΤΗΣ ΝΕΟΓΝΙΚΗΣ",Surgical,120,1570
X659041,"ΑΠΟΚΑΤΑΣΤΑΣΗ, ΔΙΑΦΡΑΓΜΑΤΟΚΗΛΗ (ΕΚΤΟΣ ΤΗΣ ΝΕΟΓΝΙΚΗΣ",Surgical,160,1730
X659049,"ΑΠΟΚΑΤΑΣΤΑΣΗ ΔΙΑΦΡΑΓΜΑΤΟΣ ΓΙΑ ΠΡΟΠΤΩΣΗ ΣΠΛΑΓΧΝΩΝ, ",Surgical,80,3420
X659079,"ΕΚΤΟΜΗ, ΔΙΑΦΡΑΓΜΑ; ΜΕ ΑΠΛΗ ΑΠΟΚΑΤΑΣΤΑΣΗ (Π.Χ., ΠΡΩ",Surgical,240,1220
X659081,"ΕΚΤΟΜΗ, ΔΙΑΦΡΑΓΜΑ, ΜΕ ΣΥΝΘΕΤΗ ΑΠΟΚΑΤΑΣΤΑΣΗ (Π.Χ., ",Surgical,150,1380
X659157,"ΜΗ ΚΑΤΑΓΕΓΡΑΜΜΕΝΗ ΕΠΕΜΒΑΣΗ, ΔΙΑΦΡΑΓΜΑ",Surgical,80,1010
X660939,ΒΙΟΨΙΑ ΧΕΙΛΟΥΣ,Surgical,120,1570
X660959,"ΕΚΤΟΜΗ ΕΡΥΘΡΟΥ ΧΕΙΛΟΥΣ (ΑΦΑΙΡΕΣΗ ΧΕΙΛΟΥΣ), ΜΕ ΠΡΟΑ",Surgical,240,1620
X660979,"ΕΚΤΟΜΗ ΧΕΙΛΟΥΣ, ΕΓΚΑΡΣΙΑ ΣΦΗΝΟΕΙΔΗΣ ΕΚΤΟΜΗ ΜΕ ΠΡΩΤ",Surgical,240,1220
X660999,ΕΚΤΟΜΗ ΧΕΙΛΟΥΣ; ΕΚΤΟΜΗ-V ΜΕ ΠΡΩΤΟΓΕΝΗ ΑΜΕΣΗ ΓΡΑΜΜΙ,Surgical,240,2820
X661009,"ΕΚΤΟΜΗ ΧΕΙΛΟΥΣ, ΠΛΗΡΕΣ ΠΑΧΟΣ, ΑΝΑΠΛΑΣΗ ΜΕ ΤΟΠΙΚΟ Κ",Surgical,240,1620
X661013,"ΕΚΤΟΜΗ ΤΟΥ ΧΕΙΛΟΥΣ, ΠΛΗΡΕΣ ΠΑΧΟΣ, ΑΝΑΠΛΑΣΗ ΜΕ ΚΡΗΜ",Surgical,210,1940
X661019,"ΕΚΤΟΜΗ ΧΕΙΛΟΥΣ, ΜΕΓΑΛΥΤΕΡΗ ΤΟΥ ΕΝΟΣ ΤΕΤΑΡΤΟΥ, ΧΩΡΙ",Surgical,240,3020
X661259,"ΑΠΟΚΑΤΑΣΤΑΣΗ ΧΕΙΛΟΥΣ, ΠΛΗΡΕΣ ΠΑΧΟΣ; ΕΡΥΘΡΟ ΧΕΙΛΟΣ ",Surgical,80,1170
X661263,"ΑΠΟΚΑΤΑΣΤΑΣΗ ΧΕΙΛΟΥΣ, ΠΛΗΡΕΣ ΠΑΧΟΣ; ΕΩΣ ΤΟ ΜΙΣΟ ΤΟ",Surgical,160,1490
X661267,"ΑΠΟΚΑΤΑΣΤΑΣΗ ΧΕΙΛΟΥΣ, ΠΛΗΡΕΣ ΠΑΧΟΣ; ΠΕΡΑΝ ΤΟΥ ΜΙΣΟ",Surgical,120,1810
X661359,ΠΛΑΣΤΙΚΗ ΑΠΟΚΑΤΑΣΤΑΣΗ ΧΕΙΛΕΟΣΧΙΣΤΙΑΣ/ΡΙΝΙΚΗΣ ΔΥΣΠΛ,Surgical,160,1170
X661361,ΠΛΑΣΤΙΚΗ ΑΠΟΚΑΤΑΣΤΑΣΗ ΧΕΙΛΕΟΣΧΙΣΤΙΑΣ/ΡΙΝΙΚΗΣ ΔΥΣΠΛ,Surgical,80,1330
X661363,ΠΛΑΣΤΙΚΗ ΑΠΟΚΑΤΑΣΤΑΣΗ ΧΕΙΛΕΟΣΧΙΣΤΙΑΣ/ΡΙΝΙΚΗΣ ΔΥΣΠΛ,Surgical,120,1490
X661399,ΠΛΑΣΤΙΚΗ ΑΠΟΚΑΤΑΣΤΑΣΗ ΧΕΙΛΕΟΣΧΙΣΤΙΑΣ/ΡΙΝΙΚΗΣ ΔΥΣΠΛ,Surgical,120,2370
X661481,ΠΛΑΣΤΙΚΗ ΑΠΟΚΑΤΑΣΤΑΣΗ ΧΕΙΛΕΟΣΧΙΣΤΙΑΣ/ΡΙΝΙΚΗΣ ΔΥΣΠΛ,Surgical,80,930
X661557,"ΜΗ ΚΑΤΑΓΕΓΡΑΜΜΕΝΗ ΔΙΑΔΙΚΑΣΙΑ, ΧΕΙΛΗ",Surgical,160,1010
X661559,"ΠΑΡΟΧΕΤΕΥΣΗ ΑΠΟΣΤΗΜΑΤΟΣ, ΚΥΣΤΗΣ, ΑΙΜΑΤΩΜΑΤΟΣ, ΠΡΟΣ",Surgical,80,1170
X661561,"ΠΑΡΟΧΕΤΕΥΣΗ ΑΠΟΣΤΗΜΑΤΟΣ, ΚΥΣΤΗΣ, ΑΙΜΑΤΩΜΑΤΟΣ, ΠΡΟΣ",Surgical,120,1330
X661567,"ΑΦΑΙΡΕΣΗ ΕΓΚΛΕΙΣΜΕΝΟΥ ΞΕΝΟΥ ΣΩΜΑΤΟΣ, ΠΡΟΣΤΟΜΙΟ; ΑΠ",Surgical,180,2260
X661569,"ΑΦΑΙΡΕΣΗ ΕΓΚΛΕΙΣΜΕΝΟΥ ΞΕΝΟΥ ΣΩΜΑΤΟΣ, ΠΡΟΣΤΟΜΙΟ, ΣΥ",Surgical,240,2420
X661571,ΔΙΑΤΟΜΗ ΧΕΙΛΙΚΟΥ ΧΑΛΙΝΟΥ (ΧΑΛΙΝΕΚΤΟΜΗ),Surgical,150,2580
X661575,"ΒΙΟΨΙΑ, ΠΡΟΣΤΟΜΙΟ",Surgical,160,450
X661579,"ΕΚΤΟΜΗ ΒΛΑΒΗΣ ΒΛΕΝΝΟΓΟΝΟΥ ΚΑΙ ΥΠΟΒΛΕΝΝΟΓΟΝΙΟΥ, ΠΡΟ",Surgical,240,1220
X661583,"ΕΚΤΟΜΗ ΒΛΑΒΗΣ ΒΛΕΝΝΟΓΟΝΟΥ ΚΑΙ ΥΠΟΒΛΕΝΝΟΓΟΝΙΟΥ, ΠΡΟ",Surgical,210,1540
X661587,"ΕΚΤΟΜΗ ΒΛΑΒΗΣ ΒΛΕΝΝΟΓΟΝΟΥ ΚΑΙ ΥΠΟΒΛΕΝΝΟΓΟΝΙΟΥ, ΠΡΟ",Surgical,180,1860
X661591,"ΕΚΤΟΜΗ ΒΛΑΒΗΣ ΒΛΕΝΝΟΓΟΝΟΥ ΚΑΙ ΥΠΟΒΛΕΝΝΟΓΟΝΙΟΥ, ΠΡΟ",Surgical,150,2180
X661595,ΕΚΤΟΜΗ ΒΛΕΝΝΟΓΟΝΟΥ ΠΡΟΣΤΟΜΙΟΥ ΩΣ ΜΟΣΧΕΥΜΑ-ΔΟΤΗ,Surgical,120,2500
X661597,"ΕΚΤΟΜΗ ΤΟΥ ΧΑΛΙΝΟΥ, ΧΕΙΛΙΚΗ Ή ΠΑΡΕΙΑΚΗ (ΧΑΛΙΝΕΚΤΟΜ",Surgical,180,2660
X661599,ΚΑΤΑΣΤΡΟΦΗ ΒΛΑΒΗΣ Ή ΟΥΛΗΣ ΤΟΥ ΠΡΟΣΤΟΜΙΟΥ ΜΕ ΦΥΣΙΚΕ,Surgical,160,2370
X661619,"ΣΥΡΡΑΦΗ ΠΛΗΓΗΣ, ΠΡΟΣΤΟΜΙΟ; 2,5 ΕΚ. Ή ΛΙΓΟΤΕΡΟ",Surgical,80,1970
X661621,"ΣΥΡΡΑΦΗ ΠΛΗΓΗΣ, ΠΡΟΣΤΟΜΙΟ; ΠΕΡΑΝ ΤΩΝ 2,5 ΕΚ. Ή ΣΥΝ",Surgical,120,2130
X661639,"ΠΛΑΣΤΙΚΗ ΠΡΟΣΤΟΜΙΟΥ, ΠΡΟΣΘΙΑ",Surgical,120,1570
X661643,"ΠΛΑΣΤΙΚΗ ΠΡΟΣΤΟΜΙΟΥ, ΟΠΙΣΘΙΑ, ΕΤΕΡΟΠΛΕΥΡΗ",Surgical,80,1890
X661645,"ΠΛΑΣΤΙΚΗ ΠΡΟΣΤΟΜΙΟΥ, ΟΠΙΣΘΙΑ, ΑΜΦΟΤΕΡΟΠΛΕΥΡΗ",Surgical,120,2050
X661647,"ΠΛΑΣΤΙΚΗ ΠΡΟΣΤΟΜΙΟΥ, ΟΛΟΚΛΗΡΟ ΤΟ ΤΟΞΟ",Surgical,160,2210
X661649,"ΠΛΑΣΤΙΚΗ ΠΡΟΣΤΟΜΙΟΥ, ΣΥΝΘΕΤΗ (ΠΟΥ ΠΕΡΙΛΑΜΒΑΝΕΙ ΕΠΕ",Surgical,80,2370
X661757,"ΜΗ ΚΑΤΑΓΕΓΡΑΜΜΕΝΗ ΔΙΑΔΙΚΑΣΙΑ, ΠΡΟΣΤΟΜΙΟ",Surgical,80,1010
X661959,"ΕΝΔΟΣΤΟΜΑΤΙΚΗ ΕΝΤΟΜΗ ΚΑΙ ΠΑΡΟΧΕΤΕΥΣΗ ΑΠΟΣΤΗΜΑΤΟΣ, ",Surgical,160,1170
X661969,"ΕΝΔΟΣΤΟΜΑΤΙΚΗ ΕΝΤΟΜΗ ΚΑΙ ΠΑΡΟΧΕΤΕΥΣΗ ΑΠΟΣΤΗΜΑΤΟΣ, ",Surgical,120,1970
X661971,"ΕΝΔΟΣΤΟΜΑΤΙΚΗ ΕΝΤΟΜΗ ΚΑΙ ΠΑΡΟΧΕΤΕΥΣΗ ΑΠΟΣΤΗΜΑΤΟΣ, ",Surgical,160,2130
X661973,"ΕΝΔΟΣΤΟΜΑΤΙΚΗ ΕΝΤΟΜΗ ΚΑΙ ΠΑΡΟΧΕΤΕΥΣΗ ΑΠΟΣΤΗΜΑΤΟΣ, ",Surgical,80,2290
X661975,"ΕΝΔΟΣΤΟΜΑΤΙΚΗ ΕΝΤΟΜΗ ΚΑΙ ΠΑΡΟΧΕΤΕΥΣΗ ΑΠΟΣΤΗΜΑΤΟΣ, ",Surgical,120,450
X661977,"ΕΝΔΟΣΤΟΜΑΤΙΚΗ ΕΝΤΟΜΗ ΚΑΙ ΠΑΡΟΧΕΤΕΥΣΗ ΑΠΟΣΤΗΜΑΤΟΣ, ",Surgical,160,610
X661979,ΤΟΜΗ ΤΟΥ ΓΛΩΣΣΙΚΟΥ ΧΑΛΙΝΟΥ (ΧΑΛΙΝΟΤΟΜΗ),Surgical,80,770
X661989,"ΕΞΩΣΤΟΜΑΤΙΚΗ ΕΝΤΟΜΗ ΚΑΙ ΠΑΡΟΧΕΤΕΥΣΗ ΑΠΟΣΤΗΜΑΤΟΣ, Κ",Surgical,160,1570
X661991,"ΕΞΩΣΤΟΜΑΤΙΚΗ ΕΝΤΟΜΗ ΚΑΙ ΠΑΡΟΧΕΤΕΥΣΗ ΑΠΟΣΤΗΜΑΤΟΣ, Κ",Surgical,80,1730
X661993,"ΕΞΩΣΤΟΜΑΤΙΚΗ ΕΝΤΟΜΗ ΚΑΙ ΠΑΡΟΧΕΤΕΥΣΗ ΑΠΟΣΤΗΜΑΤΟΣ, Κ",Surgical,120,1890
X661995,"ΕΞΩΣΤΟΜΑΤΙΚΗ ΕΝΤΟΜΗ ΚΑΙ ΠΑΡΟΧΕΤΕΥΣΗ ΑΠΟΣΤΗΜΑΤΟΣ, Κ",Surgical,160,2050
X661997,"ΕΜΦΥΤΕΥΣΗ ΒΕΛΟΝΩΝ Η ΚΑΘΕΤΗΡΩΝ, Η ΑΛΛΩΝ ΣΥΣΚΕΥΩΝ ΣΤ",Surgical,80,2210
X662159,ΒΙΟΨΙΑ ΤΗΣ ΓΛΩΣΣΑΣ; ΠΡΟΣΘΙΑ ΔΥΟ ΤΡΙΤΑ,Surgical,120,1170
X662169,ΒΙΟΨΙΑ ΤΗΣ ΓΛΩΣΣΑΣ; ΟΠΙΣΘΙΟ ΕΝΑ ΤΡΙΤΟ,Surgical,80,1970
X662175,ΒΙΟΨΙΑ ΤΟΥ ΕΔΑΦΟΥΣ ΤΟΥ ΣΤΟΜΑΤΟΣ,Surgical,80,450
X662179,ΕΚΤΟΜΗ ΒΛΑΒΗΣ ΤΗΣ ΓΛΩΣΣΑΣ ΧΩΡΙΣ ΣΥΡΡΑΦΗ,Surgical,240,1220
X662183,ΕΚΤΟΜΗ ΒΛΑΒΗΣ ΤΗΣ ΓΛΩΣΣΑΣ ΜΕ ΣΥΡΡΑΦΗ. ΠΡΟΣΘΙΑ ΔΥΟ ,Surgical,210,1540
X662185,ΕΚΤΟΜΗ ΒΛΑΒΗΣ ΤΗΣ ΓΛΩΣΣΑΣ ΜΕ ΣΥΡΡΑΦΗ. ΟΠΙΣΘΙΟ ΈΝΑ ,Surgical,120,1700
X662187,ΕΚΤΟΜΗ ΒΛΑΒΗΣ ΤΗΣ ΓΛΩΣΣΑΣ ΜΕ ΣΥΡΡΑΦΗ. ΜΕ ΤΟΠΙΚΟ ΚΡ,Surgical,180,1860
X662189,ΕΚΤΟΜΗ ΤΟΥ ΧΑΛΙΝΟΥ ΤΗΣ ΓΛΩΣΣΑΣ (ΧΑΛΙΝΕΚΤΟΜΗ),Surgical,240,2020
X662191,"ΕΚΤΟΜΗ, ΒΛΑΒΗ ΤΟΥ ΕΔΑΦΟΥΣ ΤΟΥ ΣΤΟΜΑΤΟΣ",Surgical,150,2180
X662199,"ΓΛΩΣΣΕΚΤΟΜΗ, ΛΙΓΟΤΕΡΟ ΑΠΟ ΤΟ ΗΜΙΣΥ ΤΗΣ ΓΛΩΣΣΑΣ",Surgical,240,2820
X662219,ΓΛΩΣΣΕΚΤΟΜΗ; ΗΜΙΓΛΩΣΣΕΚΤΟΜΗ,Surgical,240,2420
X662229,"ΓΛΩΣΣΕΚΤΟΜΗ; ΜΕΡΙΚΗ, ΜΕ ΕΤΕΡΟΠΛΕΥΡΟ ΡΙΖΙΚΟ ΛΕΜΦΑΔΕ",Surgical,240,1220
X662239,"ΓΛΩΣΣΕΚΤΟΜΗ, ΠΛΗΡΗΣ Ή ΟΛΙΚΗ, ΜΕ Ή ΧΩΡΙΣ ΤΡΑΧΕΙΟΣΤΟ",Surgical,240,2020
X662249,"ΓΛΩΣΣΕΚΤΟΜΗ, ΠΛΗΡΗΣ Ή ΟΛΙΚΗ, ΜΕ Ή ΧΩΡΙΣ ΤΡΑΧΕΙΟΣΤΟ",Surgical,240,2820
X662259,"ΓΛΩΣΣΕΚΤΟΜΗ, ΣΥΝΘΕΤΗ ΕΠΕΜΒΑΣΗ ΜΕ ΕΚΤΟΜΗ ΕΔΑΦΟΥΣ ΤΟ",Surgical,240,1620
X662265,"ΓΛΩΣΣΕΚΤΟΜΗ, ΣΥΝΘΕΤΗ ΕΠΕΜΒΑΣΗ ΜΕ ΕΚΤΟΜΗ ΕΔΑΦΟΥΣ ΤΟ",Surgical,120,2100
X662269,ΓΛΩΣΣΕΚΤΟΜΗ; ΣΥΝΘΕΤΗ ΕΠΕΜΒΑΣΗ ΜΕ ΕΚΤΟΜΗ ΕΔΑΦΟΥΣ ΣΤ,Surgical,240,2420
X662459,"ΑΠΟΚΑΤΑΣΤΑΣΗ ΠΛΗΓΗΣ 2,5 ΕΚ. Ή ΛΙΓΟΤΕΡΟ, ΕΔΑΦΟΣ ΣΤΟ",Surgical,120,1170
X662461,"ΣΥΡΡΑΦΗ ΔΙΑΡΡΗΞΗΣ 2,5 ΕΚ. Ή ΛΙΓΟΤΕΡΟ, ΟΠΙΣΘΙΟ ΕΝΑ ",Surgical,160,1330
X662463,"ΣΥΡΡΑΦΗ ΔΙΑΡΡΗΞΗΣ ΓΛΩΣΣΑΣ, ΕΔΑΦΟΥΣ ΤΟΥ ΣΤΟΜΑΤΟΣ, Μ",Surgical,210,2540
X662959,"ΚΑΘΗΛΩΣΗ ΓΛΩΣΣΑΣ, ΜΗΧΑΝΙΚΗ, ΜΕ ΑΛΛΗ ΔΙΑΔΙΚΑΣΙΑ ΕΚΤ",Surgical,160,1170
X662979,ΣΥΡΡΑΦΗ ΤΗΣ ΓΛΩΣΣΑΣ ΣΤΟ ΧΕΙΛΟΣ ΓΙΑ ΜΙΚΡΟΓΝΑΘΙΑ (ΕΠ,Surgical,80,770
X662983,"ΑΝΑΡΤΗΣΗ ΤΗΣ ΒΑΣΗΣ ΤΗΣ ΓΛΩΣΣΑΣ, ΤΕΧΝΙΚΗ ΜΟΝΙΜΗΣ ΣΥ",Surgical,160,1090
X662999,ΧΑΛΙΝΟΠΛΑΣΤΙΚΗ (ΧΕΙΡΟΥΡΓΙΚΗ ΑΠΟΚΑΤΑΣΤΑΣΗ ΤΟΥ ΧΑΛΙΝ,Surgical,120,2370
X663019,"ΥΠΟΒΛΕΝΝΟΓΟΝΙΑ ΑΠΟΚΟΛΛΗΣΗ ΤΗΣ ΒΑΣΗΣ ΤΗΣ ΓΛΩΣΣΑΣ, Ρ",Surgical,80,1970
X663157,"ΜΗ ΚΑΤΑΓΕΓΡΑΜΜΕΝΗ ΔΙΑΔΙΚΑΣΙΑ, ΓΛΩΣΣΑ, ΕΔΑΦΟΣ ΤΟΥ Σ",Surgical,80,1010
X663559,"ΠΑΡΟΧΕΤΕΥΣΗ ΑΠΟΣΤΗΜΑΤΟΣ, ΚΥΣΤΗΣ, ΑΙΜΑΤΩΜΑΤΟΣ ΑΠΟ Ο",Surgical,80,1170
X663569,ΑΦΑΙΡΕΣΗ ΕΓΚΛΕΙΣΜΕΝΟΥ ΞΕΝΟΥ ΣΩΜΑΤΟΣ ΑΠΟ ΟΔΟΝΤΟΦΑΤΝ,Surgical,240,2420
X663571,ΑΦΑΙΡΕΣΗ ΕΓΚΛΕΙΣΜΕΝΟΥ ΞΕΝΟΥ ΣΩΜΑΤΟΣ ΑΠΟ ΟΔΟΝΤΟΦΑΤΝ,Surgical,150,2580
X663599,"ΟΣΤΩΝ, ΕΚΤΟΜΗ ΟΥΛΩΝ, ΚΑΘΕ ΤΕΤΑΡΤΗΜΟΡΙΟ",Surgical,240,2820
X663601,"ΕΠΙΠΩΜΑΤΕΚΤΟΜΗ, ΕΚΤΟΜΗ ΠΕΡΙΣΤΕΦΑΝΙΑΙΩΝ ΙΣΤΩΝ",Surgical,150,980
X663603,"ΕΚΤΟΜΗ ΙΝΩΔΩΝ ΟΓΚΩΜΑΤΩΝ, ΟΔΟΝΤΟΦΑΤΝΙΑΚΕΣ ΔΟΜΕΣ",Surgical,210,1140
X663605,"ΕΚΤΟΜΗ ΟΣΤΕΩΔΩΝ ΟΓΚΩΜΑΤΩΝ, ΟΔΟΝΤΟΦΑΤΝΙΑΚΕΣ ΔΟΜΕΣ",Surgical,120,1300
X663609,ΕΚΤΟΜΗ ΒΛΑΒΗΣ Ή ΟΓΚΟΥ (ΕΚΤΟΣ ΤΩΝ ΚΑΤΑΓΕΓΡΑΜΜΕΝΩΝ Α,Surgical,240,1620
X663611,ΕΚΤΟΜΗ ΒΛΑΒΗΣ Ή ΟΓΚΟΥ (ΕΚΤΟΣ ΤΩΝ ΚΑΤΑΓΕΓΡΑΜΜΕΝΩΝ Α,Surgical,150,1780
X663613,ΕΚΤΟΜΗ ΒΛΑΒΗΣ Ή ΟΓΚΟΥ (ΕΚΤΟΣ ΤΩΝ ΚΑΤΑΓΕΓΡΑΜΜΕΝΩΝ Α,Surgical,210,1940
X663615,"ΕΚΤΟΜΗ ΤΟΥ ΥΠΕΡΠΛΑΣΤΙΚΟΥ ΦΑΤΝΙΑΚΟΥ ΒΛΕΝΝΟΓΟΝΟΥ, ΚΑ",Surgical,120,2100
X663619,"ΕΚΤΟΜΗ ΦΑΤΝΙΟΥ, ΠΕΡΙΛΑΜΒΑΝΕΙ ΑΠΟΞΕΣΗ ΟΣΤΕ'Ι'ΤΙΔΑΣ ",Surgical,240,2420
X663659,"ΚΑΤΑΣΤΡΟΦΗ ΤΗΣ ΒΛΑΒΗΣ (ΕΚΤΟΣ ΤΗΣ ΕΚΤΟΜΗΣ), ΟΔΟΝΤΟΦ",Surgical,240,1620
X663699,ΠΕΡΙΟΔΟΝΤΙΚΗ ΒΛΕΝΝΟΓΟΝΙΚΗ ΜΕΤΑΜΟΣΧΕΥΣΗ,Surgical,240,3420
X663703,"ΟΥΛΟΠΛΑΣΤΙΚΗ, ΚΑΘΕ ΤΕΤΑΡΤΗΜΟΡΙΟ (ΝΑ ΚΑΘΟΡΙΖΕΤΑΙ ΛΕ",Surgical,80,690
X663707,"ΦΑΤΝΙΟΠΛΑΣΤΙΚΗ, ΚΑΘΕ ΤΕΤΑΡΤΗΜΟΡΙΟ (ΝΑ ΚΑΘΟΡΙΖΕΤΑΙ ",Surgical,160,1010
X663757,"ΜΗ ΚΑΤΑΓΕΓΡΑΜΜΕΝΗ ΕΠΕΜΒΑΣΗ, ΟΔΟΝΤΟΦΑΤΝΙΑΚΕΣ ΔΟΜΕΣ",Surgical,80,1010
X663959,"ΠΑΡΟΧΕΤΕΥΣΗ ΑΠΟΣΤΗΜΑΤΟΣ ΥΠΕΡΩΑ, ΣΤΑΦΥΛΗ",Surgical,160,1170
X664159,"ΒΙΟΨΙΑ ΥΠΕΡΩΑ, ΣΤΑΦΥΛΗ",Surgical,120,1170
X664167,"ΕΚΤΟΜΗ, ΒΛΑΒΗ ΥΠΕΡΩΑ, ΣΤΑΦΥΛΗ, ΧΩΡΙΣ ΣΥΡΡΑΦΗ",Surgical,180,2260
X664171,"ΕΚΤΟΜΗ, ΒΛΑΒΗ ΥΠΕΡΩΑ, ΣΤΑΦΥΛΗ, ΜΕ ΑΠΛΗ ΠΡΩΤΟΓΕΝΗ Σ",Surgical,150,2580
X664173,"ΕΚΤΟΜΗ, ΒΛΑΒΗ ΥΠΕΡΩΑ, ΣΤΑΦΥΛΗ, ΜΕ ΣΥΓΚΛΕΙΣΗ ΜΕ ΤΟΠ",Surgical,210,2740
X664199,ΕΚΤΟΜΗ ΥΠΕΡΩΑΣ Ή ΕΚΤΕΤΑΜΕΝΗ ΕΚΤΟΜΗ ΒΛΑΒΗΣ,Surgical,240,2820
X664239,"ΣΤΑΦΥΛΕΚΤΟΜΗ, ΕΚΤΟΜΗ ΤΗΣ ΣΤΑΦΥΛΗΣ",Surgical,240,2020
X664249,"ΥΠΕΡΩΟΦΑΡΥΓΓΟΠΛΑΣΤΙΚΗ (Π.Χ., ΣΤΑΦΥΛΟΥΠΕΡΩΟΦΑΡΥΓΓΟΠ",Surgical,120,2370
X664279,"ΚΑΤΑΣΤΡΟΦΗ ΒΛΑΒΗΣ, ΥΠΕΡΩΑ Ή ΣΤΑΦΥΛΗ (ΘΕΡΜΙΚΗ, ΨΥΞΗ",Surgical,120,770
X664319,"ΑΠΟΚΑΤΑΣΤΑΣΗ, ΔΙΑΡΡΗΞΗΣ ΥΠΕΡΩΑΣ, ΕΩΣ 2 ΕΚ.",Surgical,80,1970
X664323,"ΑΠΟΚΑΤΑΣΤΑΣΗ, ΔΙΑΡΡΗΞΗΣ ΥΠΕΡΩΑΣ; ΜΕΓΑΛΥΤΕΡΟ ΤΩΝ 2 ",Surgical,210,3340
X664359,"ΥΠΕΡΩΟΠΛΑΣΤΙΚΗ, ΛΥΚΟΣΤΟΜΑ, ΜΑΛΑΚΗ ΚΑΙ/Ή ΣΚΛΗΡΗ ΥΠΕ",Surgical,160,1170
X664369,"ΥΠΕΡΩΟΠΛΑΣΤΙΚΗ, ΛΥΚΟΣΤΟΜΑ, ΜΕ ΣΥΓΚΛΕΙΣΗ ΤΗΣ ΦΑΤΝΙΑ",Surgical,120,1970
X664379,"ΥΠΕΡΩΟΠΛΑΣΤΙΚΗ, ΛΥΚΟΣΤΟΜΑ, ΜΕ ΣΥΓΚΛΕΙΣΗ ΤΗΣ ΦΑΤΝΙΑ",Surgical,80,770
X664389,"ΥΠΕΡΩΟΠΛΑΣΤΙΚΗ, ΛΥΚΟΣΤΟΜΑ, ΜΕΙΖΩΝ ΑΠΟΚΑΤΑΣΤΑΣΗ",Surgical,160,1570
X664399,"ΥΠΕΡΩΟΠΛΑΣΤΙΚΗ, ΛΥΚΟΣΤΟΜΑ, ΕΠΕΜΒΑΣΗ ΔΕΥΤΕΡΟΓΕΝΟΥΣ ",Surgical,120,2370
X664409,"ΥΠΕΡΩΟΠΛΑΣΤΙΚΗ, ΛΥΚΟΣΤΟΜΑ, ΕΦΑΡΜΟΓΗ ΦΑΡΥΓΓΙΚΟΥ ΚΡΗ",Surgical,80,1170
X664411,"ΕΠΙΜΗΚΥΝΣΗ ΤΗΣ ΥΠΕΡΩΑΣ, ΚΑΙ ΦΑΡΥΓΓΙΚΟΣ ΚΡΗΜΝΟΣ",Surgical,120,1330
X664413,"ΕΠΙΜΗΚΥΝΣΗ ΤΗΣ ΥΠΕΡΩΑΣ, ΜΕ ΚΡΗΜΝΟ ΝΗΣΙΔΑ",Surgical,160,1490
X664429,"ΑΠΟΚΑΤΑΣΤΑΣΗ ΤΗΣ ΠΡΟΣΘΙΑΣ ΥΠΕΡΩΑΣ, ΠΟΥ ΠΕΡΙΛΑΜΒΑΝΕ",Surgical,120,770
X664479,ΑΠΟΚΑΤΑΣΤΑΣΗ ΡΙΝΟΧΕΙΛΙΚΟΥ ΣΥΡΙΓΓΙΟΥ,Surgical,160,770
X664519,ΓΝΑΘΙΚΗ ΕΝΤΥΠΩΣΗ ΓΙΑ ΠΡΟΘΕΣΗ ΥΠΕΡΩΑΣ,Surgical,120,1970
X664521,ΕΙΣΑΓΩΓΗ ΠΡΟΘΕΣΗΣ ΥΠΕΡΩΑΣ ΣΥΓΚΡΑΤΟΥΜΕΝΗΣ ΜΕ ΚΑΡΦΙ,Surgical,160,2130
X664557,"ΜΗ ΚΑΤΑΓΕΓΡΑΜΜΕΝΗ ΕΠΕΜΒΑΣΗ, ΥΠΕΡΩΑ, ΣΤΑΦΥΛΗ",Surgical,160,1010
X664559,"ΠΑΡΟΧΕΤΕΥΣΗ ΑΠΟΣΤΗΜΑΤΟΣ, ΠΑΡΩΤΙΔΑ, ΑΠΛΗ",Surgical,80,1170
X664569,"ΠΑΡΟΧΕΤΕΥΣΗ ΑΠΟΣΤΗΜΑΤΟΣ, ΠΑΡΩΤΙΔΑ, ΣΥΝΘΕΤΗ",Surgical,160,1970
X664579,"ΠΑΡΟΧΕΤΕΥΣΗ ΑΠΟΣΤΗΜΑΤΟΣ, ΥΠΟΓΝΑΘΙΑΙΟ (ΑΝΩ ΓΝΑΘΟΣ) ",Surgical,120,770
X664599,"ΠΑΡΟΧΕΤΕΥΣΗ ΑΠΟΣΤΗΜΑΤΟΣ, ΥΠΟΓΝΑΘΙΑΙΟ (ΑΝΩ ΓΝΑΘΟΣ),",Surgical,160,2370
X664619,"ΣΙΕΛΟΛΙΘΟΤΟΜΗ, ΥΠΟΓΝΑΘΙΑΙΑ (ΑΝΩ Ή ΚΑΤΩ), ΥΠΟΓΛΩΣΣΙ",Surgical,80,1970
X664629,"ΣΙΕΛΟΛΙΘΟΤΟΜΗ, ΥΠΟΓΝΑΘΙΑΙΑ (ΑΝΩ Ή ΚΑΤΩ), ΣΥΝΘΕΤΗ, ",Surgical,160,770
X664639,"ΣΙΕΛΟΛΙΘΟΤΟΜΗ, ΠΑΡΩΤΙΔΑ, ΕΞΩΣΤΟΜΑΤΙΚΗ Ή ΣΥΝΘΕΤΗ ΕΝ",Surgical,120,1570
X664759,"ΒΙΟΨΙΑ ΣΙΕΛΟΓΟΝΟΥ ΑΔΕΝΑ, ΒΕΛΟΝΗ",Surgical,120,1170
X664769,"ΒΙΟΨΙΑ ΣΙΕΛΟΓΟΝΟΥ ΑΔΕΝΑ, ΔΙΑ ΤΟΜΗΣ",Surgical,80,1970
X664775,ΕΚΤΟΜΗ ΥΠΟΓΛΩΣΣΙΑΣ ΣΙΕΛΟΓΟΝΟΥ ΚΥΣΤΗΣ (ΒΑΤΡΑΧΙΟΝ),Surgical,120,900
X664777,ΜΑΡΣΙΠΟΠΟΙΗΣΗ ΥΠΟΓΛΩΣΣΙΑΣ ΣΙΕΛΟΓΟΝΟΥ ΚΥΣΤΗΣ (ΒΑΤΡΑ,Surgical,120,610
X664779,"ΕΚΤΟΜΗ ΠΑΡΩΤΙΔΙΚΟΥ ΟΓΚΟΥ Ή ΠΑΡΩΤΙΔΙΚΟΥ ΑΔΕΝΑ, ΠΛΑΓ",Surgical,240,1220
X664789,"ΕΚΤΟΜΗ ΠΑΡΩΤΙΔΙΚΟΥ ΟΓΚΟΥ Ή ΠΑΡΩΤΙΔΙΚΟΥ ΑΔΕΝΑ, ΠΛΑΓ",Surgical,240,2020
X664799,"ΕΚΤΟΜΗ ΠΑΡΩΤΙΔΙΚΟΥ ΟΓΚΟΥ Ή ΠΑΡΩΤΙΔΙΚΟΥ ΑΔΕΝΑ, ΟΛΙΚ",Surgical,240,2820
X664809,"ΕΚΤΟΜΗ ΠΑΡΩΤΙΔΙΚΟΥ ΟΓΚΟΥ Ή ΠΑΡΩΤΙΔΙΚΟΥ ΑΔΕΝΑ, ΟΛΙΚ",Surgical,240,1620
X664811,"ΕΚΤΟΜΗ ΠΑΡΩΤΙΔΙΚΟΥ ΟΓΚΟΥ Ή ΠΑΡΩΤΙΔΙΚΟΥ ΑΔΕΝΑ, ΟΛΙΚ",Surgical,150,1780
X664839,ΕΚΤΟΜΗ ΥΠΟΓΝΑΘΙΑΙΟΥ (ΑΝΩ Ή ΚΑΤΩ) ΑΔΕΝΑ,Surgical,240,2020
X664859,ΕΚΤΟΜΗ ΥΠΟΓΛΩΣΣΙΟΥ ΑΔΕΝΑ,Surgical,240,1620
X664959,"ΠΛΑΣΤΙΚΗ ΑΠΟΚΑΤΑΣΤΑΣΗ ΣΙΕΛΟΓΟΝΟΥ ΠΟΡΟΥ, ΣΙΕΛΟΔΟΧΟΠ",Surgical,160,1170
X664969,"ΠΛΑΣΤΙΚΗ ΑΠΟΚΑΤΑΣΤΑΣΗ ΣΙΕΛΟΓΟΝΟΥ ΠΟΡΟΥ, ΣΙΕΛΟΔΟΧΟΠ",Surgical,120,1970
X664973,"ΕΚΤΡΟΠΗ ΠΑΡΩΤΙΔΙΚΟΥ ΠΟΡΟΥ, ΑΜΦΙΠΛΕΥΡΗ (ΔΙΑΔΙΚΑΣΙΑ ",Surgical,80,2290
X664975,"ΕΚΤΡΟΠΗ ΠΑΡΩΤΙΔΙΚΟΥ ΠΟΡΟΥ, ΑΜΦΙΠΛΕΥΡΗ (ΔΙΑΔΙΚΑΣΙΑ ",Surgical,120,900
X664977,"ΕΚΤΡΟΠΗ ΠΑΡΩΤΙΔΙΚΟΥ ΠΟΡΟΥ, ΑΜΦΙΠΛΕΥΡΗ (ΔΙΑΔΙΚΑΣΙΑ ",Surgical,180,1060
X664979,"ΕΚΤΡΟΠΗ ΠΑΡΩΤΙΔΙΚΟΥ ΠΟΡΟΥ, ΑΜΦΙΠΛΕΥΡΗ (ΔΙΑΔΙΚΑΣΙΑ ",Surgical,80,770
X665059,ΔΙΑΔΙΚΑΣΙΑ ΕΓΧΥΣΗΣ ΓΙΑ ΣΙΕΛΟΓΡΑΦΙΑ,Surgical,160,1170
X665159,ΑΠΟΛΙΝΩΣΗ ΣΙΕΛΟΓΟΝΟΥ ΣΥΡΙΓΓΙΟΥ,Surgical,120,1170
X665259,ΔΙΑΣΤΟΛΗ ΣΙΕΛΟΓΟΝΟΥ ΠΟΡΟΥ,Surgical,80,1170
X665279,"ΔΙΑΣΤΟΛΗ ΚΑΙ ΚΑΘΕΤΗΡΙΑΣΜΟΣ ΣΙΕΛΟΓΟΝΟΥ ΠΟΡΟΥ, ΜΕ Ή ",Surgical,120,770
X665289,"ΑΠΟΛΙΝΩΣΗ ΣΙΕΛΟΓΟΝΟΥ ΠΟΡΟΥ, ΕΝΔΟΣΤΟΜΑΤΙΚΗ",Surgical,80,1570
X665357,"ΜΗ ΚΑΤΑΓΕΓΡΑΜΜΕΝΗ ΔΙΑΔΙΚΑΣΙΑ, ΣΙΕΛΟΓΟΝΟΙ ΑΔΕΝΕΣ Ή ",Surgical,120,1010
X665359,"ΤΟΜΗ ΚΑΙ ΠΑΡΟΧΕΤΕΥΣΗ ΑΠΟΣΤΗΜΑΤΟΣ, ΠΕΡΙΑΜΥΓΔΑΛΙΚΗ",Surgical,160,1170
X665399,ΤΟΜΗ ΚΑΙ ΠΑΡΟΧΕΤΕΥΣΗ ΑΠΟΣΤΗΜΑΤΟΣ; ΟΠΙΣΘΟΦΑΡΥΓΓΙΚΗ ,Surgical,120,2370
X665409,"ΤΟΜΗ ΚΑΙ ΠΑΡΟΧΕΤΕΥΣΗ ΑΠΟΣΤΗΜΑΤΟΣ, ΟΠΙΣΘΟΦΑΡΥΓΓΙΚΗ ",Surgical,80,1170
X665559,"ΒΙΟΨΙΑ, ΣΤΟΜΑΤΟΦΑΡΥΓΓΑΣ",Surgical,80,1170
X665563,"ΒΙΟΨΙΑ, ΥΠΟΦΑΡΥΓΓΑΣ",Surgical,160,1490
X665567,"ΒΙΟΨΙΑ, ΡΙΝΟΦΑΡΥΓΓΑΣ, ΟΡΑΤΗ ΒΛΑΒΗ, ΑΠΛΗ",Surgical,120,1810
X665571,"ΒΙΟΨΙΑ, ΡΙΝΟΦΑΡΥΓΓΑΣ, ΔΙΕΡΕΥΝΗΣΗ ΓΙΑ ΑΓΝΩΣΤΗ ΠΡΩΤΟ",Surgical,80,2130
X665575,"ΕΚΤΟΜΗ Ή ΚΑΤΑΣΤΡΟΦΗ ΒΛΑΒΗΣ ΤΟΥ ΦΑΡΥΓΓΑ, ΟΠΟΙΑΔΗΠΟΤ",Surgical,120,900
X665577,ΑΦΑΙΡΕΣΗ ΞΕΝΟΥ ΣΩΜΑΤΟΣ ΑΠΟ ΤΟ ΦΑΡΥΓΓΑ,Surgical,180,1060
X665579,"ΕΚΤΟΜΗ ΚΥΣΤΗΣ ΒΡΟΓΧΙΟΣΧΙΣΤΙΑΣ Ή ΥΠΟΛΕΙΜΜΑΤΟΣ, ΠΕΡΙ",Surgical,240,1220
X665589,"ΕΚΤΟΜΗ ΚΥΣΤΗΣ ΒΡΟΓΧΙΟΣΧΙΣΤΙΑΣ , ΥΠΟΛΕΙΜΜΑΤΟΣ, Ή ΣΥ",Surgical,240,2020
X665599,"ΑΜΥΓΔΑΛΕΚΤΟΜΗ ΚΑΙ ΑΔΕΝΕΚΤΟΜΗ, ΗΛΙΚΙΑΣ ΜΙΚΡΟΤΕΡΗΣ Τ",Surgical,240,2820
X665601,"ΑΜΥΓΔΑΛΕΚΤΟΜΗ ΚΑΙ ΑΔΕΝΕΚΤΟΜΗ, ΗΛΙΚΙΑΣ 12 ΕΤΩΝ Ή ΜΕ",Surgical,150,1580
X665609,"ΑΜΥΓΔΑΛΕΚΤΟΜΗ, ΠΡΩΤΟΓΕΝΗΣ Ή ΔΕΥΤΕΡΟΓΕΝΗΣ, ΗΛΙΚΙΑΣ ",Surgical,240,1620
X665611,"ΑΜΥΓΔΑΛΕΚΤΟΜΗ, ΠΡΩΤΟΓΕΝΗΣ Ή ΔΕΥΤΕΡΟΓΕΝΗΣ, ΗΛΙΚΙΑΣ ",Surgical,150,2380
X665619,"ΑΔΕΝΕΚΤΟΜΗ, ΠΡΩΤΟΓΕΝΗΣ, ΗΛΙΚΙΑΣ ΜΙΚΡΟΤΕΡΗΣ ΤΩΝ 12 ",Surgical,240,2420
X665621,"ΑΔΕΝΕΤΟΜΗ, ΠΡΩΤΟΓΕΝΗΣ, ΗΛΙΚΙΑΣ 12 ΕΤΩΝ Ή ΜΕΓΑΛΥΤΕΡ",Surgical,150,3180
X665629,"ΑΔΕΝΕΚΤΟΜΗ, ΔΕΥΤΕΡΟΓΕΝΗΣ, ΗΛΙΚΙΑΣ ΜΙΚΡΟΤΕΡΗΣ ΤΩΝ 1",Surgical,240,1220
X665631,"ΑΔΕΝΕΚΤΟΜΗ, ΔΕΥΤΕΡΟΓΕΝΗΣ, ΗΛΙΚΙΑΣ 12 ΕΤΩΝ Ή ΜΕΓΑΛΥ",Surgical,150,1980
X665643,"ΡΙΖΙΚΗ ΕΚΤΟΜΗ ΑΜΥΓΔΑΛΗΣ, ΤΩΝ ΑΜΥΓΔΑΛΙΚΩΝ ΣΚΕΛΩΝ ΚΑ",Surgical,210,2340
X665647,"ΡΙΖΙΚΗ ΕΚΤΟΜΗ ΑΜΥΓΔΑΛΗΣ, ΤΩΝ ΑΜΥΓΔΑΛΙΚΩΝ ΣΚΕΛΩΝ ΚΑ",Surgical,180,2660
X665649,"ΡΙΖΙΚΗ ΕΚΤΟΜΗ ΑΜΥΓΔΑΛΗΣ, ΚΑΙ/Ή ΤΟΥ ΟΠΙΣΘΟΜΥΛΙΚΟΥ Τ",Surgical,240,2820
X665679,ΕΚΤΟΜΗ ΥΠΕΡΠΛΑΣΤΙΚΩΝ ΑΜΥΓΔΑΛΩΝ,Surgical,240,1220
X665699,"ΕΚΤΟΜΗ Ή ΚΑΤΑΣΤΡΟΦΗ ΤΩΝ ΓΛΩΣΣΙΚΩΝ ΑΜΥΓΔΑΛΩΝ, ΟΠΟΙΑ",Surgical,240,2820
X665739,ΠΕΡΙΟΡΙΣΜΕΝΗ ΦΑΡΥΓΓΕΚΤΟΜΗ,Surgical,240,2020
X665743,ΑΠΟΚΟΠΗ ΤΟΥ ΠΛΕΥΡΙΚΟΥ ΦΑΡΥΓΓΙΚΟΥ ΤΟΙΧΩΜΑΤΟΣ Ή ΤΟΥ ,Surgical,160,1890
X665747,ΑΠΟΚΟΠΗ ΤΟΥ ΦΑΡΥΓΓΙΚΟΥ ΤΟΙΧΩΜΑΤΟΣ ΠΟΥ ΑΠΑΙΤΕΙ ΣΥΓΚ,Surgical,120,2210
X665759,ΣΥΡΡΑΦΗ ΦΑΡΥΓΓΑ ΓΙΑ ΠΛΗΓΗ Ή ΤΡΑΥΜΑ,Surgical,120,1170
X665859,ΦΑΡΥΓΓΟΠΛΑΣΤΙΚΗ (ΠΛΑΣΤΙΚΗ Ή ΑΝΑΠΛΑΣΤΙΚΗ ΕΠΕΜΒΑΣΗ Σ,Surgical,80,1170
X665865,ΦΑΡΥΓΓΟΟΙΣΟΦΑΓΙΚΗ ΑΠΟΚΑΤΑΣΤΑΣΗ,Surgical,80,1650
X665869,"ΦΑΡΥΓΓΟΣΤΟΜΙΑ (ΣΥΡΙΓΓΟΠΟΙΗΣΗ ΤΟΥ ΦΑΡΥΓΓΑ, ΕΞΩΤΕΡΙΚ",Surgical,160,1970
X665879,"ΕΛΕΓΧΟΣ ΣΤΟΜΑΤΟΦΑΡΥΓΓΙΚΗΣ ΑΙΜΟΡΡΑΓΙΑΣ, ΠΡΩΤΟΓΕΝΟΥΣ",Surgical,240,1220
X665881,"ΕΛΕΓΧΟΣ ΣΤΟΜΑΤΟΦΑΡΥΓΓΙΚΗΣ ΑΙΜΟΡΡΑΓΙΑΣ, ΠΡΩΤΟΓΕΝΗΣ ",Surgical,150,1380
X665883,"ΕΛΕΓΧΟΣ ΣΤΟΜΑΤΟΦΑΡΥΓΓΙΚΗΣ ΑΙΜΟΡΡΑΓΙΑΣ, ΠΡΩΤΟΓΕΝΗΣ ",Surgical,210,1540
X665899,"ΕΛΕΓΧΟΣ ΡΙΝΟΦΑΡΥΓΓΙΚΗΣ ΑΙΜΟΡΡΑΓΙΑΣ, ΠΡΩΤΟΓΕΝΗΣ Ή Δ",Surgical,240,2820
X665901,"ΕΛΕΓΧΟΣ ΡΙΝΟΦΑΡΥΓΓΙΚΗΣ ΑΙΜΟΡΡΑΓΙΑΣ, ΠΡΩΤΟΓΕΝΗΣ Ή Δ",Surgical,150,980
X665903,"ΕΛΕΓΧΟΣ ΡΙΝΟΦΑΡΥΓΓΙΚΗΣ ΑΙΜΟΡΡΑΓΙΑΣ, ΠΡΩΤΟΓΕΝΗΣ Ή Δ",Surgical,210,1140
X665957,"ΜΗ ΚΑΤΑΓΕΓΡΑΜΜΕΝΗ ΔΙΑΔΙΚΑΣΙΑ, ΦΑΡΥΓΓΑΣ, ΑΔΕΝΟΕΙΔΕΙ",Surgical,120,1010
X665999,"ΟΙΣΟΦΑΓΟΤΟΜΗ, ΤΡΑΧΗΛΙΚΗ ΠΡΟΣΠΕΛΑΣΗ, ΓΙΑ ΑΦΑΙΡΕΣΗ Ξ",Surgical,240,2820
X666019,ΜΥΟΤΟΜΗ ΟΙΣΟΦΑΓΟΥ (ΚΡΙΚΟΦΑΡΥΓΓΙΚΗ Ή ΚΑΤΩΤΕΡΗ),Surgical,80,1970
X666049,"ΟΙΣΟΦΑΓΟΤΟΜΗ, ΘΩΡΑΚΙΚΗ ΠΡΟΣΠΕΛΑΣΗ, ΓΙΑ ΑΦΑΙΡΕΣΗ ΞΕ",Surgical,240,3420
X666159,"ΕΚΤΟΜΗ ΒΛΑΒΗΣ ΟΙΣΟΦΑΓΟΥ ΜΕ ΠΡΩΤΟΓΕΝΗ ΑΠΟΚΑΤΑΣΤΑΣΗ,",Surgical,240,1620
X666161,"ΕΚΤΟΜΗ ΒΛΑΒΗΣ ΟΙΣΟΦΑΓΟΥ ΜΕ ΠΡΩΤΟΓΕΝΗ ΑΠΟΚΑΤΑΣΤΑΣΗ,",Surgical,150,2380
X666173,"ΟΛΙΚΗ Ή ΥΦΟΛΙΚΗ ΟΙΣΟΦΑΓΕΚΤΟΜΗ, ΧΩΡΙΣ ΘΩΡΑΚΟΤΟΜΗ, Μ",Surgical,210,3340
X666175,"ΟΛΙΚΗ Ή ΥΦΟΛΙΚΗ ΟΙΣΟΦΑΓΕΚΤΟΜΗ, ΧΩΡΙΣ ΘΩΡΑΚΟΤΟΜΗ, Μ",Surgical,120,1500
X666183,"ΟΛΙΚΗ Ή ΥΦΟΛΙΚΗ ΟΙΣΟΦΑΓΕΚΤΟΜΗ, ΜΕ ΘΩΡΑΚΟΤΟΜΗ, ΜΕ Φ",Surgical,210,2140
X666185,"ΟΛΙΚΗ Ή ΥΦΟΛΙΚΗ ΟΙΣΟΦΑΓΕΚΤΟΜΗ, ΜΕ ΘΩΡΑΚΟΤΟΜΗ, ΜΕ Π",Surgical,120,2300
X666191,"ΜΕΡΙΚΗ ΟΙΣΟΦΑΓΕΚΤΟΜΗ, ΤΡΑΧΗΛΙΚΗ, ΜΕ ΕΛΕΥΘΕΡΟ ΕΝΤΕΡ",Surgical,150,2180
X666193,"ΜΕΡΙΚΗ ΟΙΣΟΦΑΓΕΚΤΟΜΗ, ΠΕΡΙΦΕΡΙΚΑ ΔΥΟ-ΤΡΙΤΑ, ΜΕ ΘΩΡ",Surgical,210,2940
X666195,"ΜΕΡΙΚΗ ΟΙΣΟΦΑΓΕΚΤΟΜΗ, ΠΕΡΙΦΕΡΙΚΑ ΔΥΟ-ΤΡΙΤΑ, ΜΕ ΘΩΡ",Surgical,120,3100
X666201,"ΜΕΡΙΚΗ ΟΙΣΟΦΑΓΕΚΤΟΜΗ, ΠΕΡΙΦΕΡΙΚΑ ΔΥΟ-ΤΡΙΤΑ, ΜΟΝΟ Μ",Surgical,150,1580
X666203,"ΜΕΡΙΚΗ ΟΙΣΟΦΑΓΕΚΤΟΜΗ, ΘΩΡΑΚΟΚΟΙΛΙΑΚΗ Ή ΚΟΙΛΙΑΚΗ ΠΡ",Surgical,210,1740
X666205,"ΜΕΡΙΚΗ ΟΙΣΟΦΑΓΕΚΤΟΜΗ, ΘΩΡΑΚΟΚΟΙΛΙΑΚΗ Ή ΚΟΙΛΙΑΚΗ ΠΡ",Surgical,120,1900
X666207,"ΟΛΙΚΗ Ή ΜΕΡΙΚΗ ΟΙΣΟΦΑΓΕΚΤΟΜΗ, ΧΩΡΙΣ ΑΝΑΚΑΤΑΣΚΕΥΗ (",Surgical,180,1460
X666219,ΕΚΤΟΜΗ ΕΚΚΟΛΠΩΜΑΤΟΣ ΤΟΥ ΥΠΟΦΑΡΥΓΓΑ Ή ΤΟΥ ΟΙΣΟΦΑΓΟΥ,Surgical,240,2420
X666229,ΕΚΤΟΜΗ ΕΚΚΟΛΠΩΜΑΤΟΣ ΤΟΥ ΥΠΟΦΑΡΥΓΓΑ Ή ΤΟΥ ΟΙΣΟΦΑΓΟΥ,Surgical,240,1820
X666359,ΕΝΔΟΣΚΟΠΗΣΗ ΟΙΣΟΦΑΓΟΥ. ΑΠΛΗ .,Surgical,160,1170
X666361,"ΕΝΔΟΣΚΟΠΗΣΗ ΟΙΣΟΦΑΓΟΥ, ΜΕ ΚΑΤΕΥΘΥΝΟΜΕΝΗ(ΕΣ) ΥΠΟΒΛΕ",Surgical,80,1330
X666363,ΕΝΔΟΣΚΟΠΗΣΗ ΟΙΣΟΦΑΓΟΥ. ΛΗΨΗ ΒΙΟΨΙΩΝ,Surgical,120,1490
X666367,ΕΝΔΟΣΚΟΠΗΣΗ ΟΙΣΟΦΑΓΟΥ ΜΕ ΕΓΧΥΣΗ ΣΚΛΗΡΥΝΤΙΚΗΣ ΟΥΣΙΑ,Surgical,80,1810
X666369,ΕΝΔΟΣΚΟΠΗΣΗ ΟΙΣΟΦΑΓΟΥ ΜΕ ΑΠΟΛΙΝΩΣΗ ΤΩΝ ΟΙΣΟΦΑΓΙΚΩΝ,Surgical,120,1970
X666389,ΕΝΔΟΣΚΟΠΗΣΗ ΟΙΣΟΦΑΓΟΥ ΜΕ ΑΦΑΙΡΕΣΗ ΞΕΝΟΥ ΣΩΜΑΤΟΣ,Surgical,240,2020
X666391,"ΕΝΔΟΣΚΟΠΗΣΗ ΟΙΣΟΦΑΓΟΥ, ΜΕ ΑΦΑΙΡΕΣΗ ΟΓΚΟΥ(ΩΝ), ΠΟΛΥ",Surgical,150,2180
X666393,"ΕΝΔΟΣΚΟΠΗΣΗ ΟΙΣΟΦΑΓΟΥ,ΜΕ ΑΦΑΙΡΕΣΗ ΟΓΚΟΥ(ΩΝ), ΠΟΛΥΠ",Surgical,210,2340
X666397,"ΕΝΔΟΣΚΟΠΗΣΗ ΟΙΣΟΦΑΓΟΥ,ΜΕ ΕΙΣΑΓΩΓΗ ΠΛΑΣΤΙΚΟΥ ΣΩΛΗΝΑ",Surgical,80,2210
X666399,ΕΝΔΟΣΚΟΠΗΣΗ ΟΙΣΟΦΑΓΟΥ ΜΕ ΔΙΑΤΑΣΗ ΑΕΡΟΘΑΛΑΜΟΥ (ΜΙΚΡ,Surgical,120,2370
X666411,"ΕΝΔΟΣΚΟΠΗΣΗ ΟΙΣΟΦΑΓΟΥ, ΜΕ ΕΙΣΑΓΩΓΗ ΟΔΗΓΟΥ ΣΥΡΜΑΤΟΣ",Surgical,120,1330
X666413,"ΕΝΔΟΣΚΟΠΗΣΗ ΟΙΣΟΦΑΓΟΥ ΜΕ ΕΛΕΓΧΟ ΑΙΜΟΡΡΑΓΙΑΣ (Π.Χ.,",Surgical,160,1490
X666415,"ΕΝΔΟΣΚΟΠΗΣΗ ΟΙΣΟΦΑΓΟΥ ΜΕ ΑΦΑΙΡΕΣΗ ΟΓΚΟΥ(ΩΝ), ΠΟΛΥΠ",Surgical,120,2100
X666421,ΕΝΔΟΣΚΟΠΗΣΗ ΟΙΣΟΦΑΓΟΥ ΜΕ ΕΝΔΟΣΚΟΠΙΚΗ ΥΠΕΡΗΧΟΤΟΜΟΓΡ,Surgical,80,2130
X666423,ΕΝΔΟΣΚΟΠΗΣΗ ΟΙΣΟΦΑΓΟΥ ΜΕ ΕΝΔΟΣΚΟΠΙΚΗ ΥΠΕΡΗΧΟΤΟΜΟΓΡ,Surgical,120,2290
X666427,ΕΝΔΟΣΚΟΠΗΣΗ ΑΝΩΤΕΡΟΥ ΠΕΠΤΙΚΟΥ,Surgical,80,610
X666429,ΕΝΔΟΣΚΟΠΗΣΗ ΑΝΩΤΕΡΟΥ ΠΕΠΤΙΚΟΥ. ΑΠΛΗ .,Surgical,120,770
X666431,ΕΝΔΟΣΚΟΠΗΣΗ ΑΝΩΤΕΡΟΥ ΠΕΠΤΙΚΟΥ ΜΕ ΕΓΧΥΣΗ ΧΡΩΣΤΙΚΗΣ ,Surgical,160,930
X666433,ΕΝΔΟΣΚΟΠΗΣΗ ΑΝΩΤΕΡΟΥ ΠΕΠΤΙΚΟΥ ΜΕ ΕΝΔΟΣΚΟΠΙΚΗ ΥΠΕΡΗ,Surgical,80,1090
X666435,ΑΝΕΝΕΡΓΟΣ,Surgical,120,1250
X666437,ΕΝΔΟΣΚΟΠΗΣΗ ΑΝΩΤΕΡΟΥ ΠΕΠΤΙΚΟΥ. ΛΗΨΗ ΒΙΟΨΙΩΝ,Surgical,160,1410
X666439,ΕΝΔΟΣΚΟΠΗΣΗ ΑΝΩΤΕΡΟΥ ΠΕΠΤΙΚΟΥ ΜΕ ΔΙΑΤΟΙΧΩΜΑΤΙΚΗ ΠΑ,Surgical,80,1570
X666441,ΕΝΔΟΣΚΟΠΗΣΗ ΑΝΩΤΕΡΟΥ ΠΕΠΤΙΚΟΥ ΜΕ ΔΙΕΝΔΟΣΚΟΠΙΚΗ ΤΟΠ,Surgical,120,1730
X666443,ΕΝΔΟΣΚΟΠΗΣΗ ΑΝΩΤΕΡΟΥ ΠΕΠΤΙΚΟΥ ΜΕ ΕΝΔΟΣΚΟΠΙΚΗ ΥΠΕΡΗ,Surgical,160,1890
X666445,ΕΝΔΟΣΚΟΠΗΣΗ ΑΝΩΤΕΡΟΥ ΠΕΠΤΙΚΟΥ ΜΕ ΕΓΧΥΣΗ ΣΚΛΗΡΥΝΤΙΚ,Surgical,80,2050
X666447,ΕΝΔΟΣΚΟΠΗΣΗ ΑΝΩΤΕΡΟΥ ΠΕΠΤΙΚΟΥ ΜΕ ΑΠΟΛΙΝΩΣΗ ΟΙΣΟΦΑΓ,Surgical,120,2210
X666449,ΕΝΔΟΣΚΟΠΗΣΗ ΑΝΩΤΕΡΟΥ ΠΕΠΤΙΚΟΥ ΜΕ ΔΙΑΣΤΟΛΗ ΤΗΣ ΓΑΣΤ,Surgical,160,2370
X666451,ΕΝΔΟΣΚΟΠΗΣΗ ΑΝΩΤΕΡΟΥ ΠΕΠΤΙΚΟΥ ΜΕ ΚΑΤΕΥΘΥΝΟΜΕΝΗ ΤΟΠ,Surgical,80,530
X666453,ΕΝΔΟΣΚΟΠΗΣΗ ΑΝΩΤΕΡΟΥ ΠΕΠΤΙΚΟΥ ΜΕ ΑΦΑΙΡΕΣΗ ΞΕΝΟΥ ΣΩ,Surgical,210,1140
X666455,ΕΝΔΟΣΚΟΠΗΣΗ ΑΝΩΤΕΡΟΥ ΠΕΠΤΙΚΟΥ ΜΕ ΕΙΣΑΓΩΓΗ ΟΔΗΓΟΥ Σ,Surgical,160,850
X666457,ΕΝΔΟΣΚΟΠΗΣΗ ΑΝΩΤΕΡΟΥ ΠΕΠΤΙΚΟΥ ΜΕ ΔΙΑΣΤΟΛΗ ΜΕ ΔΙΑΤΑ,Surgical,80,1010
X666459,ΕΝΔΟΣΚΟΠΗΣΗ ΑΝΩΤΕΡΟΥ ΠΕΠΤΙΚΟΥ ΜΕ ΑΦΑΙΡΕΣΗ ΟΓΚΟΥ(ΩΝ,Surgical,240,1620
X666461,ΕΝΔΟΣΚΟΠΗΣΗ ΑΝΩΤΕΡΟΥ ΠΕΠΤΙΚΟΥ ΜΕ ΑΦΑΙΡΕΣΗ ΟΓΚΟΥ(ΩΝ,Surgical,150,1780
X666469,ΕΝΔΟΣΚΟΠΗΣΗ ΑΝΩΤΕΡΟΥ ΠΕΠΤΙΚΟΥ ΜΕ ΕΛΕΓΧΟ ΑΙΜΟΡΡΑΓΙΑ,Surgical,80,1970
X666471,ΕΝΔΟΣΚΟΠΗΣΗ ΑΝΩΤΕΡΟΥ ΠΕΠΤΙΚΟΥ ΜΕ ΔΙΕΝΔΟΣΚΟΠΙΚΗ ΤΟΠ,Surgical,120,2130
X666473,ΕΝΔΟΣΚΟΠΗΣΗ ΑΝΩΤΕΡΟΥ ΠΕΠΤΙΚΟΥ ΜΕ ΑΠΕΛΕΥΘΕΡΩΣΗ ΘΕΡΜ,Surgical,160,2290
X666475,ΕΝΔΟΣΚΟΠΗΣΗ ΑΝΩΤΕΡΟΥ ΠΕΠΤΙΚΟΥ ΜΕ ΑΦΑΙΡΕΣΗ ΟΓΚΟΥ(ΩΝ,Surgical,120,900
X666477,ΑΝΕΝΕΡΓΟΣ,Surgical,120,610
X666479,ΕΝΔΟΣΚΟΠΙΚΗ ΠΑΛΙΝΔΡΟΜΗ ΧΟΛΑΓΓΕΙΟΠΑΓΚΡΕΑΤΟΓΡΑΦΙΑ (E,Surgical,160,770
X666481,ΕΝΔΟΣΚΟΠΙΚΗ ΠΑΛΙΝΔΡΟΜΗ ΧΟΛΑΓΓΕΙΟΠΑΓΚΡΕΑΤΟΓΡΑΦΙΑ (E,Surgical,80,930
X666483,ΕΝΔΟΣΚΟΠΙΚΗ ΠΑΛΙΝΔΡΟΜΗ ΧΟΛΑΓΓΕΙΟΠΑΓΚΡΕΑΤΟΓΡΑΦΙΑ (E,Surgical,120,1090
X666485,ΕΝΔΟΣΚΟΠΙΚΗ ΠΑΛΙΝΔΡΟΜΗ ΧΟΛΑΓΓΕΙΟΠΑΓΚΡΕΑΤΟΓΡΑΦΙΑ (E,Surgical,160,1250
X666487,ΕΝΔΟΣΚΟΠΙΚΗ ΠΑΛΙΝΔΡΟΜΗ ΧΟΛΑΓΓΕΙΟΠΑΓΚΡΕΑΤΟΓΡΑΦΙΑ (E,Surgical,180,1860
X666489,ΕΝΔΟΣΚΟΠΙΚΗ ΠΑΛΙΝΔΡΟΜΗ ΧΟΛΑΓΓΕΙΟΠΑΓΚΡΕΑΤΟΓΡΑΦΙΑ (E,Surgical,120,1570
X666493,ΕΝΔΟΣΚΟΠΙΚΗ ΠΑΛΙΝΔΡΟΜΗ ΧΟΛΑΓΓΕΙΟΠΑΓΚΡΕΑΤΟΓΡΑΦΙΑ (E,Surgical,80,1890
X666495,ΕΝΔΟΣΚΟΠΙΚΗ ΠΑΛΙΝΔΡΟΜΗ ΧΟΛΑΓΓΕΙΟΠΑΓΚΡΕΑΤΟΓΡΑΦΙΑ (E,Surgical,120,2050
X666497,ΕΝΔΟΣΚΟΠΙΚΗ ΠΑΛΙΝΔΡΟΜΗ ΧΟΛΑΓΓΕΙΟΠΑΓΚΡΕΑΤΟΓΡΑΦΙΑ (E,Surgical,180,2660
X666501,ΕΝΔΟΣΚΟΠΙΚΗ ΠΑΛΙΝΔΡΟΜΗ ΧΟΛΑΓΓΕΙΟΠΑΓΚΡΕΑΤΟΓΡΑΦΙΑ (E,Surgical,120,530
X666503,ΕΝΔΟΣΚΟΠΙΚΗ ΠΑΛΙΝΔΡΟΜΗ ΧΟΛΑΓΓΕΙΟΠΑΓΚΡΕΑΤΟΓΡΑΦΙΑ (E,Surgical,210,1140
X666505,ΕΝΔΟΣΚΟΠΙΚΗ ΕΙΣΑΓΩΓΗ ΣΩΛΗΝΙΣΚΟΥ ΣΤΗ ΘΗΛΗ ΜΕ ΑΜΕΣΗ ,Surgical,80,850
X666517,"ΛΑΠΑΡΟΣΚΟΠΗΣΗ, ΧΕΙΡΟΥΡΓΙΚΗ, ΟΙΣΟΦΑΓΟΜΥΟΤΟΜΗ (ΤΥΠΟΥ",Surgical,80,1810
X666519,"ΛΑΠΑΡΟΣΚΟΠΗΣΗ, ΧΕΙΡΟΥΡΓΙΚΗ, ΟΙΣΟΦΑΓΟΓΑΣΤΡΙΚΗ ΘΟΛΟΠ",Surgical,120,1970
X666537,"ΜΗ ΚΑΤΑΓΕΓΡΑΜΜΕΝΗ ΔΙΑΔΙΚΑΣΙΑ ΛΑΠΑΡΟΣΚΟΠΗΣΗΣ, ΟΙΣΟΦ",Surgical,120,1410
X666559,ΟΙΣΟΦΑΓΟΠΛΑΣΤΙΚΗ (ΠΛΑΣΤΙΚΗ ΑΠΟΚΑΤΑΣΤΑΣΗ Ή ΑΝΑΠΛΑΣΗ,Surgical,80,1170
X666569,ΟΙΣΟΦΑΓΟΠΛΑΣΤΙΚΗ (ΠΛΑΣΤΙΚΗ ΑΠΟΚΑΤΑΣΤΑΣΗ Ή ΑΝΑΠΛΑΣΗ,Surgical,160,1970
X666579,ΟΙΣΟΦΑΓΟΠΛΑΣΤΙΚΗ (ΠΛΑΣΤΙΚΗ ΑΠΟΚΑΤΑΣΤΑΣΗ Ή ΑΝΑΠΛΑΣΗ,Surgical,120,1820
X666583,ΟΙΣΟΦΑΓΟΠΛΑΣΤΙΚΗ (ΠΛΑΣΤΙΚΗ ΑΠΟΚΑΤΑΣΤΑΣΗ Ή ΑΝΑΠΛΑΣΗ,Surgical,80,2140
X666585,ΟΙΣΟΦΑΓΟΠΛΑΣΤΙΚΗ ΓΙΑ ΣΥΓΓΕΝΗ ΑΝΩΜΑΛΙΑ (ΠΛΑΣΤΙΚΗ ΑΠ,Surgical,120,2300
X666587,ΟΙΣΟΦΑΓΟΠΛΑΣΤΙΚΗ ΓΙΑ ΣΥΓΓΕΝΗ ΑΝΩΜΑΛΙΑ (ΠΛΑΣΤΙΚΗ ΑΠ,Surgical,160,2460
X666599,"ΟΙΣΟΦΑΓΟΓΑΣΤΡΟΣΤΟΜΙΑ (ΠΛΑΣΤΙΚΗ ΚΑΡΔΙΑΚΗΣ ΜΟΙΡΑΣ), ",Surgical,160,3420
X666607,"ΟΙΣΟΦΑΓΟΓΑΣΤΡΙΚΗ ΘΟΛΟΠΛΑΣΤΙΚΗ (Π.Χ., ΕΠΕΜΒΑΣΕΙΣ ΤΥ",Surgical,80,1010
X666609,"ΟΙΣΟΦΑΓΟΓΑΣΤΡΙΚΗ ΘΟΛΟΠΛΑΣΤΙΚΗ, ΜΕ ΕΠΙΡΡΑΜΑ ΘΟΛΟΥ (",Surgical,120,1170
X666611,"ΟΙΣΟΦΑΓΟΓΑΣΤΡΙΚΗ ΘΟΛΟΠΛΑΣΤΙΚΗ, ΜΕ ΓΑΣΤΡΟΠΛΑΣΤΙΚΗ (",Surgical,160,1330
X666619,"ΟΙΣΟΦΑΓΟΜΥΟΤΟΜΗ (ΤΥΠΟΥ HELLER), ΚΟΙΛΙΑΚΗ ΠΡΟΣΠΕΛΑΣ",Surgical,80,1970
X666621,"ΟΙΣΟΦΑΓΟΜΥΟΤΟΜΗ (ΤΥΠΟΥ HELLER), ΘΩΡΑΚΙΚΗ ΠΡΟΣΠΕΛΑΣ",Surgical,120,3180
X666639,"ΟΙΣΟΦΑΓΟΝΗΣΤΙΔΟΣΤΟΜΙΑ (ΧΩΡΙΣ ΟΛΙΚΗ ΓΑΣΤΡΕΚΤΟΜΗ), Κ",Surgical,240,2020
X666641,"ΟΙΣΟΦΑΓΟΝΗΣΤΙΔΟΣΤΟΜΙΑ (ΧΩΡΙΣ ΟΛΙΚΗ ΓΑΣΤΡΕΚΤΟΜΗ), Θ",Surgical,150,2780
X666659,"ΟΙΣΟΦΑΓΟΣΤΟΜΙΑ, ΣΥΡΙΓΓΟΠΟΙΗΣΗ ΤΟΥ ΟΙΣΟΦΑΓΟΥ, ΕΞΩΤΕ",Surgical,160,1170
X666661,"ΟΙΣΟΦΑΓΟΣΤΟΜΙΑ, ΣΥΡΙΓΓΟΠΟΙΗΣΗ ΤΟΥ ΟΙΣΟΦΑΓΟΥ, ΕΞΩΤΕ",Surgical,80,2380
X666663,"ΟΙΣΟΦΑΓΟΣΤΟΜΙΑ, ΣΥΡΙΓΓΟΠΟΙΗΣΗ ΤΟΥ ΟΙΣΟΦΑΓΟΥ, ΕΞΩΤΕ",Surgical,120,1490
X666679,ΓΑΣΤΡΕΝΤΕΡΙΚΗ ΑΝΑΚΑΤΑΣΚΕΥΗ ΜΕΤΑ ΠΡΟΗΓΗΘΕΙΣΑ ΟΙΣΟΦΑ,Surgical,240,1220
X666681,ΓΑΣΤΡΕΝΤΕΡΙΚΗ ΑΝΑΚΑΤΑΣΚΕΥΗ ΜΕΤΑ ΠΡΟΗΓΗΘΕΙΣΑ ΟΙΣΟΦΑ,Surgical,150,1380
X666759,"ΑΠΟΛΙΝΩΣΗ, ΑΜΕΣΗ, ΟΙΣΟΦΑΓΙΚΟΙ ΚΙΡΣΟΙ",Surgical,120,1170
X666761,"ΕΓΚΑΡΣΙΑ ΤΟΜΗ ΤΟΥ ΟΙΣΟΦΑΓΟΥ ΜΕ ΑΠΟΚΑΤΑΣΤΑΣΗ, ΓΙΑ Ο",Surgical,160,1330
X666769,ΑΠΟΛΙΝΩΣΗ Ή ΣΥΡΡΑΦΗ ΣΤΗ ΓΑΣΤΡΟΟΙΣΟΦΑΓΙΚΗ ΣΥΜΒΟΛΗ Γ,Surgical,80,1970
X666779,"ΣΥΡΡΑΦΗ ΕΛΚΟΥΣ Ή ΤΡΑΥΜΑΤΟΣ ΤΟΥ ΟΙΣΟΦΑΓΟΥ, ΤΡΑΧΗΛΙΚ",Surgical,160,770
X666789,"ΣΥΡΡΑΦΗ ΕΛΚΟΥΣ Ή ΤΡΑΥΜΑΤΟΣ ΤΟΥ ΟΙΣΟΦΑΓΟΥ, ΔΙΑΘΩΡΑΚ",Surgical,120,2620
X666799,"ΣΥΓΚΛΕΙΣΗ ΟΙΣΟΦΑΓΟΣΤΟΜΙΑΣ Ή ΣΥΡΙΓΓΙΟΥ, ΤΡΑΧΗΛΙΚΗ Π",Surgical,80,2370
X666809,"ΣΥΓΚΛΕΙΣΗ ΟΙΣΟΦΑΓΟΣΤΟΜΙΑΣ Ή ΣΥΡΙΓΓΙΟΥ, ΔΙΑΘΩΡΑΚΙΚΗ",Surgical,160,2220
X666859,"ΔΙΑΤΑΣΗ ΤΟΥ ΟΙΣΟΦΑΓΟΥ, ΜΕΣΩ ΜΗ ΚΑΘΟΔΗΓΟΥΜΕΝΟΥ ΜΕΤΑ",Surgical,80,1170
X666865,ΑΝΕΝΕΡΓΟΣ,Surgical,80,1650
X666871,"ΔΙΑΤΑΣΗ ΟΙΣΟΦΑΓΟΥ, ΜΕ ΑΕΡΟΘΑΛΑΜΟ Ή ΔΙΑΣΤΟΛΕΑ, ΠΑΛΙ",Surgical,80,2130
X666875,ΔΙΑΣΤΟΛΗ ΟΙΣΟΦΑΓΟΥ ΜΕ ΑΕΡΟΘΑΛΑΜΟ (30 ΧΙΛ. ΣΕ ΔΙΑΜΕ,Surgical,120,1500
X666879,"ΟΙΣΟΦΑΓΟΓΑΣΤΡΙΚΟΣ ΕΠΙΠΩΜΑΤΙΣΜΟΣ, ΜΕ ΑΕΡΟΘΑΛΑΜΟ (ΤΥ",Surgical,120,770
X666951,ΕΛΕΥΘΕΡΗ ΜΕΤΑΦΟΡΑ ΝΗΣΤΙΔΑΣ ΜΕ ΜΙΚΡΟΑΓΓΕΙΑΚΗ ΑΝΑΣΤΟ,Surgical,120,980
X666957,"ΜΗ ΚΑΤΑΓΕΓΡΑΜΜΕΝΗ ΔΙΑΔΙΚΑΣΙΑ, ΟΙΣΟΦΑΓΟΣ",Surgical,120,1010
X666959,ΓΑΣΤΡΟΤΟΜΗ; ΜΕ ΔΙΕΡΕΥΝΗΣΗ Ή ΑΦΑΙΡΕΣΗ ΞΕΝΟΥ ΣΩΜΑΤΟΣ,Surgical,240,1620
X666961,ΓΑΣΤΡΟΤΟΜΗ; ΜΕ ΑΠΟΚΑΤΑΣΤΑΣΗ ΔΙΑ ΣΥΡΡΑΦΗΣ ΑΙΜΟΡΡΑΓΟ,Surgical,80,1330
X666963,"ΓΑΣΤΡΟΤΟΜΗ, ΜΕ ΑΠΟΚΑΤΑΣΤΑΣΗ ΔΙΑ ΣΥΡΡΑΦΗΣ ΠΡΟΫΠΑΡΧΟ",Surgical,120,1490
X666979,ΓΑΣΤΡΟΤΟΜΗ; ΜΕ ΟΙΣΟΦΑΓΙΚΗ ΔΙΑΤΑΣΗ ΚΑΙ ΕΙΣΑΓΩΓΗ ΜΟΝ,Surgical,80,770
X666999,"ΠΥΛΩΡΟΜΥΟΤΟΜΗ, ΤΟΜΗ ΤΟΥ ΠΥΛΩΡΙΚΟΥ ΜΥΟΣ (ΕΠΕΜΒΑΣΗ Τ",Surgical,120,2370
X667159,ΑΝΕΝΕΡΓΟΣ,Surgical,120,1170
X667169,"ΒΙΟΨΙΑ ΣΤΟΜΑΧΟΥ, ΜΕΣΩ ΛΑΠΑΡΟΤΟΜΗΣ",Surgical,80,1970
X667179,"ΕΚΤΟΜΗ, ΤΟΠΙΚΗ, ΕΛΚΟΣ Ή ΚΑΛΟΗΘΗΣ ΟΓΚΟΣ ΣΤΟΜΑΧΟΥ",Surgical,240,1220
X667181,"ΕΚΤΟΜΗ, ΤΟΠΙΚΗ, ΚΑΚΟΗΘΗΣ ΟΓΚΟΣ ΣΤΟΜΑΧΟΥ",Surgical,150,1380
X667199,"ΓΑΣΤΡΕΚΤΟΜΗ, ΟΛΙΚΗ, ΜΕ ΟΙΣΟΦΑΓΟΕΝΤΕΡΟΣΤΟΜΙΑ",Surgical,240,2820
X667201,"ΓΑΣΤΡΕΚΤΟΜΗ, ΟΛΙΚΗ, ΜΕ ΑΝΑΚΑΤΑΣΚΕΥΗ ΤΥΠΟΥ ROUX-EN-",Surgical,150,980
X667203,"ΓΑΣΤΡΕΚΤΟΜΗ, ΟΛΙΚΗ; ΜΕ ΣΧΗΜΑΤΙΣΜΟ ΕΝΤΕΡΙΚΟΥ ΣΑΚΟΥ,",Surgical,210,1140
X667221,"ΓΑΣΤΡΕΚΤΟΜΗ, ΜΕΡΙΚΗ, ΠΕΡΙΦΕΡΙΚΗ; ΜΕ ΓΑΣΤΡΟΔΩΔΕΚΑΔΑ",Surgical,150,2580
X667223,"ΓΑΣΤΡΕΚΤΟΜΗ, ΜΕΡΙΚΗ, ΠΕΡΙΦΕΡΙΚΗ, ΜΕ ΓΑΣΤΡΟΝΗΣΤΙΔΟΣ",Surgical,210,2740
X667225,"ΓΑΣΤΡΕΚΤΟΜΗ, ΜΕΡΙΚΗ, ΠΕΡΙΦΕΡΙΚΗ, ΜΕ ΑΝΑΚΑΤΑΣΚΕΥΗ Τ",Surgical,120,900
X667227,"ΓΑΣΤΡΕΚΤΟΜΗ, ΜΕΡΙΚΗ, ΠΕΡΙΦΕΡΙΚΗ, ΜΕ ΣΧΗΜΑΤΙΣΜΟ ΕΝΤ",Surgical,180,1060
X667229,ΒΑΓΟΤΟΜΗ ΟΤΑΝ ΕΚΤΕΛΕΙΤΑΙ ΜΕ ΜΕΡΙΚΗ ΠΕΡΙΦΕΡΙΚΗ ΓΑΣΤ,Surgical,240,1220
X667239,"ΒΑΓΟΤΟΜΗ ΠΟΥ ΠΕΡΙΛΑΜΒΑΝΕΙ ΠΥΛΩΡΟΠΛΑΣΤΙΚΗ, ΜΕ Ή ΧΩΡ",Surgical,160,1570
X667241,"ΒΑΓΟΤΟΜΗ ΠΟΥ ΠΕΡΙΛΑΜΒΑΝΕΙ ΠΥΛΩΡΟΠΛΑΣΤΙΚΗ, ΜΕ Ή ΧΩΡ",Surgical,80,1730
X667247,"ΛΑΠΑΡΟΣΚΟΠΗΣΗ, ΧΕΙΡΟΥΡΓΙΚΗ, ΓΑΣΤΡΙΚΗ ΠΕΡΙΟΡΙΣΤΙΚΗ ",Surgical,80,2210
X667249,"ΛΑΠΑΡΟΣΚΟΠΗΣΗ, ΧΕΙΡΟΥΡΓΙΚΗ, ΓΑΣΤΡΙΚΗ ΠΕΡΙΟΡΙΣΤΙΚΗ ",Surgical,120,2370
X667253,"ΛΑΠΑΡΟΣΚΟΠΗΣΗ, ΧΕΙΡΟΥΡΓΙΚΗ, ΕΜΦΥΤΕΥΣΗ Ή ΑΝΤΙΚΑΤΑΣΤ",Surgical,80,690
X667255,"ΛΑΠΑΡΟΣΚΟΠΗΣΗ, ΧΕΙΡΟΥΡΓΙΚΗ, ΑΠΟΚΑΤΑΣΤΑΣΗ Ή ΑΦΑΙΡΕΣ",Surgical,120,1300
X667261,"ΛΑΠΑΡΟΣΚΟΠΗΣΗ, ΧΕΙΡΟΥΡΓΙΚΗ; ΔΙΑΤΟΜΗ ΤΩΝ ΠΝΕΥΜΟΝΟΓΑ",Surgical,120,1330
X667263,"ΛΑΠΑΡΟΣΚΟΠΗΣΗ, ΧΕΙΡΟΥΡΓΙΚΗ, ΔΙΑΤΟΜΗ ΤΩΝ ΠΝΕΥΜΟΝΟΓΑ",Surgical,160,1490
X667265,"ΛΑΠΑΡΟΣΚΟΠΗΣΗ, ΧΕΙΡΟΥΡΓΙΚΗ; ΓΑΣΤΡΟΣΤΟΜΙΑ, ΧΩΡΙΣ ΚΑ",Surgical,80,1650
X667277,"ΜΗ ΚΑΤΑΓΕΓΡΑΜΜΕΝΗ ΕΠΕΜΒΑΣΗ ΛΑΠΑΡΟΣΚΟΠΗΣΗΣ, ΣΤΟΜΑΧΟ",Surgical,80,610
X667463,"ΤΟΠΟΘΕΤΗΣΗ ΡΙΝΟ- Ή ΣΤΟΜΑΤΟ-ΓΑΣΤΡΙΚΟΥ ΣΩΛΗΝΑ, ΠΟΥ Α",Surgical,80,1490
X667479,"ΑΛΛΑΓΗ ΤΟΥ ΓΑΣΤΡΟΣΤΟΜΙΚΟΥ ΣΩΛΗΝΑ, ΔΙΑΔΕΡΜΙΚΗ, ΧΩΡΙ",Surgical,160,770
X667481,"ΕΠΑΝΑΤΟΠΟΘΕΤΗΣΗ ΤΟΥ ΓΑΣΤΡΙΚΟΥ ΣΩΛΗΝΑ ΔΙΑΤΡΟΦΗΣ, ΜΕ",Surgical,80,930
X667499,"ΛΑΠΑΡΟΣΚΟΠΗΣΗ, ΧΕΙΡΟΥΡΓΙΚΗ, ΓΑΣΤΡΙΚΗ ΠΕΡΙΟΡΙΣΤΙΚΗ ",Surgical,80,2370
X667501,"ΛΑΠΑΡΟΣΚΟΠΗΣΗ, ΧΕΙΡΟΥΡΓΙΚΗ, ΓΑΣΤΡΙΚΗ ΠΕΡΙΟΡΙΣΤΙΚΗ ",Surgical,120,530
X667503,"ΛΑΠΑΡΟΣΚΟΠΗΣΗ, ΧΕΙΡΟΥΡΓΙΚΗ, ΓΑΣΤΡΙΚΗ ΠΕΡΙΟΡΙΣΤΙΚΗ ",Surgical,210,1140
X667505,"ΛΑΠΑΡΟΣΚΟΠΗΣΗ, ΧΕΙΡΟΥΡΓΙΚΗ, ΓΑΣΤΡΙΚΗ ΠΕΡΙΟΡΙΣΤΙΚΗ ",Surgical,120,1300
X667507,"ΛΑΠΑΡΟΣΚΟΠΗΣΗ, ΧΕΙΡΟΥΡΓΙΚΗ, ΓΑΣΤΡΙΚΗ ΠΕΡΙΟΡΙΣΤΙΚΗ ",Surgical,180,1460
X667559,ΠΥΛΩΡΟΠΛΑΣΤΙΚΗ,Surgical,80,1170
X667579,ΓΑΣΤΡΟΔΩΔΕΚΑΔΑΚΤΥΛΟΣΤΟΜΙΑ,Surgical,120,770
X667599,"ΓΑΣΤΡΟΝΗΣΤΙΔΟΣΤΟΜΙΑ, ΧΩΡΙΣ ΒΑΓΟΤΟΜΗ",Surgical,160,2370
X667609,"ΓΑΣΤΡΟΝΗΣΤΙΔΟΣΤΟΜΙΑ, ΜΕ ΒΑΓΟΤΟΜΗ, ΟΠΟΙΟΣΔΗΠΟΤΕ ΤΥΠ",Surgical,120,1170
X667619,"ΓΑΣΤΡΟΣΤΟΜΙΑ, ΑΝΟΙΚΤΗ, ΧΩΡΙΣ ΚΑΤΑΣΚΕΥΗ ΓΑΣΤΡΙΚΟΥ Σ",Surgical,240,1970
X667621,"ΓΑΣΤΡΟΣΤΟΜΙΑ, ΑΝΟΙΚΤΗ; ΝΕΟΓΝΙΚΗ, ΓΙΑ ΔΙΑΤΡΟΦΗ",Surgical,150,2130
X667623,"ΓΑΣΤΡΟΣΤΟΜΙΑ, ΑΝΟΙΚΤΗ, ΜΕ ΚΑΤΑΣΚΕΥΗ ΓΑΣΤΡΙΚΟΥ ΣΩΛΗ",Surgical,210,2290
X667639,"ΓΑΣΤΡΟΡΡΑΦΗ, ΣΥΡΡΑΦΗ ΔΙΑΤΙΤΡΑΙΝΟΝΤΟΣ ΔΩΔΕΚΑΔΑΚΤΥΛΙ",Surgical,120,1570
X667643,"ΓΑΣΤΡΙΚΗ ΠΕΡΙΟΡΙΣΤΙΚΗ ΕΠΕΜΒΑΣΗ, ΧΩΡΙΣ ΓΑΣΤΡΙΚΗ ΠΑΡ",Surgical,80,1890
X667645,"ΓΑΣΤΡΙΚΗ ΠΕΡΙΟΡΙΣΤΙΚΗ ΕΠΕΜΒΑΣΗ, ΧΩΡΙΣ ΓΑΣΤΡΙΚΗ ΠΑΡ",Surgical,120,2050
X667649,ΓΑΣΤΡΙΚΗ ΠΕΡΙΟΡΙΣΤΙΚΗ ΕΠΕΜΒΑΣΗ ΜΕ ΜΕΡΙΚΗ ΓΑΣΤΡΕΚΤΟ,Surgical,240,2820
X667651,"ΓΑΣΤΡΙΚΗ ΠΕΡΙΟΡΙΣΤΙΚΗ ΕΠΕΜΒΑΣΗ, ΜΕ ΓΑΣΤΡΙΚΗ ΠΑΡΑΚΑ",Surgical,120,530
X667653,"ΓΑΣΤΡΙΚΗ ΠΕΡΙΟΡΙΣΤΙΚΗ ΕΠΕΜΒΑΣΗ, ΜΕ ΓΑΣΤΡΙΚΗ ΠΑΡΑΚΑ",Surgical,160,690
X667655,"ΑΝΑΘΕΩΡΗΣΗ,ΑΝΟΙΚΤΗ, ΤΗΣ ΓΑΣΤΡΙΚΗΣ ΠΕΡΙΟΡΙΣΤΙΚΗΣ ΕΠ",Surgical,120,850
X667659,ΑΝΑΘΕΩΡΗΣΗ ΤΗΣ ΓΑΣΤΡΟΔΩΔΕΚΑΔΑΚΤΥΛΙΚΗΣ ΑΝΑΣΤΟΜΩΣΗΣ ,Surgical,160,1620
X667669,ΑΠΟΚΑΤΑΣΤΑΣΗ ΤΗΣ ΓΑΣΤΡΟΔΩΔΕΚΑΔΑΚΤΥΛΙΚΗΣ ΑΝΑΣΤΟΜΩΣΗ,Surgical,120,2420
X667679,ΑΠΟΚΑΤΑΣΤΑΣΗ ΤΗΣ ΓΑΣΤΡΟΝΗΣΤΙΔΙΚΗΣ ΑΝΑΣΤΟΜΩΣΗΣ (ΓΑΣ,Surgical,240,1220
X667689,ΑΠΟΚΑΤΑΣΤΑΣΗ ΤΗΣ ΓΑΣΤΡΟΝΗΣΤΙΔΙΚΗΣ ΑΝΑΣΤΟΜΩΣΗΣ (ΓΑΣ,Surgical,240,2020
X667699,"ΣΥΓΚΛΕΙΣΗ ΓΑΣΤΡΟΣΤΟΜΙΑΣ, ΧΕΙΡΟΥΡΓΙΚΗ",Surgical,120,2370
X667719,ΣΥΓΚΛΕΙΣΗ ΓΑΣΤΡΟΚΟΛΙΚΟΥ ΣΥΡΙΓΓΙΟΥ,Surgical,160,1970
X667721,ΕΜΦΥΤΕΥΣΗ Ή ΑΝΤΙΚΑΤΑΣΤΑΣΗ ΓΑΣΤΡΙΚΩΝ ΝΕΥΡΟΔΙΕΓΕΡΤΙΚ,Surgical,150,2130
X667723,ΑΠΟΚΑΤΑΣΤΑΣΗ Ή ΑΦΑΙΡΕΣΗ ΓΑΣΤΡΙΚΩΝ ΝΕΥΡΟΔΙΕΓΕΡΤΙΚΩΝ,Surgical,210,2740
X667731,"ΓΑΣΤΡΙΚΗ ΠΕΡΙΟΡΙΣΤΙΚΗ ΕΠΕΜΒΑΣΗ, ΑΝΟΙΚΤΗ, ΑΠΟΚΑΤΑΣΤ",Surgical,150,930
X667733,"ΓΑΣΤΡΙΚΗ ΠΕΡΙΟΡΙΣΤΙΚΗ ΕΠΕΜΒΑΣΗ, ΑΝΟΙΚΤΗ, ΑΦΑΙΡΕΣΗ ",Surgical,210,1540
X667735,"ΓΑΣΤΡΙΚΗ ΠΕΡΙΟΡΙΣΤΙΚΗ ΕΠΕΜΒΑΣΗ, ΑΝΟΙΚΤΗ, ΑΦΑΙΡΕΣΗ ",Surgical,120,1700
X667957,"ΜΗ ΚΑΤΑΓΕΓΡΑΜΜΕΝΗ ΔΙΑΔΙΚΑΣΙΑ, ΣΤΟΜΑΧΙ",Surgical,120,1010
X667969,ΕΝΤΕΡΟΛΥΣΗ (ΛΥΣΗ ΕΝΤΕΡΙΚΗΣ ΣΥΜΦΥΣΗΣ) (ΞΕΧΩΡΙΣΤΗ ΕΠ,Surgical,120,1970
X667979,"ΔΩΔΕΚΑΔΑΚΤΥΛΟΤΟΜΗ, ΓΙΑ ΔΙΕΡΕΥΝΗΣΗ, ΒΙΟΨΙΑ(ΕΣ), Ή Α",Surgical,240,1220
X667989,ΝΗΣΤΙΔΟΣΤΟΜΙΑ ΜΕ ΣΩΛΗΝΑ Ή ΚΑΘΕΤΗΡΑ ΜΕ ΒΕΛΟΝΑ ΓΙΑ Ε,Surgical,160,1570
X667999,"ΕΝΤΕΡΟΤΟΜΗ, ΛΕΠΤΟ ΕΝΤΕΡΟ, ΕΚΤΟΣ ΤΟΥ ΔΩΔΕΚΑΔΑΚΤΥΛΟΥ",Surgical,240,2820
X668001,"ΕΝΤΕΡΟΤΟΜΗ, ΛΕΠΤΟ ΕΝΤΕΡΟ, ΕΚΤΟΣ ΤΟΥ ΔΩΔΕΚΑΔΑΚΤΥΛΟΥ",Surgical,80,530
X668009,"ΚΟΛΟΤΟΜΙΑ, ΓΙΑ ΔΙΕΡΕΥΝΗΣΗ, ΒΙΟΨΙΑ(ΕΣ), Ή ΑΦΑΙΡΕΣΗ ",Surgical,240,1620
X668059,"ΑΝΑΤΑΞΗ ΣΥΣΤΡΟΦΗΣ, ΕΓΚΟΛΕΑΣΜΟΥ, ΕΣΩΤΕΡΙΚΗΣ ΚΗΛΗΣ, ",Surgical,160,1170
X668069,ΔΙΟΡΘΩΣΗ ΣΥΣΤΡΟΦΗΣ ΜΕ ΛΥΣΗΣ ΤΟΥ ΔΩΔΕΚΑΔΑΚΤΥΛΙΚΩΝ Σ,Surgical,120,1970
X668159,"ΒΙΟΨΙΑ ΤΟΥ ΕΝΤΕΡΟΥ ΜΕ ΚΑΨΟΥΛΑ, ΣΩΛΗΝΑ, ΔΙΑΣΤΟΜΑΤΙΚ",Surgical,120,1170
X668179,ΕΚΤΟΜΗ ΜΙΑΣ Ή ΠΕΡΙΣΣΟΤΕΡΩΝ ΒΛΑΒΩΝ ΤΟΥ ΛΕΠΤΟΥ Ή ΤΟΥ,Surgical,240,1220
X668181,ΕΚΤΟΜΗ ΜΙΑΣ Ή ΠΕΡΙΣΣΟΤΕΡΩΝ ΒΛΑΒΩΝ ΤΟΥ ΛΕΠΤΟΥ Ή ΤΟΥ,Surgical,150,1380
X668199,"ΕΝΤΕΡΕΚΤΟΜΗ, ΑΦΑΙΡΕΣΗ ΛΕΠΤΟΥ ΕΝΤΕΡΟΥ, ΜΙΑ ΑΦΑΙΡΕΣΗ",Surgical,240,2820
X668201,"ΕΝΤΕΡΕΚΤΟΜΗ, ΑΦΑΙΡΕΣΗ ΛΕΠΤΟΥ ΕΝΤΕΡΟΥ, ΚΑΘΕ ΕΠΙΠΡΟΣ",Surgical,150,980
X668209,"ΕΝΤΕΡΕΚΤΟΜΗ, ΑΦΑΙΡΕΣΗ ΛΕΠΤΟΥ ΕΝΤΕΡΟΥ, ΜΕ ΕΝΤΕΡΟΣΤΟ",Surgical,240,1620
X668211,"ΕΝΤΕΡΕΚΤΟΜΗ, ΑΦΑΙΡΕΣΗ ΛΕΠΤΟΥ ΕΝΤΕΡΟΥ ΓΙΑ ΣΥΓΓΕΝΗ Α",Surgical,150,1780
X668213,"ΕΝΤΕΡΕΚΤΟΜΗ, ΑΦΑΙΡΕΣΗ ΛΕΠΤΟΥ ΕΝΤΕΡΟΥ ΓΙΑ ΣΥΓΓΕΝΗ Α",Surgical,210,1940
X668215,"ΕΝΤΕΡΕΚΤΟΜΗ, ΑΦΑΙΡΕΣΗ ΛΕΠΤΟΥ ΕΝΤΕΡΟΥ ΓΙΑ ΣΥΓΓΕΝΗ Α",Surgical,120,2100
X668219,"ΕΝΤΕΡΟΕΝΤΕΡΟΣΤΟΜΙΑ, ΑΝΑΣΤΟΜΩΣΗ ΕΝΤΕΡΟΥ, ΜΕ Ή ΧΩΡΙΣ",Surgical,120,2420
X668223,ΕΝΤΕΡΕΚΤΟΜΗ ΔΟΤΗ (ΣΥΜΠΕΡΙΛΑΒΑΝΟΜΕΝΗΣ ΚΡΥΟΣΥΝΤΗΡΗΣΗ,Surgical,210,2740
X668225,ΕΝΤΕΡΕΚΤΟΜΗ ΔΟΤΗ (ΣΥΜΠΕΡΙΛΑΒΑΝΟΜΕΝΗΣ ΚΡΥΟΣΥΝΤΗΡΗΣΗ,Surgical,120,900
X668229,"ΕΝΤΕΡΙΚΗ ΑΛΛΟΜΕΤΑΜΟΣΧΕΥΣΗ, ΑΠΟ ΠΤΩΜΑΤΙΚΟ ΔΟΤΗ",Surgical,240,1820
X668231,"ΕΝΤΕΡΙΚΗ ΑΛΛΟΜΕΤΑΜΟΣΧΕΥΣΗ, ΑΠΟ ΖΩΝΤΑΝΟ ΔΟΤΗ",Surgical,150,1980
X668233,ΑΦΑΙΡΕΣΗ ΜΕΤΑΜΟΣΧΕΥΜΕΝΟΥ ΕΝΤΕΡΙΚΟΥ ΑΛΛΟΜΟΣΧΕΥΜΑΤΟΣ,Surgical,210,2140
X668237,"ΚΙΝΗΤΟΠΟΙΗΣΗ ΤΗΣ ΣΠΛΗΝΙΚΗΣ ΚΑΜΠΗΣ, ΕΚΤΕΛΟΥΜΕΝΗ ΣΕ ",Surgical,180,1860
X668239,"ΚΟΛΕΚΤΟΜΗ, ΜΕΡΙΚΗ, ΜΕ ΑΝΑΣΤΟΜΩΣΗ",Surgical,240,2020
X668241,"ΚΟΛΕΚΤΟΜΗ, ΜΕΡΙΚΗ, ΜΕ ΔΕΡΜΑΤΙΚΗ ΤΥΦΛΟΣΤΟΜΙΑ Ή ΚΟΛΟ",Surgical,150,2180
X668245,"ΚΟΛΕΚΤΟΜΗ, ΜΕΡΙΚΗ; ΜΕ ΤΕΛΙΚΗ ΚΟΛΟΣΤΟΜΙΑ ΚΑΙ ΣΥΓΚΛΕ",Surgical,120,2500
X668247,"ΚΟΛΕΚΤΟΜΗ, ΜΕΡΙΚΗ, ΜΕ ΑΦΑΙΡΕΣΗ, ΜΕ ΚΟΛΟΣΤΟΜΙΑ Ή ΕΙ",Surgical,180,2660
X668249,"ΚΟΛΕΚΤΟΜΗ, ΜΕΡΙΚΗ, ΜΕ ΚΟΛΟΠΡΩΚΤΟΣΤΟΜΙΑ (ΧΑΜΗΛΗ ΠΥΕ",Surgical,240,2820
X668251,"ΚΟΛΕΚΤΟΜΗ, ΜΕΡΙΚΗ, ΜΕ ΚΟΛΟΠΡΩΚΤΟΣΤΟΜΙΑ (ΧΑΜΗΛΗ ΠΥΕ",Surgical,150,980
X668253,"ΚΟΛΕΚΤΟΜΗ, ΜΕΡΙΚΗ, ΚΟΙΛΙΑΚΗ ΚΑΙ ΔΙΑΠΡΩΚΤΙΚΗ ΠΡΟΣΕΓ",Surgical,210,1140
X668259,"ΚΟΛΕΚΤΟΜΗ, ΟΛΙΚΗ, ΚΟΙΛΙΑΚΗ, ΧΩΡΙΣ ΠΡΩΚΤΕΚΤΟΜΗ; ΜΕ ",Surgical,240,1620
X668261,"ΚΟΛΕΚΤΟΜΗ, ΟΛΙΚΗ, ΚΟΙΛΙΑΚΗ, ΧΩΡΙΣ ΠΡΩΚΤΕΚΤΟΜΗ, ΜΕ ",Surgical,150,1780
X668269,"ΚΟΛΕΚΤΟΜΗ, ΟΛΙΚΗ, ΚΟΙΛΙΑΚΗ, ΜΕ ΠΡΩΚΤΕΚΤΟΜΗ, ΜΕ ΕΙΛ",Surgical,240,2420
X668271,"ΚΟΛΕΚΤΟΜΗ, ΟΛΙΚΗ, ΚΟΙΛΙΑΚΗ, ΜΕ ΠΡΩΚΤΕΚΤΟΜΗ;, ΜΕ ΕΓ",Surgical,150,2580
X668273,"ΚΟΛΕΚΤΟΜΗ, ΟΛΙΚΗ, ΚΟΙΛΙΑΚΗ, ΜΕ ΠΡΩΚΤΕΚΤΟΜΗ, ΜΕ ΕΙΛ",Surgical,210,2740
X668275,"ΚΟΛΕΚΤΟΜΗ, ΟΛΙΚΗ, ΚΟΙΛΙΑΚΗ, ΜΕ ΠΡΩΚΤΕΚΤΟΜΗ, ΜΕ ΕΙΛ",Surgical,120,900
X668279,"ΚΟΛΕΚΤΟΜΗ, ΜΕΡΙΚΗ, ΜΕ ΑΦΑΙΡΕΣΗ ΤΟΥ ΤΕΛΙΚΟΥ ΕΙΛΕΟΥ ",Surgical,240,1220
X668319,"ΛΑΠΑΡΟΣΚΟΠΙΚΗ, ΧΕΙΡΟΥΡΓΙΚΗ, ΕΝΤΕΡΟΛΥΣΗ (ΛΥΣΗ ΕΝΤΕΡ",Surgical,80,1970
X668331,"ΛΑΠΑΡΟΣΚΟΠΗΣΗ, ΧΕΙΡΟΥΡΓΙΚΗ, ΝΗΣΤΙΔΟΣΤΟΜΙΑ (Π.Χ., Γ",Surgical,80,930
X668333,"ΛΑΠΑΡΟΣΚΟΠΗΣΗ, ΧΕΙΡΟΥΡΓΙΚΗ, ΕΙΛΕΟΣΤΟΜΙΑ Ή ΝΗΣΤΙΔΟΣ",Surgical,120,1090
X668335,"ΛΑΠΑΡΟΣΚΟΠΗΣΗ, ΧΕΙΡΟΥΡΓΙΚΗ, ΚΟΛΟΣΤΟΜΙΑ Ή ΔΕΡΜΑΤΙΚΗ",Surgical,160,1250
X668363,"ΛΑΠΑΡΟΣΚΟΠΗΣΗ, ΧΕΙΡΟΥΡΓΙΚΗ; ΕΝΤΕΡΕΚΤΟΜΗ, ΑΦΑΙΡΕΣΗ ",Surgical,210,1940
X668365,"ΛΑΠΑΡΟΣΚΟΠΗΣΗ, ΧΕΙΡΟΥΡΓΙΚΗ, ΚΑΘΕ ΕΠΙΠΡΟΣΘΕΤΗ ΑΦΑΙΡ",Surgical,120,2100
X668367,"ΛΑΠΑΡΟΣΚΟΠΗΣΗ, ΧΕΙΡΟΥΡΓΙΚΗ, ΚΟΛΕΚΤΟΜΗ, ΜΕΡΙΚΗ, ΜΕ ",Surgical,180,2260
X668369,"ΛΑΠΑΡΟΣΚΟΠΗΣΗ, ΧΕΙΡΟΥΡΓΙΚΗ, ΚΟΛΕΚΤΟΜΗ, ΜΕΡΙΚΗ, ΜΕ ",Surgical,240,2420
X668371,"ΛΑΠΑΡΟΣΚΟΠΗΣΗ, ΧΕΙΡΟΥΡΓΙΚΗ, ΚΟΛΕΚΤΟΜΗ, ΜΕΡΙΚΗ, ΜΕ ",Surgical,150,2580
X668373,"ΛΑΠΑΡΟΣΚΟΠΗΣΗ, ΧΕΙΡΟΥΡΓΙΚΗ, ΚΟΛΕΚΤΟΜΗ, ΜΕΡΙΚΗ, ΜΕ ",Surgical,210,2740
X668375,"ΛΑΠΑΡΟΣΚΟΠΗΣΗ, ΧΕΙΡΟΥΡΓΙΚΗ, ΚΟΛΕΚΤΟΜΗ, ΜΕΡΙΚΗ, ΜΕ ",Surgical,120,900
X668379,"ΛΑΠΑΡΟΣΚΟΠΗΣΗ, ΧΕΙΡΟΥΡΓΙΚΗ; ΚΟΛΕΚΤΟΜΗ, ΟΛΙΚΗ, ΚΟΙΛ",Surgical,240,1220
X668381,"ΛΑΠΑΡΟΣΚΟΠΗΣΗ, ΧΕΙΡΟΥΡΓΙΚΗ, ΚΟΛΕΚΤΟΜΗ, ΟΛΙΚΗ, ΚΟΙΛ",Surgical,150,1380
X668383,"ΛΑΠΑΡΟΣΚΟΠΗΣΗ, ΧΕΙΡΟΥΡΓΙΚΗ, ΚΟΛΕΚΤΟΜΗ, ΟΛΙΚΗ, ΚΟΙΛ",Surgical,210,1540
X668385,"ΛΑΠΑΡΟΣΚΟΠΗΣΗ, ΧΕΙΡΟΥΡΓΙΚΗ, ΚΙΝΗΤΟΠΟΙΗΣΗ ΤΗΣ ΣΠΛΗΝ",Surgical,120,1700
X668413,"ΛΑΠΑΡΟΣΚΟΠΗΣΗ, ΧΕΙΡΟΥΡΓΙΚΗ, ΣΥΓΚΛΕΙΣΗ ΤΗΣ ΕΝΤΕΡΟΣΤ",Surgical,210,1940
X668435,"ΜΗ ΚΑΤΑΓΕΓΡΑΜΜΕΝΗ ΕΠΕΜΒΑΣΗ ΛΑΠΑΡΟΣΚΟΠΗΣΗΣ, ΕΝΤΕΡΟ ",Surgical,120,1250
X668559,"ΤΟΠΟΘΕΤΗΣΗ , ΕΝΤΕΡΟΣΤΟΜΙΑ Ή ΤΥΦΛΟΣΤΟΜΙΑ, ΣΩΛΗΝΑΣ Α",Surgical,240,1170
X668579,"ΕΙΛΕΟΣΤΟΜΙΑ Ή ΝΗΣΤΙΔΟΣΤΟΜΙΑ, ΑΝΕΥ ΣΩΛΗΝΑ",Surgical,120,770
X668583,"ΑΠΟΚΑΤΑΣΤΑΣΗ ΕΙΛΕΟΣΤΟΜΙΑΣ, ΑΠΛΗ (ΕΠΑΝΟΡΘΩΣΗ ΕΠΙΦΑΝ",Surgical,80,1090
X668587,"ΑΠΟΚΑΤΑΣΤΑΣΗ ΕΙΛΕΟΣΤΟΜΙΑΣ, ΣΥΝΘΕΤΗ (ΑΝΑΚΑΤΑΣΚΕΥΗ Σ",Surgical,160,1410
X668591,ΕΓΚΡΑΤΗΣ ΕΙΛΕΟΣΤΟΜΙΑ (ΔΙΑΔΙΚΑΣΙΑ KOCK) (ΞΕΧΩΡΙΣΤΗ ,Surgical,120,1730
X668599,"ΚΟΛΟΣΤΟΜΙΑ Ή ΔΕΡΜΑΤΙΚΗ ΤΥΦΛΟΣΤΟΜΙΑ,",Surgical,160,2370
X668603,"ΚΟΛΟΣΤΟΜΙΑ Ή ΔΕΡΜΑΤΙΚΗ ΤΥΦΛΟΣΤΟΜΙΑ, ΜΕ ΠΟΛΛΑΠΛΕΣ Β",Surgical,120,690
X668639,"ΑΠΟΚΑΤΑΣΤΑΣΗ ΚΟΛΟΣΤΟΜΙΑΣ, ΑΠΛΗ (ΕΠΑΝΟΡΘΩΣΗ ΕΠΙΦΑΝΕ",Surgical,120,1570
X668649,"ΑΠΟΚΑΤΑΣΤΑΣΗ ΚΟΛΟΣΤΟΜΙΑΣ, ΣΥΝΘΕΤΗ (ΑΝΑΚΑΤΑΣΚΕΥΗ ΣΕ",Surgical,80,2370
X668651,"ΑΠΟΚΑΤΑΣΤΑΣΗ ΚΟΛΟΣΤΟΜΙΑΣ, ΜΕ ΑΠΟΚΑΤΑΣΤΑΣΗ ΚΗΛΗΣ ΠΑ",Surgical,120,530
X668679,ΕΝΤΕΡΟΣΚΟΠΗΣΗ ΝΗΣΤΙΔΑΣ ΜΕ Ή ΧΩΡΙΣ ΣΥΛΛΟΓΗ ΔΕΙΓΜΑΤΟ,Surgical,80,770
X668681,ΕΝΤΕΡΟΣΚΟΠΗΣΗ ΝΗΣΤΙΔΑΣ ΜΕ ΒΙΟΨΙΑ(ΕΣ),Surgical,120,930
X668685,ΕΝΤΕΡΟΣΚΟΠΗΣΗ ΝΗΣΤΙΔΑΣ ΜΕ ΑΦΑΙΡΕΣΗ ΞΕΝΟΥ ΣΩΜΑΤΟΣ,Surgical,120,1700
X668687,"ΕΝΤΕΡΟΣΚΟΠΗΣΗ ΝΗΣΤΙΔΑΣ ΜΕ ΑΦΑΙΡΕΣΗ ΟΓΚΟΥ(ΩΝ), ΠΟΛΥ",Surgical,180,1860
X668689,"ΕΝΤΕΡΟΣΚΟΠΗΣΗ ΝΗΣΤΙΔΑΣ ΜΕ ΑΦΑΙΡΕΣΗ ΟΓΚΟΥ(ΩΝ), ΠΟΛΥ",Surgical,240,2020
X668691,ΕΝΤΕΡΟΣΚΟΠΗΣΗ ΝΗΣΤΙΔΑΣ ΜΕ ΕΛΕΓΧΟ ΑΙΜΟΡΡΑΓΙΑΣ (Π.Χ.,Surgical,80,1730
X668697,"ΕΝΤΕΡΟΣΚΟΠΗΣΗ ΝΗΣΤΙΔΑΣ ΜΕ ΑΦΑΙΡΕΣΗ ΟΓΚΟΥ(ΩΝ), ΠΟΛΥ",Surgical,180,2660
X668699,ΕΝΤΕΡΟΣΚΟΠΗΣΗ ΝΗΣΤΙΔΑΣ ΜΕ ΕΙΣΑΓΩΓΗ ΕΝΔΟΠΡΟΘΕΣΗΣ (Μ,Surgical,120,2370
X668703,ΕΝΤΕΡΟΣΚΟΠΗΣΗ ΝΗΣΤΙΔΑΣ ΜΕ ΤΟΠΟΘΕΤΗΣΗ ΔΙΑΔΕΡΜΙΚΟΥ Σ,Surgical,80,690
X668705,ΕΝΤΕΡΟΣΚΟΠΗΣΗ ΝΗΣΤΙΔΑΣ ΜΕ ΜΕΤΑΤΡΟΠΗ ΤΗΣ ΔΙΑΔΕΡΜΙΚΗ,Surgical,120,850
X668711,ΕΝΤΕΡΟΣΚΟΠΗΣΗ ΕΙΛΕΟΥ ΜΕ Ή ΧΩΡΙΣ ΣΥΛΛΟΓΗ ΔΕΙΓΜΑΤΟΣ(,Surgical,120,1330
X668713,ΕΝΤΕΡΟΣΚΟΠΗΣΗ ΕΙΛΕΟΥ ΜΕ ΒΙΟΨΙΑ(ΕΣ),Surgical,160,1490
X668715,"ΕΝΤΕΡΟΣΚΟΠΗΣΗ ΕΙΛΕΟΥ ΜΕ ΕΛΕΓΧΟ ΑΙΜΟΡΡΑΓΙΑΣ (Π.Χ., ",Surgical,80,1650
X668717,ΕΝΤΕΡΟΣΚΟΠΗΣΗ ΕΙΛΕΟΥ ΜΕ ΕΙΣΑΓΩΓΗ ΕΝΔΟΠΡΟΘΕΣΗΣ (ΜΕ ,Surgical,120,1810
X668719,"ΕΙΛΕΟΣΚΟΠΗΣΗ, ΜΕΣΩ ΣΤΟΜΙΑΣ ΜΕ Ή ΧΩΡΙΣ ΣΥΛΛΟΓΗ ΔΕΙΓ",Surgical,160,1970
X668723,ΕΙΛΕΟΣΚΟΠΗΣΗ ΜΕΣΩ ΣΤΟΜΙΑΣ ΜΕ ΒΙΟΨΙΑ(ΕΣ),Surgical,120,2290
X668725,ΕΙΛΕΟΣΚΟΠΗΣΗ ΜΕΣΩ ΣΤΟΜΙΑΣ ΜΕ ΕΙΣΑΓΩΓΗ ΕΝΔΟΠΡΟΘΕΣΗΣ,Surgical,160,450
X668729,ΑΝΕΝΕΡΓΟΣ,Surgical,120,770
X668731,ΑΝΕΝΕΡΓΟΣ,Surgical,160,930
X668735,ΕΝΔΟΣΚΟΠΙΣΗ ΠΑΧΕΟΣ ΕΝΤΕΡΟΥ ΜΕΣΩ ΣΤΟΜΙΑΣ ΜΕ Ή ΧΩΡΙΣ,Surgical,120,1250
X668737,ΕΝΔΟΣΚΟΠΙΣΗ ΠΑΧΕΟΣ ΕΝΤΕΡΟΥ ΜΕΣΩ ΣΤΟΜΙΑΣ ΜΕ ΒΙΟΨΙΑ(,Surgical,160,1410
X668739,ΕΝΔΟΣΚΟΠΙΣΗ ΠΑΧΕΟΣ ΕΝΤΕΡΟΥ ΜΕΣΩ ΣΤΟΜΙΑΣ ΜΕ ΑΦΑΙΡΕΣ,Surgical,240,2020
X668741,ΕΝΔΟΣΚΟΠΙΣΗ ΠΑΧΕΟΣ ΕΝΤΕΡΟΥ ΜΕΣΩ ΣΤΟΜΙΑΣ ΜΕ ΕΛΕΓΧΟ ,Surgical,120,1730
X668743,ΕΝΔΟΣΚΟΠΙΣΗ ΠΑΧΕΟΣ ΕΝΤΕΡΟΥ ΜΕΣΩ ΣΤΟΜΙΑΣ ΜΕ ΑΦΑΙΡΕΣ,Surgical,210,2340
X668745,ΕΝΔΟΣΚΟΠΙΣΗ ΠΑΧΕΟΣ ΕΝΤΕΡΟΥ ΜΕΣΩ ΣΤΟΜΙΑΣ ΜΕ ΑΦΑΙΡΕΣ,Surgical,120,2500
X668747,ΕΝΔΟΣΚΟΠΙΣΗ ΠΑΧΕΟΣ ΕΝΤΕΡΟΥ ΜΕΣΩ ΣΤΟΜΙΑΣ ΜΕ ΑΦΑΙΡΕΣ,Surgical,180,2660
X668753,ΕΝΔΟΣΚΟΠΙΣΗ ΠΑΧΕΟΣ ΕΝΤΕΡΟΥ ΜΕΣΩ ΣΤΟΜΙΑΣ ΜΕ ΕΙΣΑΓΩΓ,Surgical,120,690
X668959,ΕΙΣΑΓΩΓΗ ΜΑΚΡΟΥ ΓΑΣΤΡΕΝΤΕΡΙΚΟΥ ΣΩΛΗΝΑ (Π.Χ. MILLER,Surgical,160,1170
X669163,ΣΥΡΡΑΦΗ ΛΕΠΤΟΥ ΕΝΤΕΡΟΥ (ΕΝΤΕΡΟΡΡΑΦΗ) ΓΙΑ ΔΙΑΤΙΤΡΑΙ,Surgical,80,1490
X669165,ΣΥΡΡΑΦΗ ΛΕΠΤΟΥ ΕΝΤΕΡΟΥ (ΕΝΤΕΡΟΡΡΑΦΗ) ΓΙΑ ΔΙΑΤΙΤΡΑΙ,Surgical,120,1650
X669167,ΣΥΡΡΑΦΗ ΠΑΧΕΟΣ ΕΝΤΕΡΟΥ (ΣΥΡΡΑΦΗ ΚΟΛΟΥ) ΓΙΑ ΔΙΑΤΙΤΡ,Surgical,160,1810
X669169,ΣΥΡΡΑΦΗ ΠΑΧΕΟΣ ΕΝΤΕΡΟΥ (ΣΥΡΡΑΦΗ ΚΟΛΟΥ) ΓΙΑ ΔΙΑΤΙΤΡ,Surgical,80,1970
X669189,ΠΛΑΣΤΙΚΗ ΣΤΕΝΩΣΗΣ ΕΝΤΕΡΟΥ (ΕΝΤΕΡΟΤΟΜΗ ΚΑΙ ΕΝΤΕΡΟΡΡ,Surgical,120,1570
X669199,"ΣΥΓΚΛΕΙΣΗ ΤΗΣ ΕΝΤΕΡΟΣΤΟΜΙΑΣ, ΠΑΧΥ Ή ΛΕΠΤΟ ΕΝΤΕΡΟ,",Surgical,80,2370
X669209,"ΣΥΓΚΛΕΙΣΗ ΤΗΣ ΕΝΤΕΡΟΣΤΟΜΙΑΣ, ΠΑΧΥ Ή ΛΕΠΤΟ ΕΝΤΕΡΟ, ",Surgical,240,1620
X669211,"ΣΥΓΚΛΕΙΣΗ ΤΗΣ ΕΝΤΕΡΟΣΤΟΜΙΑΣ, ΠΑΧΥ Ή ΛΕΠΤΟ ΕΝΤΕΡΟ, ",Surgical,150,1780
X669239,ΣΥΓΚΛΕΙΣΗ ΣΥΡΙΓΓΙΟΥ ΕΝΤΕΡΟΥ ΔΕΡΜΑΤΟΣ,Surgical,160,1570
X669259,ΣΥΓΚΛΕΙΣΗ ΕΝΤΕΡΟΕΝΤΕΡΙΚΟΥ Ή ΕΝΤΕΡΟΚΟΛΙΚΟΥ ΣΥΡΙΓΓΙΟ,Surgical,80,1170
X669279,ΣΥΓΚΛΕΙΣΗ ΕΝΤΕΡΟΚΥΣΤΙΚΟΥ ΣΥΡΙΓΓΙΟΥ. ΧΩΡΙΣ ΑΦΑΙΡΕΣΗ,Surgical,240,1220
X669281,ΣΥΓΚΛΕΙΣΗ ΕΝΤΕΡΟΚΥΣΤΙΚΟΥ ΣΥΡΙΓΓΙΟΥ. ΜΕ ΑΦΑΙΡΕΣΗ ΕΝ,Surgical,150,1380
X669319,ΕΝΤΕΡΙΚΗ ΠΤΥΧΩΣΗ (ΞΕΧΩΡΙΣΤΗ ΔΙΑΔΙΚΑΣΙΑ),Surgical,80,1970
X669359,ΑΠΟΚΛΕΙΣΜΟΣ ΛΕΠΤΟΥ ΕΝΤΕΡΟΥ ΑΠΟ ΤΗΝ ΠΥΕΛΟ ΜΕ ΠΛΕΓΜΑ,Surgical,160,1170
X669361,ΕΝΔΟΕΓΧΕΙΡΗΤΙΚΗ ΠΛΥΣΗ ΠΑΧΕΩΣ ΕΝΤΕΡΟΥ (ΑΝΑΓΡΑΦΕΤΑΙ ,Surgical,80,1330
X669389,ΤΥΠΙΚΗ ΠΡΟΕΤΟΙΜΑΣΙΑ ΑΛΛΟΜΟΣΧΕΥΜΑΤΟΣ ΕΝΤΕΡΟΥ ΑΠΟ ΖΩ,Surgical,240,2620
X669399,ΑΝΑΚΑΤΑΣΚΕΥΗ ΕΝΤΕΡΙΚΟΥ ΑΛΛΟΜΟΣΧΕΥΜΑΤΟΣ ΑΠΟ ΠΤΩΜΑΤΙ,Surgical,240,3420
X669401,ΑΝΑΚΑΤΑΣΚΕΥΗ ΕΝΤΕΡΙΚΟΥ ΑΛΛΟΜΟΣΧΕΥΜΑΤΟΣ ΑΠΟ ΠΤΩΜΑΤΙ,Surgical,150,1580
X669557,"ΜΗ ΚΑΤΑΓΕΓΡΑΜΜΕΝΗ ΔΙΑΔΙΚΑΣΙΑ, ΕΝΤΕΡΟ",Surgical,160,1010
X669559,ΕΚΤΟΜΗ ΕΚΚΟΛΠΩΜΑΤΟΣ MECKEL (ΕΚΚΟΛΠΩΜΑΤΕΚΤΟΜΗ) Ή ΟΜ,Surgical,240,1620
X669599,"ΕΚΤΟΜΗ ΜΕΣΕΝΤΕΡΙΚΗΣ ΒΛΑΒΗΣ, (ΞΕΧΩΡΙΣΤΗ ΕΠΕΜΒΑΣΗ)",Surgical,240,2820
X669659,ΣΥΡΡΑΦΗ ΜΕΣΕΝΤΕΡΙΟΥ (ΞΕΧΩΡΙΣΤΗ ΔΙΑΔΙΚΑΣΙΑ),Surgical,160,1170
X669757,"ΜΗ ΚΑΤΑΓΕΓΡΑΜΜΕΝΗ ΔΙΑΔΙΚΑΣΙΑ, ΕΚΚΟΛΠΩΜΑ MECKEL ΚΑΙ",Surgical,80,1010
X669759,ΤΟΜΗ ΚΑΙ ΠΑΡΟΧΕΤΕΥΣΗ ΑΠΟΣΤΗΜΑΤΟΣ ΣΚΩΛΗΚΟΕΙΔΟΥΣ. ΑΝ,Surgical,120,1170
X669761,ΤΟΜΗ ΚΑΙ ΠΑΡΟΧΕΤΕΥΣΗ ΑΠΟΣΤΗΜΑΤΟΣ ΣΚΩΛΗΚΟΕΙΔΟΥΣ. ΔΙ,Surgical,160,1330
X669859,ΣΚΩΛΗΚΟΕΙΔΕΚΤΟΜΗ.,Surgical,240,1620
X669869,ΣΚΩΛΗΚΟΕΙΔΕΚΤΟΜΗ. ΟΤΑΝ ΓΙΝΕΤΑΙ ΓΙΑ ΤΟΝ ΕΝΔΕΙΚΝΥΟΜΕ,Surgical,240,2420
X669879,"ΣΚΩΛΗΚΟΕΙΔΕΚΤΟΜΗ, ΓΙΑ ΔΙΕΡΡΗΓΜΕΝΗ ΣΚΩΛΗΚΟΕΙΔΗ ΑΠΟΦ",Surgical,240,1220
X669899,"ΛΑΠΑΡΟΣΚΟΠΗΣΗ, ΧΕΙΡΟΥΡΓΙΚΗ, ΣΚΩΛΗΚΟΕΙΔΕΚΤΟΜΗ",Surgical,240,2820
X669917,"ΜΗ ΚΑΤΑΓΕΓΡΑΜΜΕΝΗ ΔΙΑΔΙΚΑΣΙΑ ΛΑΠΑΡΟΣΚΟΠΗΣΗΣ, ΣΚΩΛΗ",Surgical,160,1810
X669959,ΔΙΟΡΘΙΚΗ ΠΑΡΟΧΕΤΕΥΣΗ ΠΥΕΛΙΚΟΥ ΑΠΟΣΤΗΜΑΤΟΣ,Surgical,160,1170
X669969,ΤΟΜΗ ΚΑΙ ΠΑΡΟΧΕΤΕΥΣΗ ΥΠΟΒΛΕΝΝΟΓΟΝΙΟΥ ΑΠΟΣΤΗΜΑΤΟΣ. ,Surgical,120,1970
X669999,"ΤΟΜΗ ΚΑΙ ΠΑΡΟΧΕΤΕΥΣΗ ΒΑΘΕΟΣ ΑΝΕΛΚΤΗΡΑ, ΠΥΕΛΟΟΡΘΙΚΟ",Surgical,120,2370
X670159,"ΒΙΟΨΙΑ ΟΡΘΟΠΡΩΚΤΙΚΟΥ ΤΟΙΧΩΜΑΤΟΣ, ΠΡΩΚΤΙΚΗ ΠΡΟΣΕΓΓΙ",Surgical,120,1170
X670175,ΟΡΘΟΠΡΩΚΤΙΚΗ ΜΥΕΚΤΟΜΗ,Surgical,120,900
X670179,"ΠΡΩΚΤΕΚΤΟΜΗ, ΠΛΗΡΗΣ, ΣΥΝΔΥΑΣΜΕΝΗ ΚΟΙΛΙΟΠΕΡΙΝΕΪΚΗ, ",Surgical,240,1220
X670181,"ΠΡΩΚΤΕΚΤΟΜΗ, ΜΕΡΙΚΗ ΕΚΤΟΜΗ ΟΡΘΟΥ, ΔΙΑΚΟΙΛΙΑΚΗ ΠΡΟΣ",Surgical,150,1380
X670183,"ΠΡΩΚΤΕΚΤΟΜΗ, ΣΥΝΔΥΑΣΜΕΝΗ ΚΟΙΛΙΟΠΕΡΙΝΕΪΚΗ, ΔΙΑΔΙΚΑΣ",Surgical,210,1540
X670185,"ΠΡΩΚΤΕΚΤΟΜΗ, ΜΕΡΙΚΗ, ΜΕ ΒΛΕΝΝΕΚΤΟΜΗ ΤΟΥ ΟΡΘΟΥ, ΕΙΛ",Surgical,120,1700
X670187,"ΠΡΩΚΤΕΚΤΟΜΗ, ΜΕΡΙΚΗ, ΜΕ ΑΝΑΣΤΟΜΩΣΗ, ΚΟΙΛΙΑΚΗ ΚΑΙ Ο",Surgical,180,1860
X670191,"ΠΡΩΚΤΕΚΤΟΜΗ, ΜΕΡΙΚΗ, ΜΕ ΑΝΑΣΤΟΜΩΣΗ, ΠΡΟΣΠΕΛΑΣΗ ΜΟΝ",Surgical,150,2180
X670197,"ΠΡΩΚΤΕΚΤΟΜΗ, ΣΥΝΔΥΑΣΜΕΝΗ ΚΟΙΛΙΟΠΕΡΙΝΕΪΚΗ, ΔΙΑΔΙΚΑΣ",Surgical,180,2660
X670199,"ΠΡΩΚΤΕΚΤΟΜΗ, ΠΛΗΡΗΣ (ΓΙΑ ΣΥΓΓΕΝΕΣ ΜΕΓΑΚΟΛΟ), ΚΟΙΛΙ",Surgical,240,2820
X670201,"ΠΡΩΚΤΕΚΤΟΜΗ, ΠΛΗΡΗΣ (ΓΙΑ ΣΥΓΓΕΝΕΣ ΜΕΓΑΚΟΛΟ), ΚΟΙΛΙ",Surgical,150,980
X670205,"ΠΡΩΚΤΕΚΤΟΜΗ, ΜΕΡΙΚΗ, ΧΩΡΙΣ ΑΝΑΣΤΟΜΩΣΗ, ΠΕΡΙΝΕΪΚΗ Π",Surgical,120,1300
X670211,"ΠΥΕΛΙΚΗ ΕΞΕΝΤΕΡΩΣΗ ΓΙΑ ΟΡΘΟΚΟΛΙΚΗ ΚΑΚΟΗΘΕΙΑ, ΜΕ ΠΡ",Surgical,150,1780
X670219,"ΕΚΤΟΜΗ ΠΡΟΠΤΩΣΗΣ ΟΡΘΟΥ, ΜΕ ΑΝΑΣΤΟΜΩΣΗ. ΠΕΡΙΝΕΪΚΗ Π",Surgical,240,2420
X670229,"ΕΚΤΟΜΗ ΠΡΟΠΤΩΣΗΣ ΟΡΘΟΥ, ΜΕ ΑΝΑΣΤΟΜΩΣΗ. ΚΟΙΛΙΑΚΗ ΚΑ",Surgical,240,1220
X670231,ΕΚΤΟΜΗ ΕΙΛΕΟΠΡΩΚΤΙΚΗΣ ΔΕΞΑΜΕΝΗΣ ΜΕ ΕΙΛΕΟΣΤΟΜΙΑ,Surgical,150,1380
X670259,ΔΙΑΝΟΙΞΗ ΣΤΕΝΩΣΗΣ ΟΡΘΟΥ,Surgical,80,1170
X670279,"ΕΚΤΟΜΗ ΟΓΚΟΥ ΟΡΘΟΥ ΜΕ ΠΡΩΚΤΟΤΟΜΗ, ΔΙΑ ΤΟΥ ΙΕΡΟΥ ΟΣ",Surgical,240,1220
X670299,"ΕΚΤΟΜΗ ΟΓΚΟΥ ΟΡΘΟΥ, ΔΙΑΠΡΩΚΤΙΚΗ ΠΡΟΣΠΕΛΑΣΗ",Surgical,240,2820
X670339,ΚΑΤΑΣΤΡΟΦΗ ΟΓΚΟΥ ΟΡΘΟΥ (Π.Χ. ΑΦΥΔΑΤΩΣΗ ΜΕ ΧΡΗΣΗ ΗΛ,Surgical,240,2020
X670559,ΟΡΘΟΣΙΓΜΟΕΙΔΟΣΚΟΠΗΣΗ ΜΕ ΑΚΑΜΠΤΟ ΕΝΔΟΣΚΟΠΙΟ ΜΕ Ή ΧΩ,Surgical,80,1170
X670565,ΟΡΘΟΣΙΓΜΟΕΙΔΟΣΚΟΠΗΣΗ ΜΕ ΑΚΑΜΠΤΟ ΕΝΔΟΣΚΟΠΙΟ ΜΕ ΔΙΑΣ,Surgical,80,1650
X670569,ΟΡΘΟΣΙΓΜΟΕΙΔΟΣΚΟΠΗΣΗ ΜΕ ΑΚΑΜΠΤΟ ΕΝΔΟΣΚΟΠΙΟ ΜΕ ΒΙΟΨ,Surgical,160,1970
X670573,ΟΡΘΟΣΙΓΜΟΕΙΔΟΣΚΟΠΗΣΗ ΜΕ ΑΚΑΜΠΤΟ ΕΝΔΟΣΚΟΠΙΟ ΜΕ ΑΦΑΙ,Surgical,210,2740
X670575,ΟΡΘΟΣΙΓΜΟΕΙΔΟΣΚΟΠΗΣΗ ΜΕ ΑΚΑΜΠΤΟ ΕΝΔΟΣΚΟΠΙΟ ΜΕ ΑΦΑΙ,Surgical,120,900
X670577,ΟΡΘΟΣΙΓΜΟΕΙΔΟΣΚΟΠΗΣΗ ΜΕ ΑΚΑΜΠΤΟ ΕΝΔΟΣΚΟΠΙΟ ΜΕ ΑΦΑΙ,Surgical,180,1060
X670589,ΟΡΘΟΣΙΓΜΟΕΙΔΟΣΚΟΠΗΣΗ ΜΕ ΑΚΑΜΠΤΟ ΕΝΔΟΣΚΟΠΙΟ ΜΕ ΑΦΑΙ,Surgical,240,2020
X670593,ΟΡΘΟΣΙΓΜΟΕΙΔΟΣΚΟΠΗΣΗ ΜΕ ΑΚΑΜΠΤΟ ΕΝΔΟΣΚΟΠΙΟ ΜΕ ΕΛΕΓ,Surgical,160,1890
X670599,ΟΡΘΟΣΙΓΜΟΕΙΔΟΣΚΟΠΗΣΗ ΜΕ ΑΚΑΜΠΤΟ ΕΝΔΟΣΚΟΠΙΟ ΜΕ ΑΦΑΙ,Surgical,240,2820
X670601,ΟΡΘΟΣΙΓΜΟΕΙΔΟΣΚΟΠΗΣΗ ΜΕ ΑΚΑΜΠΤΟ ΕΝΔΟΣΚΟΠΙΟ ΜΕ ΑΠΟΚ,Surgical,80,530
X670613,ΑΝΕΝΕΡΓΟΣ,Surgical,80,1490
X670619,ΕΝΔΟΣΚΟΠΗΣΗ ΠΑΧΕΟΣ ΕΝΤΕΡΟΥ ΜΕ ΕΥΚΑΜΠΤΟ ΟΡΓΑΝΟ ΜΕΧΡ,Surgical,80,1970
X670621,ΕΝΔΟΣΚΟΠΗΣΗ ΠΑΧΕΟΣ ΕΝΤΕΡΟΥ ΜΕ ΕΥΚΑΜΠΤΟ ΟΡΓΑΝΟ ΜΕΧΡ,Surgical,120,2130
X670623,ΕΝΔΟΣΚΟΠΗΣΗ ΠΑΧΕΟΣ ΕΝΤΕΡΟΥ ΜΕ ΕΥΚΑΠΤΟ ΟΡΓΑΝΟ ΜΕΧΡΙ,Surgical,210,2740
X670625,ΕΝΔΟΣΚΟΠΗΣΗ ΠΑΧΕΟΣ ΕΝΤΕΡΟΥ ΜΕ ΕΥΚΑΜΠΤΟ ΟΡΓΑΝΟ ΜΕΧΡ,Surgical,120,900
X670627,ΕΝΔΟΣΚΟΠΗΣΗ ΠΑΧΕΟΣ ΕΝΤΕΡΟΥ ΜΕ ΕΥΚΑΠΤΟ ΟΡΓΑΝΟ ΜΕΧΡΙ,Surgical,120,610
X670629,ΕΝΔΟΣΚΟΠΗΣΗ ΠΑΧΕΟΣ ΕΝΤΕΡΟΥ ΜΕ ΕΥΚΑΠΤΟ ΟΡΓΑΝΟ ΜΕΧΡΙ,Surgical,160,770
X670633,ΕΝΔΟΣΚΟΠΗΣΗ ΠΑΧΕΟΣ ΕΝΤΕΡΟΥ ΜΕ ΕΥΚΑΠΤΟ ΟΡΓΑΝΟ ΜΕΧΡΙ,Surgical,120,1090
X670635,ΕΝΔΟΣΚΟΠΗΣΗ ΠΑΧΕΟΣ ΕΝΤΕΡΟΥ ΜΕ ΕΥΚΑΠΤΟ ΟΡΓΑΝΟ ΜΕΧΡΙ,Surgical,120,1700
X670637,ΕΝΔΟΣΚΟΠΗΣΗ ΠΑΧΕΟΣ ΕΝΤΕΡΟΥ ΜΕ ΕΥΚΑΠΤΟ ΟΡΓΑΝΟ ΜΕΧΡΙ,Surgical,180,1860
X670639,ΕΝΔΟΣΚΟΠΗΣΗ ΠΑΧΕΟΣ ΕΝΤΕΡΟΥ ΜΕ ΕΥΚΑΠΤΟ ΟΡΓΑΝΟ ΜΕΧΡΙ,Surgical,120,1570
X670641,ΕΝΔΟΣΚΟΠΗΣΗ ΠΑΧΕΟΣ ΕΝΤΕΡΟΥ ΜΕ ΕΥΚΑΠΤΟ ΟΡΓΑΝΟ ΜΕΧΡΙ,Surgical,160,1730
X670643,ΕΝΔΟΣΚΟΠΗΣΗ ΠΑΧΕΟΣ ΕΝΤΕΡΟΥ ΜΕ ΕΥΚΑΠΤΟ ΟΡΓΑΝΟ ΜΕΧΡΙ,Surgical,80,1890
X670649,ΕΝΔΟΣΚΟΠΗΣΗ ΠΑΧΕΟΣ ΕΝΤΕΡΟΥ ΜΕ ΕΥΚΑΠΤΟ ΟΡΓΑΝΟ ΜΕΧΡΙ,Surgical,80,2370
X670669,ΕΝΔΟΣΚΟΠΗΣΗ ΠΑΧΕΟΣ ΕΝΤΕΡΟΥ ΜΕ ΕΥΚΑΠΤΟ ΟΡΓΑΝΟ ΔΙΑΚΟ,Surgical,120,1970
X670715,ΕΝΔΟΣΚΟΠΗΣΗ ΠΑΧΕΟΣ ΕΝΤΕΡΟΥ ΜΕ ΕΥΚΑΜΠΤΟ ΟΡΓΑΝΟ ΜΕΧΡ,Surgical,80,1650
X670717,ΕΝΔΟΣΚΟΠΗΣΗ ΠΑΧΕΟΣ ΕΝΤΕΡΟΥ ΜΕ ΕΥΚΑΠΤΟ ΟΡΓΑΝΟ ΜΕΧΡΙ,Surgical,180,2260
X670719,ΕΝΔΟΣΚΟΠΗΣΗ ΠΑΧΕΟΣ ΕΝΤΕΡΟΥ ΜΕ ΕΥΚΑΜΠΤΟ ΟΡΓΑΝΟ ΜΕΧΡ,Surgical,160,1970
X670721,ΕΝΔΟΣΚΟΠΗΣΗ ΠΑΧΕΟΣ ΕΝΤΕΡΟΥ ΜΕ ΕΥΚΑΠΤΟ ΟΡΓΑΝΟ ΜΕΧΡΙ,Surgical,80,2130
X670723,ΕΝΔΟΣΚΟΠΗΣΗ ΠΑΧΕΟΣ ΕΝΤΕΡΟΥ ΜΕ ΕΥΚΑΠΤΟ ΟΡΓΑΝΟ ΜΕΧΡΙ,Surgical,120,2290
X670725,ΕΝΔΟΣΚΟΠΗΣΗ ΠΑΧΕΟΣ ΕΝΤΕΡΟΥ ΜΕ ΕΥΚΑΜΠΤΟ ΟΡΓΑΝΟ ΜΕΧΡ,Surgical,120,900
X670727,ΕΝΔΟΣΚΟΠΗΣΗ ΠΑΧΕΟΣ ΕΝΤΕΡΟΥ ΜΕ ΕΥΚΑΠΤΟ ΟΡΓΑΝΟ ΜΕΧΡΙ,Surgical,180,1060
X670729,ΕΝΔΟΣΚΟΠΗΣΗ ΠΑΧΕΟΣ ΕΝΤΕΡΟΥ ΜΕ ΕΥΚΑΠΤΟ ΟΡΓΑΝΟ ΜΕΧΡΙ,Surgical,240,1220
X670731,ΕΝΔΟΣΚΟΠΗΣΗ ΠΑΧΕΟΣ ΕΝΤΕΡΟΥ ΜΕ ΕΥΚΑΠΤΟ ΟΡΓΑΝΟ ΜΕΧΡΙ,Surgical,160,930
X670733,ΕΝΔΟΣΚΟΠΗΣΗ ΠΑΧΕΟΣ ΕΝΤΕΡΟΥ ΜΕ ΕΥΚΑΠΤΟ ΟΡΓΑΝΟ ΜΕΧΡΙ,Surgical,80,1090
X670741,ΕΝΔΟΣΚΟΠΗΣΗ ΠΑΧΕΟΣ ΕΝΤΕΡΟΥ ΜΕ ΕΥΚΑΠΤΟ ΟΡΓΑΝΟ ΜΕΧΡΙ,Surgical,120,1730
X670743,ΕΝΔΟΣΚΟΠΗΣΗ ΠΑΧΕΟΣ ΕΝΤΕΡΟΥ ΜΕ ΕΥΚΑΠΤΟ ΟΡΓΑΝΟ ΜΕΧΡΙ,Surgical,160,1890
X670749,"ΛΑΠΑΡΟΣΚΟΠΗΣΗ, ΧΕΙΡΟΥΡΓΙΚΗ, ΠΡΩΚΤΕΚΤΟΜΗ, ΠΛΗΡΗΣ, Σ",Surgical,240,2820
X670753,"ΛΑΠΑΡΟΣΚΟΠΗΣΗ, ΧΕΙΡΟΥΡΓΙΚΗ, ΠΡΩΚΤΕΚΤΟΜΗ, ΣΥΝΔΥΑΣΜΕ",Surgical,210,1140
X670759,"ΛΑΠΑΡΟΣΚΟΠΗΣΗ, ΧΕΙΡΟΥΡΓΙΚΗ, ΠΡΩΚΤΟΠΗΞΙΑ (ΓΙΑ ΠΡΟΠΤ",Surgical,120,1170
X670763,"ΛΑΠΑΡΟΣΚΟΠΗΣΗ, ΧΕΙΡΟΥΡΓΙΚΗ, ΠΡΩΚΤΟΠΗΞΙΑ (ΓΙΑ ΠΡΟΠΤ",Surgical,210,1940
X670957,"ΜΗ ΚΑΤΑΓΕΓΡΑΜΜΕΝΗ ΔΙΑΔΙΚΑΣΙΑ ΛΑΠΑΡΟΣΚΟΠΗΣΗΣ, ΟΡΘΟ",Surgical,120,1010
X670959,"ΠΡΩΚΤΟΠΛΑΣΤΙΚΗ, ΓΙΑ ΣΤΕΝΩΣΗ",Surgical,160,1170
X670969,"ΠΡΩΚΤΟΠΛΑΣΤΙΚΗ, ΓΙΑ ΠΡΟΠΤΩΣΗ ΒΛΕΝΝΟΓΟΝΟΥ",Surgical,120,1970
X670999,ΠΕΡΙΟΡΘΙΚΗ ΕΓΧΥΣΗ ΣΚΛΗΡΥΝΤΙΚΟΥ ΔΙΑΛΥΜΑΤΟΣ ΓΙΑ ΠΡΟΠ,Surgical,120,2370
X671039,"ΠΡΩΚΤΟΠΗΞΙΑ (Π.Χ. ΓΙΑ ΠΡΟΠΤΩΣΗ), ΚΟΙΛΙΑΚΗ ΠΡΟΣΕΓΓΙ",Surgical,120,1570
X671041,"ΠΡΩΚΤΟΠΗΞΙΑ (Π.Χ. ΓΙΑ ΠΡΟΠΤΩΣΗ), ΠΕΡΙΝΕΪΚΗ ΠΡΟΣΕΓΓ",Surgical,160,1730
X671059,"ΠΡΩΚΤΟΠΗΞΙΑ (Π.Χ. ΓΙΑ ΠΡΟΠΤΩΣΗ), ΜΕ ΕΚΤΟΜΗ ΣΙΓΜΟΕΙ",Surgical,240,1620
X671079,ΑΠΟΚΑΤΑΣΤΑΣΗ ΟΡΘΟΚΗΛΗΣ (ΞΕΧΩΡΙΣΤΗ ΔΙΑΔΙΚΑΣΙΑ),Surgical,80,770
X671083,"ΔΙΕΡΕΥΝΗΣΗ, ΑΠΟΚΑΤΑΣΤΑΣΗ ΚΑΙ ΠΡΟΪΕΡΑ ΠΑΡΟΧΕΤΕΥΣΗ Γ",Surgical,160,1090
X671085,"ΔΙΕΡΕΥΝΗΣΗ, ΑΠΟΚΑΤΑΣΤΑΣΗ ΚΑΙ ΠΡΟΪΕΡΑ ΠΑΡΟΧΕΤΕΥΣΗ Γ",Surgical,80,1250
X671559,"ΣΥΓΚΛΕΙΣΗ ΟΡΘΟΚΥΣΤΙΚΟΥ ΣΥΡΙΓΓΙΟΥ,",Surgical,80,1170
X671569,ΣΥΓΚΛΕΙΣΗ ΟΡΘΟΚΥΣΤΙΚΟΥ ΣΥΡΙΓΓΙΟΥ· ΜΕ ΚΟΛΟΣΤΟΜΙΑ,Surgical,160,1970
X671599,"ΣΥΓΚΛΕΙΣΗ ΟΡΘΟΟΥΡΗΘΡΙΚΟΥ ΣΥΡΙΓΓΙΟΥ,",Surgical,160,2370
X671609,ΣΥΓΚΛΕΙΣΗ ΟΡΘΟΟΥΡΗΘΡΙΚΟΥ ΣΥΡΙΓΓΙΟΥ· ΜΕ ΚΟΛΟΣΤΟΜΙΑ,Surgical,120,1170
X671759,ΑΠΟΚΑΤΑΣΤΑΣΗ ΠΡΟΠΤΩΣΗΣ (ΞΕΧΩΡΙΣΤΗ ΔΙΑΔΙΚΑΣΙΑ) ΥΠΟ ,Surgical,120,1170
X671769,ΔΙΑΣΤΟΛΗ ΠΡΩΚΤΙΚΟΥ ΣΦΙΓΚΤΗΡΑ (ΞΕΧΩΡΙΣΤΗ ΔΙΑΔΙΚΑΣΙΑ,Surgical,80,1970
X671779,ΔΙΑΣΤΟΛΗ ΠΡΩΚΤΙΚΗΣ ΣΤΕΝΩΣΗΣ (ΞΕΧΩΡΙΣΤΗ ΔΙΑΔΙΚΑΣΙΑ),Surgical,160,770
X671789,ΑΦΑΙΡΕΣΗ ΕΝΣΦΗΝΩΜΕΝΩΝ ΚΟΠΡΑΝΩΝ Ή ΞΕΝΟΥ ΣΩΜΑΤΟΣ (ΞΕ,Surgical,240,2020
X671939,"ΟΡΘΟΠΡΩΚΤΙΚΗ ΕΞΕΤΑΣΗ, ΧΕΙΡΟΥΡΓΙΚΗ, ΑΠΑΙΤΕΙ ΑΝΑΙΣΘΗ",Surgical,120,1570
X671957,"ΜΗ ΚΑΤΑΓΕΓΡΑΜΜΕΝΗ ΔΙΑΔΙΚΑΣΙΑ, ΟΡΘΟ",Surgical,120,1010
X671999,ΤΟΠΟΘΕΤΗΣΗ SETON,Surgical,120,2370
X672019,"ΑΦΑΙΡΕΣΗ ΠΡΩΚΤΙΚΟΥ SETON, ΑΛΛΟΣ ΔΕΙΚΤΗΣ",Surgical,240,2420
X672039,ΤΟΜΗ ΚΑΙ ΠΑΡΟΧΕΤΕΥΣΗ ΙΣΧΙΟΡΘΙΚΟΥ ΚΑΙ/Ή ΠΕΡΙΟΡΘΙΚΟΥ,Surgical,120,1570
X672049,"ΤΟΜΗ ΚΑΙ ΠΑΡΟΧΕΤΕΥΣΗ ΕΝΔΟΤΟΙΧΩΜΑΤΙΚΟΥ, ΕΝΔΟΜΥΪΚΟΥ ",Surgical,80,2370
X672059,"ΤΟΜΗ ΚΑΙ ΠΑΡΟΧΕΤΕΥΣΗ, ΠΕΡΙΠΡΩΚΤΙΚΟ ΑΠΟΣΤΗΜΑ, ΕΠΙΦΑ",Surgical,160,1170
X672079,ΤΟΜΗ ΚΑΙ ΠΑΡΟΧΕΤΕΥΣΗ ΙΣΧΙΟΡΘΙΚΟΥ Ή ΕΝΔΟΤΟΙΧΩΜΑΤΙΚΟ,Surgical,240,1220
X672099,"ΤΟΜΗ, ΠΡΩΚΤΙΚΟ ΔΙΑΦΡΑΓΜΑ (ΒΡΕΦΗ)",Surgical,120,2370
X672119,"ΣΦΙΓΚΤΗΡΕΚΤΟΜΗ, ΠΡΩΚΤΙΚΗ, ΔΙΑΧΩΡΙΣΜΟΣ ΤΟΥ ΣΦΙΓΚΤΗΡ",Surgical,240,2420
X672125,"ΤΟΜΗ ΘΡΟΜΒΩΜΕΝΗΣ ΑΙΜΟΡΡΟΪΔΑΣ, ΕΞΩΤΕΡΙΚΗ",Surgical,160,450
X672359,"ΕΚΤΟΜΗ ΡΑΓΑΔΑΣ, ΜΕ Ή ΧΩΡΙΣ ΣΦΙΓΚΤΗΡΟΤΟΜΗ",Surgical,240,1620
X672379,"ΚΡΥΠΤΕΚΤΟΜΗ, ΜΙΑ",Surgical,240,1220
X672381,"ΚΡΥΠΤΕΚΤΟΜΗ, ΠΟΛΛΑΠΛΕΣ (ΞΕΧΩΡΙΣΤΗ ΔΙΑΔΙΚΑΣΙΑ)",Surgical,150,1380
X672399,"ΘΗΛΩΜΑΤΕΚΤΟΜΗ Ή ΕΚΤΟΜΗ ΜΙΑΣ ΡΑΓΑΔΑΣ, ΠΡΩΚΤΟΣ (ΞΕΧΩ",Surgical,240,2820
X672401,"ΑΙΜΟΡΡΟΪΔΕΚΤΟΜΗ, ΜΕ ΑΠΛΗ ΠΕΡΙΔΕΣΗ (Π.Χ. ΠΛΑΣΤΙΚΟΣ ",Surgical,150,980
X672419,ΕΚΤΟΜΗ ΕΞΩΤΕΡΙΚΩΝ ΥΠΕΡΤΡΟΦΙΚΩΝ ΑΙΜΟΡΡΟΪΔΩΝ ΚΑΙ/'Η ,Surgical,240,2420
X672459,"ΑΙΜΟΡΡΟΪΔΕΚΤΟΜΗ, ΕΞΩΤΕΡΙΚΗ, ΠΛΗΡΗΣ",Surgical,240,1620
X672469,"ΑΙΜΟΡΡΟΪΔΕΚΤΟΜΗ, ΕΣΩΤΕΡΙΚΗ ΚΑΙ ΕΞΩΤΕΡΙΚΗ, ΑΠΛΗ.",Surgical,240,2420
X672473,"ΑΙΜΟΡΡΟΪΔΕΚΤΟΜΗ, ΕΣΩΤΕΡΙΚΗ ΚΑΙ ΕΞΩΤΕΡΙΚΗ, ΑΠΛΗ. ΜΕ",Surgical,210,2740
X672475,"ΑΙΜΟΡΡΟΪΔΕΚΤΟΜΗ, ΕΣΩΤΕΡΙΚΗ ΚΑΙ ΕΞΩΤΕΡΙΚΗ, ΑΠΛΗ. ΜΕ",Surgical,120,900
X672479,"ΑΙΜΟΡΡΟΪΔΕΚΤΟΜΗ, ΕΣΩΤΕΡΙΚΗ ΚΑΙ ΕΞΩΤΕΡΙΚΗ, ΣΥΝΘΕΤΗ ",Surgical,240,1220
X672481,"ΑΙΜΟΡΡΟΪΔΕΚΤΟΜΗ, ΕΣΩΤΕΡΙΚΗ ΚΑΙ ΕΞΩΤΕΡΙΚΗ, ΣΥΝΘΕΤΗ ",Surgical,150,1380
X672483,"ΑΙΜΟΡΡΟΪΔΕΚΤΟΜΗ, ΕΣΩΤΕΡΙΚΗ ΚΑΙ ΕΞΩΤΕΡΙΚΗ, ΣΥΝΘΕΤΗ ",Surgical,210,1540
X672499,ΧΕΙΡΟΥΡΓΙΚΗ ΘΕΡΑΠΕΙΑ ΣΥΡΙΓΓΙΟΥ ΠΡΩΚΤΟΥ (ΣΥΡΙΓΓΙΕΚΤ,Surgical,240,2820
X672509,ΧΕΙΡΟΥΡΓΙΚΗ ΘΕΡΑΠΕΙΑ ΣΥΡΙΓΓΙΟΥ ΠΡΩΚΤΟΥ (ΣΥΡΙΓΓΙΕΚΤ,Surgical,240,1620
X672519,ΧΕΙΡΟΥΡΓΙΚΗ ΘΕΡΑΠΕΙΑ ΣΥΡΙΓΓΙΟΥ ΠΡΩΚΤΟΥ (ΣΥΡΙΓΓΙΕΚΤ,Surgical,240,2420
X672529,ΧΕΙΡΟΥΡΓΙΚΗ ΘΕΡΑΠΕΙΑ ΣΥΡΙΓΓΙΟΥ ΠΡΩΚΤΟΥ (ΣΥΡΙΓΓΙΕΚΤ,Surgical,240,1220
X672535,ΣΥΓΚΛΕΙΣΗ ΠΡΩΚΤΙΚΟΥ ΣΥΡΙΓΓΙΟΥ ΜΕ ΚΡΗΜΝΟ,Surgical,80,1250
X672599,ΕΚΠΥΡΗΝΩΣΗ Ή ΕΚΤΟΜΗ ΕΞΩΤΕΡΙΚΩΝ ΘΡΟΜΒΩΜΕΝΩΝ ΑΙΜΟΡΡΟ,Surgical,240,2820
X672959,"ΕΓΧΥΣΗ ΣΚΛΗΡΥΝΤΙΚΟΥ ΔΙΑΛΥΜΑΤΟΣ, ΑΙΜΟΡΡΟΪΔΕΣ",Surgical,160,1170
X672969,ΧΗΜΙΚΗ ΑΠΟΝΕΥΡΩΣΗ ΕΣΩ ΠΡΩΚΤΙΚΟΥ ΣΦΙΓΚΤΗΡΑ,Surgical,120,1970
X673159,"ΠΡΩΚΤΟΣΚΟΠΗΣΗ, ΔΙΑΓΝΩΣΤΙΚΗ, ΜΕ Ή ΧΩΡΙΣ ΣΥΛΛΟΓΗ ΔΕΙ",Surgical,120,1170
X673167,"ΠΡΩΚΤΟΣΚΟΠΗΣΗ, ΜΕ ΔΙΑΣΤΟΛΗ (Π.Χ. ΑΕΡΟΘΑΛΑΜΟ, ΟΔΗΓΟ",Surgical,160,1810
X673171,"ΠΡΩΚΤΟΣΚΟΠΗΣΗ, ΜΕ ΒΙΟΨΙΑ, ΜΙΑ Ή ΠΟΛΛΑΠΛΕΣ",Surgical,120,2130
X673175,"ΠΡΩΚΤΟΣΚΟΠΗΣΗ, ΜΕ ΑΦΑΙΡΕΣΗ ΞΕΝΟΥ ΣΩΜΑΤΟΣ",Surgical,120,900
X673179,"ΠΡΩΚΤΟΣΚΟΠΗΣΗ, ΜΕ ΑΦΑΙΡΕΣΗ ΟΓΚΟΥ, ΠΟΛΥΠΟΔΑ Ή ΑΛΛΗΣ",Surgical,240,1220
X673181,"ΠΡΩΚΤΟΣΚΟΠΗΣΗ, ΜΕ ΑΦΑΙΡΕΣΗ ΟΓΚΟΥ, ΠΟΛΥΠΟΔΑ Ή ΑΛΛΗΣ",Surgical,150,1380
X673183,"ΠΡΩΚΤΟΣΚΟΠΗΣΗ, ΜΕ ΑΦΑΙΡΕΣΗ ΠΟΛΛΑΠΛΩΝ ΟΓΚΩΝ, ΠΟΛΥΠΟ",Surgical,210,1540
X673187,"ΠΡΩΚΤΟΣΚΟΠΗΣΗ, ΜΕ ΕΛΕΓΧΟ ΑΙΜΟΡΡΑΓΙΑΣ (Π.Χ. ΕΓΧΥΣΗ,",Surgical,80,1410
X673189,"ΠΡΩΚΤΟΣΚΟΠΗΣΗ. ΜΕ ΚΑΤΑΣΤΡΟΦΗ ΟΓΚΟΥ(ΩΝ), ΠΟΛΥΠΟΔΑ(Ω",Surgical,240,2020
X673359,"ΠΡΩΚΤΟΠΛΑΣΤΙΚΗ, ΠΛΑΣΤΙΚΗ ΕΓΧΕΙΡΗΣΗ ΓΙΑ ΣΤΕΝΩΣΗ, ΕΝ",Surgical,160,1170
X673369,"ΠΡΩΚΤΟΠΛΑΣΤΙΚΗ, ΠΛΑΣΤΙΚΗ ΕΓΧΕΙΡΗΣΗ ΓΙΑ ΣΤΕΝΩΣΗ, ΒΡ",Surgical,120,1970
X673371,ΑΠΟΚΑΤΑΣΤΑΣΗ ΠΡΩΚΤΙΚΟΥ ΣΥΡΙΓΓΙΟΥ ΜΕ ΚΟΛΛΑ ΙΝΩΔΟΥΣ,Surgical,160,2130
X673379,"ΑΠΟΚΑΤΑΣΤΑΣΗ ΕΙΛΕΟΠΡΩΚΤΙΚΟΥ ΣΥΡΙΓΓΙΟΥ/ΚΟΛΠΟΥ, ΚΟΛΠ",Surgical,80,770
X673383,ΑΠΟΚΑΤΑΣΤΑΣΗ ΕΙΛΕΟΠΡΩΚΤΙΚΟΥ ΣΥΡΙΓΓΙΟΥ/ΚΟΛΠΟΥ ΚΟΛΠΩ,Surgical,160,1090
X673389,ΑΠΟΚΑΤΑΣΤΑΣΗ ΧΑΜΗΛΗΣ ΑΤΡΗΣΙΑΣ ΠΡΩΚΤΟΥ. ΜΕ ΠΡΩΚΤΟΠΕ,Surgical,160,1570
X673391,ΑΠΟΚΑΤΑΣΤΑΣΗ ΧΑΜΗΛΗΣ ΑΤΡΗΣΙΑΣ ΠΡΩΚΤΟΥ. ΜΕ ΜΕΤΑΤΟΠΙ,Surgical,80,1730
X673419,ΑΠΟΚΑΤΑΣΤΑΣΗ ΥΨΗΛΗΣ ΑΤΡΗΣΙΑΣ ΠΡΩΚΤΟΥ ΧΩΡΙΣ ΣΥΡΙΓΓΙ,Surgical,160,1970
X673429,ΑΠΟΚΑΤΑΣΤΑΣΗ ΥΨΗΛΗΣ ΑΤΡΗΣΙΑΣ ΠΡΩΚΤΟΥ ΧΩΡΙΣ ΣΥΡΙΓΓΙ,Surgical,120,770
X673439,ΑΠΟΚΑΤΑΣΤΑΣΗ ΥΨΗΛΗΣ ΑΤΡΗΣΙΑΣ ΠΡΩΚΤΟΥ ΜΕ ΟΡΘΟΟΥΡΗΘΡ,Surgical,80,1570
X673443,ΑΠΟΚΑΤΑΣΤΑΣΗ ΥΨΗΛΗΣ ΑΤΡΗΣΙΑΣ ΠΡΩΚΤΟΥ ΜΕ ΟΡΘΟΟΥΡΗΘΡ,Surgical,160,1890
X673447,ΑΠΟΚΑΤΑΣΤΑΣΗ ΑΝΩΜΑΛΙΑΣ ΚΛΟΑΚΗΣ ΜΕ ΠΡΩΚΤΟΡΘΟΚΟΛΠΙΚΗ,Surgical,120,2210
X673451,ΑΠΟΚΑΤΑΣΤΑΣΗ ΑΝΩΜΑΛΙΑΣ ΚΛΟΑΚΗΣ ΜΕ ΠΡΩΚΤΟΡΘΟΚΟΛΠΙΚΗ,Surgical,80,530
X673455,ΑΠΟΚΑΤΑΣΤΑΣΗ ΑΝΩΜΑΛΙΑΣ ΚΛΟΑΚΗΣ ΜΕ ΠΡΩΚΤΟΡΘΟΚΟΛΠΙΚΗ,Surgical,160,850
X673459,"ΣΦΙΓΚΤΗΡΟΠΛΑΣΤΙΚΗ, ΠΡΩΚΤΙΚΗ, ΓΙΑ ΑΚΡΑΤΕΙΑ Ή ΠΡΟΠΤΩ",Surgical,120,1170
X673461,"ΣΦΙΓΚΤΗΡΟΠΛΑΣΤΙΚΗ, ΠΡΩΚΤΙΚΗ, ΓΙΑ ΑΚΡΑΤΕΙΑ Ή ΠΡΟΠΤΩ",Surgical,160,1330
X673465,ΜΟΣΧΕΥΜΑ (ΕΓΧΕΙΡΗΣΗ THIERSCH) ΓΙΑ ΟΡΘΙΚΗ ΑΚΡΑΤΕΙΑ ,Surgical,120,1650
X673467,"ΑΦΑΙΡΕΣΗ ΣΥΡΜΑΤΟΣ THIERSCH Ή ΡΑΜΜΑΤΟΣ, ΠΡΩΚΤΙΚΟ ΚΑ",Surgical,180,2260
X673479,"ΣΦΙΓΚΤΗΡΟΠΛΑΣΤΙΚΗ, ΠΡΩΚΤΙΚΗ, ΓΙΑ ΑΚΡΑΤΕΙΑ, ΕΝΗΛΙΚΕ",Surgical,240,1820
X673481,"ΣΦΙΓΚΤΗΡΟΠΛΑΣΤΙΚΗ, ΠΡΩΚΤΙΚΗ, ΓΙΑ ΑΚΡΑΤΕΙΑ, ΕΝΗΛΙΚΕ",Surgical,80,930
X673483,"ΣΦΙΓΚΤΗΡΟΠΛΑΣΤΙΚΗ, ΠΡΩΚΤΙΚΗ, ΓΙΑ ΑΚΡΑΤΕΙΑ, ΕΝΗΛΙΚΕ",Surgical,210,2140
X673759,"ΚΑΤΑΣΤΡΟΦΗ ΒΛΑΒΗΣ(ΩΝ), ΠΡΩΚΤΟΣ (ΠΧ, ΚΟΝΔΥΛΩΜΑ, ΘΗΛ",Surgical,120,1170
X673779,"ΚΑΤΑΣΤΡΟΦΗ ΒΛΑΒΗΣ(ΩΝ), ΠΡΩΚΤΟΣ (ΠΧ, ΚΟΝΔΥΛΩΜΑ, ΘΗΛ",Surgical,160,770
X673791,"ΚΑΤΑΣΤΡΟΦΗ ΒΛΑΒΗΣ(ΩΝ), ΠΡΩΚΤΟΣ (ΠΧ, ΚΟΝΔΥΛΩΜΑ, ΘΗΛ",Surgical,160,1730
X673793,"ΚΑΤΑΣΤΡΟΦΗ ΒΛΑΒΗΣ(ΩΝ), ΠΡΩΚΤΟΣ (ΠΧ, ΚΟΝΔΥΛΩΜΑ, ΘΗΛ",Surgical,80,1890
X673803,"ΚΑΤΑΣΤΡΟΦΗ ΒΛΑΒΗΣ(ΩΝ), ΠΡΩΚΤΟΣ (ΠΧ, ΚΟΝΔΥΛΩΜΑ, ΘΗΛ",Surgical,210,1140
X673807,"ΚΑΤΑΣΤΡΟΦΗ ΒΛΑΒΗΣ(ΩΝ), ΠΡΩΚΤΟΣ (ΠΧ, ΚΟΝΔΥΛΩΜΑ, ΘΗΛ",Surgical,120,1010
X673819,ΚΑΤΑΣΤΡΟΦΗ ΕΣΩΤΕΡΙΚΩΝ ΑΙΜΟΡΡΟΪΔΩΝ ΜΕ ΘΕΡΜΙΚΗ ΕΝΕΡΓ,Surgical,120,1970
X673833,ΚΡΥΟΧΕΙΡΟΥΡΓΙΚΗ ΟΡΘΙΚΟΥ ΟΓΚΟΥ. ΚΑΛΟΗΘΟΥΣ,Surgical,160,1090
X673835,ΚΡΥΟΧΕΙΡΟΥΡΓΙΚΗ ΟΡΘΙΚΟΥ ΟΓΚΟΥ. ΚΑΚΟΗΘΟΥΣ,Surgical,80,1250
X673839,"ΑΠΟΞΕΣΗ Ή ΚΑΥΤΗΡΙΑΣΗ ΠΡΩΚΤΙΚΗΣ ΡΑΓΑΔΑΣ, ΣΥΜΠΕΡΙΛΑΜ",Surgical,160,1570
X673843,"ΑΠΟΞΕΣΗ Ή ΚΑΥΤΗΡΙΑΣΗ ΠΡΩΚΤΙΚΗΣ ΡΑΓΑΔΑΣ, ΣΥΜΠΕΡΙΛΑΜ",Surgical,120,1890
X673849,"ΑΠΟΛΙΝΩΣΗ ΕΣΩΤΕΡΙΚΩΝ ΑΙΜΟΡΡΟΪΔΩΝ, ΜΙΑ ΔΙΑΔΙΚΑΣΙΑ",Surgical,120,2370
X673851,"ΑΠΟΛΙΝΩΣΗ ΕΣΩΤΕΡΙΚΩΝ ΑΙΜΟΡΡΟΪΔΩΝ, ΠΟΛΛΑΠΛΕΣ ΔΙΑΔΙΚ",Surgical,160,530
X673853,ΑΙΜΟΡΡΟΪΔΟΠΗΞΙΑ (Π.Χ. ΓΙΑ ΠΡΟΠΤΩΣΗ ΕΣΩΤΕΡΙΚΩΝ ΑΙΜΟ,Surgical,80,690
X673957,"ΜΗ ΚΑΤΑΓΕΓΡΑΜΜΕΝΗ ΔΙΑΔΙΚΑΣΙΑ, ΠΡΩΚΤΟΣ",Surgical,120,1010
X673959,"ΒΙΟΨΙΑ ΗΠΑΤΟΣ, ΔΙΑΔΕΡΜΙΚΗ. ΒΕΛΟΝΗ",Surgical,160,1170
X673961,"ΒΙΟΨΙΑ ΗΠΑΤΟΣ, ΒΕΛΟΝΗ, ΟΤΑΝ ΓΙΝΕΤΑΙ ΓΙΑ ΤΟΝ ΕΝΔΕΙΚ",Surgical,80,1330
X673979,"ΗΠΑΤΟΤΟΜΗ, ΓΙΑ ΑΝΟΙΧΤΗ ΠΑΡΟΧΕΤΕΥΣΗ ΑΠΟΣΤΗΜΑΤΟΣ Ή Κ",Surgical,80,770
X673981,"ΗΠΑΤΟΤΟΜΗ, ΓΙΑ ΔΙΑΔΕΡΜΙΚΗ ΠΑΡΟΧΕΤΕΥΣΗ ΑΠΟΣΤΗΜΑΤΟΣ ",Surgical,120,930
X673989,"ΛΑΠΑΡΟΤΟΜΙΑ, ΜΕ ΑΝΑΡΡΟΦΗΣΗ ΚΑΙ/Ή ΕΓΧΥΣΗ ΟΥΣΙΑΣ ΕΠΙ",Surgical,160,1570
X674159,"ΒΙΟΨΙΑ ΗΠΑΤΟΣ, ΣΦΗΝΟΕΙΔΗΣ",Surgical,120,1170
X674199,"ΗΠΑΤΕΚΤΟΜΗ, ΕΚΤΟΜΗ ΗΠΑΤΟΣ, ΜΕΡΙΚΗ ΛΟΒΕΚΤΟΜΗ",Surgical,240,2820
X674203,"ΗΠΑΤΕΚΤΟΜΗ, ΕΚΤΟΜΗ ΗΠΑΤΟΣ, ΕΚΤΟΜΗ ΤΡΙΩΝ ΤΜΗΜΑΤΩΝ",Surgical,210,1140
X674209,"ΗΠΑΤΕΚΤΟΜΗ, ΕΚΤΟΜΗ ΗΠΑΤΟΣ, ΟΛΙΚΗ ΑΡΙΣΤΕΡΗ ΛΟΒΕΚΤΟΜ",Surgical,240,1620
X674219,"ΗΠΑΤΕΚΤΟΜΗ, ΕΚΤΟΜΗ ΗΠΑΤΟΣ, ΟΛΙΚΗ ΔΕΞΙΑ ΛΟΒΕΚΤΟΜΗ",Surgical,240,2420
X674225,ΗΠΑΤΕΚΤΟΜΗ ΔΟΤΗ (ΣΥΜΠΕΡΙΛΑΜΒΑΝΟΜΕΝΗΣ ΚΡΥΟΣΥΝΤΗΡΗΣΗ,Surgical,120,900
X674229,"ΑΛΛΟΜΕΤΑΜΟΣΧΕΥΣΗ ΗΠΑΤΟΣ, ΟΡΘΟΤΟΠΙΚΗ, ΜΕΡΙΚΗ Ή ΟΛΙΚ",Surgical,240,1820
X674231,"ΑΛΛΟΜΕΤΑΜΟΣΧΕΥΣΗ ΗΠΑΤΟΣ, ΕΤΕΡΟΤΟΠΗ, ΜΕΡΙΚΗ Ή ΟΛΙΚΗ",Surgical,150,1980
X674239,ΗΠΑΤΕΚΤΟΜΗ ΔΟΤΗ (ΣΥΜΠΕΡΙΛΑΜΒΑΝΟΜΕΝΗΣ ΚΡΥΟΣΥΝΤΗΡΗΣΗ,Surgical,240,2020
X674241,ΗΠΑΤΕΚΤΟΜΗ ΔΟΤΗ (ΣΥΜΠΕΡΙΛΑΜΒΑΝΟΜΕΝΗΣ ΚΡΥΟΣΥΝΤΗΡΗΣΗ,Surgical,150,2180
X674243,ΗΠΑΤΕΚΤΟΜΗ ΔΟΤΗ (ΣΥΜΠΕΡΙΛΑΜΒΑΝΟΜΕΝΗΣ ΚΡΥΟΣΥΝΤΗΡΗΣΗ,Surgical,210,2340
X674245,ΤΥΠΙΚΗ ΠΡΟΕΤΟΙΜΑΣΙΑ ΠΛΗΡΟΥΣ ΜΟΣΧΕΥΜΑΤΟΣ ΗΠΑΤΟΣ ΑΠΟ,Surgical,120,3100
X674247,ΤΥΠΙΚΗ ΠΡΟΕΤΟΙΜΑΣΙΑ ΠΛΗΡΟΥΣ ΜΟΣΧΕΥΜΑΤΟΣ ΗΠΑΤΟΣ ΑΠΟ,Surgical,180,3260
X674249,ΤΥΠΙΚΗ ΠΡΟΕΤΟΙΜΑΣΙΑ ΠΛΗΡΟΥΣ ΜΟΣΧΕΥΜΑΤΟΣ ΗΠΑΤΟΣ ΑΠΟ,Surgical,240,3420
X674251,ΤΥΠΙΚΗ ΑΝΑΚΑΤΑΣΚΕΥΗ ΜΟΣΧΕΥΜΑΤΟΣ ΗΠΑΤΟΣ ΑΠΟ ΠΤΩΜΑΤΙ,Surgical,150,1580
X674253,ΤΥΠΙΚΗ ΑΝΑΚΑΤΑΣΚΕΥΗ ΜΟΣΧΕΥΜΑΤΟΣ ΗΠΑΤΟΣ ΑΠΟ ΠΤΩΜΑΤΙ,Surgical,210,1740
X674559,ΜΑΡΣΙΠΟΠΟΙΗΣΗ ΚΥΣΤΗΣ Ή ΑΠΟΣΤΗΜΑΤΟΣ ΗΠΑΤΟΣ,Surgical,80,1170
X674659,"ΑΝΤΙΜΕΤΩΠΙΣΗ ΗΠΑΤΙΚΗΣ ΑΙΜΟΡΡΑΓΙΑΣ, ΑΠΛΗ ΣΥΡΡΑΦΗ ΤΡ",Surgical,160,1170
X674679,"ΑΝΤΙΜΕΤΩΠΙΣΗ ΗΠΑΤΙΚΗΣ ΑΙΜΟΡΡΑΓΙΑΣ, ΣΥΝΘΕΤΗ ΣΥΡΡΑΦΗ",Surgical,80,770
X674681,ΑΝΤΙΜΕΤΩΠΙΣΗ ΗΠΑΤΙΚΗΣ ΑΙΜΟΡΡΑΓΙΑΣ. ΔΙΕΡΕΥΝΗΣΗ ΗΠΑΤ,Surgical,120,930
X674683,ΑΝΤΙΜΕΤΩΠΙΣΗ ΗΠΑΤΙΚΗΣ ΑΙΜΟΡΡΑΓΙΑΣ. ΕΠΑΝΑΔΙΕΡΕΥΝΗΣΗ,Surgical,210,1540
X674699,"ΛΑΠΑΡΟΣΚΟΠΗΣΗ, ΧΕΙΡΟΥΡΓΙΚΗ, ΑΦΑΙΡΕΣΗ ΕΝΟΣ Ή ΠΕΡΙΣΣ",Surgical,240,2820
X674701,"ΛΑΠΑΡΟΣΚΟΠΗΣΗ, ΧΕΙΡΟΥΡΓΙΚΗ, ΑΦΑΙΡΕΣΗ ΕΝΟΣ Ή ΠΕΡΙΣΣ",Surgical,150,980
X674717,"ΜΗ ΚΑΤΑΓΕΓΡΑΜΜΕΝΗ ΔΙΑΔΙΚΑΣΙΑ ΛΑΠΑΡΟΣΚΟΠΗΣΗΣ, ΗΠΑΡ",Surgical,120,1810
X674719,ΑΝΟΙΧΤΗ ΑΦΑΙΡΕΣΗ ΕΝΟΣ Ή ΠΕΡΙΣΣΟΤΕΡΩΝ ΗΠΑΤΙΚΩΝ ΟΓΚΩ,Surgical,240,2420
X674721,ΑΝΟΙΧΤΗ ΑΦΑΙΡΕΣΗ ΕΝΟΣ Ή ΠΕΡΙΣΣΟΤΕΡΩΝ ΗΠΑΤΙΚΩΝ ΟΓΚΩ,Surgical,150,2580
X674723,ANOIXTH ΑΦΑΙΡΕΣΗ 1 Ή ΠΕΡΙΣΣΟΤΕΡΩΝ ΗΠΑΤΙΚΟΥ(ΩΝ) ΟΓΚ,Surgical,210,2740
X674757,"ΜΗ ΚΑΤΑΓΕΓΡΑΜΜΕΝΗ ΔΙΑΔΙΚΑΣΙΑ, ΗΠΑΡ",Surgical,80,1010
X674759,"ΤΟΜΗ Ή ΣΤΟΜΙΑ ΗΠΑΤΙΚΟΥ ΠΟΡΟΥ ΜΕ ΔΙΕΡΕΥΝΗΣΗ, ΠΑΡΟΧΕ",Surgical,240,1620
X674799,"ΧΟΛΗΔΟΧΟΤΟΜΗ Ή ΧΟΛΗΔΟΧΟΣΤΟΜΙΑ ΜΕ ΔΙΕΡΕΥΝΗΣΗ, ΠΑΡΟΧ",Surgical,240,2820
X674809,"ΧΟΛΗΔΟΧΟΤΟΜΗ Ή ΧΟΛΗΔΟΧΟΣΤΟΜΙΑ ΜΕ ΔΙΕΡΕΥΝΗΣΗ, ΠΑΡΟΧ",Surgical,240,1620
X674879,ΔΙΑΔΩΔΕΚΑΔΑΚΤΥΛΙΚΗ ΣΦΙΓΚΤΗΡΕΚΤΟΜΗ Ή ΣΦΙΓΚΤΗΡΟΠΛΑΣΤ,Surgical,240,1220
X674919,"ΧΟΛΟΚΥΣΤΟΤΟΜΗ Ή ΧΟΛΟΚΥΣΤΟΣΤΟΜΙΑ ΜΕ ΔΙΕΡΕΥΝΗΣΗ, ΠΑΡ",Surgical,240,2420
X674939,ΔΙΑΔΕΡΜΙΚΗ ΧΟΛΟΚΥΣΤΟΣΤΟΜΙΑ,Surgical,120,1570
X674959,ΔΙΑΔΙΚΑΣΙΑ ΕΓΧΥΣΗΣ ΓΙΑ ΔΙΑΔΕΡΜΙΚΗ ΔΙΗΠΑΤΙΚΗ ΧΟΛΑΓΓ,Surgical,160,1170
X674969,ΔΙΑΔΙΚΑΣΙΑ ΕΓΧΥΣΗΣ ΓΙΑ ΧΟΛΑΓΓΕΙΟΓΡΑΦΙΑ ΜΕΣΩ ΥΠΑΡΧΟ,Surgical,120,1970
X674979,ΕΙΣΑΓΩΓΗ ΔΙΑΔΕΡΜΙΚΟΥ ΔΙΗΠΑΤΙΚΟΥ ΚΑΘΕΤΗΡΑ ΓΙΑ ΠΑΡΟΧ,Surgical,80,770
X674981,ΕΙΣΑΓΩΓΗ ΔΙΑΔΕΡΜΙΚΟΥ ΔΙΗΠΑΤΙΚOY ΣΤΕΝΤ ΓΙΑ ΕΣΩΤΕΡΙΚ,Surgical,120,930
X675009,ΑΛΛΑΓΗ ΔΙΑΔΕΡΜΙΚΟΥ ΚΑΘΕΤΗΡΑ ΠΑΡΟΧΕΤΕΥΣΗΣ ΤΩΝ ΧΟΛΗΦ,Surgical,120,1170
X675019,ΑΝΑΘΕΩΡΗΣΗ ΚΑΙ/Ή ΕΠΑΝΕΙΣΑΓΩΓΗ ΔΙΗΠΑΤΙΚΟΥ ΣΩΛΗΝΑ,Surgical,80,1970
X675059,"ΕΝΔΟΣΚΟΠΗΣΗ ΤΩΝ ΧΟΛΗΦΟΡΩΝ ΠΟΡΩΝ, ΕΝΔΕΓΧΕΙΡΗΤΙΚΗ (Χ",Surgical,160,1170
X675063,"ΕΝΔΟΣΚΟΠΗΣΗ ΤΩΝ ΧΟΛΗΦΟΡΩΝ ΠΟΡΩΝ, ΔΙΑΔΕΡΜΙΚΗ ΜΕΣΩ Σ",Surgical,120,1490
X675065,"ΕΝΔΟΣΚΟΠΗΣΗ ΤΩΝ ΧΟΛΗΦΟΡΩΝ ΠΟΡΩΝ, ΔΙΑΔΕΡΜΙΚΗ ΜΕΣΩ Σ",Surgical,160,1650
X675067,"ΕΝΔΟΣΚΟΠΗΣΗ ΤΩΝ ΧΟΛΗΦΟΡΩΝ ΠΟΡΩΝ, ΔΙΑΔΕΡΜΙΚΗ ΜΕΣΩ Σ",Surgical,180,2260
X675069,"ΕΝΔΟΣΚΟΠΗΣΗ ΤΩΝ ΧΟΛΗΦΟΡΩΝ ΠΟΡΩΝ, ΔΙΑΔΕΡΜΙΚΗ ΜΕΣΩ Σ",Surgical,120,1970
X675071,"ΕΝΔΟΣΚΟΠΗΣΗ ΤΩΝ ΧΟΛΗΦΟΡΩΝ ΠΟΡΩΝ, ΔΙΑΔΕΡΜΙΚΗ ΜΕΣΩ Τ",Surgical,160,2130
X675079,"ΛΑΠΑΡΟΣΚΟΠΗΣΗ ΧΕΙΡΟΥΡΓΙΚΗ, ΜΕ ΚΑΘΟΔΗΓΟΥΜΕΝΗ ΔΙΗΠΑΤ",Surgical,80,770
X675081,"ΛΑΠΑΡΟΣΚΟΠΗΣΗ ΧΕΙΡΟΥΡΓΙΚΗ, ΜΕ ΚΑΘΟΔΗΓΟΥΜΕΝΗ ΔΙΗΠΑΤ",Surgical,120,930
X675083,"ΛΑΠΑΡΟΣΚΟΠΗΣΗ, ΧΕΙΡΟΥΡΓΙΚΗ, ΧΟΛΟΚΥΣΤΕΚΤΟΜΗ",Surgical,210,1540
X675085,"ΛΑΠΑΡΟΣΚΟΠΗΣΗ, ΧΕΙΡΟΥΡΓΙΚΗ, ΧΟΛΟΚΥΣΤΕΚΤΟΜΗ ΜΕ ΧΟΛΑ",Surgical,120,1700
X675087,"ΛΑΠΑΡΟΣΚΟΠΗΣΗ, ΧΕΙΡΟΥΡΓΙΚΗ, ΧΟΛΟΚΥΣΤΕΚΤΟΜΗ ΜΕ ΔΙΕΡ",Surgical,180,1860
X675099,"ΛΑΠΑΡΟΣΚΟΠΗΣΗ, ΧΕΙΡΟΥΡΓΙΚΗ, ΧΟΛΟΚΥΣΤΕΝΤΕΡΟΣΤΟΜΙΑ",Surgical,120,2370
X675117,"ΜΗ ΚΑΤΑΓΕΓΡΑΜΜΕΝΗ ΔΙΑΔΙΚΑΣΙΑ ΛΑΠΑΡΟΣΚΟΠΗΣΗΣ, ΧΟΛΗΦ",Surgical,120,1810
X675159,ΧΟΛΟΚΥΣΤΕΚΤΟΜΗ,Surgical,240,1620
X675169,"ΧΟΛΟΚΥΣΤΕΚΤΟΜΗ, ΜΕ ΧΟΛΑΓΓΕΙΟΓΡΑΦΙΑ",Surgical,240,2420
X675179,"ΧΟΛΟΚΥΣΤΕΚΤΟΜΗ ΜΕ ΔΙΕΡΕΥΝΗΣΗ ΤΟΥ ΚΟΙΝΟΥ ΠΟΡΟΥ,",Surgical,240,1220
X675183,"ΧΟΛΟΚΥΣΤΕΚΤΟΜΗ ΜΕ ΔΙΕΡΕΥΝΗΣΗ ΤΟΥ ΚΟΙΝΟΥ ΠΟΡΟΥ, ΜΕ ",Surgical,210,1540
X675199,"ΧΟΛΟΚΥΣΤΕΚΤΟΜΗ ΜΕ ΔΙΕΡΕΥΝΗΣΗ ΤΟΥ ΚΟΙΝΟΥ ΠΟΡΟΥ, ΜΕ ",Surgical,240,2820
X675219,"ΕΞΑΓΩΓΗ ΛΙΘΟΥ ΧΟΛΗΦΟΡΟΥ ΠΟΡΟΥ, ΔΙΑΔΕΡΜΙΚΗ ΜΕΣΩ ΤΟΥ",Surgical,120,1970
X675359,"ΔΙΕΡΕΥΝΗΣΗ ΓΙΑ ΣΥΓΓΕΝΗ ΑΤΡΗΣΙΑ ΧΟΛΗΦΟΡΩΝ ΠΟΡΩΝ, ΧΩ",Surgical,160,1170
X675361,ΠΟΡΤΟΕΝΤΕΡΟΣΤΟΜΙΑ (Π.Χ. ΔΙΑΔΙΚΑΣΙΑ KASAI),Surgical,80,1330
X675381,"ΕΚΤΟΜΗ ΟΓΚΟΥ ΧΟΛΗΦΟΡΩΝ ΠΟΡΩΝ, ΜΕ Ή ΧΩΡΙΣ ΠΡΩΤΕΥΟΥΣ",Surgical,150,1380
X675383,"ΕΚΤΟΜΗ ΟΓΚΟΥ ΧΟΛΗΦΟΡΩΝ ΠΟΡΩΝ, ΜΕ Ή ΧΩΡΙΣ ΠΡΩΤΕΥΟΥΣ",Surgical,210,1540
X675389,ΕΚΤΟΜΗ ΧΟΛΗΔΟΧΟΥ ΚΥΣΤΗΣ,Surgical,240,2020
X675399,"ΧΟΛΟΚΥΣΤΕΝΤΕΡΟΣΤΟΜΙΑ, ΑΜΕΣΗ",Surgical,120,2370
X675401,"ΧΟΛΟΚΥΣΤΕΝΤΕΡΟΣΤΟΜΙΑ, ΜΕ ΓΑΣΤΡΕΝΤΕΡΟΣΤΟΜΙΑ",Surgical,160,530
X675439,"ΧΟΛΟΚΥΣΤΕΝΤΕΡΟΣΤΟΜΙΑ, ΤΥΠΟΥ ROUX-EN-Y",Surgical,80,1570
X675441,"ΧΟΛΟΚΥΣΤΕΝΤΕΡΟΣΤΟΜΙΑ, ΤΥΠΟΥ ROUX-EN-Y ΜΕ ΓΑΣΤΡΕΝΤΕ",Surgical,120,1730
X675479,ΑΝΑΣΤΟΜΩΣΗ ΕΞΩΗΠΑΤΙΚΩΝ ΧΟΛΗΦΟΡΩΝ ΠΟΡΩΝ ΚΑΙ ΓΑΣΤΡΕΝ,Surgical,160,1220
X675489,ΑΝΑΣΤΟΜΩΣΗ ΕΝΔΟΗΠΑΤΙΚΩΝ ΧΟΛΗΦΟΡΩΝ ΠΟΡΩΝ ΚΑΙ ΓΑΣΤΡΕ,Surgical,120,2020
X675519,"ΑΝΑΣΤΟΜΩΣΗ, ΤΥΠΟΥ ROUX-EN-Y, ΕΞΩΗΠΑΤΙΚΩΝ ΧΟΛΗΦΟΡΩΝ",Surgical,120,2420
X675529,"ΑΝΑΣΤΟΜΩΣΗ, ΤΥΠΟΥ ROUX-EN-Y, ΕΝΔΟΗΠΑΤΙΚΩΝ ΧΟΛΗΦΟΡΩ",Surgical,80,1220
X675559,"ΑΝΑΚΑΤΑΣΚΕΥΗ, ΠΛΑΣΤΙΚΗ, ΕΞΩΗΠΑΤΙΚΩΝ ΧΟΛΗΦΟΡΩΝ ΠΟΡΩ",Surgical,80,1620
X675561,ΤΟΠΟΘΕΤΗΣΗ ΣΤΕΝΤ ΧΟΛΗΔΟΧΟΥ,Surgical,120,1330
X675563,ΗΠΑΤΙΚΟΕΝΤΕΡΟΣΤΟΜΙΑ ΤΥΠΟΥ ΣΩΛΗΝΑ-U,Surgical,160,1490
X675759,ΣΥΡΡΑΦΗ ΕΞΩΗΠΑΤΙΚΟΥ ΧΟΛΗΦΟΡΟΥ ΠΟΡΟΥ ΓΙΑ ΠΡΟΓΕΝΕΣΤΕ,Surgical,120,1170
X675957,"ΜΗ ΚΑΤΑΓΕΓΡΑΜΜΕΝΗ ΔΙΑΔΙΚΑΣΙΑ, ΧΟΛΗΦΟΡΟΣ ΠΟΡΟΣ",Surgical,120,1010
X675959,"ΤΟΠΟΘΕΤΗΣΗ ΠΑΡΟΧΕΤΕΥΣEΩΝ, ΠΕΡΙΠΑΓΚΡΕΑΤΙΚΗ, ΓΙΑ ΟΞΕ",Surgical,160,1170
X675961,"ΤΟΠΟΘΕΤΗΣΗ ΠΑΡΟΧΕΤΕΥΣΕΩΝ, ΠΕΡΙΠΑΓΚΡΕΑΤΙΚΗ, ΓΙΑ ΟΞΕ",Surgical,150,1780
X675999,ΑΦΑΙΡΕΣΗ ΠΑΓΚΡΕΑΤΙΚΟΥ ΛΙΘΟΥ,Surgical,240,2820
X676159,"ΒΙΟΨΙΑ ΠΑΓΚΡΕΑΤΟΣ, ΑΝΟΙΚΤΗ (Π.Χ. ΑΝΑΡΡΟΦΗΣΗ ΜΕ ΛΕΠ",Surgical,240,1170
X676163,"ΒΙΟΨΙΑ ΠΑΓΚΡΕΑΤΟΣ, ΔΙΑΔΕΡΜΙΚΗ ΒΕΛΟΝΗ",Surgical,80,1490
X676169,ΕΚΤΟΜΗ Ή ΧΕΙΡΟΥΡΓΙΚΟΣ ΚΑΘΑΡΙΣΜΟΣ ΠΑΓΚΡΕΑΤΟΣ ΚΑΙ ΠΕ,Surgical,240,2420
X676199,"ΕΚΤΟΜΗ ΒΛΑΒΗΣ ΠΑΓΚΡΕΑΤΟΣ (Π.Χ. ΚΥΣΤΗ, ΑΔΕΝΩΜΑ)",Surgical,240,2820
X676239,"ΠΑΓΚΡΕΑΤΕΚΤΟΜΗ, ΠΕΡΙΦΕΡΙΚΗ ΥΦΟΛΙΚΗ, ΜΕ Ή ΧΩΡΙΣ ΣΠΛ",Surgical,240,2020
X676249,"ΠΑΓΚΡΕΑΤΕΚΤΟΜΗ, ΠΕΡΙΦΕΡΙΚΗ ΥΦΟΛΙΚΗ, ΜΕ Ή ΧΩΡΙΣ ΣΠΛ",Surgical,240,2820
X676251,"ΠΑΓΚΡΕΑΤΕΚΤΟΜΗ, ΠΕΡΙΦΕΡΙΚΗ, ΣΧΕΔΟΝ ΟΛΙΚΗ ΜΕ ΔΙΑΤΗΡ",Surgical,150,980
X676255,ΕΚΤΟΜΗ ΦΥΜΑΤΟΣ ΤΟΥ VATER,Surgical,120,1300
X676259,"ΠΑΓΚΡΕΑΤΕΚΤΟΜΗ, ΕΓΓΥΣ ΥΦΟΛΙΚΗ ΜΕ ΟΛΙΚΗ ΔΩΔΕΚΑΔΑΚΤΥ",Surgical,240,1620
X676263,"ΠΑΓΚΡΕΑΤΕΚΤΟΜΗ, ΕΓΓΥΣ ΥΦΟΛΙΚΗ ΜΕ ΟΛΙΚΗ ΔΩΔΕΚΑΔΑΚΤΥ",Surgical,210,1940
X676265,"ΠΑΓΚΡΕΑΤΕΚΤΟΜΗ, ΕΓΓΥΣ ΥΦΟΛΙΚΗ ΜΕ ΣΧΕΔΟΝ ΟΛΙΚΗ ΔΩΔΕ",Surgical,120,2100
X676267,"ΠΑΓΚΡΕΑΤΕΚΤΟΜΗ, ΕΓΓΥΣ ΥΦΟΛΙΚΗ ΜΕ ΣΧΕΔΟΝ ΟΛΙΚΗ ΔΩΔΕ",Surgical,180,2260
X676269,"ΠΑΓΚΡΕΑΤΕΚΤΟΜΗ, ΟΛΙΚΗ",Surgical,240,2420
X676279,"ΠΑΓΚΡΕΑΤΕΚΤΟΜΗ, ΟΛΙΚΗ Ή ΥΦΟΛΙΚΗ, ΜΕ ΑΥΤΟΛΟΓΗ ΜΕΤΑΜ",Surgical,240,1820
X676759,ΔΙΑΔΙΚΑΣΙΑ ΕΓΧΥΣΗΣ ΓΙΑ ΔΙΕΓΧΕΙΡΗΤΙΚΗ ΠΑΓΚΡΕΑΤΟΓΡΑΦ,Surgical,120,1170
X676959,ΜΑΡΣΙΠΟΠΟΙΗΣΗ ΑΓΚΡΕΑΤΙΚΗΣ ΚΥΣΤΗΣ,Surgical,160,1170
X676979,"ΕΞΩΤΕΡΙΚΗ ΠΑΡΟΧΕΤΕΥΣΗ, ΨΕΥΔΟΚΥΣΤΗ ΠΑΓΚΡΕΑΤΟΣ, ΑΝΟΙ",Surgical,240,770
X676981,"ΕΞΩΤΕΡΙΚΗ ΠΑΡΟΧΕΤΕΥΣΗ, ΨΕΥΔΟΚΥΣΤΗ ΠΑΓΚΡΕΑΤΟΣ, ΔΙΑΔ",Surgical,120,930
X676999,ΕΣΩΤΕΡΙΚΗ ΑΝΑΣΤΟΜΩΣΗ ΠΑΓΚΡΕΑΤΙΚΗΣ ΚΥΣΤΕΩΣ ΜΕ ΤΗΝ Γ,Surgical,120,2820
X677039,ΕΣΩΤΕΡΙΚΗ ΑΝΑΣΤΟΜΩΣΗ ΠΑΓΚΡΕΑΤΙΚΗΣ ΚΥΣΤΕΩΣ ΜΕ ΤΗΝ Γ,Surgical,120,2020
X677049,ΠΑΓΚΡΕΑΤΟΡΡΑΦΗ ΓΙΑ ΤΡΑΥΜΑΤΙΣΜΟ,Surgical,80,2370
X677053,ΔΩΔΕΚΑΔΑΚΤΥΛΙΚΟΣ ΑΠΟΚΛΕΙΣΜΟΣ ΜΕ ΓΑΣΤΡΟΝΗΣΤΙΔΟΣΤΟΜΙ,Surgical,160,690
X677055,"ΠΑΓΚΡΕΑΤΙΚΟ-ΝΗΣΤΙΔΟΣΤΟΜΙΑ, ΠΛΑΓΙΟΠΛΑΓΙΑ ΑΝΑΣΤΟΜΩΣΗ",Surgical,80,1300
X677059,ΠΑΓΚΡΕΑΤΕΚΤΟΜΗ ΔΟΤΗ (ΣΥΜΠΕΡΙΛΑΜΒΑΝΟΜΕΝΗΣ ΚΡΥΟΣΥΝΤΗ,Surgical,240,2220
X677061,ΤΥΠΙΚΗ ΠΡΟΕΤΟΙΜΑΣΙΑ ΑΛΛΟΜΟΣΧΕΥΜΑΤΟΣ ΠΑΓΚΡΕΑΤΟΣ ΑΠΟ,Surgical,150,2380
X677063,ΑΝΑΚΑΤΑΣΚΕΥΗ ΑΛΛΟΜΟΣΧΕΥΜΑΤΟΣ ΠΑΓΚΡΕΑΤΟΣ ΑΠΟ ΠΤΩΜΑΤ,Surgical,210,2540
X677067,ΜΕΤΑΜΟΣΧΕΥΣΗ ΠΑΓΚΡΕΑΤΙΚΟΥ ΑΛΛΟΜΟΣΧΕΥΜΑΤΟΣ,Surgical,180,2860
X677071,ΑΦΑΙΡΕΣΗ ΜΕΤΑΜΟΣΧΕΥΜΕΝΟΥ ΠΑΓΚΡΕΑΤΙΚΟΥ ΑΛΛΟΜΟΣΧΕΥΜΑ,Surgical,150,3180
X677957,"ΜΗ ΚΑΤΑΓΕΓΡΑΜΜΕΝΗ ΔΙΑΔΙΚΑΣΙΑ, ΠΑΓΚΡΕΑΣ",Surgical,120,1010
X677959,"ΔΙΕΡΕΥΝΗΤΙΚΗ ΛΑΠΑΡΟΤΟΜΙΑ, ΔΙΕΡΕΥΝΗΤΙΚΗ ΚΟΙΛΙΑΚΗ ΤΟ",Surgical,160,1170
X677963,ΕΠΑΝΕΠΕΜΒΑΣΗ ΜΕΤΑ ΠΡΟΣΦΑΤΗ ΛΑΠΑΡΟΤΟΜΙΑ,Surgical,120,1490
X677979,"ΔΙΕΡΕΥΝΗΣΗ, ΟΠΙΣΘΟΠΕΡΙΤΟΝΑΪΚΗ ΠΕΡΙΟΧΗ, ΜΕ Ή ΧΩΡΙΣ ",Surgical,80,770
X677999,ΠΑΡΟΧΕΤΕΥΣΗ ΠΕΡΙΤΟΝΑΪΚΟΥ ΑΠΟΣΤΗΜΑΤΟΣ Ή ΤΟΠΙΚΗΣ ΠΕΡ,Surgical,240,2370
X678001,ΠΑΡΟΧΕΤΕΥΣΗ ΠΕΡΙΤΟΝΑΪΚΟΥ ΑΠΟΣΤΗΜΑΤΟΣ Ή ΤΟΠΙΚΗΣ ΠΕΡ,Surgical,80,530
X678039,ΠΑΡΟΧΕΤΕΥΣΗ ΥΠΟΔΙΑΦΡΑΓΜΑΤΙΚΟΥ Ή ΥΠΟΦΡΕΝΙΚΟΥ ΑΠΟΣΤΗ,Surgical,240,1570
X678041,ΠΑΡΟΧΕΤΕΥΣΗ ΥΠΟΔΙΑΦΡΑΓΜΑΤΙΚΟΥ Ή ΥΠΟΦΡΕΝΙΚΟΥ ΑΠΟΣΤΗ,Surgical,160,1730
X678079,"ΠΑΡΟΧΕΤΕΥΣΗ ΟΠΙΣΘΟΠΕΡΙΤΟΝΑΪΚΟΥ ΑΠΟΣΤΗΜΑΤΟΣ, ΑΝΟΙΚΤ",Surgical,240,770
X678081,"ΠΑΡΟΧΕΤΕΥΣΗ ΟΠΙΣΘΟΠΕΡΙΤΟΝΑΪΚΟΥ ΑΠΟΣΤΗΜΑΤΟΣ, ΔΙΑΔΕΡ",Surgical,120,930
X678083,ΠΑΡΟΧΕΤΕΥΣΗ ΕΞΩΠΕΡΙΤΟΝΑΪΚΗΣ ΛΕΜΦΟΚΗΛΗΣ ΣΤΗΝ ΠΕΡΙΤΟ,Surgical,210,1090
X678119,"ΠΕΡΙΤΟΝΑΪΚΗ ΠΑΡΑΚΕΝΤΗΣΗ, ΚΟΙΛΙΑΚΗ ΠΑΡΑΚΕΝΤΗΣΗ, Ή Π",Surgical,160,1970
X678121,"ΠΕΡΙΤΟΝΑΪΚΗ ΠΑΡΑΚΕΝΤΗΣΗ, ΚΟΙΛΙΑΚΗ ΠΑΡΑΚΕΝΤΗΣΗ, Ή Π",Surgical,80,2130
X678319,"ΒΙΟΨΙΑ, ΚΟΙΛΙΑΚΗΣ Ή ΟΠΙΣΘΟΠΕΡΙΤΟΝΑΪΚΗΣ ΜΑΖΑΣ, ΔΙΑΔ",Surgical,80,1970
X678365,"ΕΚΤΟΜΗ Ή ΚΑΤΑΣΤΡΟΦΗ, ΑΝΟΙΚΤΗ, ΕΝΔΟΚΟΙΛΙΑΚΟΙ ΟΓΚΟΙ,",Surgical,120,2700
X678367,"ΕΚΤΟΜΗ Ή ΚΑΤΑΣΤΡΟΦΗ, ΑΝΟΙΚΤΗ, ΕΝΔΟΚΟΙΛΙΑΚΟΙ ΟΓΚΟΙ,",Surgical,180,2860
X678369,"ΕΚΤΟΜΗ Ή ΚΑΤΑΣΤΡΟΦΗ, ΑΝΟΙΚΤΗ, ΕΝΔΟΚΟΙΛΙΑΚΟΙ ΟΓΚΟΙ,",Surgical,240,3020
X678389,ΕΚΤΟΜΗ ΠΡΟΪΕΡΟΥ Ή ΙΕΡΟΥΚΟΚΚΥΓΙΚΟΥ ΟΓΚΟΥ,Surgical,240,2020
X678399,ΛΑΠΑΡΟΤΟΜΙΑ ΣΤΑΔΙΟΠΟΙΗΣΗΣ ΣΕ ΝΟΣΟ HODGKINS Ή ΛΕΜΦΩ,Surgical,240,2820
X678459,"ΟΜΦΑΛΕΚΤΟΜΗ, ΕΚΤΟΜΗ ΤΟΥ ΟΜΦΑΛΟΥ (ΞΕΧΩΡΙΣΤΗ ΔΙΑΔΙΚΑ",Surgical,240,1620
X678469,"ΕΠΙΠΛΟΕΚΤΟΜΗ, ΕΚΤΟΜΗ ΕΠΙΠΛΟΟΥ (ΞΕΧΩΡΙΣΤΗ ΔΙΑΔΙΚΑΣΙ",Surgical,240,2420
X678599,"ΛΑΠΑΡΟΣΚΟΠΗΣΗ, ΚΟΙΛΙΑ, ΠΕΡΙΤΟΝΑΙΟ, ΚΑΙ ΕΠΙΠΛΟΥΝ, Δ",Surgical,160,2370
X678601,"ΛΑΠΑΡΟΣΚΟΠΗΣΗ, ΧΕΙΡΟΥΡΓΙΚΗ, ΜΕ ΒΙΟΨΙΑ (ΜΙΑ Ή ΠΟΛΛΑ",Surgical,80,530
X678603,"ΛΑΠΑΡΟΣΚΟΠΗΣΗ, ΧΕΙΡΟΥΡΓΙΚΗ, ΜΕ ΑΝΑΡΡΟΦΗΣΗ ΚΟΙΛΟΤΗΤ",Surgical,120,690
X678605,"ΛΑΠΑΡΟΣΚΟΠΗΣΗ, ΧΕΙΡΟΥΡΓΙΚΗ, ΜΕ ΠΑΡΟΧΕΤΕΥΣΗ ΛΕΜΦΟΚΗ",Surgical,160,850
X678607,"ΛΑΠΑΡΟΣΚΟΠΗΣΗ, ΧΕΙΡΟΥΡΓΙΚΗ, ΜΕ ΕΙΣΑΓΩΓΗ ΕΝΔΟΠΕΡΙΤΟ",Surgical,80,1010
X678609,"ΛΑΠΑΡΟΣΚΟΠΗΣΗ, ΧΕΙΡΟΥΡΓΙΚΗ, ΜΕ ΑΝΑΘΕΩΡΗΣΗ ΠΡΟΗΓΟΥΜ",Surgical,240,1620
X678611,"ΛΑΠΑΡΟΣΚΟΠΗΣΗ, ΧΕΙΡΟΥΡΓΙΚΗ, ΜΕ ΕΠΙΠΛΟΟΠΗΞΙΑ (ΔΙΑΔΙ",Surgical,160,1330
X678617,"ΜΗ ΚΑΤΑΓΕΓΡΑΜΜΕΝΗ ΛΑΠΑΡΟΣΚΟΠΙΚΗ ΔΙΑΔΙΚΑΣΙΑ, ΚΟΙΛΙΑ",Surgical,160,1810
X678759,ΕΓΧΥΣΗ ΑΕΡΑ Ή ΥΛΙΚΟΥ ΑΝΤΙΘΕΣΗΣ ΣΤΗΝ ΠΕΡΙΤΟΝΑΪΚΗ ΚΟ,Surgical,120,1170
X678763,ΑΦΑΙΡΕΣΗ ΠΕΡΙΤΟΝΑΪΚΟΥ ΞΕΝΟΥ ΣΩΜΑΤΟΣ ΑΠΟ ΤΗΝ ΠΕΡΙΤΟ,Surgical,210,1940
X678797,"ΕΙΣΑΓΩΓΗ ΕΝΔΟΠΕΡΙΤΟΝΑΪΚΟΥ ΣΩΛΗΝΑ Ή ΚΑΘΕΤΗΡΑ, ΜΕ ΥΠ",Surgical,160,2210
X678799,ΕΙΣΑΓΩΓΗ ΕΝΔΟΠΕΡΙΤΟΝΑΪΚΟΥ ΣΩΛΗΝΑ Ή ΚΑΘΕΤΗΡΑ ΓΙΑ ΠΑ,Surgical,80,2370
X678801,ΕΙΣΑΓΩΓΗ ΕΝΔΟΠΕΡΙΤΟΝΑΪΚΟΥ ΣΩΛΗΝΑ Ή ΚΑΘΕΤΗΡΑ ΓΙΑ ΠΑ,Surgical,120,530
X678803,ΑΦΑΙΡΕΣΗ ΤΟΥ ΜΟΝΙΜΟΥ ΕΝΔΟΠΕΡΙΤΟΝΑΪΚΟΥ ΣΩΛΗΝΑ Ή ΚΑΘ,Surgical,210,1140
X678805,ΑΛΛΑΓΗ ΠΡΟΗΓΟΥΜΕΝΩΣ ΤΟΠΟΘΕΤΗΜΕΝΟΥ ΚΑΘΕΤΗΡΑ ΠΑΡΟΧΕΤ,Surgical,80,850
X678807,ΕΓΧΥΣΗ ΥΛΙΚΟΥ ΑΝΤΙΘΕΣΗΣ ΓΙΑ ΤΗΝ ΕΚΤΙΜΗΣΗ ΑΠΟΣΤΗΜΑΤ,Surgical,120,1010
X678809,ΕΙΣΑΓΩΓΗ ΠΕΡΙΤΟΝΑΪΚΗΣ-ΦΛΕΒΙΚΗΣ ΠΑΡΑΚΑΜΨΗΣ,Surgical,160,1170
X678811,ΑΝΑΘΕΩΡΗΣΗ ΠΕΡΙΤΟΝΑΪΚΗΣ-ΦΛΕΒΙΚΗΣ ΠΑΡΑΚΑΜΨΗΣ,Surgical,80,1330
X678813,ΔΙΑΔΙΚΑΣΙΑ ΕΓΧΥΣΗΣ (Π.Χ. ΥΛΙΚΟΥ ΑΝΤΙΘΕΣΗΣ) ΓΙΑ ΤΗΝ,Surgical,120,1490
X678815,ΑΠΟΛΙΝΩΣΗ ΠΕΡΙΤΟΝΑΪΚΗΣ-ΦΛΕΒΙΚΗΣ ΠΑΡΑΚΑΜΨΗΣ,Surgical,160,1650
X678817,ΑΦΑΙΡΕΣΗ ΠΕΡΙΤΟΝΑΪΚΗΣ-ΦΛΕΒΙΚΗΣ ΠΑΡΑΚΑΜΨΗΣ,Surgical,180,2260
X678829,ΕΙΣΑΓΩΓΗ ΥΠΟΔΟΡΙΑΣ ΕΠΕΚΤΑΣΗΣ ΤΟΥ ΕΝΔΟΠΕΡΙΤΟΝΑΪΚΟΥ ,Surgical,80,1820
X678831,ΣΕ ΔΕΥΤΕΡΟ ΧΡΟΝΟ ΔΗΜΙΟΥΡΓΙΑ ΣΗΜΕΙΟΥ ΕΞΟΔΟΥ ΑΠΟ ΕΜΦ,Surgical,120,930
X678839,"ΕΙΣΑΓΩΓΗ ΣΩΛΗΝΑ ΓΑΣΤΡΟΣΤΟΜΙΑΣ, ΔΙΑΔΕΡΜΙΚΑ, ΥΠΟ ΑΚΤ",Surgical,160,1570
X678841,ΕΙΣΑΓΩΓΗ ΣΩΛΗΝΑ ΔΩΔΕΚΑΔΑΚΤΥΛΟΣΤΟΜΙΑΣ Ή ΝΗΣΤΙΔΟΣΤΟΜ,Surgical,80,1730
X678843,ΕΙΣΑΓΩΓΗ ΣΩΛΗΝΑ ΤΥΦΛΟΣΤΟΜΙΑΣ Ή ΑΛΛΟΥ ΣΩΛΗΝΑ ΠΑΧΕΟΣ,Surgical,120,1890
X678851,ΜΕΤΑΤΡΟΠΗ ΤΟΥ ΣΩΛΗΝΑ ΓΑΣΤΡΟΣΤΟΜΙΑΣ ΣΕ ΣΩΛΗΝΑ ΓΑΣΤΡ,Surgical,160,530
X678859,ΑΝΤΙΚΑΤΑΣΤΑΣΗ ΤΟΥ ΣΩΛΗΝΑ ΓΑΣΤΡΟΣΤΟΜΙΑΣ Ή ΤΥΦΛΟΣΤΟΜ,Surgical,80,1170
X678861,ΑΝΤΙΚΑΤΑΣΤΑΣΗ ΣΩΛΗΝΑ ΔΩΔΕΚΑΔΑΚΤΥΛΟΣΤΟΜΙΑΣ Ή ΝΗΣΤΙΔ,Surgical,120,1330
X678863,"ΑΝΤΙΚΑΤΑΣΤΑΣΗ ΣΩΛΗΝΑ ΓΑΣΤΡΟ-ΝΗΣΤΙΔΟΣΤΟΜΙΑΣ, ΔΙΑΔΕΡ",Surgical,160,1490
X678879,ΜΗΧΑΝΙΚΗ ΑΠΟΜΑΚΡΥΝΣΗ ΑΠΟΦΡΑΣΣΟΝΤΟΣ ΥΛΙΚΟΥ ΑΠΟ ΤΟ Σ,Surgical,120,770
X678889,ΕΓΧΥΣΗ(ΕΙΣ) ΥΛΙΚΟΥ ΑΝΤΙΘΕΣΗΣ ΓΙΑ ΑΚΤΙΝΟΛΟΓΙΚΗ ΑΞΙΟ,Surgical,80,1570
X678941,"ΑΠΟΚΑΤΑΣΤΑΣΗ, ΑΡΧΙΚΗΣ ΒΟΥΒΩΝΟΚΗΛΗΣ, ΠΡΟΩΡΟ ΝΕΟΓΝΟ ",Surgical,150,2180
X678943,"ΑΠΟΚΑΤΑΣΤΑΣΗ, ΑΡΧΙΚΗΣ ΒΟΥΒΩΝΟΚΗΛΗΣ, ΠΡΟΩΡΟ ΝΕΟΓΝΟ ",Surgical,210,2340
X678949,"ΑΠΟΚΑΤΑΣΤΑΣΗ, ΑΡΧΙΚΗΣ ΒΟΥΒΩΝΟΚΗΛΗΣ, ΝΕΟΓΝΑ ΠΛΗΡΟΥΣ",Surgical,240,3420
X678951,"ΑΠΟΚΑΤΑΣΤΑΣΗ, ΑΡΧΙΚΗΣ ΒΟΥΒΩΝΟΚΗΛΗΣ, ΝΕΟΓΝΑ ΠΛΗΡΟΥΣ",Surgical,150,1580
X678959,"ΑΠΟΚΑΤΑΣΤΑΣΗ ΑΡΧΙΚΗΣ ΒΟΥΒΩΝΟΚΗΛΗΣ, ΣΕ ΗΛΙΚΙΑ ΑΠΟ 6",Surgical,240,1620
X678961,"ΑΠΟΚΑΤΑΣΤΑΣΗ ΑΡΧΙΚΗΣ ΒΟΥΒΩΝΟΚΗΛΗΣ, ΣΕ ΗΛΙΚΙΑ ΑΠΟ 6",Surgical,150,1780
X678969,"ΑΠΟΚΑΤΑΣΤΑΣΗ ΑΡΧΙΚΗΣ ΒΟΥΒΩΝΟΚΗΛΗΣ, ΣΕ ΗΛΙΚΙΑ 5 ΕΤΩ",Surgical,240,3020
X678973,"ΑΠΟΚΑΤΑΣΤΑΣΗ ΑΡΧΙΚΗΣ ΒΟΥΒΩΝΟΚΗΛΗΣ, ΣΕ ΗΛΙΚΙΑ 5 ΕΤΩ",Surgical,210,3340
X678999,"ΑΠΟΚΑΤΑΣΤΑΣΗ ΥΠΟΤΡΟΠΙΑΖΟΥΣΑΣ ΒΟΥΒΩΝΟΚΗΛΗΣ, ΣΕ ΟΠΟΙ",Surgical,120,2370
X679001,"ΑΠΟΚΑΤΑΣΤΑΣΗ ΥΠΟΤΡΟΠΙΑΖΟΥΣΑΣ ΒΟΥΒΩΝΟΚΗΛΗΣ, ΣΕ ΟΠΟΙ",Surgical,80,530
X679009,"ΑΠΟΚΑΤΑΣΤΑΣΗ ΑΡΧΙΚΗΣ ΒΟΥΒΩΝΟΚΗΛΗΣ, ΤΥΠΟΥ ΚΑΤ' ΕΠΟΛ",Surgical,120,1170
X679039,ΑΠΟΚΑΤΑΣΤΑΣΗ ΟΣΦΥΪΚΗΣ ΚΗΛΗΣ,Surgical,120,1570
X679059,"ΑΠΟΚΑΤΑΣΤΑΣΗ ΑΡΧΙΚΗΣ ΜΗΡΟΚΗΛΗΣ, ΣΕ ΟΠΟΙΑΔΗΠΟΤΕ ΗΛΙ",Surgical,160,1170
X679065,"ΑΠΟΚΑΤΑΣΤΑΣΗ ΑΡΧΙΚΗΣ ΜΗΡΟΚΗΛΗΣ, ΣΕ ΟΠΟΙΑΔΗΠΟΤΕ ΗΛΙ",Surgical,160,1650
X679069,"ΑΠΟΚΑΤΑΣΤΑΣΗ ΥΠΟΤΡΟΠΙΑΖΟΥΣΑΣ ΜΗΡΟΚΗΛΗΣ, ΑΝΑΤΑΞΙΜΗ",Surgical,120,1970
X679073,"ΑΠΟΚΑΤΑΣΤΑΣΗ ΥΠΟΤΡΟΠΙΑΖΟΥΣΑΣ ΜΗΡΟΚΗΛΗΣ, ΠΕΡΙΕΣΦΙΓΜ",Surgical,80,2290
X679079,ΑΠΟΚΑΤΑΣΤΑΣΗ ΑΡΧΙΚΗΣ ΜΕΤΕΓΧΕΙΡΗΤΙΚΗΣ ΚΗΛΗΣ Ή ΚΟΙΛΙ,Surgical,80,770
X679081,ΑΠΟΚΑΤΑΣΤΑΣΗ ΑΡΧΙΚΗΣ ΜΕΤΕΓΧΕΙΡΗΤΙΚΗΣ ΚΗΛΗΣ Ή ΚΟΙΛΙ,Surgical,120,930
X679089,ΑΠΟΚΑΤΑΣΤΑΣΗ ΥΠΟΤΡΟΠΙΑΖΟΥΣΑΣ ΜΕΤΕΓΧΕΙΡΗΤΙΚΗΣ ΚΗΛΗΣ,Surgical,160,1570
X679091,ΑΠΟΚΑΤΑΣΤΑΣΗ ΥΠΟΤΡΟΠΙΑΖΟΥΣΑΣ ΜΕΤΕΓΧΕΙΡΗΤΙΚΗΣ ΚΗΛΗΣ,Surgical,80,1730
X679095,ΕΜΦΥΤΕΥΣΗ ΠΛΕΓΜΑΤΟΣ Ή ΑΛΛΟΥ ΠΡΟΣΘΕΤΙΚΟΥ ΥΛΙΚΟΥ ΓΙΑ,Surgical,120,2050
X679099,ΑΠΟΚΑΤΑΣΤΑΣΗ ΕΠΙΓΑΣΤΡΙΚΗΣ ΚΗΛΗΣ (Π.Χ. ΠΡΟΠΕΡΙΤΟΝΑΪ,Surgical,120,2370
X679103,ΑΠΟΚΑΤΑΣΤΑΣΗ ΕΠΙΓΑΣΤΡΙΚΗΣ ΚΗΛΗΣ (Π.Χ. ΠΡΟΠΕΡΙΤΟΝΑΪ,Surgical,80,690
X679119,"ΑΠΟΚΑΤΑΣΤΑΣΗ ΟΜΦΑΛΟΚΗΛΗΣ, ΗΛΙΚΙΑΣ ΜΙΚΡΟΤΕΡΗΣ ΑΠΟ 5",Surgical,160,1970
X679123,"ΑΠΟΚΑΤΑΣΤΑΣΗ ΟΜΦΑΛΟΚΗΛΗΣ, ΗΛΙΚΙΑΣ ΜΙΚΡΟΤΕΡΗΣ ΑΠΟ 5",Surgical,120,2290
X679129,"ΑΠΟΚΑΤΑΣΤΑΣΗ, ΟΜΦΑΛΟΚΗΛΗΣ, ΣΕ ΗΛΙΚΙΑ 5 ΕΤΩΝ Ή ΜΕΓΑ",Surgical,240,1820
X679133,"ΑΠΟΚΑΤΑΣΤΑΣΗ, ΟΜΦΑΛΟΚΗΛΗΣ, ΣΕ ΗΛΙΚΙΑ 5 ΕΤΩΝ Ή ΜΕΓΑ",Surgical,210,2140
X679139,ΑΠΟΚΑΤΑΣΤΑΣΗ ΚΗΛΗΣ ΤΟΥ SPIGEL,Surgical,80,1570
X679159,"ΑΠΟΚΑΤΑΣΤΑΣΗ ΜΙΚΡΗΣ ΟΜΦΑΛΟΚΗΛΗΣ, ΜΕ ΠΡΩΤΟΓΕΝΗ ΣΥΓΚ",Surgical,120,1170
X679169,ΑΠΟΚΑΤΑΣΤΑΣΗ ΜΕΓΑΛΗΣ ΟΜΦΑΛΟΚΗΛΗΣ Ή ΔΙΑΤΑΣΗΣ ΚΟΙΛΙΑ,Surgical,240,3020
X679171,ΑΠΟΚΑΤΑΣΤΑΣΗ ΜΕΓΑΛΗΣ ΟΜΦΑΛΟΚΗΛΗΣ Ή ΔΙΑΤΑΣΗΣ ΚΟΙΛΙΑ,Surgical,150,3180
X679179,"ΑΠΟΚΑΤΑΣΤΑΣΗ ΟΜΦΑΛΟΚΗΛΗΣ (ΕΓΧΕΙΡΗΣΗ ΤΥΠΟΥ GROSS), ",Surgical,160,770
X679181,"ΑΠΟΚΑΤΑΣΤΑΣΗ ΟΜΦΑΛΟΚΗΛΗΣ (ΕΓΧΕΙΡΗΣΗ ΤΥΠΟΥ GROSS), ",Surgical,80,930
X679259,"ΛΑΠΑΡΟΣΚΟΠΗΣΗ, ΧΕΙΡΟΥΡΓΙΚΗ, ΑΠΟΚΑΤΑΣΤΑΣΗ ΑΡΧΙΚΗΣ Β",Surgical,80,1170
X679261,"ΛΑΠΑΡΟΣΚΟΠΗΣΗ, ΧΕΙΡΟΥΡΓΙΚΗ, ΑΠΟΚΑΤΑΣΤΑΣΗ ΥΠΟΤΡΟΠΙΑ",Surgical,120,1330
X679263,"ΛΑΠΑΡΟΣΚΟΠΗΣΗ, ΧΕΙΡΟΥΡΓΙΚΗ, ΑΠΟΚΑΤΑΣΤΑΣΗ, ΚΟΙΛΙΟΚΗ",Surgical,160,1490
X679265,"ΛΑΠΑΡΟΣΚΟΠΗΣΗ, ΧΕΙΡΟΥΡΓΙΚΗ, ΑΠΟΚΑΤΑΣΤΑΣΗ, ΚΟΙΛΙΟΚΗ",Surgical,80,1650
X679267,"ΛΑΠΑΡΟΣΚΟΠΗΣΗ, ΧΕΙΡΟΥΡΓΙΚΗ, ΑΠΟΚΑΤΑΣΤΑΣΗ ΜΕΤΕΓΧΕΙΡ",Surgical,120,1810
X679269,"ΛΑΠΑΡΟΣΚΟΠΗΣΗ, ΧΕΙΡΟΥΡΓΙΚΗ, ΑΠΟΚΑΤΑΣΤΑΣΗ ΜΕΤΕΓΧΕΙΡ",Surgical,160,1970
X679271,"ΛΑΠΑΡΟΣΚΟΠΗΣΗ, ΧΕΙΡΟΥΡΓΙΚΗ, ΑΠΟΚΑΤΑΣΤΑΣΗ, ΥΠΟΤΡΟΠΙ",Surgical,80,2130
X679273,"ΛΑΠΑΡΟΣΚΟΠΗΣΗ, ΧΕΙΡΟΥΡΓΙΚΗ, ΑΠΟΚΑΤΑΣΤΑΣΗ, ΥΠΟΤΡΟΠΙ",Surgical,120,2290
X679277,"ΜΗ ΚΑΤΑΓΕΓΡΑΜΜΕΝΗ ΛΑΠΑΡΟΣΚΟΠΙΚΗ ΔΙΑΔΙΚΑΣΙΑ, ΠΛΑΣΤΙ",Surgical,80,610
X679759,"ΣΥΡΡΑΦΗ, ΔΕΥΤΕΡΟΓΕΝΗΣ, ΤΟΥ ΚΟΙΛΙΑΚΟΥ ΤΟΙΧΩΜΑΤΟΣ ΓΙ",Surgical,120,1170
X679767,"ΕΠΙΠΛΟΪΚΟΣ ΚΡΗΜΝΟΣ, ΕΞΩ-ΚΟΙΛΙΑΚΟΣ (Π.Χ. ΓΙΑ ΑΝΑΚΑΤ",Surgical,160,2860
X679769,"ΕΠΙΠΛΟΪΚΟΣ ΚΡΗΜΝΟΣ, ΕΝΔΟ-ΚΟΙΛΙΑΚΟΣ (ΝΑ ΚΑΤΑΓΡΑΦΕΤΑ",Surgical,80,1970
X679771,ΕΛΕΥΘΕΡΟΣ ΕΠΙΠΛΟΪΚΟΣ ΚΡΗΜΝΟΣ ΜΕ ΜΙΚΡΟ-ΑΓΓΕΙΑΚΗ ΑΝΑ,Surgical,120,2580
X679957,"ΜΗ ΚΑΤΑΓΕΓΡΑΜΜΕΝΗ ΔΙΑΔΙΚΑΣΙΑ, ΚΟΙΛΙΑΚΗ, ΠΕΡΙΤΟΝΑΙΟ",Surgical,120,1010
X679979,"ΝΕΦΡΙΚΗ ΔΙΕΡΕΥΝΗΣΗ, ΔΕΝ ΑΠΑΙΤΕΙ ΑΛΛΕΣ ΕΙΔΙΚΕΣ ΔΙΑΔ",Surgical,80,770
X679999,"ΠΑΡΟΧΕΤΕΥΣΗ ΠΕΡΙΝΕΦΡΙΚΟΥ Ή ΝΕΦΡΙΚΟΥ ΑΠΟΣΤΗΜΑΤΟΣ, Α",Surgical,240,2370
X680001,"ΠΑΡΟΧΕΤΕΥΣΗ ΠΕΡΙΝΕΦΡΙΚΟΥ Ή ΝΕΦΡΙΚΟΥ ΑΠΟΣΤΗΜΑΤΟΣ, Δ",Surgical,80,530
X680039,"ΝΕΦΡΟΣΤΟΜΙΑ, ΝΕΦΡΟΤΟΜΗ ΜΕ ΠΑΡΟΧΕΤΕΥΣΗ",Surgical,120,1570
X680049,"ΝΕΦΡΟΤΟΜΗ, ΜΕ ΔΙΕΡΕΥΝΗΣΗ",Surgical,80,2370
X680079,"ΝΕΦΡΟΛΙΘΟΤΟΜΗ, ΑΦΑΙΡΕΣΗ ΛΙΘΟΥ",Surgical,240,1220
X680089,ΑΝΕΝΕΡΓΟΣ,Surgical,160,1570
X680099,"ΝΕΦΡΟΛΙΘΟΤΟΜΗ, ΕΠΙΠΛΕΚΟΜΕΝΗ ΑΠΟ ΣΥΓΓΓΕΝΗ ΝΕΦΡΙΚΗ Α",Surgical,120,2370
X680109,"ΝΕΦΡΟΛΙΘΟΤΟΜΗ, ΑΦΑΙΡΕΣΗ ΜΕΓΑΛΟΥ ΚΟΡΑΛΛΙΟΕΙΔΟΥΣ ΛΙΘ",Surgical,240,2220
X680119,"ΔΙΑΔΕΡΜΙΚΗ ΝΕΦΡΟΛΙΘΟΤΟΜΗ Ή ΠΥΕΛΟΛΙΘΟΤΟΜΗ, ΜΕ Ή ΧΩΡ",Surgical,160,1970
X680121,"ΔΙΑΔΕΡΜΙΚΗ ΝΕΦΡΟΛΙΘΟΤΟΜΗ Ή ΠΥΕΛΟΛΙΘΟΤΟΜΗ, ΜΕ Ή ΧΩΡ",Surgical,150,3180
X680159,ΑΝΕΝΕΡΓΟΣ,Surgical,120,1170
X680199,"ΠΥΕΛΟΤΟΜΗ, ΜΕ ΔΙΕΡΕΥΝΗΣΗ",Surgical,80,2370
X680209,"ΠΥΕΛΟΤΟΜΗ, ΜΕ ΠΑΡΟΧΕΤΕΥΣΗ, ΠΥΕΛΟΣΤΟΜΙΑ",Surgical,160,1170
X680219,"ΠΥΕΛΟΤΟΜΗ, ΜΕ ΑΦΑΙΡΕΣΗ ΛΙΘΟΥ (ΠΥΕΛΟΛΙΘΟΤΟΜΗ, ΣΥΜΠΕ",Surgical,240,2420
X680229,ΑΝΕΝΕΡΓΟΣ,Surgical,80,770
X680359,"ΝΕΦΡΙΚΗ ΒΙΟΨΙΑ, ΔΙΑΔΕΡΜΙΚΗ ΜΕ ΤΡΟΚΑΡ Ή ΒΕΛΟΝΗ",Surgical,160,1170
X680369,"ΝΕΦΡΙΚΗ ΒΙΟΨΙΑ, ΜΕ ΧΕΙΡΟΥΡΓΙΚΗ ΑΠΟΚΑΛΥΨΗ ΤΟΥ ΝΕΦΡΟ",Surgical,120,1970
X680399,"ΝΕΦΡΕΚΤΟΜΗ, ΣΥΜΠΕΡΙΛΑΜΒΑΝΟΜΕΝΗΣ ΜΕΡΙΚΗΣ ΟΥΡΗΤΗΡΕΚΤ",Surgical,240,2820
X680409,"ΝΕΦΡΕΚΤΟΜΗ, ΣΥΜΠΕΡΙΛΑΜΒΑΝΟΜΕΝΗΣ ΜΕΡΙΚΗΣ ΟΥΡΗΤΗΡΕΚΤ",Surgical,240,1620
X680419,"ΝΕΦΡΕΚΤΟΜΗ, ΣΥΜΠΕΡΙΛΑΜΒΑΝΟΜΕΝΗΣ ΜΕΡΙΚΗΣ ΟΥΡΗΤΗΡΕΚΤ",Surgical,240,2420
X680427,"ΝΕΦΡΕΚΤΟΜΗ ΜΕ ΟΛΙΚΗ ΟΥΡΗΤΗΡΕΚΤΟΜΗ ΚΑΙ ""ΚΟΛΑΡΟ"" ΟΥΡ",Surgical,180,1060
X680431,"ΝΕΦΡΕΚΤΟΜΗ ΜΕ ΟΛΙΚΗ ΟΥΡΗΤΗΡΕΚΤΟΜΗ ΚΑΙ ""ΚΟΛΑΡΟ"" ΟΥΡ",Surgical,150,1380
X680439,"ΝΕΦΡΕΚΤΟΜΗ, ΜΕΡΙΚΗ",Surgical,240,2020
X680459,"ΑΦΑΙΡΕΣΗ, ΑΝΟΙΚΤΗ, 1 Ή ΠΕΡΙΣΣΟΤΕΡΕΣ ΝΕΦΡΙΚΕΣ ΕΞΕΡΓ",Surgical,240,1620
X680519,ΕΚΤΟΜΗ Ή ΑΠΟΚΑΛΥΨΗ ΚΥΣΤΗΣ(ΕΩΝ) ΤΟΥ ΝΕΦΡΟΥ,Surgical,240,2420
X680539,ΕΚΤΟΜΗ ΠΕΡΙΝΕΦΡΙΚΗΣ ΚΥΣΤΗΣ,Surgical,240,2020
X680559,"ΝΕΦΡΕΚΤΟΜΗ ΔΟΤΗ (ΣΥΜΠΕΡΙΛΑΜΒΑΝΟΜΕΝΗΣ ΣΥΝΤΗΡΗΣΗΣ), ",Surgical,240,1620
X680599,"ΝΕΦΡΕΚΤΟΜΗ ΔΟΤΗ (ΣΥΜΠΕΡΙΛΑΜΒΑΝΟΜΕΝΗΣ ΣΥΝΤΗΡΗΣΗΣ), ",Surgical,240,2820
X680605,ΤΥΠΙΚΗ ΠΡΟΕΤΟΙΜΑΣΙΑ ΝΕΦΡΙΚΟΥ ΑΛΛΟΜΟΣΧΕΥΜΑΤΟΣ ΑΠΟ Π,Surgical,120,1900
X680609,ΤΥΠΙΚΗ ΠΡΟΕΤΟΙΜΑΣΙΑ ΝΕΦΡΙΚΟΥ ΑΛΛΟΜΟΣΧΕΥΜΑΤΟΣ ΑΠΟ Ζ,Surgical,240,2220
X680613,ΤΥΠΙΚΗ ΠΡΟΕΤΟΙΜΑΣΙΑ ΝΕΦΡΙΚΟΥ ΑΛΛΟΜΟΣΧΕΥΜΑΤΟΣ ΑΠΟ Π,Surgical,210,2540
X680615,ΤΥΠΙΚΗ ΠΡΟΕΤΟΙΜΑΣΙΑ ΝΕΦΡΙΚΟΥ ΑΛΛΟΜΟΣΧΕΥΜΑΤΟΣ ΑΠΟ Π,Surgical,120,2700
X680617,ΤΥΠΙΚΗ ΠΡΟΕΤΟΙΜΑΣΙΑ ΝΕΦΡΙΚΟΥ ΑΛΛΟΜΟΣΧΕΥΜΑΤΟΣ ΑΠΟ Π,Surgical,180,2860
X680639,ΝΕΦΡΕΚΤΟΜΗ ΛΗΠΤΗ (ΞΕΧΩΡΙΣΤΗ ΔΙΑΔΙΚΑΣΙΑ),Surgical,240,2020
X680679,"ΝΕΦΡΙΚΗ ΑΛΛΟΜΕΤΑΜΟΣΧΕΥΣΗ, ΕΜΦΥΤΕΥΣΗ ΜΟΣΧΕΥΜΑΤΟΣ, Χ",Surgical,240,1820
X680689,"ΝΕΦΡΙΚΗ ΑΛΛΟΜΕΤΑΜΟΣΧΕΥΣΗ, ΕΜΦΥΤΕΥΣΗ ΜΟΣΧΕΥΜΑΤΟΣ, Μ",Surgical,240,2620
X680699,ΑΦΑΙΡΕΣΗ ΜΕΤΑΜΟΣΧΕΥΜΕΝΟΥ ΝΕΦΡΙΚΟΥ ΑΛΛΟΜΟΣΧΕΥΜΑΤΟΣ,Surgical,240,3420
X680719,"ΝΕΦΡΙΚΗ ΑΥΤΟΜΕΤΑΜΟΣΧΕΥΣΗ, ΕΠΑΝΕΜΦΥΤΕΥΣΗ ΤΟΥ ΝΕΦΡΟΥ",Surgical,240,3020
X680723,ΑΦΑΙΡΕΣΗ (ΜΕ ΒΡΟΧΟ/ΑΡΠΑΓΗ) ΚΑΙ ΑΝΤΙΚΑΤΑΣΤΑΣΗ ΤΟΥ Ε,Surgical,210,2740
X680727,ΑΦΑΙΡΕΣΗ (ΜΕ ΒΡΟΧΟ/ΑΡΠΑΓΗ) ΤΟΥ ΕΣΩΤΕΡΙΚΟΥ ΜΟΝΙΜΟΥ ,Surgical,180,1060
X680729,ΑΦΑΙΡΕΣΗ (ΜΕ ΒΡΟΧΟ/ΑΡΠΑΓΗ) ΚΑΙ ΑΝΤΙΚΑΤΑΣΤΑΣΗ ΤΟΥ Ε,Surgical,240,1220
X680731,ΑΦΑΙΡΕΣΗ (ΜΕ ΒΡΟΧΟ/ΑΡΠΑΓΗ) ΤΟΥ ΕΣΩΤΕΡΙΚΟΥ ΜΟΝΙΜΟΥ ,Surgical,150,1380
X680733,ΑΦΑΙΡΕΣΗ ΚΑΙ ΑΝΤΙΚΑΤΑΣΤΑΣΗ ΤΟΥ ΕΞΩΤΕΡΙΚΑ ΠΡΟΣΠΕΛΑΣ,Surgical,210,1540
X680737,"ΑΦΑΙΡΕΣΗ ΣΩΛΗΝΑ ΝΕΦΡΟΣΤΟΜΙΑΣ, ΠΟΥ ΑΠΑΙΤΕΙ ΑΚΤΙΝΟΣΚ",Surgical,180,1860
X680739,ΠΑΡΑΚΕΝΤΗΣΗ ΚΑΙ/Ή ΕΝΕΣΗ ΝΕΦΡΙΚΗΣ ΚΥΣΤΗΣ Ή ΠΥΕΛΟΥ Μ,Surgical,80,1570
X680741,ΕΓΧΥΣΗ(ΕΙΣ) ΘΕΡΑΠΕΥΤΙΚΟΥ ΠΑΡΑΓΟΝΤΑ ΣΤΗ ΝΕΦΡΙΚΗ ΠΥΕ,Surgical,120,1730
X680743,ΕΙΣΑΓΩΓΗ ΕΝΔΟΚΑΘΕΤΗΡΑ Ή ΚΑΘΕΤΗΡΑ ΣΤΗ ΝΕΦΡΙΚΗ ΠΥΕΛΟ,Surgical,160,1890
X680745,ΕΙΣΑΓΩΓΗ ΟΥΡΗΤΗΡΙΚΟΥ ΚΑΘΕΤΗΡΑ Ή ΣΤΕΝΤ ΜΕΣΩ ΤΗΣ ΝΕΦ,Surgical,80,2050
X680747,ΔΙΑΔΙΚΑΣΙΑ ΕΓΧΥΣΗΣ ΓΙΑ ΠΥΕΛΟΓΡΑΦΙΑ (ΩΣ ΝΕΦΡΟΓΡΑΦΗΜ,Surgical,120,2210
X680749,ΕΙΣΑΓΩΓΗ ΟΔΗΓΟΥ ΣΤΗ ΝΕΦΡΙΚΗ ΠΥΕΛΟ ΚΑΙ/Ή ΚΑΘΕΤΗΡΑ Μ,Surgical,160,2370
X680751,ΜΑΝΟΜΕΤΡΙΚΕΣ ΜΕΛΕΤΕΣ ΜΕΣΩ ΣΩΛΗΝΑ ΝΕΦΡΟΣΤΟΜΙΑΣ Ή ΠΥ,Surgical,80,530
X680755,ΑΛΛΑΓΗ ΣΩΛΗΝΑ ΝΕΦΡΟΣΤΟΜΙΑΣ Ή ΠΥΕΛΟΣΤΟΜΙΑΣ,Surgical,160,850
X680759,"ΠΥΕΛΟΠΛΑΣΤΙΚΗ , ΠΛΑΣΤΙΚΗ ΕΓΧΕΙΡΗΣΗ ΤΗΣ ΝΕΦΡΙΚΗΣ ΠΥ",Surgical,120,1170
X680769,"ΠΥΕΛΟΠΛΑΣΤΙΚΗ, ΠΛΑΣΤΙΚΗ ΕΓΧΕΙΡΗΣΗ ΤΗΣ ΝΕΦΡΙΚΗΣ ΠΥΕ",Surgical,80,1970
X680959,"ΝΕΦΡΟΡΡΑΦΗ, ΣΥΡΡΑΦΗ ΤΡΑΥΜΑΤΟΣ Ή ΠΛΗΓΗΣ ΝΕΦΡΟΥ",Surgical,160,1170
X680999,ΕΚΤΟΜΗ ΣΥΡΙΓΓΙΟΥ. ΝΕΦΡΟΔΕΡΜΑΤΙΚΟΥ Ή ΠΥΕΛΟΔΕΡΜΑΤΙΚΟ,Surgical,240,2820
X681009,"ΕΚΤΟΜΗ ΝΕΦΡΟΣΠΛΑΓΧΝΙΟΥ ΣΥΡΙΓΓΙΟΥ (Π.Χ. RENOCOLIC),",Surgical,240,1620
X681011,"ΕΚΤΟΜΗ ΝΕΦΡΟΣΠΛΑΓΧΝΙΟΥ ΣΥΡΙΓΓΙΟΥ (Π.Χ. RENOCOLIC),",Surgical,150,2380
X681039,ΣΥΜΦΥΣΙΟΛΥΣΗ ΓΙΑ ΠΕΤΑΛΟΕΙΔΗ ΝΕΦΡΟ ΜΕ Ή ΧΩΡΙΣ ΠΥΕΛΟ,Surgical,120,1570
X681041,"ΛΑΠΑΡΟΣΚΟΠΗΣΗ, ΧΕΙΡΟΥΡΓΙΚΗ, ΑΦΑΙΡΕΣΗ ΝΕΦΡΙΚΩΝ ΚΥΣΤ",Surgical,150,2180
X681043,"ΛΑΠΑΡΟΣΚΟΠΗΣΗ, ΧΕΙΡΟΥΡΓΙΚΗ, ΑΦΑΙΡΕΣΗ ΝΕΦΡΙΚΗΣ (ΩΝ)",Surgical,210,2340
X681045,"ΛΑΠΑΡΟΣΚΟΠΗΣΗ, ΧΕΙΡΟΥΡΓΙΚΗ, ΜΕΡΙΚΗ ΝΕΦΡΕΚΤΟΜΗ",Surgical,120,2500
X681047,"ΛΑΠΑΡΟΣΚΟΠΗΣΗ, ΧΕΙΡΟΥΡΓΙΚΗ, ΠΥΕΛΟΠΛΑΣΤΙΚΗ",Surgical,160,2210
X681049,"ΛΑΠΑΡΟΣΚΟΠΗΣΗ, ΧΕΙΡΟΥΡΓΙΚΗ, ΡΙΖΙΚΗ ΝΕΦΡΕΚΤΟΜΗ (ΠΕΡ",Surgical,240,2820
X681051,"ΛΑΠΑΡΟΣΚΟΠΗΣΗ, ΧΕΙΡΟΥΡΓΙΚΗ, ΝΕΦΡΕΚΤΟΜΗ ΣΥΜΠΕΡΙΛΑΜΒ",Surgical,150,980
X681053,"ΛΑΠΑΡΟΣΚΟΠΗΣΗ, ΧΕΙΡΟΥΡΓΙΚΗ, ΝΕΦΡΕΚΤΟΜΗ ΔΟΤΗ (ΣΥΜΠΕ",Surgical,210,1140
X681055,"ΛΑΠΑΡΟΣΚΟΠΗΣΗ, ΧΕΙΡΟΥΡΓΙΚΗ, ΝΕΦΡΕΚΤΟΜΗ ΜΕ ΟΛΙΚΗ ΟΥ",Surgical,120,1300
X681057,"ΜΗ ΚΑΤΑΓΕΓΡΑΜΜΕΝΗ ΔΙΑΔΙΚΑΣΙΑ ΛΑΠΑΡΟΣΚΟΠΗΣΗΣ, ΝΕΦΡΟ",Surgical,120,1010
X681061,ΝΕΦΡΙΚΗ ΕΝΔΟΣΚΟΠΗΣΗ ΜΕΣΩ ΤΟΠΟΘΕΤΗΜΕΝΟΥ ΣΩΛΗΝΑ ΝΕΦΡ,Surgical,80,1330
X681065,ΝΕΦΡΙΚΗ ΕΝΔΟΣΚΟΠΗΣΗ ΜΕΣΩ ΤΟΠΟΘΕΤΗΜΕΝΟΥ ΣΩΛΗΝΑ ΝΕΦΡ,Surgical,160,1650
X681069,ΝΕΦΡΙΚΗ ΕΝΔΟΣΚΟΠΗΣΗ ΜΕΣΩ ΤΟΠΟΘΕΤΗΜΕΝΟΥ ΣΩΛΗΝΑ ΝΕΦΡ,Surgical,120,1970
X681073,ΝΕΦΡΙΚΗ ΕΝΔΟΣΚΟΠΗΣΗ ΜΕΣΩ ΤΟΠΟΘΕΤΗΜΕΝΟΥ ΣΩΛΗΝΑ ΝΕΦΡ,Surgical,80,2290
X681081,ΝΕΦΡΙΚΗ ΕΝΔΟΣΚΟΠΗΣΗ ΜΕΣΩ ΤΟΠΟΘΕΤΗΜΕΝΟΥ ΣΩΛΗΝΑ ΝΕΦΡ,Surgical,150,1380
X681083,ΝΕΦΡΙΚΗ ΕΝΔΟΣΚΟΠΗΣΗ ΜΕΣΩ ΤΟΠΟΘΕΤΗΜΕΝΟΥ ΣΩΛΗΝΑ ΝΕΦΡ,Surgical,210,1540
X681099,"ΝΕΦΡΙΚΗ ΕΝΔΟΣΚΟΠΗΣΗ, ΜΕ Ή ΧΩΡΙΣ ΠΛΥΣΗ, ΕΝΣΤΑΛΑΞΗ, ",Surgical,120,2370
X681103,"ΝΕΦΡΙΚΗ ΕΝΔΟΣΚΟΠΗΣΗ, ΜΕ Ή ΧΩΡΙΣ ΠΛΥΣΗ, ΕΝΣΤΑΛΑΞΗ, ",Surgical,80,690
X681107,"ΝΕΦΡΙΚΗ ΕΝΔΟΣΚΟΠΗΣΗ, ΜΕ Ή ΧΩΡΙΣ ΠΛΥΣΗ, ΕΝΣΤΑΛΑΞΗ, ",Surgical,160,1010
X681109,"ΝΕΦΡΙΚΗ ΕΝΔΟΣΚΟΠΗΣΗ, ΜΕ Ή ΧΩΡΙΣ ΠΛΥΣΗ, ΕΝΣΤΑΛΑΞΗ, ",Surgical,80,1170
X681111,"ΝΕΦΡΙΚΗ ΕΝΔΟΣΚΟΠΗΣΗ, ΜΕ Ή ΧΩΡΙΣ ΠΛΥΣΗ, ΕΝΣΤΑΛΑΞΗ, ",Surgical,120,1330
X681119,"ΝΕΦΡΙΚΗ ΕΝΔΟΣΚΟΠΗΣΗ, ΜΕ Ή ΧΩΡΙΣ ΠΛΥΣΗ, ΕΝΣΤΑΛΑΞΗ, ",Surgical,240,2420
X681139,"ΛΙΘΟΤΡΙΨΙΑ, ΕΞΩΣΩΜΑΤΙΚΗ ΛΙΘΟΤΡΙΨΙΑ",Surgical,80,1570
X681143,"ΑΦΑΙΡΕΣΗ, 1 Ή ΠΕΡΙΣΣΟΤΕΡΩΝ ΝΕΦΡΙΚΟΥ(ΩΝ) ΟΓΚΟΥ(ΩΝ),",Surgical,210,2340
X681145,"ΑΦΑΙΡΕΣΗ, 1 Ή ΠΕΡΙΣΣΟΤΕΡΩΝ ΝΕΦΡΙΚΟΥ(ΩΝ) ΟΓΚΟΥ(ΩΝ),",Surgical,120,2500
X681159,ΟΥΡΗΤΗΡΟΤΟΜΙΑ ΜΕ ΔΙΕΡΕΥΝΗΣΗ Ή ΠΑΡΟΧΕΤΕΥΣΗ (ΞΕΧΩΡΙΣ,Surgical,120,1170
X681169,"ΟΥΡΗΤΗΡΟΤΟΜΙΑ ΓΙΑ ΕΙΣΑΓΩΓΗ ΜΟΝΙΜΟΥ ΣΤΕΝΤ, ΟΛΩΝ ΤΩΝ",Surgical,80,1970
X681179,"ΟΥΡΗΤΗΡΟΛΙΘΟΤΟΜΙΑ, ΑΝΩ ΕΝΑ ΤΡΙΤΟ ΤΟΥ ΟΥΡΗΤΗΡΑ",Surgical,160,770
X681199,"ΟΥΡΗΤΗΡΟΛΙΘΟΤΟΜΙΑ, ΜΕΣΟ ΕΝΑ ΤΡΙΤΟ ΤΟΥ ΟΥΡΗΤΗΡΑ",Surgical,80,2370
X681219,"ΟΥΡΗΤΗΡΟΛΙΘΟΤΟΜΙΑ, ΚΑΤΩ ΕΝΑ ΤΡΙΤΟ ΤΟΥ ΟΥΡΗΤΗΡΑ",Surgical,120,1970
X681259,"ΟΥΡΗΤΗΡΕΚΤΟΜΗ ΜΕ ""ΚΟΛΑΡΟ"" ΟΥΡΟΔΟΧΟΥ ΚΥΣΤΕΩΣ (ΞΕΧΩ",Surgical,240,1620
X681279,"ΟΥΡΗΤΗΡΕΚΤΟΜΗ, ΟΛΙΚΗ, ΕΚΤΟΠΟΣ ΟΥΡΗΤΗΡΑΣ, ΣΥΝΔΥΑΣΜΟ",Surgical,240,1220
X681327,ΔΙΑΔΙΚΑΣΙΑ ΕΓΧΥΣΗΣ ΓΙΑ ΟΥΡΗΤΗΡΟΓΡΑΦΙΑ Ή ΟΥΡΗΤΗΡΟΠΥ,Surgical,120,610
X681331,ΜΑΝΟΜΕΤΡΙΚΕΣ ΜΕΛΕΤΕΣ ΜΕΣΩ ΟΥΡΗΤΗΡΟΣΤΟΜΙΑΣ Ή ΜΟΝΙΜΟ,Surgical,80,930
X681335,ΑΛΛΑΓΗ ΤΟΥ ΣΩΛΗΝΑ ΟΥΡΗΤΗΡΟΣΤΟΜΙΑΣ Ή ΤΟΥ ΕΞΩΤΕΡΙΚΑ ,Surgical,160,1250
X681339,ΔΙΑΔΙΚΑΣΙΑ ΕΓΧΥΣΗΣ ΓΙΑ ΟΠΤΙΚΟΠΟΙΗΣΗ ΤΗΣ ΕΙΛΕΟΔΕΡΜΙ,Surgical,120,1570
X681359,"ΟΥΡΗΤΗΡΟΠΛΑΣΤΙΚΗ, ΠΛΑΣΤΙΚΗ ΕΓΧΕΙΡΗΣΗ ΣΤΟΝ ΟΥΡΗΤΗΡΑ",Surgical,160,1170
X681389,"ΟΥΡΗΤΗΡΟΛΥΣΗ, ΜΕ Ή ΧΩΡΙΣ ΕΠΑΝΑΤΟΠΟΘΕΤΗΣΗ ΤΟΥ ΟΥΡΗΤ",Surgical,160,1570
X681403,ΟΥΡΗΤΗΡΟΛΥΣΗ ΓΙΑ ΣΥΝΔΡΟΜΟ ΩΟΘΗΚΙΚΗΣ ΦΛΕΒΑΣ,Surgical,80,690
X681409,"ΟΥΡΗΤΗΡΟΛΥΣΗ ΓΙΑ ΟΠΙΣΘΕΝ ΚΟΙΛΗΣ ΦΛΕΒΑΣ ΟΥΡΗΤΗΡΑ, Μ",Surgical,80,1620
X681413,ΑΝΑΘΕΩΡΗΣΗ ΤΗΣ ΟΥΡΗΤΙΚΗΣ-ΔΕΡΜΑΤΙΚΗΣ ΑΝΑΣΤΟΜΩΣΗΣ (Κ,Surgical,160,1940
X681415,ΑΝΑΘΕΩΡΗΣΗ ΤΗΣ ΟΥΡΗΤΙΚΗΣ-ΔΕΡΜΑΤΙΚΗΣ ΑΝΑΣΤΟΜΩΣΗΣ (Κ,Surgical,80,2100
X681439,"ΟΥΡΗΤΗΡΟΠΥΕΛΟΣΤΟΜΙΑ, ΑΝΑΣΤΟΜΩΣΗ ΤΟΥ ΟΥΡΗΤΗΡΑ ΚΑΙ Τ",Surgical,80,2020
X681459,"ΟΥΡΗΤΗΡΟΚΑΛΥΚΟΣΤΟΜΙΑ, ΑΝΑΣΤΟΜΩΣΗ ΤΟΥ ΟΥΡΗΤΗΡΑ ΣΤΟ ",Surgical,120,1620
X681479,ΟΥΡΗΤΗΡΟΟΥΡΗΤΗΡΟΣΤΟΜΙΑ,Surgical,160,770
X681499,"ΔΙΟΥΡΗΤΗΡΟΟΥΡΗΤΗΡΟΣΤΟΜΙΑ, ΑΝΑΣΤΟΜΩΣΗ ΤΟΥ ΟΥΡΗΤΗΡΑ ",Surgical,80,2820
X681519,ΧΕΙΡΟΥΡΓΙΚΗ ΜΕΤΑΦΟΡΑ ΤΟΥ ΟΥΡΗΤΗΡΑ ΣΕ ΔΙΑΦΟΡΕΤΙΚΗ Θ,Surgical,120,2420
X681523,ΧΕΙΡΟΥΡΓΙΚΗ ΜΕΤΑΦΟΡΑ ΤΟΥ ΟΥΡΗΤΗΡΑ ΣΕ ΔΙΑΦΟΡΕΤΙΚΗ Θ,Surgical,80,2740
X681525,ΧΕΙΡΟΥΡΓΙΚΗ ΜΕΤΑΦΟΡΑ ΤΟΥ ΟΥΡΗΤΗΡΑ ΣΕ ΔΙΑΦΟΡΕΤΙΚΗ Θ,Surgical,120,450
X681529,ΧΕΙΡΟΥΡΓΙΚΗ ΜΕΤΑΦΟΡΑ ΤΟΥ ΟΥΡΗΤΗΡΑ ΣΕ ΔΙΑΦΟΡΕΤΙΚΗ Θ,Surgical,80,770
X681559,"ΟΥΡΗΤΗΡΟΕΝΤΕΡΟΣΤΟΜΙΑ, ΑΜΕΣΗ ΑΝΑΣΤΟΜΩΣΗ ΤΟΥ ΟΥΡΗΤΗΡ",Surgical,80,1620
X681579,"ΑΝΑΣΤΟΜΩΣΗ ΤΟΥ ΟΥΡΗΤΗΡΑ ΜΕΤΑ ΤΟΥ ΣΙΓΜΟΕΙΔΟΥΣ, ΜΕ Δ",Surgical,120,1220
X681589,"ΣΩΛΗΝΑΣ ΟΥΡΗΤΗΡΑ-ΠΑΧΕΟΣ ΕΝΤΕΡΟΥ, ΣΥΜΠΕΡΙΛΑΜΒΑΝΟΜΕΝ",Surgical,80,2020
X681599,"ΣΩΛΗΝΑΣ ΟΥΡΗΤΗΡΑ-ΕΙΛΕΟΥ (ΚΥΣΤΗ ΑΠΟ ΕΙΛΕΟ), ΣΥΜΠΕΡΙ",Surgical,160,2820
X681609,"ΕΓΚΡΑΤΗΣ ΕΚΤΡΟΠΗ, ΣΥΜΠΕΡΙΛΑΜΒΑΝΟΜΕΝΗΣ ΑΝΑΣΤΟΜΩΣΗΣ ",Surgical,120,1620
X681619,"ΜΗ-ΕΚΤΡΟΠΗ ΟΥΡΩΝ (Π.Χ. ΑΝΑΣΤΟΜΩΣΗ ΟΥΡΗΤΗΡΑ-ΕΙΛΕΟΥ,",Surgical,80,2420
X681639,ΑΝΤΙΚΑΤΑΣΤΑΣΗ ΟΛΟΥ Ή ΤΜΗΜΑΤΟΣ ΤΟΥ ΟΥΡΗΤΗΡΑ ΑΠΟ ΤΜΗ,Surgical,120,2020
X681649,ΔΕΡΜΑΤΙΚΗ ΑΝΑΣΤΟΜΩΣΗ ΣΚΩΛΗΚΟΕΙΔΟΥΣ ΑΠΟΦΥΣΗΣ-ΕΙΛΕΟΚ,Surgical,80,2820
X681679,ΟΥΡΗΤΗΡΟΔΕΡΜΟΣΤΟΜΙΑ,Surgical,80,770
X681759,"ΟΥΡΗΤΗΡΟΡΡΑΦΗ, ΣΥΡΡΑΦΗ ΤΟΥ ΟΥΡΗΤΗΡΑ (ΞΕΧΩΡΙΣΤΗ ΔΙΑ",Surgical,120,1170
X681799,ΕΚΤΟΜΗ ΟΥΡΗΤΗΡΟ-ΔΕΡΜΑΤΙΚΟΥ ΣΥΡΙΓΓΙΟΥ,Surgical,240,2820
X681819,ΕΚΤΟΜΗ ΟΥΡΗΤΗΡΟΣΠΛΑΓΧΝΙΟΥ ΣΥΡΙΓΓΙΟΥ (ΣΥΜΠΕΡΙΛΑΜΒΑΝ,Surgical,240,2420
X681839,ΑΠΟΛΙΝΩΣΗ ΤΟΥ ΟΥΡΗΤΗΡΑ,Surgical,160,1570
X681849,"ΛΑΠΑΡΟΣΚΟΠΗΣΗ, ΧΕΙΡΟΥΡΓΙΚΗ, ΟΥΡΗΤΗΡΟΛΙΘΟΤΟΜΙΑ",Surgical,120,2370
X681853,"ΛΑΠΑΡΟΣΚΟΠΗΣΗ, ΧΕΙΡΟΥΡΓΙΚΗ, ΧΕΙΡΟΥΡΓΙΚΗ ΜΕΤΑΦΟΡΑ Τ",Surgical,80,690
X681855,"ΛΑΠΑΡΟΣΚΟΠΗΣΗ, ΧΕΙΡΟΥΡΓΙΚΗ, ΧΕΙΡΟΥΡΓΙΚΗ ΜΕΤΑΦΟΡΑ Τ",Surgical,120,850
X681857,"ΜΗ ΚΑΤΑΓΕΓΡΑΜΜΕΝΗ ΔΙΑΔΙΚΑΣΙΑ ΛΑΠΑΡΟΣΚΟΠΗΣΗΣ, ΟΥΡΗΤ",Surgical,160,1010
X681861,ΕΝΔΟΣΚΟΠΗΣΗ ΟΥΡΗΤΗΡΑ ΜΕΣΩ ΤΟΠΟΘΕΤΗΜΕΝΗΣ ΟΥΡΗΤΗΡΟΣΤ,Surgical,120,1330
X681865,ΕΝΔΟΣΚΟΠΗΣΗ ΟΥΡΗΤΗΡΑ ΜΕΣΩ ΤΟΠΟΘΕΤΗΜΕΝΗΣ ΟΥΡΗΤΗΡΟΣΤ,Surgical,80,1650
X681869,ΕΝΔΟΣΚΟΠΗΣΗ ΟΥΡΗΤΗΡΑ ΜΕΣΩ ΤΟΠΟΘΕΤΗΜΕΝΗΣ ΟΥΡΗΤΗΡΟΣΤ,Surgical,160,1970
X681873,ΕΝΔΟΣΚΟΠΗΣΗ ΟΥΡΗΤΗΡΑ ΜΕΣΩ ΤΟΠΟΘΕΤΗΜΕΝΗΣ ΟΥΡΗΤΗΡΟΣΤ,Surgical,120,2290
X681881,ΕΝΔΟΣΚΟΠΗΣΗ ΟΥΡΗΤΗΡΑ ΜΕΣΩ ΤΟΠΟΘΕΤΗΜΕΝΗΣ ΟΥΡΗΤΗΡΟΣΤ,Surgical,150,1380
X681899,"ΕΝΔΟΣΚΟΠΗΣΗ ΟΥΡΗΤΗΡΑ, ΜΕ Ή ΧΩΡΙΣ ΠΛΥΣΗ, ΕΝΣΤΑΛΑΞΗ,",Surgical,160,2370
X681903,"ΕΝΔΟΣΚΟΠΗΣΗ ΟΥΡΗΤΗΡΑ, ΜΕ Ή ΧΩΡΙΣ ΠΛΥΣΗ, ΕΝΣΤΑΛΑΞΗ,",Surgical,120,690
X681907,"ΕΝΔΟΣΚΟΠΗΣΗ ΟΥΡΗΤΗΡΑ, ΜΕ Ή ΧΩΡΙΣ ΠΛΥΣΗ, ΕΝΣΤΑΛΑΞΗ,",Surgical,80,1010
X681911,"ΕΝΔΟΣΚΟΠΗΣΗ ΟΥΡΗΤΗΡΑ, ΜΕ Ή ΧΩΡΙΣ ΠΛΥΣΗ, ΕΝΣΤΑΛΑΞΗ,",Surgical,160,1330
X681919,"ΕΝΔΟΣΚΟΠΗΣΗ ΟΥΡΗΤΗΡΑ, ΜΕ Ή ΧΩΡΙΣ ΠΛΥΣΗ, ΕΝΣΤΑΛΑΞΗ,",Surgical,240,2420
X681999,"ΚΥΣΤΕΟΤΟΜΙΑ Ή ΚΥΣΤΕΟΣΤΟΜΙΑ, ΜΕ ΗΛΕΚΤΡΟΘΕΡΜΟΚΑΥΤΗΡΙ",Surgical,120,2370
X682019,ΑΝΕΝΕΡΓΟΣ,Surgical,80,1970
X682039,"ΚΥΣΤΕΟΣΤΟΜΙΑ, ΚΥΣΤΕΟΣΤΟΜΙΑ ΜΕ ΠΑΡΟΧΕΤΕΥΣΗ",Surgical,120,1570
X682049,ΑΝΕΝΕΡΓΟΣ,Surgical,80,2370
X682059,"ΑΦΑΙΡΕΣΗ ΛΙΘΟΥ ΤΗΣ ΟΥΡΟΔΟΧΟΥ ΚΥΣΤΗΣ, ΚΥΣΤΕΟΣΤΟΜΙΑ ",Surgical,240,1620
X682079,ΕΝΔΟΣΚΟΠΙΚΗ (ΔΙΑΚΥΣΤΙΚΗ) ΟΥΡΗΤΗΡΟΛΙΘΟΤΟΜΙΑ,Surgical,80,770
X682089,"ΚΥΣΤΕΟΣΤΟΜΙΑ, ΜΕ ΕΞΑΓΩΓΗ ΛΙΘΟΥ ΜΕ ΛΑΒΙΔΑ ΚΑΙ ΚΑΤΑΚ",Surgical,160,1570
X682119,ΠΑΡΟΧΕΤΕΥΣΗ ΑΠΟΣΤΗΜΑΤΟΣ ΠΕΡΙΚΥΣΤΙΚΟΥ Ή ΠΡΟΚΥΣΤΙΚΟΥ,Surgical,160,1970
X682159,ΠΑΡΑΚΕΝΤΗΣΗ ΚΥΣΤΗΣ· ΜΕ ΒΕΛΟΝΑ,Surgical,120,1170
X682161,ΠΑΡΑΚΕΝΤΗΣΗ ΚΥΣΤΗΣ· ΜΕ ΤΡΟΚΑΡ Ή ΕΝΔΟΚΑΘΕΤΗΡΑ,Surgical,160,1330
X682163,ΠΑΡΑΚΕΝΤΗΣΗ ΚΥΣΤΗΣ· ΜΕ ΕΙΣΑΓΩΓΗ ΥΠΕΡΗΒΙΚΟΥ ΚΑΘΕΤΗΡ,Surgical,80,1490
X682959,ΕΚΤΟΜΗ ΚΥΣΤΗΣ Ή ΣΥΡΙΓΓΙΟΥ ΟΥΡΑΧΟΥ ΜΕ Ή ΧΩΡΙΣ ΑΠΟΚΑ,Surgical,240,1620
X682999,ΑΝΕΝΕΡΓΟΣ,Surgical,120,2370
X683009,ΚΥΣΤΕΟΣΤΟΜΙΑ· ΓΙΑ ΕΞΑΓΩΓΗ ΕΚΚΟΛΠΩΜΑΤΟΣ ΟΥΡΟΔΟΧΟΥ Κ,Surgical,120,1170
X683019,ΚΥΣΤΕΟΣΤΟΜΙΑ· ΓΙΑ ΕΚΤΟΜΗ ΟΓΚΟΥ ΟΥΡΟΔΟΧΟΥ ΚΥΣΤΗΣ,Surgical,240,2420
X683029,"ΚΥΣΤΕΟΣΤΟΜΙΑ ΓΙΑ ΕΚΤΟΜΗ, ΤΟΜΗ Ή ΑΠΟΚΑΤΑΣΤΑΣΗ ΟΥΡΗΤ",Surgical,240,1220
X683059,"ΚΥΣΤΕΚΤΟΜΗ, ΜΕΡΙΚΗ· ΑΠΛΗ",Surgical,240,1620
X683069,"ΚΥΣΤΕΚΤΟΜΗ, ΜΕΡΙΚΗ· ΕΠΙΠΛΕΓΜΕΝΗ (ΠΧ, ΜΕΤΑΚΤΙΝΙΚΗ Π",Surgical,240,2420
X683089,"ΚΥΣΤΕΚΤΟΜΗ, ΜΕΡΙΚΗ, ΜΕ ΕΠΑΝΕΜΦΥΤΕΥΣΗ ΟΥΡΗΤΗΡΑ(ΩΝ) ",Surgical,240,2020
X683099,"ΚΥΣΤΕΚΤΟΜΗ, ΠΛΗΡΗΣ· (ΞΕΧΩΡΙΣΤΗ ΕΠΕΜΒΑΣΗ)",Surgical,240,2820
X683109,"ΚΥΣΤΕΚΤΟΜΗ, ΠΛΗΡΗΣ· ΜΕ ΠΥΕΛΙΚΗ ΛΕΜΦΑΔΕΝΕΚΤΟΜΗ ΑΜΦΩ",Surgical,240,1620
X683119,"ΚΥΣΤΕΚΤΟΜΗ, ΠΛΗΡΗΣ, ΜΕ ΑΝΑΣΤΟΜΩΣΗ ΤΟΥ ΟΥΡΗΤΗΡΑ ΜΕ ",Surgical,240,2420
X683129,"ΚΥΣΤΕΚΤΟΜΗ, ΠΛΗΡΗΣ, ΜΕ ΑΝΑΣΤΟΜΩΣΗ ΤΟΥ ΟΥΡΗΤΗΡΑ ΜΕ ",Surgical,240,1220
X683139,"ΚΥΣΤΕΚΤΟΜΗ, ΠΛΗΡΗΣ, ΜΕ ΣΩΛΗΝΑ ΟΥΡΗΤΗΡΑ-ΕΙΛΕΟΥ Ή ΣΙ",Surgical,240,2020
X683149,"ΚΥΣΤΕΚΤΟΜΗ, ΠΛΗΡΗΣ, ΜΕ ΣΩΛΗΝΑ ΟΥΡΗΤΗΡΑ-ΕΙΛΕΟΥ Ή ΣΙ",Surgical,240,2820
X683151,"ΚΥΣΤΕΚΤΟΜΗ, ΠΛΗΡΗΣ, ΜΕ ΕΓΚΡΑΤΗ EKTROPH, ΟΠΟΙΑΔΗΠΟΤ",Surgical,150,980
X683153,"ΠΥΕΛΙΚΗ ΕΞΕΝΤΕΡΩΣΗ, ΠΛΗΡΗΣ, ΓΙΑ ΚΥΣΤΙΚΗ, ΠΡΟΣΤΑΤΙΚ",Surgical,210,1740
X683159,ΚΥΣΤΕΟΓΡΑΦΙΑ Ή ΟΥΡΗΘΡΟΚΥΣΤΕΟΓΡΑΦΙΑ ΜΕ ΕΚΚΕΝΩΣΗ,Surgical,120,1170
X683169,ΑΝΕΝΕΡΓΟΣ,Surgical,80,1970
X683179,ΑΝΕΝΕΡΓΟΣ,Surgical,160,770
X683359,"ΚΑΤΑΙΟΝΙΣΜΟΣ ΟΥΡΟΔΟΧΟΥ ΚΥΣΤΗΣ, ΑΠΛΗ, ΠΛΥΣΗ ΚΑΙ/Η Ε",Surgical,160,1170
X683361,"ΕΙΣΑΓΩΓΗ ΜΗ-ΜΟΝΙΜΟΥ ΚΑΘΕΤΗΡΑ ΟΥΡΟΔΟΧΟΥ ΚΥΣΤΗΣ (ΠΧ,",Surgical,80,1330
X683363,ΕΙΣΑΓΩΓΗ ΠΡΟΣΩΡΙΝΟΥ ΜΟΝΙΜΟΥ ΚΑΘΕΤΗΡΑ ΟΥΡΟΔΟΧΟΥ ΚΥΣ,Surgical,120,1490
X683365,ΕΙΣΑΓΩΓΗ ΠΡΟΣΩΡΙΝΟΥ ΜΟΝΙΜΟΥ ΚΑΘΕΤΗΡΑ ΟΥΡΟΔΟΧΟΥ ΚΥΣ,Surgical,160,1650
X683369,ΑΛΛΑΓΗ ΣΩΛΗΝΑ ΚΥΣΤΕΟΣΤΟΜΙΑΣ· ΑΠΛΗ,Surgical,120,1970
X683379,ΑΛΛΑΓΗ ΣΩΛΗΝΑ ΚΥΣΤΕΟΣΤΟΜΙΑΣ· ΕΠΙΠΛΕΓΜΕΝΗ,Surgical,80,770
X683389,ΕΝΔΟΣΚΟΠΙΚΗ ΕΓΧΥΣΗ ΕΜΦΥΤΕΥΣΙΜΟΥ ΥΛΙΚΟΥ ΣΕ ΥΠΟΒΛΕΝΝ,Surgical,160,1570
X683399,ΘΕΡΑΠΕΥΤΙΚΕΣ ΕΓΧΥΣΕΙΣ ΟΥΡΟΔΟΧΟΥ ΚΥΣΤΗΣ,Surgical,120,2370
X683409,"ΑΠΛΟ ΔΙΑΓΡΑΜΜΑ ΚΥΣΤΕΟΜΕΤΡΟΥ (CMG) (ΠΧ, ΝΩΤΙΑΙΟ ΜΑΝ",Surgical,80,1170
X683411,ΣΥΝΘΕΤΟ ΔΙΑΓΡΑΜΜΑ ΚΥΣΤΕΟΜΕΤΡΟΥ (ΠΧ. ΒΑΘΜΟΝΟΜΗΜΕΝΟΣ,Surgical,120,1330
X683431,"ΑΠΛΗ ΟΥΡΟΡΟΟΜΕΤΡΗΣΗ (UFR) (ΠΧ. ΧΡΟΝΟΜΕΤΡΟ ΡΟΗΣ, ΜΗ",Surgical,160,930
X683441,ΣΥΝΘΕΤΗ ΟΥΡΟΡΟΟΜΕΤΡΗΣΗ (ΠΧ. ΒΑΘΜΟΝΟΜΗΜΕΝΟΣ ΗΛΕΚΤΡΟ,Surgical,120,1730
X683503,ΜΕΛΕΤΕΣ ΠΡΟΦΙΛΟΜΕΤΡΙΑΣ (UPP) (ΠΡΟΦΙΛ ΠΙΕΣΗΣ ΚΛΕΙΣΙ,Surgical,160,690
X683527,ΗΛΕΚΤΡΟΜΥΟΓΡΑΦΙΚΗ ΜΕΛΕΤΗ (EMG) ΣΦΙΓΚΤΗΡΑ ΤΟΥ ΠΡΩΚΤ,Surgical,160,610
X683529,ΗΛΕΚΤΡΟΜΥΟΓΡΑΦΙΚΗ ΜΕΛΕΤΗ ΒΕΛΟΝΑΣ (EMG) ΣΦΙΓΚΤΗΡΑ Τ,Surgical,80,770
X683543,"ΑΠΟΚΡΙΣΗ ΜΕΣΩ ΕΡΕΘΙΣΜΑΤΟΣ (ΠΧ, ΜΕΤΡΗΣΗ ΧΡΟΝΟΥ ΚΑΘΥ",Surgical,120,1890
X683549,ΜΕΛΕΤΕΣ ΠΙΕΣΗΣ ΕΚΚΕΝΩΣΗΣ (VP)· ΠΙΕΣΗ ΕΚΚΕΝΩΣΗΣ ΟΥΡ,Surgical,120,2370
X683553,ΜΕΛΕΤΕΣ ΠΙΕΣΗΣ ΕΚΚΕΝΩΣΗΣ (VP)· ΕΝΔΟΚΟΙΛΙΑΚΗ ΠΙΕΣΗ ,Surgical,80,690
X683555,ΜΕΤΡΗΣΗ ΥΠΟΛΕΙΠΟΜΕΝΩΝ ΟΥΡΩΝ ΜΕΤΑ ΤΗΝ ΟΥΡΗΣΗ Ή/ΚΑΙ ,Surgical,120,850
X683559,"ΚΥΣΤΕΟΠΛΑΣΤΙΚΗ Ή ΚΥΣΤΕΟΟΥΡΗΘΡΟΠΛΑΣΤΙΚΗ, ΠΛΑΣΤΙΚΗ Ε",Surgical,240,1620
X683599,ΚΥΣΤΕΟΟΥΡΗΘΡΟΠΛΑΣΤΙΚΗ ΜΕ ΕΤΕΡΟΠΛΕΥΡΗ Ή ΑΜΦΟΤΕΡΟΠΛΕ,Surgical,160,2370
X683639,"ΕΜΠΡΟΣΘΙΑ ΚΥΣΤΕΟΟΥΡΗΘΡΟΠΗΞΙΑ, Ή ΟΥΡΗΘΡΟΠΗΞΙΑ (ΠΧ, ",Surgical,120,1570
X683641,"ΕΜΠΡΟΣΘΙΑ ΚΥΣΤΕΟΟΥΡΗΘΡΟΠΗΞΙΑ, Ή ΟΥΡΗΘΡΟΠΗΞΙΑ (ΠΧ, ",Surgical,160,1730
X683649,"ΑΝΑΡΤΗΣΗ ΚΟΙΛΙΟΚΟΛΠΙΚΟΥ ΚΥΣΤΙΚΟΥ ΑΥΧΕΝΑ, ΜΕ Ή ΧΩΡΙ",Surgical,80,2370
X683679,"ΚΥΣΤΕΟΡΡΑΦΗ, ΡΑΦΗ ΤΡΑΥΜΑΤΟΣ, ΠΛΗΓΗΣ Ή ΡΗΞΗΣ ΟΥΡΟΔΟ",Surgical,80,770
X683689,"ΚΥΣΤΕΟΡΡΑΦΗ, ΡΑΦΗ ΤΡΑΥΜΑΤΟΣ, ΠΛΗΓΗΣ Ή ΡΗΞΗΣ ΟΥΡΟΔΟ",Surgical,160,1570
X683719,ΣΥΓΚΛΕΙΣΗ ΚΥΣΤΕΟΣΤΟΜΙΑΣ (ΞΕΧΩΡΙΣΤΗ ΔΙΑΔΙΚΑΣΙΑ),Surgical,160,1970
X683759,"ΕΚΤΟΜΗ ΚΥΣΤΕΟΚΟΛΠΙΚΟΥ ΣΥΡΙΓΓΙΟΥ, ΚΟΙΛΙΑΚΗ ΠΡΟΣΠΕΛΑ",Surgical,240,1620
X683799,ΕΚΤΟΜΗ ΚΥΣΤΕΟΜΗΤΡΙΚΟΥ ΣΥΡΙΓΓΙΟΥ·,Surgical,240,2820
X683809,ΕΚΤΟΜΗ ΚΥΣΤΕΟΜΗΤΡΙΚΟΥ ΣΥΡΙΓΓΙΟΥ· ΜΕ ΥΣΤΕΡΕΚΤΟΜΗ,Surgical,240,1620
X683839,"ΣΥΓΚΛΕΙΣΗ, ΕΚΣΤΡΟΦΗ ΤΗΣ ΟΥΡΟΔΟΧΟΥ ΚΥΣΤΗΣ",Surgical,160,1570
X683879,"ΕΝΤΕΡΟΚΥΣΤΕΟΠΛΑΣΤΙΚΗ, ΠΕΡΙΛΑΜΒΑΝΟΜΕΝΗΣ ΤΗΣ ΑΝΑΣΤΟΜ",Surgical,120,1220
X683919,ΔΕΡΜΑΤΙΚΗ ΚΥΣΤΕΟΣΤΟΜΙΑ,Surgical,80,1970
X683939,"ΛΑΠΑΡΟΣΚΟΠΙΚΗ, ΧΕΙΡΟΥΡΓΙΚΗ· ΑΝΑΡΤΗΣΗ ΟΥΡΗΘΡΑΣ ΓΙΑ ",Surgical,120,1570
X683943,"ΛΑΠΑΡΟΣΚΟΠΙΚΗ, ΧΕΙΡΟΥΡΓΙΚΗ· ΕΠΕΜΒΑΣΗ ΣΤΗΡΙΞΗΣ ΓΙΑ ",Surgical,80,1890
X683957,"ΜΗ ΚΑΤΑΓΕΓΡΑΜΜΕΝΗ ΔΙΑΔΙΚΑΣΙΑ ΛΑΠΑΡΟΣΚΟΠΗΣΗΣ, ΟΥΡΟΔ",Surgical,120,1010
X683959,ΚΥΣΤΕΟΟΥΡΗΘΡΟΣΚΟΠΗΣΗ (ΞΕΧΩΡΙΣΤΗ ΕΠΕΜΒΑΣΗ),Surgical,160,1170
X683961,ΚΥΣΤΕΟΟΥΡΗΘΡΟΣΚΟΠΗΣΗ ΜΕ ΚΑΤΑΙΟΝΙΣΜΟ ΚΑΙ ΕΚΚΕΝΩΣΗ Π,Surgical,80,1330
X683969,"ΚΥΣΤΕΟΟΥΡΗΘΡΟΣΚΟΠΗΣΗ, ΕΝΣΤΑΛΑΞΗ, Ή ΟΥΡΗΤΗΡΟΠΥΕΛΟΓΡ",Surgical,120,1970
X683973,"ΚΥΣΤΕΟΟΥΡΗΘΡΟΣΚΟΠΗΣΗ, ΕΝΣΤΑΛΑΞΗ, Ή ΟΥΡΗΤΗΡΟΠΥΕΛΟΓΡ",Surgical,80,2290
X683979,ΑΝΕΝΕΡΓΟΣ,Surgical,80,770
X684367,"ΚΥΣΤΕΟΟΥΡΗΘΡΟΣΚΟΠΗΣΗ, ΜΕ ΒΙΟΨΙΑ(ΕΣ)",Surgical,80,1810
X684387,ΑΝΕΝΕΡΓΟΣ,Surgical,120,1410
X684407,"ΚΥΣΤΕΟΟΥΡΗΘΡΟΣΚΟΠΗΣΗ, ΜΕ ΗΛΕΚΤΡΟΘΕΡΜΟΚΑΥΤΗΡΙΑΣΗ (Π",Surgical,160,1010
X684427,"ΚΥΣΤΕΟΟΥΡΗΘΡΟΣΚΟΠΗΣΗ, ΜΕ ΗΛΕΚΤΡΟΘΕΡΜΟΚΑΥΤΗΡΙΑΣΗ (Π",Surgical,180,1060
X684429,"ΚΥΣΤΕΟΟΥΡΗΘΡΟΣΚΟΠΗΣΗ, ΜΕ ΗΛΕΚΤΡΟΘΕΡΜΟΚΑΥΤΗΡΙΑΣΗ (Π",Surgical,240,1220
X684439,"ΚΥΣΤΕΟΟΥΡΗΘΡΟΣΚΟΠΗΣΗ, ΜΕ ΗΛΕΚΤΡΟΘΕΡΜΟΚΑΥΤΗΡΙΑΣΗ (Π",Surgical,240,2620
X684459,ΚΥΣΤΕΟΟΥΡΗΘΡΟΣΚΟΠΗΣΗ ΜΕ ΕΙΣΑΓΩΓΗ ΡΑΔΙΕΝΕΡΓΗΣ ΟΥΣΙΑ,Surgical,120,1170
X684479,"ΚΥΣΤΕΟΟΥΡΗΘΡΟΣΚΟΠΗΣΗ, ΜΕ ΔΙΑΣΤΟΛΗ ΟΥΡΟΔΟΧΟΥ ΚΥΣΤΗΣ",Surgical,160,770
X684489,"ΚΥΣΤΕΟΟΥΡΗΘΡΟΣΚΟΠΗΣΗ, ΜΕ ΔΙΑΣΤΟΛΗ ΟΥΡΟΔΟΧΟΥ ΚΥΣΤΗΣ",Surgical,120,1570
X684499,"ΚΥΣΤΕΟΟΥΡΗΘΡΟΣΚΟΠΗΣΗ, ΜΕ ΕΣΩΤΕΡΙΚΗ ΟΥΡΗΘΡΟΤΟΜΗ· ΘΗ",Surgical,80,2370
X684509,"ΚΥΣΤΕΟΟΥΡΗΘΡΟΣΚΟΠΗΣΗ, ΜΕ ΕΣΩΤΕΡΙΚΗ ΟΥΡΗΘΡΟΤΟΜΗ· ΑΡ",Surgical,160,1170
X684511,"ΚΥΣΤΕΟΟΥΡΗΘΡΟΣΚΟΠΗΣΗ, ΜΕ ΑΜΕΣΗ ΟΠΤΙΚΗ ΕΣΩΤΕΡΙΚΗ ΟΥ",Surgical,80,1330
X684513,"ΚΥΣΤΕΟΟΥΡΗΘΡΟΣΚΟΠΗΣΗ, ΜΕ ΕΚΤΟΜΗ ΕΞΩΤΕΡΙΚΟΥ ΣΦΙΓΚΤΗ",Surgical,210,1940
X684521,ΑΝΕΝΕΡΓΟΣ,Surgical,160,2130
X684523,"ΚΥΣΤΕΟΟΥΡΗΘΡΟΣΚΟΠΗΣΗ, ΜΕ ΕΙΣΑΓΩΓΗ ΟΥΡΗΘΡΙΚΟΥ ΣΤΕΝΤ",Surgical,80,2290
X684525,"ΚΥΣΤΕΟΟΥΡΗΘΡΟΣΚΟΠΗΣΗ, ΜΕ ΕΓΧΥΣΗ ΣΤΕΡΟΕΙΔΩΝ ΣΤΗΝ ΣΤ",Surgical,120,450
X684529,ΚΥΣΤΕΟΟΥΡΗΘΡΟΣΚΟΠΗΣΗ ΓΙΑ ΑΝΤΙΜΕΤΩΠΙΣΗ ΤΟΥ ΟΥΡΗΘΡΙΚ,Surgical,80,770
X684539,ΚΥΣΤΕΟΟΥΡΗΘΡΟΣΚΟΠΗΣΗ· ΜΕ ΧΕΙΡΟΥΡΓΙΚΗ ΔΙΑΝΟΙΞΗ ΣΤΟΜ,Surgical,160,1570
X684559,ΚΥΣΤΕΟΟΥΡΗΘΡΟΣΚΟΠΗΣΗ· ΜΕ ΕΚΤΟΜΗ Ή ΗΛΕΚΤΡΟΘΕΡΜΟΚΑΥΤ,Surgical,240,1620
X684561,ΚΥΣΤΕΟΟΥΡΗΘΡΟΣΚΟΠΗΣΗ· ΜΕ ΕΚΤΟΜΗ Η ΗΛΕΚΤΡΟΘΕΡΜΟΚΑΥΤ,Surgical,150,1780
X684569,ΚΥΣΤΕΟΟΥΡΗΘΡΟΣΚΟΠΗΣΗ· ΜΕ ΤΟΜΗ Η ΕΚΤΟΜΗ ΣΤΟΜΙΟΥ ΤΗΣ,Surgical,240,2420
X684579,"ΚΥΣΤΕΟΟΥΡΗΘΡΟΣΚΟΠΗΣΗ, ΜΕ ΑΦΑΙΡΕΣΗ ΞΕΝΟΥ ΣΩΜΑΤΟΣ, Λ",Surgical,240,1220
X684589,"ΚΥΣΤΕΟΟΥΡΗΘΡΟΣΚΟΠΗΣΗ, ΜΕ ΑΦΑΙΡΕΣΗ ΞΕΝΟΥ ΣΩΜΑΤΟΣ, Λ",Surgical,240,2020
X684593,ΛΙΘΟΤΡΙΨΙΑ ΣΤΗΝ ΟΥΡΟΔΟΧΟ ΚΥΣΤΗ.ΑΠΛΗ Η ΜΙΚΡΗ (ΛΙΘΟΣ,Surgical,160,1890
X684595,ΛΙΘΟΤΡΙΨΙΑ ΣΤΗΝ ΟΥΡΟΔΟΧΟ ΚΥΣΤΗ.ΕΠΙΠΛΕΓΜΕΝΗ Η ΜΕΓΑΛ,Surgical,120,3100
X684599,ΚΥΣΤΕΟΟΥΡΗΘΡΟΣΚΟΠΗΣΗ (ΠΕΡΙΛΑΜΒΑΝΕΤΑΙ ΚΑΘΕΤΗΡΙΑΣΜΟΣ,Surgical,240,2820
X684609,ΛΙΘΟΤΡΙΨΙΑ ΟΥΡΗΤΗΡΙΚΟΥ ΛΙΘΟΥ.ΚΑΘΕ ΜΕΘΟΔΟΣ,Surgical,120,1170
X684613,ΚΥΣΤΕΟΟΥΡΗΘΡΟΣΚΟΠΗΣΗ (ΠΕΡΙΛΑΜΒΑΝΕΤΑΙ ΚΑΘΕΤΗΡΙΑΣΜΟΣ,Surgical,80,1490
X684619,ΑΝΕΝΕΡΓΟΣ,Surgical,80,1970
X684623,"ΚΥΣΤΕΟΟΥΡΗΘΡΟΣΚΟΠΗΣΗ, ΜΕ ΕΙΣΑΓΩΓΗ ΜΟΝΙΜΟΥ ΟΥΡΗΤΗΡΙ",Surgical,160,2290
X684627,ΚΥΣΤΕΟΟΥΡΗΘΡΟΣΚΟΠΗΣΗ ΜΕ ΕΙΣΑΓΩΓΗ ΣΥΡΜΑΤΙΝΟΥ ΟΥΡΗΤΗ,Surgical,120,610
X684641,ΚΥΣΤΕΟΟΥΡΗΘΡΟΣΚΟΠΗΣΗ· ΜΕ ΑΝΤΙΜΕΤΩΠΙΣΗ ΣΤΕΝΩΣΗΣ ΟΥΡ,Surgical,160,1730
X684643,ΚΥΣΤΕΟΟΥΡΗΘΡΟΣΚΟΠΗΣΗ· ΜΕ ΑΝΤΙΜΕΤΩΠΙΣΗ ΣΤΕΝΩΣΗΣ ΠΥΕ,Surgical,80,1890
X684645,ΚΥΣΤΕΟΟΥΡΗΘΡΟΣΚΟΠΗΣΗ· ΜΕ ΑΝΤΙΜΕΤΩΠΙΣΗ ΕΝΔΟΝΕΦΡΙΚΗΣ,Surgical,120,2050
X684647,ΚΥΣΤΕΟΟΥΡΗΘΡΟΣΚΟΠΗΣΗ ΜΕ ΟΥΡΗΤΗΡΟΣΚΟΠΗΣΗ· ΜΕ ΑΝΤΙΜΕ,Surgical,160,2210
X684649,ΚΥΣΤΕΟΟΥΡΗΘΡΟΣΚΟΠΗΣΗ ΜΕ ΟΥΡΗΤΗΡΟΣΚΟΠΗΣΗ· ΜΕ ΑΝΤΙΜΕ,Surgical,80,2370
X684651,ΚΥΣΤΕΟΟΥΡΗΘΡΟΣΚΟΠΗΣΗ ΜΕ ΟΥΡΗΤΗΡΟΣΚΟΠΗΣΗ· ΜΕ ΑΝΤΙΜΕ,Surgical,120,530
X684661,"ΚΥΣΤΕΟΟΥΡΗΘΡΟΣΚΟΠΗΣΗ, ΜΕ ΟΥΡΗΤΗΡΟΣΚΟΠΗΣΗ Ή/ ΚΑΙ ΠΥ",Surgical,80,1330
X684663,"ΚΥΣΤΕΟΟΥΡΗΘΡΟΣΚΟΠΗΣΗ, ΜΕ ΟΥΡΗΤΗΡΟΣΚΟΠΗΣΗ Ή/ ΚΑΙ ΠΥ",Surgical,210,1940
X684665,"ΚΥΣΤΕΟΟΥΡΗΘΡΟΣΚΟΠΗΣΗ, ΜΕ ΟΥΡΗΤΗΡΟΣΚΟΠΗΣΗ Ή/ ΚΑΙ ΠΥ",Surgical,160,1650
X684667,"ΚΥΣΤΕΟΟΥΡΗΘΡΟΣΚΟΠΗΣΗ, ΜΕ ΟΥΡΗΤΗΡΟΣΚΟΠΗΣΗ Ή/ ΚΑΙ ΠΥ",Surgical,80,1810
X684669,"ΚΥΣΤΕΟΟΥΡΗΘΡΟΣΚΟΠΗΣΗ, ΜΕ ΟΥΡΗΤΗΡΟΣΚΟΠΗΣΗ Ή/ ΚΑΙ ΠΥ",Surgical,240,2420
X684759,"ΚΥΣΤΕΟΟΥΡΗΘΡΟΣΚΟΠΗΣΗ ΜΕ ΤΟΜΗ, ΗΛΕΚΤΡΟΘΕΡΜΟΚΑΥΤΗΡΙΑ",Surgical,240,1620
X684763,ΑΝΕΝΕΡΓΟΣ,Surgical,80,1490
X684859,ΔΙΟΥΡΗΘΡΙΚΗ ΤΟΜΗ ΤΟΥ ΠΡΟΣΤΑΤΗ,Surgical,80,1170
X684959,ΔΙΟΥΡΗΘΡΙΚΗ ΤΟΜΗ ΤΟΥ ΑΥΧΕΝΑ ΤΗΣ ΟΥΡΟΔΟΧΟΥ ΚΥΣΤΗΣ (,Surgical,160,1170
X685161,ΔΙΟΥΡΗΘΡΙΚΗ ΗΛΕΚΤΡΟΧΕΙΡΟΥΡΓΙΚΗ ΕΚΤΟΜΗ ΤΟΥ ΠΡΟΣΤΑΤΗ,Surgical,150,1780
X685219,ΔΙΟΥΡΗΘΡΙΚΗ ΕΚΤΟΜΗ· ΥΠΟΛΕΙMΜΑΤΙΚΟΣ Η ΕΚ ΝΕΟΥ ΑΝΑΠΤ,Surgical,240,2420
X685239,ΔΙΟΥΡΗΘΡΙΚΗ ΕΚΤΟΜΗ· ΜΕΤΕΓΧΕΙΡΗΤΙΚΗΣ ΣΥΣΠΑΣΗΣ ΑΥΧΕΝ,Surgical,240,2020
X685253,ΑΝΕΝΕΡΓΟΣ,Surgical,80,690
X685255,"ΕΞΑΧΝΩΣΗ ΠΡΟΣΤΑΤΗ ΜΕ ΛΕΙΖΕΡ, ΠΕΡΙΛΑΜΒΑΝΕΤΑΙ ΕΛΕΓΧΟ",Surgical,120,1300
X685257,"ΕΚΠΥΡΗΝΩΣΗ ΠΡΟΣΤΑΤΗ ΜΕ ΛΕΙΖΕΡ ΜΕ ΚΑΤΑΤΕΜΑΧΙΣΜΟ, ΠΕ",Surgical,180,1460
X685359,ΔΙΟΥΡΗΘΡΙΚΗ ΠΑΡΟΧΕΤΕΥΣΗ ΑΠΟΣΤΗΜΑΤΟΣ ΠΡΟΣΤΑΤΗ,Surgical,160,1170
X685959,ΑΝΕΝΕΡΓΟΣ,Surgical,160,1170
X685979,"ΟΥΡΗΘΡΟΤΟΜΗ ΚΑΙ ΟΥΡΗΘΡΟΣΤΟΜΙΑ, ΕΞΩΤΕΡΙΚΗ (ΞΕΧΩΡΙΣΤ",Surgical,80,770
X685999,"ΧΕΙΡΟΥΡΓΙΚΗ ΔΙΑΝΟΙΞΗ, ΑΦΑΙΡΕΣΗ ΑΥΧΕΝΑ (ΞΕΧΩΡΙΣΤΗ Ε",Surgical,240,2820
X686009,"ΧΕΙΡΟΥΡΓΙΚΗ ΔΙΑΝΟΙΞΗ, ΑΦΑΙΡΕΣΗ ΑΥΧΕΝΑ (ΞΕΧΩΡΙΣΤΗ Ε",Surgical,240,1620
X686039,ΠΑΡΟΧΕΤΕΥΣΗ ΕΝ ΤΩ ΒΑΘΕΙ ΠΕΡΙΟΥΡΗΘΡΙΚΟΥ ΑΠΟΣΤΗΜΑΤΟΣ,Surgical,120,1570
X686079,ΑΝΕΝΕΡΓΟΣ,Surgical,80,770
X686119,ΑΝΕΝΕΡΓΟΣ,Surgical,160,1970
X686129,ΠΑΡΟΧΕΤΕΥΣΗ ΠΕΡΙΝΕΪΚΗΣ ΟΥΡΟΦΟΡΟΥ ΕΞΑΓΓΕΙΩΣΗΣ,Surgical,120,770
X686359,ΒΙΟΨΙΑ ΤΗΣ ΟΥΡΗΘΡΑΣ,Surgical,160,1170
X686379,"ΟΥΡΗΘΡΕΚΤΟΜΗ, ΠΛΗΡΗΣ, ΠΕΡΙΛΑΜΒΑΝΕΙ ΚΥΣΤΕΟΣΤΟΜΙΑ· Θ",Surgical,240,1220
X686389,"ΟΥΡΗΘΡΕΚΤΟΜΗ, ΠΛΗΡΗΣ, ΠΕΡΙΛΑΜΒΑΝΕΙ ΚΥΣΤΕΟΣΤΟΜΙΑ· Α",Surgical,240,2020
X686399,ΕΚΤΟΜΗ Ή ΗΛΕΚΤΡΟΘΕΡΜΟΚΑΥΤΗΡΙΑΣΗ ΚΑΡΚΙΝΩΜΑΤΟΣ ΤΗΣ Ο,Surgical,240,2820
X686419,ΕΚΤΟΜΗ ΟΥΡΗΘΡΙΚΟΥ ΕΚΚΟΛΠΩΜΑΤΟΣ (ΞΕΧΩΡΙΣΤΗ ΕΠΕΜΒΑΣΗ,Surgical,240,2420
X686429,ΕΚΤΟΜΗ ΟΥΡΗΘΡΙΚΟΥ ΕΚΚΟΛΠΩΜΑΤΟΣ (ΞΕΧΩΡΙΣΤΗ ΕΠΕΜΒΑΣΗ,Surgical,240,1220
X686439,"ΜΑΡΣΙΠΟΠΟΙΗΣΗ ΟΥΡΗΘΡΙΚΟΥ ΕΚΚΟΛΠΩΜΑΤΟΣ, ΑΡΡΕΝ Ή ΘΗΛ",Surgical,80,1570
X686459,ΑΝΕΝΕΡΓΟΣ,Surgical,120,1170
X686479,ΕΚΤΟΜΗ Ή ΗΛΕΚΤΡΟΘΕΡΜΟΚΑΥΤΗΡΙΑΣΗ· ΠΟΛΥΠΟΔΑΣ(ΕΣ) ΤΗΣ,Surgical,240,1220
X686489,ΑΝΕΝΕΡΓΟΣ,Surgical,120,1570
X686499,ΑΝΕΝΕΡΓΟΣ,Surgical,80,2370
X686509,ΕΚΤΟΜΗ Η ΗΛΕΚΤΡΟΘΕΡΜΟΚΑΥΤΗΡΙΑΣΗ· ΠΡΟΠΤΩΣΗ ΟΥΡΗΘΡΑΣ,Surgical,240,1620
X686759,"ΟΥΡΗΘΡΟΠΛΑΣΤΙΚΗ· ΠΡΩΤΟ ΣΤΑΔΙΟ, ΓΙΑ ΣΥΡΙΓΓΙΟ, ΕΚΚΟΛ",Surgical,120,1170
X686769,ΟΥΡΗΘΡΟΠΛΑΣΤΙΚΗ· ΔΕΥΤΕΡΟ ΣΤΑΔΙΟ (ΣΧΗΜΑΤΙΣΜΟΣ ΤΗΣ Ο,Surgical,80,1970
X686779,"ΟΥΡΗΘΡΟΠΛΑΣΤΙΚΗ, ΑΝΑΠΛΑΣΗ ΕΝΟΣ ΣΤΑΔΙΟΥ ΤΗΣ ΕΜΠΡΟΣΘ",Surgical,160,770
X686789,"ΟΥΡΗΘΡΟΠΛΑΣΤΙΚΗ, ΔΙΑΗΒΙΚΗ Ή ΠΕΡΙΝΕΪΚΗ, ΕΝΑ ΣΤΑΔΙΟ,",Surgical,120,1570
X686799,"ΟΥΡΗΘΡΟΠΛΑΣΤΙΚΗ, ΑΝΑΠΛΑΣΗ Η ΑΠΟΚΑΤΑΣΤΑΣΗ 2 ΣΤΑΔΙΩΝ",Surgical,80,2370
X686809,"ΟΥΡΗΘΡΟΠΛΑΣΤΙΚΗ, ΑΝΑΠΛΑΣΗ Η ΑΠΟΚΑΤΑΣΤΑΣΗ 2 ΣΤΑΔΙΩΝ",Surgical,160,1170
X686819,"ΟΥΡΗΘΡΟΠΛΑΣΤΙΚΗ, ΑΝΑΠΛΑΣΗ ΟΥΡΗΘΡΑΣ ΓΥΝΑΙΚΟΣ",Surgical,120,1970
X686821,ΑΝΕΝΕΡΓΟΣ,Surgical,160,2130
X686839,"ΕΠΕΜΒΑΣΗ ΣΤΗΡΙΞΗΣ ΓΙΑ ΑΚΡΑΤΙΑ ΣΕ ΑΝΔΡΑ (ΠΧ, ΠΕΡΙΤΟ",Surgical,160,1570
X686843,ΑΦΑΙΡΕΣΗ Η ΑΝΑΘΕΩΡΗΣΗ ΕΠΕΜΒΑΣΗΣ ΣΤΗΡΙΞΗΣ ΓΙΑ ΑΚΡΑΤ,Surgical,210,2340
X686847,ΑΝΕΝΕΡΓΟΣ,Surgical,80,2210
X686849,ΕΙΣΑΓΩΓΗ ΠΛΗΡΟΥΜΕΝΟΥ ΣΦΙΓΚΤΗΡΑ ΑΥΧΕΝΑ ΤΗΣ ΟΥΡΗΘΡΑΣ,Surgical,120,2370
X686851,ΑΦΑΙΡΕΣΗ ΠΛΗΡΟΥΜΕΝΟΥ ΣΦΙΓΚΤΗΡΑ ΑΥΧΕΝΑ ΤΗΣ ΟΥΡΗΘΡΑΣ,Surgical,150,980
X686853,ΑΦΑΙΡΕΣΗ ΚΑΙ ΑΝΤΙΚΑΤΑΣΤΑΣΗ ΠΛΗΡΟΥΜΕΝΟΥ ΣΦΙΓΚΤΗΡΑ Α,Surgical,210,1140
X686855,ΑΦΑΙΡΕΣΗ ΚΑΙ ΑΝΤΙΚΑΤΑΣΤΑΣΗ ΠΛΗΡΟΥΜΕΝΟΥ ΣΦΙΓΚΤΗΡΑ Α,Surgical,120,1300
X686857,ΑΠΟΚΑΤΑΣΤΑΣΗ ΠΛΗΡΟΥΜΕΝΟΥ ΣΦΙΓΚΤΗΡΑ ΑΥΧΕΝΑ ΤΗΣ ΟΥΡΗ,Surgical,160,1010
X686859,"ΠΛΑΣΤΙΚΗ ΟΥΡΗΘΡΑΣ ΚΑΙ ΣΤΟΜΙΟΥ, ΜΕ ΒΛΕΝΝΟΓΟΝΙΚΗ ΠΡΟ",Surgical,80,1170
X686879,ΑΝΕΝΕΡΓΟΣ,Surgical,120,770
X686959,ΑΝΕΝΕΡΓΟΣ,Surgical,160,1170
X686963,"ΟΥΡΗΘΡΟΡΡΑΦΗ, ΣΥΡΡΑΦΗ ΤΡΑΥΜΑΤΟΣ 'Η ΠΛΗΓΗΣ ΤΗΣ ΟΥΡΗ",Surgical,120,1490
X686969,"ΟΥΡΗΘΡΟΡΡΑΦΗ, ΣΥΡΡΑΦΗ ΤΡΑΥΜΑΤΟΣ 'Η ΠΛΗΓΗΣ ΤΗΣ ΟΥΡΗ",Surgical,120,1970
X686979,"ΟΥΡΗΘΡΟΡΡΑΦΗ, ΣΥΡΡΑΦΗ ΤΡΑΥΜΑΤΟΣ 'Η ΠΛΗΓΗΣ ΤΗΣ ΟΥΡΗ",Surgical,80,770
X686989,"ΟΥΡΗΘΡΟΡΡΑΦΗ, ΣΥΡΡΑΦΗ ΤΡΑΥΜΑΤΟΣ 'Η ΠΛΗΓΗΣ ΤΗΣ ΟΥΡΗ",Surgical,160,1570
X686999,ΣΥΓΚΛΕΙΣΗ ΟΥΡΗΘΡΟΣΤΟΜΙΑΣ Ή ΟΥΡΗΘΡΟΔΕΡΜΑΤΙΚΟΥ ΣΥΡΙΓ,Surgical,120,2370
X687159,ΑΝΕΝΕΡΓΟΣ,Surgical,120,1170
X687161,ΑΝΕΝΕΡΓΟΣ,Surgical,160,1330
X687169,ΑΝΕΝΕΡΓΟΣ,Surgical,80,1970
X687199,ΑΝΕΝΕΡΓΟΣ,Surgical,80,2370
X687201,ΑΝΕΝΕΡΓΟΣ,Surgical,120,530
X687279,ΑΝΕΝΕΡΓΟΣ,Surgical,120,770
X687281,ΑΝΕΝΕΡΓΟΣ,Surgical,160,930
X687289,ΔΙΑΣΤΟΛΗ ΟΥΡΗΘΡΑΣ ΣΕ ΓΥΝΑΙΚΑ,Surgical,80,1570
X687659,ΔΙΟΥΡΗΘΡΙΚΗ ΚΑΤΑΣΤΡΟΦΗ ΤΟΥ ΠΡΟΣΤΑΤΙΚΟΥ ΙΣΤΟΥ· ΜΕ Μ,Surgical,160,1170
X687663,ΔΙΟΥΡΗΘΡΙΚΗ ΚΑΤΑΣΤΡΟΦΗ ΤΟΥ ΠΡΟΣΤΑΤΙΚΟΥ ΙΣΤΟΥ· ΜΕ Ρ,Surgical,120,1490
X687757,"ΜΗ ΚΑΤΑΓΕΓΡΑΜΜΕΝΗ ΔΙΑΔΙΚΑΣΙΑ, ΟΥΡΟΠΟΙΗΤΙΚΟ ΣΥΣΤΗΜΑ",Surgical,80,1010
X687959,"ΔΙΑΤΟΜΗ ΑΚΡΟΠΟΣΘΙΑΣ, ΡΑΧΙΑΙΑ Ή ΠΛΑΓΙΑ (ΞΕΧΩΡΙΣΤΗ Ε",Surgical,160,1170
X687961,"ΔΙΑΤΟΜΗ ΑΚΡΟΠΟΣΘΙΑΣ, ΡΑΧΙΑΙΑ Ή ΠΛΑΓΙΑ (ΞΕΧΩΡΙΣΤΗ Ε",Surgical,80,1330
X687989,"ΤΟΜΗ ΚΑΙ ΠΑΡΟΧΕΤΕΥΣΗ ΠΕΟΥΣ, ΕΝ ΤΩ ΒΑΘΕΙ",Surgical,160,1570
X688059,"ΚΑΤΑΣΤΡΟΦΗ ΤΗΣ ΒΛΑΒΗΣ(ΩΝ), ΠΕΟΣ (ΠΧ, ΚΟΝΔΥΛΩΜΑ, ΘΗ",Surgical,160,1170
X688069,"ΚΑΤΑΣΤΡΟΦΗ ΤΗΣ ΒΛΑΒΗΣ(ΩΝ), ΠΕΟΣ (ΠΧ, ΚΟΝΔΥΛΩΜΑ, ΘΗ",Surgical,120,1970
X688071,"ΚΑΤΑΣΤΡΟΦΗ ΤΗΣ ΒΛΑΒΗΣ(ΩΝ), ΠΕΟΣ (ΠΧ, ΚΟΝΔΥΛΩΜΑ, ΘΗ",Surgical,160,2130
X688073,"ΚΑΤΑΣΤΡΟΦΗ ΤΗΣ ΒΛΑΒΗΣ(ΩΝ), ΠΕΟΣ (ΠΧ, ΚΟΝΔΥΛΩΜΑ, ΘΗ",Surgical,80,2290
X688079,"ΚΑΤΑΣΤΡΟΦΗ ΤΗΣ ΒΛΑΒΗΣ(ΩΝ), ΠΕΟΣ (ΠΧ, ΚΟΝΔΥΛΩΜΑ, ΘΗ",Surgical,240,1220
X688089,"ΚΑΤΑΣΤΡΟΦΗ ΤΗΣ ΒΛΑΒΗΣ(ΩΝ), ΠΕΟΣ (ΠΧ, ΚΟΝΔΥΛΩΜΑ, ΘΗ",Surgical,160,1570
X688159,ΒΙΟΨΙΑ ΠΕΟΥΣ (ΔΕΡΜΑΤΟΣ - ΒΛΕΝΟΓΟΝΝΟΥ),Surgical,120,1170
X688169,ΒΙΟΨΙΑ ΠΕΟΥΣ· ΕΝ ΤΩ ΒΑΘΕΙ ΔΟΜΕΣ,Surgical,80,1970
X688179,ΕΚΤΟΜΗ ΠΕΪΚΗΣ ΠΛΑΚΑΣ (ΝΟΣΟΣ PEYRONIE)·,Surgical,240,1220
X688181,ΕΚΤΟΜΗ ΠΕΪΚΗΣ ΠΛΑΚΑΣ (ΝΟΣΟΣ PEYRONIE)· ΜΕ ΜΟΣΧΕΥΜΑ,Surgical,150,1380
X688183,ΕΚΤΟΜΗ ΠΕΪΚΗΣ ΠΛΑΚΑΣ (ΝΟΣΟΣ PEYRONIE)· ΜΕ ΜΟΣΧΕΥΜΑ,Surgical,210,2140
X688189,ΑΦΑΙΡΕΣΗ ΞΕΝΟΥ ΣΩΜΑΤΟΣ ΑΠΟ ΤΟΝ ΕΝ ΤΩ ΒΑΘΕΙ ΠΕΪΚΟ Ι,Surgical,240,2020
X688199,ΑΚΡΩΤΗΡΙΑΣΜΟΣ ΠΕΟΥΣ· ΜΕΡΙΚΟΣ,Surgical,80,2370
X688209,ΑΚΡΩΤΗΡΙΑΣΜΟΣ ΠΕΟΥΣ· ΠΛΗΡΗΣ,Surgical,160,1170
X688219,ΑΚΡΩΤΗΡΙΑΣΜΟΣ ΠΕΟΥΣ· ΡΙΖΙΚΟΣ· ΜΕ ΒΟΥΒΩΝΟΜΗΡΙΑΙΑ ΛΕ,Surgical,240,2420
X688229,ΑΚΡΩΤΗΡΙΑΣΜΟΣ ΠΕΟΥΣ· ΡΙΖΙΚΟΣ· ΣΕ ΣΥΝΕΧΕΙΑ ΜΕ ΠΥΕΛΙ,Surgical,240,1220
X688259,"ΠΕΡΙΤΟΜΗ, ΜΕ ΧΡΗΣΗ ΛΑΒΙΔΑΣ Η ΑΛΛΗΣ ΣΥΣΚΕΥΗΣ ΜΕ ΤΟΠ",Surgical,80,1170
X688279,"ΠΕΡΙΤΟΜΗ, ΧΕΙΡΟΥΡΓΙΚΗ ΕΚΤΟΜΗ ΧΩΡΙΣ ΛΑΒΙΔΑ, ΣΥΣΚΕΥΗ",Surgical,240,1220
X688281,"ΠΕΡΙΤΟΜΗ, ΧΕΙΡΟΥΡΓΙΚΗ ΕΚΤΟΜΗ ΧΩΡΙΣ ΛΑΒΙΔΑ, ΣΥΣΚΕΥΗ",Surgical,150,1980
X688283,ΛΥΣΗ Η ΕΚΤΟΜΗ ΠΕΪΚΩΝ ΣΥΜΦΥΣΕΩΝ ΜΕΤΑ ΑΠΟ ΠΕΡΙΤΟΜΗ,Surgical,210,1540
X688285,ΑΠΟΚΑΤΑΣΤΑΣΗ ΑΝΟΛΟΚΛΗΡΩΤΗΣ ΠΕΡΙΤΟΜΗΣ,Surgical,120,1250
X688287,ΕΚΤΟΜΗ ΧΑΛΙΝΟΥ ΠΕΟΥΣ,Surgical,180,1860
X688359,ΔΙΑΔΙΚΑΣΙΑ ΕΓΧΥΣΗΣ ΓΙΑ ΤΗ ΝΟΣΟ PEYRONIE,Surgical,160,1170
X688369,ΑΝΕΝΕΡΓΟΣ,Surgical,120,1970
X688399,ΚΑΤΑΙΟΝΙΣΜΟΣ ΣΗΡΑΓΓΩΔΩΝ ΣΩΜΑΤΩΝ ΓΙΑ ΠΡΙΑΠΙΣΜΟ,Surgical,120,2370
X688419,ΔΙΑΔΙΚΑΣΙΑ ΕΓΧΥΣΗΣ ΓΙΑ ΣΗΡΑΓΓΟΓΡΑΦΙΑ ΣΗΡΑΓΓΩΔΩΝ ΣΩ,Surgical,160,1970
X688421,"ΔΥΝΑΜΙΚΗ ΣΗΡΑΓΓΟΜΕΤΡΙΑ, ΠΕΡΙΛΑΜΒΑΝΕΙ ΕΝΔΟΣΗΡΑΓΓΩΔΗ",Surgical,80,2130
X688429,ΕΓΧΥΣΗ ΕΝΤΟΣ ΤΩΝΣΗΡΑΓΓΩΔΩΝ ΣΩΜΑΤΩΝ ΜΕ ΦΑΡΜΑΚΟΛΟΓΙΚ,Surgical,120,770
X688439,ΠΕΪΚΗ ΠΛΗΘΥΣΜΟΓΡΑΦΙΑ,Surgical,80,1570
X688459,ΚΑΤΑΓΡΑΦΗ ΤΗΣ ΝΥΧΤΕΡΙΝΗΣ ΣΤΥΤΙΚΗΣ ΔΡΑΣΤΗΡΙΟΤΗΤΑΣ,Surgical,120,1170
X688559,ΠΛΑΣΤΙΚΗ ΕΠΕΜΒΑΣΗ ΠΕΟΥΣ ΓΙΑ ΔΙΟΡΘΩΣΗ ΑΠΟΚΛΙΣΗΣ (ΠΧ,Surgical,80,1170
X688567,ΠΛΑΣΤΙΚΗ ΕΠΕΜΒΑΣΗ ΠΕΟΥΣ ΓΙΑ ΔΙΟΡΘΩΣΗ ΑΠΟΚΛΙΣΗΣ 'Η ,Surgical,180,2860
X688575,ΟΥΡΗΘΡΟΠΛΑΣΤΙΚΗ ΓΙΑ ΑΠΟΚΑΤΑΣΤΑΣΗ ΔΕΥΤΕΡΟΥ ΣΤΑΔΙΟΥ ,Surgical,160,450
X688583,ΟΥΡΗΘΡΟΠΛΑΣΤΙΚΗ ΓΙΑ ΑΠΟΚΑΤΑΣΤΑΣΗ ΔΕΥΤΕΡΟΥ ΣΤΑΔΙΟΥ ,Surgical,210,2140
X688591,ΟΥΡΗΘΡΟΠΛΑΣΤΙΚΗ ΓΙΑ ΑΠΟΚΑΤΑΣΤΑΣΗ ΔΕΥΤΕΡΟΥ ΣΤΑΔΙΟΥ ,Surgical,120,1730
X688595,ΟΥΡΗΘΡΟΠΛΑΣΤΙΚΗ ΓΙΑ ΑΠΟΚΑΤΑΣΤΑΣΗ ΤΡΙΤΟΥ ΣΤΑΔΙΟΥ ΥΠ,Surgical,80,2050
X688603,ΑΠΟΚΑΤΑΣΤΑΣΗ ΒΑΛΑΝΙΚΟΥ ΥΠΟΣΠΑΔΙΑ ΕΝΟΣ ΣΤΑΔΙΟΥ (ΜΕ ,Surgical,120,690
X688607,ΑΠΟΚΑΤΑΣΤΑΣΗ ΒΑΛΑΝΙΚΟΥ ΥΠΟΣΠΑΔΙΑ ΕΝΟΣ ΣΤΑΔΙΟΥ (ΜΕ ,Surgical,80,1010
X688611,ΑΠΟΚΑΤΑΣΤΑΣΗ ΒΑΛΑΝΙΚΟΥ ΥΠΟΣΠΑΔΙΑ ΕΝΟΣ ΣΤΑΔΙΟΥ (ΜΕ ,Surgical,160,1330
X688615,ΑΠΟΚΑΤΑΣΤΑΣΗ ΒΑΛΑΝΙΚΟΥ ΥΠΟΣΠΑΔΙΑ ΕΝΟΣ ΣΤΑΔΙΟΥ (ΜΕ ,Surgical,120,1650
X688623,ΑΠΟΚΑΤΑΣΤΑΣΗ ΕΝΟΣ ΣΤΑΔΙΟΥ ΕΓΓΥΣ ΠΕΪΚΟΥ Ή ΟΣΧΕΟΠΕΪΚ,Surgical,160,2290
X688631,ΑΠΟΚΑΤΑΣΤΑΣΗ ΕΝΟΣ ΣΤΑΔΙΟΥ ΠΕΡΙΝΕΪΚΟΥ ΥΠΟΣΠΑΔΙΑ ΠΟΥ,Surgical,80,930
X688639,"ΑΠΟΚΑΤΑΣΤΑΣΗ ΕΠΙΠΛΟΚΩΝ ΥΠΟΣΠΑΔΙΑ (ΗΤΟΙ, ΣΥΡΙΓΓΙΑ, ",Surgical,240,2020
X688647,"ΑΠΟΚΑΤΑΣΤΑΣΗ ΕΠΙΠΛΟΚΩΝ ΥΠΟΣΠΑΔΙΑ (ΗΤΟΙ, ΣΥΡΙΓΓΙΑ, ",Surgical,160,2210
X688655,"ΑΠΟΚΑΤΑΣΤΑΣΗ ΕΠΙΠΛΟΚΩΝ ΥΠΟΣΠΑΔΙΑ (ΗΤΟΙ, ΣΥΡΙΓΓΙΑ, ",Surgical,80,850
X688663,ΑΠΟΚΑΤΑΣΤΑΣΗ ΑΠΟΤΥΧΗΜΕΝΟΥ ΥΠΟΣΠΑΔΙΑ ΠΟΥ ΑΠΑΙΤΕΙ ΕΚ,Surgical,210,1940
X688679,ΠΛΑΣΤΙΚΗ ΕΠΕΜΒΑΣΗ ΣΤΟ ΠΕΟΣ ΓΙΑ ΔΙΟΡΘΩΣΗ ΓΩΝΙΩΣΗΣ,Surgical,80,770
X688719,ΠΛΑΣΤΙΚΗ ΕΠΕΜΒΑΣΗ ΣΤΟ ΠΕΟΣ ΓΙΑ ΕΠΙΣΠΑΔΙΑ ΒΑΛΑΝΙΚΟΥ,Surgical,160,1970
X688729,ΠΛΑΣΤΙΚΗ ΕΠΕΜΒΑΣΗ ΣΤΟ ΠΕΟΣ ΓΙΑ ΕΠΙΣΠΑΔΙΑ ΒΑΛΑΝΙΚΟΥ,Surgical,120,770
X688739,ΠΛΑΣΤΙΚΗ ΕΠΕΜΒΑΣΗ ΣΤΟ ΠΕΟΣ ΓΙΑ ΕΠΙΣΠΑΔΙΑ ΒΑΛΑΝΙΚΟΥ,Surgical,80,1570
X688759,ΕΙΣΑΓΩΓΗ ΠΕΪΚΟΥ ΕΜΦΥΤΕΥΜΑΤΟΣ· ΜΗ-ΔΙΑΤΕΙΝΟΜΕΝΟΥ (ΗΜ,Surgical,120,1170
X688761,ΕΙΣΑΓΩΓΗ ΠΕΪΚΟΥ ΕΜΦΥΤΕΥΜΑΤΟΣ· ΔΙΑΤΕΙΝΟΜΕΝΟΥ (ΑΥΤΟΝ,Surgical,160,1330
X688769,"ΕΙΣΑΓΩΓΗ ΠΟΛΛΑΠΛΩΝ ΣΤΟΙΧΕΙΩΝ, ΔΙΑΤΕΙΝΟΜΕΝΟΥ ΠΕΪΚΟΥ",Surgical,80,1970
X688771,ΑΦΑΙΡΕΣΗ ΟΛΩΝ ΤΩΝ ΣΤΟΙΧΕΙΩΝ ΤΟΥ ΔΙΑΤΕΙΝΟΜΕΝΟΥ ΠΕΪΚ,Surgical,150,2580
X688775,ΑΠΟΚΑΤΑΣΤΑΣΗ ΤΩΝ ΣΤΟΙΧΕΙΩΝ ΤΟΥ ΔΙΑΤΕΙΝΟΜΕΝΟΥ ΠΕΪΚΟ,Surgical,80,450
X688779,ΑΦΑΙΡΕΣΗ ΚΑΙ ΑΝΤΙΚΑΤΑΣΤΑΣΗ ΟΛΩΝ ΤΩΝ ΣΤΟΙΧΕΙΩΝ ΕΝΟΣ,Surgical,240,1220
X688781,ΑΦΑΙΡΕΣΗ ΚΑΙ ΑΝΤΙΚΑΤΑΣΤΑΣΗ ΟΛΩΝ ΤΩΝ ΣΤΟΙΧΕΙΩΝ ΕΝΟΣ,Surgical,150,1380
X688789,ΑΦΑΙΡΕΣΗ ΜΗ-ΔΙΑΤΕΙΝΟΜΕΝΟΥ (ΗΜΙΣΚΛΗΡΟΥ) Η ΔΙΑΤΕΙΝΟΜ,Surgical,240,2020
X688791,ΑΦΑΙΡΕΣΗ ΚΑΙ ΑΝΤΙΚΑΤΑΣΤΑΣΗ ΜΗ-ΔΙΑΤΕΙΝΟΜΕΝΟΥ (ΗΜΙΣΚ,Surgical,150,2180
X688793,ΑΦΑΙΡΕΣΗ ΚΑΙ ΑΝΤΙΚΑΤΑΣΤΑΣΗ ΜΗ-ΔΙΑΤΕΙΝΟΜΕΝΟΥ (ΗΜΙΣΚ,Surgical,210,2340
X688799,ΠΑΡΑΚΑΜΨΗ ΣΗΡΑΓΓΩΔΗ ΣΩΜΑΤΑ-ΣΑΦΗΝΗΣ ΦΛΕΒΑ (ΕΠΕΜΒΑΣΗ,Surgical,80,2370
X688819,ΠΑΡΑΚΑΜΨΗ ΣΗΡΑΓΓΩΔΗ ΣΩΜΑΤΑ- ΣΠΟΓΓΩΔΕΣ ΣΩΜΑ (ΕΠΕΜΒΑ,Surgical,120,1970
X688829,"ΣΗΡΙΓΓΟΠΟΙΗΣΗ ΣΗΡΑΓΓΩΔΗ ΣΩΜΑΤΑ-ΒΑΛΑΝΟΣ (ΠΧ, ΒΕΛΟΝΑ",Surgical,80,770
X688839,ΠΛΑΣΤΙΚΗ ΕΠΕΜΒΑΣΗ ΓΙΑ ΤΡΑΥΜΑ ΠΕΟΥΣ,Surgical,160,1570
X688859,ΧΕΙΡΙΣΜΟΣ ΑΚΡΟΠΟΣΘΙΑΣ· ΠΕΡΙΛΑΜΒΑΝΕΙ ΛΥΣΗ ΣΥΜΦΥΣΕΩΝ,Surgical,80,1170
X688959,"ΒΙΟΨΙΑ ΟΡΧΕΩΝ, ΒΕΛΟΝΑ (ΞΕΧΩΡΙΣΤΗ ΕΠΕΜΒΑΣΗ)",Surgical,160,1170
X688969,"ΒΙΟΨΙΑ ΟΡΧΕΩΝ, ΜΕ ΤΟΜΗ (ΞΕΧΩΡΙΣΤΗ ΕΠΕΜΒΑΣΗ)",Surgical,120,1970
X688983,ΕΚΤΟΜΗ ΕΞΩΠΑΡΕΓΧΥΜΑΤΙΚΗΣ ΒΛΑΒΗΣ ΤΟΥ ΟΡΧΙ,Surgical,210,1540
X688999,"ΟΡΧΕΚΤΟΜΗ, ΑΠΛΗ (ΠΕΡΙΛΑΜΒΑΝΟΜΕΝΟΥ ΤΟΥ ΥΠΟΚΑΨΙΚΟΥ),",Surgical,240,2820
X689003,"ΟΡΧΕΚΤΟΜΗ, ΜΕΡΙΚΗ",Surgical,210,1140
X689019,"ΟΡΧΕΚΤΟΜΗ, ΡΙΖΙΚΗ, ΓΙΑ ΟΓΚΟ· ΒΟΥΒΩΝΙΚΗ ΠΡΟΣΠΕΛΑΣΗ",Surgical,240,2420
X689029,"ΟΡΧΕΚΤΟΜΗ, ΡΙΖΙΚΗ, ΓΙΑ ΟΓΚΟ· ΜΕ ΚΟΙΛΙΑΚΗ ΔΙΕΡΕΥΝΗ",Surgical,240,1220
X689059,ΔΙΕΡΕΥΝΗΣΗ ΓΙΑ ΚΡΥΨΟΡΧΙΑ (ΒΟΥΒΩΝΙΚΗ Ή ΟΣΧΕΙΚΗ ΠΕΡΙ,Surgical,160,1170
X689079,ΔΙΕΡΕΥΝΗΣΗ ΓΙΑ ΚΡΥΨΟΡΧΙΑ ΜΕ ΚΟΙΛΙΑΚΗ ΔΙΕΡΕΥΝΗΣΗ,Surgical,80,770
X689159,"ΑΠΟΚΑΤΑΣΤΑΣΗ ΣΥΣΤΡΟΦΗΣ ΟΡΧΗ, ΧΕΙΡΟΥΡΓΙΚΗ, ΜΕ Ή ΧΩΡ",Surgical,120,1170
X689199,ΚΑΘΗΛΩΣΗ ΑΝΤΙΠΛΕΥΡΟΥ ΟΡΧΙ (ΞΕΧΩΡΙΣΤΗ ΕΠΕΜΒΑΣΗ),Surgical,80,2370
X689239,"ΟΡΧΕΟΠΗΞΙΑ, ΒΟΥΒΩΝΙΚΗ ΠΡΟΣΠΕΛΑΣΗ, ΜΕ Ή ΧΩΡΙΣ ΑΠΟΚΑ",Surgical,160,1570
X689259,"ΟΡΧΕΟΠΗΞΙΑ, ΚΟΙΛΙΑΚΗ ΠΡΟΣΠΕΛΑΣΗ, ΓΙΑ ΕΝΔΟΚΟΙΛΙΑΚΟ ",Surgical,80,1170
X689279,ΕΙΣΑΓΩΓΗ ΟΡΧΙΚΗΣ ΠΡΟΘΕΣΗΣ,Surgical,120,770
X689299,ΣΥΡΡΑΦΗ Η ΑΠΟΚΑΤΑΣΤΑΣΗ ΟΡΧΙΚΟΥ ΤΡΑΥΜΑΤΟΣ,Surgical,160,2370
X689319,ΜΕΤΑΦΟΡΑ ΟΡΧΙ (ΕΩΝ) ΣΤΟΝ ΜΗΡΟ (ΛΟΓΩ ΚΑΤΑΣΤΡΟΦΗΣ ΤΟ,Surgical,80,1970
X689339,"ΛΑΠΑΡΟΣΚΟΠΗΣΗ, ΧΕΙΡΟΥΡΓΙΚΗ· ΟΡΧΕΚΤΟΜΗ",Surgical,240,2020
X689343,"ΛΑΠΑΡΟΣΚΟΠΗΣΗ, ΧΕΙΡΟΥΡΓΙΚΗ· ΟΡΧΕΚΤΟΜΗ ΓΙΑ ΕΝΔΟΚΟΙΛ",Surgical,210,2340
X689357,"ΜΗ ΚΑΤΑΓΕΓΡΑΜΜΕΝΗ ΔΙΑΔΙΚΑΣΙΑ ΛΑΠΑΡΟΣΚΟΠΗΣΗΣ, ΟΡΧΙΣ",Surgical,120,1010
X689359,"ΤΟΜΗ ΚΑΙ ΠΑΡΟΧΕΤΕΥΣΗ ΕΠΙΔΙΔΥΜΙΔΑΣ, ΟΡΧΙ 'Η/ΚΑΙ ΟΣΧ",Surgical,160,1170
X689559,"ΒΙΟΨΙΑ ΕΠΙΔΙΔΥΜΙΔΑΣ, ΒΕΛΟΝΑ",Surgical,80,1170
X689619,ΕΚΤΟΜΗ ΤΟΠΙΚΗΣ ΒΛΑΒΗΣ ΕΠΙΔΙΔΥΜΙΔΑΣ,Surgical,240,2420
X689639,"ΕΚΤΟΜΗ ΣΠΕΡΜΑΤΟΚΗΛΗΣ, ΜΕ Ή ΧΩΡΙΣ ΕΚΤΟΜΗ ΕΠΙΔΙΔΥΜΙΔ",Surgical,240,2020
X689679,ΕΚΤΟΜΗ ΕΠΙΔΙΔΥΜΙΔΑΣ· ΕΤΕΡΟΠΛΕΥΡΗ,Surgical,240,1220
X689681,ΕΚΤΟΜΗ ΕΠΙΔΙΔΥΜΙΔΑΣ· ΑΜΦΟΤΕΡΟΠΛΕΥΡΗ,Surgical,150,1380
X689689,"ΔΙΕΡΕΥΝΗΣΗ ΕΠΙΔΙΔΥΜΙΔΑΣ, ΜΕ Ή ΧΩΡΙΣ ΒΙΟΨΙΑ",Surgical,160,1570
X689759,ΧΕΙΡΟΥΡΓΙΚΗ ΑΝΑΣΤΟΜΩΣΗ ΤΗΣ ΕΠΙΔΙΔΥΜΙΔΑΣ ΜΕ ΤΟΝ ΣΠΕ,Surgical,120,1620
X689761,ΧΕΙΡΟΥΡΓΙΚΗ ΑΝΑΣΤΟΜΩΣΗ ΤΗΣ ΕΠΙΔΙΔΥΜΙΔΑΣ ΜΕ ΤΟΝ ΣΠΕ,Surgical,160,1780
X689959,"ΠΑΡΑΚΕΝΤΗΣΗ ΜΕ ΑΝΑΡΡΟΦΗΣΗ ΤΗΣ ΥΔΡΟΚΗΛΗΣ, ΕΛΥΤΡΟΕΙΔ",Surgical,160,1170
X690039,ΕΚΤΟΜΗ ΥΔΡΟΚΗΛΗΣ· ΕΤΕΡΟΠΛΕΥΡΗ,Surgical,240,2020
X690041,ΕΚΤΟΜΗ ΥΔΡΟΚΗΛΗΣ· ΑΜΦΟΤΕΡΟΠΛΕΥΡΗ,Surgical,150,2180
X690079,ΑΝΕΝΕΡΓΟΣ,Surgical,80,770
X690159,ΠΑΡΟΧΕΤΕΥΣΗ ΑΠΟΣΤΗΜΑΤΟΣ ΑΠΟ ΤΟ ΤΟΙΧΩΜΑ ΤΟΥ ΟΣΧΕΟΥ,Surgical,120,1170
X690179,ΔΙΕΡΕΥΝΗΣΗ ΟΣΧΕΟΥ,Surgical,160,770
X690199,ΑΦΑΙΡΕΣΗ ΤΟΥ ΞΕΝΟΥ ΣΩΜΑΤΟΣ ΑΠΟ ΤΟ ΟΣΧΕΟ,Surgical,240,2820
X690259,ΕΚΤΟΜΗ ΤΟΥ ΟΣΧΕΟΥ,Surgical,240,1620
X690309,ΟΣΧΕΟΠΛΑΣΤΙΚΗ· ΑΠΛΗ,Surgical,120,1170
X690319,ΟΣΧΕΟΠΛΑΣΤΙΚΗ· ΕΠΙΠΛΕΓΜΕΝΗ,Surgical,80,1970
X690359,ΑΝΕΝΕΡΓΟΣ,Surgical,160,1170
X690459,ΑΝΕΝΕΡΓΟΣ,Surgical,120,1170
X690559,"ΤΟΜΗ ΠΟΡΟΥ ΓΙΑ ΠΟΡΟΓΡΑΦΙΑ, ΑΠΕΙΚΟΝΙΣΗ ΣΠΕΡΜΑΤΟΔΟΧΩ",Surgical,80,1170
X690759,"ΑΝΑΣΤOΜΩΣΗ ΣΠΕΡΜΑΤΙΚΟΥ ΠΟΡΟΥ, ΠΟΡΟΡΡΑΦΙΑ",Surgical,120,1170
X690859,"ΑΠΟΛΙΝΩΣΗ ΣΠΕΡΜΑΤΙΚΟΥ ΠΟΡΟΥ, ΕΤΕΡΟΠΛΕΥΡΗ Ή ΑΜΦΟΤΕΡ",Surgical,80,1170
X690959,ΑΝΕΝΕΡΓΟΣ,Surgical,160,1170
X690999,"ΕΚΤΟΜΗ ΒΛΑΒΗΣ ΣΠΕΡΜΑΤΙΚΟΥ ΤΟΝΟΥ, ΕΤΕΡΟΠΛΕΥΡΗ (ΞΕΧΩ",Surgical,240,2820
X691019,ΑΠΟΛIΝΩΣΗ ΣΠΕΡΜΑΤΙΚΩΝ ΦΛΕΒΩΝ ΓΙΑ ΚΙΡΣΟΚΗΛΗ· (ΞΕΧΩΡ,Surgical,80,1970
X691029,ΑΠΟΛΙΝΩΣΗ ΣΠΕΡΜΑΤΙΚΩΝ ΦΛΕΒΩΝ ΓΙΑ ΚΙΡΣΟΚΗΛΗ ΚΟΙΛΙΑΚ,Surgical,160,770
X691039,ΑΠΟΛΙΝΩΣΗ ΣΠΕΡΜΑΤΙΚΩΝ ΦΛΕΒΩΝ ΓΙΑ ΚΙΡΣΟΚΗΛΗ ΜΕ ΑΠΟΚ,Surgical,120,1570
X691059,"ΛΑΠΑΡΟΣΚΟΠΗΣΗ, ΧΕΙΡΟΥΡΓΙΚΗ, ΜΕ ΑΠΟΛΙΝΩΣΗ ΣΠΕΡΜΑΤΙΚ",Surgical,160,1170
X691077,"ΜΗ ΚΑΤΑΓΕΓΡΑΜΜΕΝΗ ΔΙΑΔΙΚΑΣΙΑ ΛΑΠΑΡΟΣΚΟΠΗΣΗΣ, ΣΠΕΡΜ",Surgical,160,610
X691159,ΠΑΡΑΚΕΝΤΗΣΗ ΣΠΕΡΜΑΤΟΔΟΧΟΥ ΚΥΣΤΗΣ,Surgical,120,1170
X691169,ΑΝΕΝΕΡΓΟΣ,Surgical,80,1970
X691259,"ΕΚΤΟΜΗ ΣΠΕΡΜΑΤΟΔΟΧΟΥ ΚΥΣΤΗΣ, ΟΠΟΙΑΔΗΠΟΤΕ ΠΡΟΣΠΕΛΑΣ",Surgical,240,1620
X691319,ΕΚΤΟΜΗ ΚΥΣΤΗΣ ΠΟΡΩΝ ΤΟΥ MULLER,Surgical,240,2420
X691359,ΑΝΕΝΕΡΓΟΣ,Surgical,160,1170
X691369,"ΒΙΟΨΙΑ, ΠΡΟΣΤΑΤΗΣ, ΜΕΡΙΚΟΣ, ΟΠΟΙΑΔΗΠΟΤΕ (ΔΙΟΡΘΙΚΗ ",Surgical,120,1970
X691371,ΑΝΕΝΕΡΓΟΣ,Surgical,160,2130
X691399,ΑΝΕΝΕΡΓΟΣ,Surgical,120,2370
X691409,ΑΝΕΝΕΡΓΟΣ,Surgical,80,1170
X691561,ΑΝΕΝΕΡΓΟΣ,Surgical,120,1330
X691579,"ΑΦΑΙΡΕΣΗ ΠΡΟΣΤΑΤΗ, ΠΕΡΙΝΕΪΚΗ ΡΙΖΙΚΗ",Surgical,240,1220
X691583,ΑΝΕΝΕΡΓΟΣ,Surgical,80,1090
X691589,"ΠΡΟΣΤΑΤΕΚΤΟΜΗ, ΠΕΡΙΝΕΪΚΗ, ΡΙΖΙΚΗ, ΜΕ ΛΕΜΦΑΔΕΝΕΚΤΟΜ",Surgical,240,2020
X691601,ΑΝΕΝΕΡΓΟΣ,Surgical,80,530
X691621,ΑΝΕΝΕΡΓΟΣ,Surgical,120,2130
X691639,"ΠΡΟΣΤΑΤΕΚΤΟΜΗ, ΟΠΙΣΘΟΗΒΙΚΗ, ΡΙΖΙΚΗ, ΜΕ Ή ΧΩΡΙΣ ΔΙΑ",Surgical,240,2020
X691643,"ΠΡΟΣΤΑΤΕΚΤΟΜΗ, ΟΠΙΣΘΟΗΒΙΚΗ, ΡΙΖΙΚΗ, ΜΕ Ή ΧΩΡΙΣ ΔΙΑ",Surgical,210,2340
X691649,ΑΝΕΝΕΡΓΟΣ,Surgical,80,2370
X691679,"ΑΠΟΚΑΛΥΨΗ ΠΡΟΣΤΑΤΗ, ΟΠΟΙΑΔΗΠΟΤΕ ΠΡΟΣΠΕΛΑΣΗ, ΓΙΑ ΕΙ",Surgical,80,770
X691683,"ΑΠΟΚΑΛΥΨΗ ΠΡΟΣΤΑΤΗ, ΟΠΟΙΑΔΗΠΟΤΕ ΠΡΟΣΠΕΛΑΣΗ, ΓΙΑ ΕΙ",Surgical,210,1540
X691689,"ΑΠΟΚΑΛΥΨΗ ΠΡΟΣΤΑΤΗ, ΟΠΟΙΑΔΗΠΟΤΕ ΠΡΟΣΠΕΛΑΣΗ, ΓΙΑ ΕΙ",Surgical,240,2020
X691691,ΛΑΠΑΡΟΣΚΟΠΙΚΗ ΡΙΖΙΚΗ ΠΡΟΣΤΑΤΕΚΤΟΜΗ,Surgical,150,2180
X691699,ΗΛΕΚΤΡΟ-ΕΚΣΠΕΡΜΑΤΙΣΗ,Surgical,120,2370
X691705,ΚΡΥΟΧΕΙΡΟΥΡΓΙΚΗ ΑΦΑΙΡΕΣΗ ΤΟΥ ΠΡΟΣΤΑΤΗ (ΣΥΜΠΕΡΙΛΑΜΒ,Surgical,120,1300
X691709,ΔΙΑΠΕΡΙΝΕΪΚΗ ΤΟΠΟΘΕΤΗΣΗ ΒΕΛΟΝΩΝ Η ΚΑΘΕΤΗΡΩΝ ΣΤΟΝ Π,Surgical,80,1170
X691711,ΤΟΠΟΘΕΤΗΣΗ ΕΝΔΟΪΣΤΙΚΗΣ(ΩΝ) ΣΥΣΚΕΥΗΣ(ΩΝ) ΓΙΑ ΚΑΘΟΔΗ,Surgical,120,1330
X691757,"ΜΗ ΚΑΤΑΓΕΓΡΑΜΜΕΝΗ ΔΙΑΔΙΚΑΣΙΑ, ΑΝΤΡΙΚΟ ΓΕΝΝΗΤΙΚΟ ΣΥ",Surgical,80,1010
X691799,(ΕΚΤΟΣ ΑΠΟ ΤΟΝ ΠΡΟΣΤΑΤΗ) ΓΙΑ ΜΕΤΕΠΕΙΤΑ ΕΝΔΟΪΣΤΙΚΗ ,Surgical,80,2370
X691899,"ΕΓΧΕΙΡΙΣΗ ΑΛΛΑΓΗΣ ΦΥΛΟΥ, ΑΝΤΡΑΣ ΣΕ ΓΥΝΑΙΚΑ",Surgical,160,2370
X691919,"ΕΓΧΕΙΡΙΣΗ ΑΛΛΑΓΗΣ ΦΥΛΟΥ, ΓΥΝΑΙΚΑ ΣΕ ΑΝΤΡΑ",Surgical,80,1970
X692769,ΤΟΜΗ ΚΑΙ ΠΑΡΟΧΕΤΕΥΣΗ ΑΙΔΟΙΪΚΟΥ Ή ΠΕΡΙΝΕΪΚΟΥ ΑΠΟΣΤΗ,Surgical,80,1970
X692799,ΤΟΜΗ ΚΑΙ ΠΑΡΟΧΕΤΕΥΣΗ ΑΠΟΣΤΗΜΑΤΟΣ ΒΑΡΘΟΛΙΝΕΙΟΥ ΑΔΕΝ,Surgical,80,2370
X692839,ΜΑΡΣΙΠΟΠΟΙΗΣΗ ΒΑΡΘΟΛΙΝΕΙΟΥ ΑΔΕΝΟΣ,Surgical,160,1570
X692841,ΣΥΜΜΙΣΗ ΧΕΙΛΕΩΝ,Surgical,80,1730
X692843,ΔΙΑΝΟΙΞΗ ΠΑΡΘΕΝΙΚΟΥ ΥΜΕΝΟΣ,Surgical,120,1890
X692961,"ΚΑΤΑΣΤΡΟΦΗ ΒΛΑΒΩΝ ΑΙΔΟΙΟΥ, ΜΕΧΡΙ 5 ΒΛΑΒΕΣ (ΕΠΕΜΒΑΣ",Surgical,80,1330
X692989,"ΚΑΤΑΣΤΡΟΦΗ ΒΛΑΒΩΝ ΑΙΔΟΙΟΥ, ΠΕΡΙΣΣΟΤΕΡΕΣ ΑΠΌ 5 ΒΛΑΒ",Surgical,160,1570
X693169,"ΒΙΟΨΙΑ ΑΙΔΟΙΟΥ Η ΠΕΡΙΝΕΟΥ (ΞΕΧΩΡΙΣΤΗ ΔΙΑΔΙΚΑΣΙΑ), ",Surgical,80,1970
X693171,"ΒΙΟΨΙΑ ΑΙΔΟΙΟΥ Η ΠΕΡΙΝΕΟΥ (ΞΕΧΩΡΙΣΤΗ ΔΙΑΔΙΚΑΣΙΑ), ",Surgical,120,2130
X693199,ΜΕΡΙΚΗ ΑΙΔΟΙΕΚΤΟΜΗ. ΑΠΛΗ,Surgical,240,2820
X693209,ΟΛΙΚΗ ΑΙΔΟΙΕΚΤΟΜΗ. ΑΠΛΗ,Surgical,240,1620
X693219,ΜΕΡΙΚΗ ΑΙΔΟΙΕΚΤΟΜΗ. ΡΙΖΙΚΗ,Surgical,240,2420
X693221,"ΜΕΡΙΚΗ ΑΙΔΟΙΕΚΤΟΜΗ. ΡΙΖΙΚΗ, ΜΕ ΜΟΝΟΠΛΕΥΡΟ ΜΗΡΟΒΟΥΒ",Surgical,150,2580
X693223,"ΜΕΡΙΚΗ ΑΙΔΟΙΕΚΤΟΜΗ. ΡΙΖΙΚΗ, ΜΕ ΑΜΦΟΤΕΡΟΠΛΕΥΡΟ ΜΗΡΟ",Surgical,210,2740
X693225,ΟΛΙΚΗ ΡΙΖΙΚΗ ΑΙΔΟΙΕΚΤΟΜΗ,Surgical,120,900
X693227,ΟΛΙΚΗ ΡΙΖΙΚΗ ΑΙΔΟΙΕΚΤΟΜΗ ΜΕ ΜΟΝΟΠΛΕΥΡΟ ΜΗΡΟΒΟΥΒΩΝΙ,Surgical,180,1060
X693233,ΟΛΙΚΗ ΡΙΖΙΚΗ ΑΙΔΟΙΕΚΤΟΜΗ ΜΕ ΑΜΦΟΤΕΡΟΠΛΕΥΡΟ ΜΗΡΟΒΟΥ,Surgical,210,1540
X693239,"ΟΛΙΚΗ ΡΙΖΙΚΗ ΑΙΔΟΙΕΚΤΟΜΗ ΜΕ ΜΗΡΟΒΟΥΒΩΝΙΚΟ, ΑΟΡΤΟΛΑ",Surgical,240,2020
X693359,ΜΕΡΙΚΗ ΕΚΤΟΜΗ ΠΑΡΘΕΝΙΚΟΥ ΥΜΕΝΟΣ,Surgical,240,1620
X693439,ΕΚΤΟΜΗ ΒΑΡΘΟΛΙΝΕΙΟΥ ΑΔΕΝΟΣ Ή ΚΥΣΤΗΣ,Surgical,240,2020
X693559,ΠΛΑΣΤΙΚΗ ΑΠΟΚΑΤΑΣΤΑΣΗ ΕΙΣΟΔΟΥ ΚΟΛΠΟΥ,Surgical,80,1170
X693569,ΚΛΕΙΤΟΡΙΔΟΠΛΑΣΤΙΚΗ ΣΕ ΕΡΜΑΦΡΟΔΙΤΙΣΜΟ,Surgical,160,1970
X693579,"ΠΕΡΙΝΕΟΠΛΑΣΤΙΚΗ, ΑΠΟΚΑΤΑΣΤΑΣΗ ΠΕΡΙΝΕΟΥ, ΜΗ-ΜΑΙΕΥΤΙ",Surgical,120,770
X693599,ΚΟΛΠΟΣΚΟΠΗΣΗ ΑΙΔΟΙΟΥ,Surgical,160,2370
X693601,"ΚΟΛΠΟΣΚΟΠΗΣΗ ΑΙΔΟΙΟΥ, ΜΕ ΒΙΟΨΙΑ(ΕΣ)",Surgical,80,530
X693959,ΚΟΛΠΟΤΟΜΗ. ΜΕ ΔΙΕΡΕΥΝΗΣΗ,Surgical,160,1170
X693979,"ΚΟΛΠΟΤΟΜΗ, ΜΕ ΠΑΡΟΧΕΤΕΥΣΗ ΠΥΕΛΙΚΟΥ ΑΠΟΣΤΗΜΑΤΟΣ",Surgical,80,770
X693999,ΠΑΡΑΚΕΝΤΗΣΗ ΚΟΛΠΟΥ (ΞΕΧΩΡΙΣΤΗ ΔΙΑΔΙΚΑΣΙΑ),Surgical,120,2370
X694003,"ΤΟΜΗ ΚΑΙ ΠΑΡΟΧΕΤΕΥΣΗ ΚΟΛΠΙΚΟΥ ΑΙΜΑΤΩΜΑΤΟΣ, ΜΑΙΕΥΤΙ",Surgical,120,690
X694005,"ΤΟΜΗ ΚΑΙ ΠΑΡΟΧΕΤΕΥΣΗ ΚΟΛΠΙΚΟΥ ΑΙΜΑΤΩΜΑΤΟΣ, ΜΗ-ΜΑΙΕ",Surgical,160,850
X694081,"ΚΑΤΑΣΤΡΟΦΗ ΚΟΛΠΙΚΩΝ ΒΛΑΒΩΝ, ΑΠΛΗ (ΕΠΕΜΒΑΣΗ ΜΕ LASE",Surgical,120,930
X694089,"ΚΑΤΑΣΤΡΟΦΗ ΕΚΤΕΤΑΜΕΝΩΝ ΚΟΛΠΙΚΩΝ ΒΛΑΒΩΝ, ΣΥΝΘΕΤΗ (Ε",Surgical,160,1570
X694159,ΑΠΛΗ ΒΙΟΨΙΑ ΒΛΕΝΝΟΓΟΝΟΥ ΚΟΛΠΟΥ (ΞΕΧΩΡΙΣΤΗ ΔΙΑΔΙΚΑΣ,Surgical,120,1170
X694169,ΕΥΡΕΙΑ ΒΙΟΨΙΑ ΚΟΛΠΙΚΟΥ ΒΛΕΝΝΟΓΟΝΟΥ. ΑΠΑΙΤΕΙΤΑΙ ΧΡΗ,Surgical,80,1970
X694171,"ΕΚΤΟΜΗ ΚΟΛΠΟΥ, ΜΕΡΙΚΗ ΑΦΑΙΡΕΣΗ ΤΟΥ ΚΟΛΠΙΚΟΥ ΤΟΙΧΩΜ",Surgical,150,2580
X694173,"ΕΚΤΟΜΗ ΚΟΛΠΟΥ, ΜΕΡΙΚΗ ΑΦΑΙΡΕΣΗ ΤΟΥ ΚΟΛΠΙΚΟΥ ΤΟΙΧΩΜ",Surgical,210,2740
X694177,"ΕΚΤΟΜΗ ΚΟΛΠΟΥ, ΜΕΡΙΚΗ ΑΦΑΙΡΕΣΗ ΤΟΥ ΚΟΛΠΙΚΟΥ ΤΟΙΧΩΜ",Surgical,180,1060
X694179,"ΕΚΤΟΜΗ ΚΟΛΠΟΥ, ΟΛΙΚΗ ΑΦΑΙΡΕΣΗ ΤΟΥ ΚΟΛΠΙΚΟΥ ΤΟΙΧΩΜΑ",Surgical,240,1220
X694181,"ΕΚΤΟΜΗ ΚΟΛΠΟΥ, ΟΛΙΚΗ ΑΦΑΙΡΕΣΗ ΤΟΥ ΚΟΛΠΙΚΟΥ ΤΟΙΧΩΜΑ",Surgical,150,1380
X694183,"ΕΚΤΟΜΗ ΚΟΛΠΟΥ, ΟΛΙΚΗ ΑΦΑΙΡΕΣΗ ΤΟΥ ΚΟΛΠΙΚΟΥ ΤΟΙΧΩΜΑ",Surgical,210,1540
X694199,ΚΟΛΠΟΚΛΕΙΣΗ (ΤΥΠΟΥ LE FORT),Surgical,80,2370
X694219,ΕΚΤΟΜΗ ΚΟΛΠΙΚΟΥ ΔΙΑΦΡΑΓΜΑΤΟΣ,Surgical,240,2420
X694229,ΕΚΤΟΜΗ ΚΟΛΠΙΚΗΣ ΚΥΣΤΗΣ Ή ΟΓΚΟΥ,Surgical,240,1220
X694259,ΚΟΛΠΙΚΗ ΠΛΥΣΗ ΚΑΙ/Ή ΕΦΑΡΜΟΓΗ ΦΑΡΜΑΚΟΥ ΓΙΑ ΘΕΡΑΠΕΙΑ,Surgical,80,1170
X694269,ΕΙΣΑΓΩΓΗ ΚΟΛΠΙΚΩΝ ΕΦΑΡΜΟΓΕΩΝ ΓΙΑ ΒΡΑΧΥΘΕΡΑΠΕΙΑ,Surgical,160,1970
X694279,ΤΟΠΟΘΕΤΗΣΗ ΚΑΙ ΕΙΣΑΓΩΓΗ ΠΕΣΣΟΥ Ή ΑΛΛΗΣ ΕΝΔΟΚΟΛΠΙΚΗ,Surgical,120,770
X694299,ΤΟΠΟΘΕΤΗΣΗ ΔΙΑΦΡΑΓΜΑΤΟΣ Ή ΤΡΑΧΗΛΙΚΟΥ ΠΕΡΙΒΛΗΜΑΤΟΣ ,Surgical,160,2370
X694319,ΕΙΣΑΓΩΓΗ ΑΙΜΟΣΤΑΤΙΚΟΥ ΠΑΡΑΓΟΝΤΑ Ή ΕΠΙΘΕΜΑΤΟΣ ΓΙΑ Α,Surgical,80,1970
X694359,"ΚΟΛΠΟΡΡΑΦΙΑ, ΣΥΡΡΑΦΗ ΤΡΑΥΜΑΤΟΣ ΤΟΥ ΚΟΛΠΟΥ (ΜΗ ΜΑΙΕ",Surgical,160,1170
X694379,"ΚΟΛΠΟΠΕΡΙΝΕΟΡΡΑΦΙΑ, ΣΥΡΡΑΦΗ ΤΡΑΥΜΑΤΟΣ ΤΟΥ ΚΟΛΠΟΥ Κ",Surgical,80,770
X694399,"ΠΛΑΣΤΙΚΗ ΕΠΕΜΒΑΣΗ ΣΤΟΝ ΣΦΙΓΚΤΗΡΑ ΟΥΡΗΘΡΑΣ, ΚΟΛΠΙΚΗ",Surgical,120,2370
X694419,ΠΛΑΣΤΙΚΗ ΟΥΡΗΘΡΟΚΗΛΗΣ,Surgical,160,1970
X694439,"ΠΡΟΣΘΙΑ ΚΟΛΠΟΡΑΦΗ, ΑΠΟΚΑΤΑΣΤΑΣΗ ΚΥΣΤΟΚΗΛΗΣ ΜΕ Ή ΧΩ",Surgical,80,1570
X694459,"ΟΠΙΣΘΙΑ ΚΟΛΠΟΡΑΦΗ, ΑΠΟΚΑΤΑΣΤΑΣΗ ΟΡΘΟΚΗΛΗΣ ΜΕ Ή ΧΩΡ",Surgical,120,1170
X694479,ΣΥΝΔΥΑΣΜΕΝΗ ΠΡΟΣΘΙΟΠΙΣΘΙΑ ΚΟΛΠΟΡΡΑΦΙΑ.,Surgical,160,770
X694489,ΣΥΝΔΥΑΣΜΕΝΗ ΠΡΟΣΘΙΟΠΙΣΘΙΑ ΚΟΛΠΟΡΡΑΦΙΑ. ΜΕ ΑΠΟΚΑΤΑΣ,Surgical,120,1570
X694493,ΕΙΣΑΓΩΓΗ ΠΛΕΓΜΑΤΟΣ Ή ΑΛΛΗΣ ΠΡΟΘΕΣΗΣ ΓΙΑ ΑΠΟΚΑΤΑΣΤΑ,Surgical,80,1890
X694495,"ΑΠΟΚΑΤΑΣΤΑΣΗ ΕΝΤΕΡΟΚΗΛΗΣ, ΚΟΛΠΙΚΗ ΠΡΟΣΠΕΛΑΣΗ (ΞΕΧΩ",Surgical,120,2050
X694499,"ΑΠΟΚΑΤΑΣΤΑΣΗ ΕΝΤΕΡΟΚΗΛΗΣ, ΚΟΙΛΙΑΚΗ ΠΡΟΣΠΕΛΑΣΗ (ΞΕΧ",Surgical,80,2370
X694519,"ΚΟΛΠΟΠΗΞΙΑ, ΚΟΙΛΙΑΚΗ ΠΡΟΣΠΕΛΑΣΗ",Surgical,120,1970
X694523,ΚΟΛΠΟΠΗΞΙΑ. ΕΞΩ-ΠΕΡΙΤΟΝΙΑΚΗ ΠΡΟΣΠΕΛΑΣΗ (ΙΕΡΟΑΚΑΝΘΙ,Surgical,80,2290
X694525,ΚΟΛΠΟΠΗΞΙΑ ΜΕ ΕΝΔΟΠΕΡΙΤΟΝΑΪΚΗ ΠΡΟΣΠΕΛΑΣΗ (ΣΥΡΡΑΦΗ ,Surgical,120,450
X694527,ΑΠΟΚΑΤΑΣΤΑΣΗ ΠΑΡΑΚΟΛΠΙΚΗΣ ΒΛΑΒΗΣ (ΣΥΜΠΕΡΙΛΑΜΒΑΝΟΜΕ,Surgical,180,610
X694529,ΑΠΟΚΑΤΑΣΤΑΣΗ ΠΑΡΑΚΟΛΠΙΚΗΣ ΒΛΑΒΗΣ (ΣΥΜΠΕΡΙΛΑΜΒΑΝΟΜΕ,Surgical,80,770
X694533,ΑΦΑΙΡΕΣΗ Ή ΑΝΑΘΕΩΡΗΣΗ ΣΤΗΡΙΞΗΣ ΓΙΑ ΑΚΡΑΤΕΙΑ ΟΥΡΩΝ ,Surgical,210,1540
X694535,"ΕΠΕΜΒΑΣΗ ΣΤΗΡΙΞΗΣ ΓΙΑ ΑΚΡΑΤΕΙΑ ΟΥΡΩΝ (ΠΧ, ΠΕΡΙΤΟΝΙ",Surgical,80,1250
X694537,"ΕΠΕΜΒΑΣΗ PEREYRA,ΣΥΜΠΕΡΙΛΑΜΒΑΝΟΜΕΝΗΣ ΤΗΣ ΠΡΟΣΘΙΑΣ ",Surgical,120,1410
X694541,ΚΑΤΑΣΚΕΥΗ ΤΕΧΝΗΤΟΥ ΚΟΛΠΟΥ. ΧΩΡΙΣ ΜΟΣΧΕΥΜΑ,Surgical,80,1730
X694543,ΚΑΤΑΣΚΕΥΗ ΤΕΧΝΗΤΟΥ ΚΟΛΠΟΥ. ΜΕ ΜΟΣΧΕΥΜΑ,Surgical,120,1890
X694549,ΑΝΑΘΕΩΡΗΣΗ (ΣΥΜΠΕΡΙΛΑΜΒΑΝΟΜΕΝΗΣ ΑΦΑΙΡΕΣΗΣ) ΠΡΟΣΘΕΤ,Surgical,240,2820
X694551,ΑΝΑΘΕΩΡΗΣΗ (ΣΥΜΠΕΡΙΛΑΜΒΑΝΟΜΕΝΗΣ ΑΦΑΙΡΕΣΗΣ) ΠΡΟΣΘΕΤ,Surgical,150,980
X694559,ΣΥΓΚΛΕΙΣΗ ΟΡΘΟΚΟΛΠΙΚΟΥ ΣΥΡΙΓΓΙΟΥ-ΔΙΟΡΘΙΚΗ Ή ΔΙΑΚΟΛ,Surgical,80,1170
X694569,ΣΥΓΚΛΕΙΣΗ ΟΡΘΟΚΟΛΠΙΚΟΥ ΣΥΡΙΓΓΙΟΥ-ΚΟΙΛΙΑΚΗ ΠΡΟΣΠΕΛΑ,Surgical,160,1970
X694573,ΣΥΓΚΛΕΙΣΗ ΟΡΘΟΚΟΛΠΙΚΟΥ ΣΥΡΙΓΓΙΟΥ-ΚΟΙΛΙΑΚΗ ΠΡΟΣΠΕΛΑ,Surgical,120,2290
X694575,ΧΕΙΡΟΥΡΓΙΚΗ ΣΥΓΚΛΕΙΣΗ ΚΥΣΤΕΟΚΟΛΠΙΚΟΥ ΣΥΡΙΓΓΙΟΥ. ΔΙ,Surgical,160,450
X694579,ΧΕΙΡΟΥΡΓΙΚΗ ΣΥΓΚΛΕΙΣΗ ΟΥΡΗΘΡΟΚΟΛΠΙΚΟΥ ΣΥΡΙΓΓΙΟΥ.,Surgical,120,770
X694581,ΧΕΙΡΟΥΡΓΙΚΗ ΣΥΓΚΛΕΙΣΗ ΟΥΡΗΘΡΟΚΟΛΠΙΚΟΥ ΣΥΡΙΓΓΙΟΥ. Μ,Surgical,160,930
X694599,ΧΕΙΡΟΥΡΓΙΚΗ ΣΥΓΚΛΕΙΣΗ ΚΥΣΤΕΟΚΟΛΠΙΚΟΥ ΣΥΡΙΓΓΙΟΥ. ΚΟ,Surgical,160,2370
X694619,"ΧΕΙΡΟΥΡΓΙΚΗ ΣΥΓΚΛΕΙΣΗ ΚΥΣΤΕΟΚΟΛΠΙΚΟΥ ΣΥΡΙΓΓΙΟΥ, ΔΙ",Surgical,80,1970
X694629,ΚΟΛΠΟΠΛΑΣΤΙΚΗ ΓΙΑ ΚΑΤΑΣΤΑΣΗ ΜΕΣΟΦΥΛΟΥ (ΕΡΜΑΦΡΟΔΙΤΙ,Surgical,160,770
X694759,ΔΙΑΣΤΟΛΗ ΚΟΛΠΟΥ ΥΠΟ ΝΑΡΚΩΣΗ (ΕΚΤΟΣ ΤΟΠΙΚΗΣ),Surgical,120,1170
X694779,ΠΥΕΛΙΚΗ ΕΞΕΤΑΣΗ ΥΠΟ ΝΑΡΚΩΣΗ (ΕΚΤΟΣ ΤΟΠΙΚΗΣ),Surgical,160,770
X694789,ΑΦΑΙΡΕΣΗ ΚΟΛΠΙΚΑ ΕΝΣΦΗΝΩΜΕΝΟΥ ΞΕΝΟΥ ΣΩΜΑΤΟΣ (ΞΕΧΩΡ,Surgical,240,2020
X694799,"ΚΟΛΠΟΣΚΟΠΗΣΗ ΟΛΟΚΛΗΡΟΥ ΤΟΥ ΚΟΛΠΟΥ, ΜΕ ΤΡΑΧΗΛΟ, ΕΦΟ",Surgical,80,2370
X694801,"ΚΟΛΠΟΣΚΟΠΗΣΗ ΟΛΟΚΛΗΡΟΥ ΤΟΥ ΚΟΛΠΟΥ, ΜΕ ΤΡΑΧΗΛΟ, ΕΦΟ",Surgical,120,530
X694805,ΑΠΟΚΑΤΑΣΤΑΣΗ ΠΑΡΑΚΟΛΠΙΚΗΣ ΑΝΩΜΑΛΙΑΣ (ΣΥΜΠΕΡΙΛΑΜΒΑΝ,Surgical,80,850
X694809,"ΛΑΠΑΡΟΣΚΟΠΗΣΗ, ΧΕΙΡΟΥΡΓΙΚΗ, ΚΟΛΠΟΠΗΞΙΑ (ΑΝΑΡΤΗΣΗ Κ",Surgical,160,1170
X694863,ΚΟΛΠΟΣΚΟΠΗΣΗ ΤΟΥ ΤΡΑΧΗΛΟΥ ΣΥΜΠΕΡΙΛΑΜΒΑΝΟΜΕΝΟΥ ΑΝΩ/,Surgical,160,1490
X694867,ΚΟΛΠΟΣΚΟΠΗΣΗ ΤΟΥ ΤΡΑΧΗΛΟΥ ΣΥΜΠΕΡΙΛΑΜΒΑΝΟΜΕΝΟΥ ΑΝΩ/,Surgical,120,1810
X694869,ΚΟΛΠΟΣΚΟΠΗΣΗ ΤΟΥ ΤΡΑΧΗΛΟΥ ΣΥΜΠΕΡΙΛΑΜΒΑΝΟΜΕΝΟΥ ΑΝΩ/,Surgical,160,1970
X694871,ΚΟΛΠΟΣΚΟΠΗΣΗ ΤΟΥ ΤΡΑΧΗΛΟΥ ΣΥΜΠΕΡΙΛΑΜΒΑΝΟΜΕΝΟΥ ΑΝΩ/,Surgical,80,2130
X694879,ΚΟΛΠΟΣΚΟΠΗΣΗ ΤΟΥ ΤΡΑΧΗΛΟΥ ΣΥΜΠΕΡΙΛΑΜΒΑΝΟΜΕΝΟΥ ΑΝΩ/,Surgical,120,770
X694881,ΚΟΛΠΟΣΚΟΠΗΣΗ ΤΟΥ ΤΡΑΧΗΛΟΥ ΣΥΜΠΕΡΙΛΑΜΒΑΝΟΜΕΝΟΥ ΑΝΩ/,Surgical,150,1380
X694959,"ΒΙΟΨΙΑ ΤΟΥ ΤΡΑΧΗΛΟΥ, ΜΟΝΗ Ή ΠΟΛΛΑΠΛΗ Ή ΤΟΠΙΚΗ ΕΚΤΟ",Surgical,240,1620
X694969,ΕΝΔΟΤΡΑΧΗΛΙΚΗ ΑΠΟΞΕΣΗ (ΕΚΤΟΣ ΟΤΑΝ ΕΚΤΕΛΕΙΤΑΙ ΩΣ ΤΜ,Surgical,120,1970
X694979,ΚΑΥΤΗΡΙΑΣΜΟΣ ΤΡΑΧΗΛΟΥ. ΗΛΕΚΤΡΙΚΟΣ Ή ΘΕΡΜΙΚΟΣ,Surgical,80,770
X694981,ΚΡΥΟΚΑΥΤΗΡΙΑΣΜΟΣ ΤΡΑΧΗΛΟΥ,Surgical,120,930
X694985,ΚΑΥΤΗΡΙΑΣΜΟΣ ΤΡΑΧΗΛΟΥ. ΕΞΑΧΝΩΣΗ ΜΕ LASER,Surgical,80,1250
X694999,"ΚΩΝΟΕΙΔΗΣ ΒΙΟΨΙΑ ΤΟΥ ΤΡΑΧΗΛΟΥ, ΜΕ Ή ΧΩΡΙΣ ΗΛΕΚΤΡΟΘ",Surgical,120,2370
X695003,"ΚΩΝΟΕΙΔΗΣ ΒΙΟΨΙΑ ΤΟΥ ΤΡΑΧΗΛΟΥ, ΜΕ Ή ΧΩΡΙΣ ΗΛΕΚΤΡΟΘ",Surgical,210,1140
X695019,"ΤΡΑΧΗΛΕΚΤΟΜΗ, ΑΚΡΩΤΗΡΙΑΣΜΟΣ ΤΟΥ ΤΡΑΧΗΛΟΥ (ΞΕΧΩΡΙΣΤ",Surgical,240,2420
X695021,ΡΙΖΙΚΗ ΤΡΑΧΗΛΕΚΤΟΜΗ ΜΕ ΑΜΦΟΤΕΡΟΠΛΕΥΡΗ ΟΛΙΚΗ ΠΥΕΛΙΚ,Surgical,150,2580
X695039,"ΕΚΤΟΜΗ ΤΡΑΧΗΛΙΚΟΥ ΚΟΛΟΒΩΜΑΤΟΣ, ΚΟΙΛΙΑΚΗ ΠΡΟΣΠΕΛΑΣΗ",Surgical,240,2020
X695049,"ΕΚΤΟΜΗ ΤΡΑΧΗΛΙΚΟΥ ΚΟΛΟΒΩΜΑΤΟΣ, ΚΟΙΛΙΑΚΗ ΠΡΟΣΠΕΛΑΣΗ",Surgical,240,2820
X695059,"ΕΚΤΟΜΗ ΤΡΑΧΗΛΙΚΟΥ ΚΟΛΟΒΩΜΑΤΟΣ, ΚΟΛΠΙΚΗ ΠΡΟΣΠΕΛΑΣΗ",Surgical,240,1620
X695069,"ΕΚΤΟΜΗ ΤΡΑΧΗΛΙΚΟΥ ΚΟΛΟΒΩΜΑΤΟΣ, ΚΟΛΠΙΚΗ ΠΡΟΣΠΕΛΑΣΗ.",Surgical,240,2420
X695071,"ΕΚΤΟΜΗ ΤΡΑΧΗΛΙΚΟΥ ΚΟΛΟΒΩΜΑΤΟΣ, ΚΟΛΠΙΚΗ ΠΡΟΣΠΕΛΑΣΗ.",Surgical,150,2580
X695075,ΔΙΑΣΤΟΛΗ ΚΑΙ ΑΠΟΞΕΣΗ ΤΡΑΧΗΛΙΚΟΥ ΚΟΛΟΒΩΜΑΤΟΣ,Surgical,120,450
X695359,"ΠΕΡΙΔΕΣΗ ΤΡΑΧΗΛΟΥ ΜΗΤΡΑΣ, ΜΗ ΜΑΙΕΥΤΙΚΗ",Surgical,160,1170
X695399,"ΣΥΡΡΑΦΗ ΤΡΑΧΗΛΟΥ, ΠΛΑΣΤΙΚΗ ΑΠΟΚΑΤΑΣΤΑΣΗ ΤΡΑΧΗΛΟΥ Μ",Surgical,120,2370
X695559,"ΔΙΑΣΤΟΛΗ ΤΡΑΧΗΛΙΚΟΥ ΚΑΝΑΛΙΟΥ, ΕΝΟΡΓΑΝΗ (ΞΕΧΩΡΙΣΤΗ ",Surgical,80,1170
X696159,ΕΝΔΟΜΗΤΡΙΑ ΔΕΙΓΜΑΤΟΛΗΨΙΑ (ΒΙΟΨΙΑ) ΜΕ Ή ΧΩΡΙΣ ΤΡΑΧΗ,Surgical,120,1170
X696179,ΕΝΔΟΜΗΤΡΙΑ ΔΕΙΓΜΑΤΟΛΗΨΙΑ (ΒΙΟΨΙΑ) ΠΟΥ ΕΚΤΕΛΕΙΤΑΙ Σ,Surgical,160,770
X696199,"ΔΙΑΣΤΟΛΗ ΚΑΙ ΑΠΟΞΕΣΗ, ΔΙΑΓΝΩΣΤΙΚΗ ΚΑΙ Ή ΘΕΡΑΠΕΥΤΙΚ",Surgical,80,2370
X696239,"ΙΝΩΜΥΩΜΑΤΕΚΤΟΜΗ, 1 ΕΩΣ 4 ΕΝΔΟΤΟΙΧΩΜΑΤΙΚΑ ΙΝΟΜΥΩΜΑΤ",Surgical,240,2020
X696249,"ΙΝΩΜΥΩΜΑΤΕΚΤΟΜΗ, 1 ΕΩΣ 4 ΕΝΔΟΤΟΙΧΩΜΑΤΙΚΑ ΙΝΟΜΥΩΜΑΤ",Surgical,240,2820
X696251,"ΙΝΟΜΥΩΜΑΤΕΚΤΟΜΗ, 5 Ή ΠΕΡΙΣΣΟΤΕΡΑ ΕΝΔΟΤΟΙΧΩΜΑΤΙΚΑ Ι",Surgical,150,1580
X696259,ΚΟΙΛΙΑΚΗ ΟΛΙΚΗ ΥΣΤΕΡΕΚΤΟΜΗ (ΣΩΜΑ ΚΑΙ ΤΡΑΧΗΛΟΣ ΜΗΤΡ,Surgical,240,1620
X696263,ΚΟΙΛΙΑΚΗ ΟΛΙΚΗ ΥΣΤΕΡΕΚΤΟΜΗ(ΣΩΜΑ ΚΑΙ ΤΡΑΧΗΛΟΣ ΜΗΤΡΑ,Surgical,210,1940
X696319,ΥΠΕΡΤΡΑΧΗΛΙΚΗ ΚΟΙΛΙΑΚΗ ΥΣΤΕΡΕΚΤΟΜΗ (ΥΦΟΛΙΚΗ ΥΣΤΕΡΕ,Surgical,240,2420
X696359,"ΟΛΙΚΗ ΚΟΙΛΙΑΚΗ ΥΣΤΕΡΕΚΤΟΜΗ, ΣΥΜΠΕΡΙΛΑΜΒΑΝΟΜΕΝΗΣ ΜΕ",Surgical,240,1620
X696379,ΡΙΖΙΚΗ ΚΟΙΛΙΑΚΗ ΥΣΤΕΡΕΚΤΟΜΗ ΜΕ ΑΜΦΟΤΕΡΟΠΛΕΥΡΗ ΟΛΙΚ,Surgical,240,1220
X696439,"ΠΥΕΛΙΚΗ ΕΞΕΝΤΕΡΩΣΗ ΓΙΑ ΓΥΝΑΙΚΟΛΟΓΙΚΗ ΚΑΚΟΗΘΕΙΑ, ΜΕ",Surgical,240,2620
X696479,"ΚΟΛΠΙΚΗ ΥΣΤΕΡΕΚΤΟΜΗ, ΓΙΑ ΜΗΤΡΑ 250 ΓΡ. Ή ΜΙΚΡΟΤΕΡΗ",Surgical,240,1220
X696483,"ΚΟΛΠΙΚΗ ΥΣΤΕΡΕΚΤΟΜΗ, ΓΙΑ ΜΗΤΡΑ 250 ΓΡ. Ή ΜΙΚΡΟΤΕΡΗ",Surgical,210,1540
X696485,"ΚΟΛΠΙΚΗ ΥΣΤΕΡΕΚΤΟΜΗ, ΓΙΑ ΜΗΤΡΑ 250 ΓΡ. Ή ΜΙΚΡΟΤΕΡΗ",Surgical,120,1700
X696493,"ΚΟΛΠΙΚΗ ΥΣΤΕΡΕΚΤΟΜΗ, ΓΙΑ ΜΗΤΡΑ 250 ΓΡ. Ή ΜΙΚΡΟΤΕΡΗ",Surgical,210,2340
X696499,"ΚΟΛΠΙΚΗ ΥΣΤΕΡΕΚΤΟΜΗ, ΓΙΑ ΜΗΤΡΑ 250 ΓΡ. Ή ΜΙΚΡΟΤΕΡΗ",Surgical,240,2820
X696509,"ΚΟΛΠΙΚΗ ΥΣΤΕΡΕΚΤΟΜΗ, ΜΕ ΟΛΙΚΗ Ή ΜΕΡΙΚΗ ΚΟΛΠΕΚΤΟΜΗ",Surgical,240,1620
X696519,"ΚΟΛΠΙΚΗ ΥΣΤΕΡΕΚΤΟΜΗ, ΜΕ ΟΛΙΚΗ Ή ΜΕΡΙΚΗ ΚΟΛΠΕΚΤΟΜΗ.",Surgical,240,2420
X696529,"ΚΟΛΠΙΚΗ ΥΣΤΕΡΕΚΤΟΜΗ, ΡΙΖΙΚΗ (ΕΠΕΜΒΑΣΗ ΤΥΠΟΥ SCHAUT",Surgical,240,1220
X696539,"ΚΟΛΠΙΚΗ ΥΣΤΕΡΕΚΤΟΜΗ, ΓΙΑ ΜΗΤΡΑ ΜΕΓΑΛΥΤΕΡΗ ΤΩΝ 250 ",Surgical,240,2620
X696541,"ΚΟΛΠΙΚΗ ΥΣΤΕΡΕΚΤΟΜΗ, ΓΙΑ ΜΗΤΡΑ ΜΕΓΑΛΥΤΕΡΗ ΤΩΝ 250 ",Surgical,150,2780
X696543,"ΚΟΛΠΙΚΗ ΥΣΤΕΡΕΚΤΟΜΗ, ΓΙΑ ΜΗΤΡΑ ΜΕΓΑΛΥΤΕΡΗ ΤΩΝ 250 ",Surgical,210,2940
X696545,"ΚΟΛΠΙΚΗ ΥΣΤΕΡΕΚΤΟΜΗ, ΓΙΑ ΜΗΤΡΑ ΜΕΓΑΛΥΤΕΡΗ ΤΩΝ 250 ",Surgical,120,3100
X696547,"ΚΟΛΠΙΚΗ ΥΣΤΕΡΕΚΤΟΜΗ, ΓΙΑ ΜΗΤΡΑ ΜΕΓΑΛΥΤΕΡΗ ΤΩΝ 250 ",Surgical,180,3260
X696559,ΕΙΣΑΓΩΓΗ ΕΝΔΟΜΗΤΡΙΑΣ ΣΥΣΚΕΥΗΣ (ΕΜΣ -IUD),Surgical,80,1170
X696561,ΑΦΑΙΡΕΣΗ ΕΝΔΟΜΗΤΡΙΑΣ ΣΥΣΚΕΥΗΣ (ΕΜΣ),Surgical,150,1780
X696601,"ΤΕΧΝΗΤΗ ΓΟΝΙΜΟΠΟΙΗΣΗ , ΕΝΔΟΤΡΑΧΗΛΙΚΗ",Surgical,80,530
X696603,"ΤΕΧΝΗΤΗ ΓΟΝΙΜΟΠΟΙΗΣΗ , ΕΝΔΟΜΗΤΡΙΑ",Surgical,120,690
X696605,ΕΚΠΛΥΣΗ ΣΠΕΡΜΑΤΟΣ ΓΙΑ ΤΕΧΝΗΤΗ ΓΟΝΙΜΟΠΟΙΗΣΗ,Surgical,160,850
X696639,ΚΑΘΕΤΗΡΙΑΣΜΟΣ ΚΑΙ ΕΙΣΑΓΩΓΗ ΦΥΣΙΟΛΟΓΙΚΟΥ ΟΡΟΥ Ή ΣΚΙ,Surgical,120,1570
X696649,ΔΙΑΤΡΑΧΗΛΙΚΗ ΕΙΣΑΓΩΓΗ ΥΣΤΕΡΟΣΑΠΙΓΓΟΣΚΟΠΙΟΥ ΓΙΑ ΔΙΑ,Surgical,80,2370
X696651,ΕΙΣΑΓΩΓΗ ΚΑΘΕΤΗΡΑ ΤΥΠΟΥ HEYMAN 'Η ΕΦΑΡΜΟΓΕΩΝ ΓΙΑ Β,Surgical,120,530
X696659,"ΒΑΤΟΤΗΤΑ ΣΑΛΠΙΓΓΩΝ, ΣΥΜΠΕΡΙΛΑΜΒΑΝΟΜΕΝΩΝ ΥΛΙΚΩΝ",Surgical,160,1170
X696665,"ΕΝΔΟΜΗΤΡΙΑ ΚΑΤΑΛΥΣΗ, ΘΕΡΜΙΚΗ, ΧΩΡΙΣ ΥΣΤΕΡΟΣΚΟΠΙΚΗ ",Surgical,160,1650
X696671,"ΕΝΔΟΜΗΤΡΙΑ ΚΡΥΟΠΗΞΙΑ ΜΕ ΚΑΘΟΔΗΓΗΣΗ ΥΠΕΡΗΧΩΝ, ΣΥΜΠΕ",Surgical,160,2130
X696759,"ΑΝΑΡΤΗΣΗ ΜΗΤΡΑΣ, ΜΕ Ή ΧΩΡΙΣ ΒΡΑΧΥΝΣΗ ΣΤΡΟΓΓΥΛΩΝ ΣΥ",Surgical,120,1170
X696779,"ΑΝΑΡΤΗΣΗ ΜΗΤΡΑΣ, ΜΕ Ή ΧΩΡΙΣ ΒΡΑΧΥΝΣΗ ΣΤΡΟΓΓΥΛΩΝ ΣΥ",Surgical,240,1220
X696999,"ΣΥΡΡΑΦΗ ΜΗΤΡΑΣ, ΑΠΟΚΑΤΑΣΤΑΣΗ ΡΗΞΗΣ ΜΗΤΡΑΣ (ΜΗ ΜΑΙΕ",Surgical,120,2370
X697039,"ΠΛΑΣΤΙΚΗ ΜΗΤΡΑΣ, ΑΠΟΚΑΤΑΣΤΑΣΗ ΑΝΩΜΑΛΙΑΣ ΤΗΣ ΜΗΤΡΑΣ",Surgical,120,1570
X697041,"ΛΑΠΑΡΟΣΚΟΠΗΣΗ, ΧΕΙΡΟΥΡΓΙΚΗ, ΥΦΟΛΙΚΗ ΥΣΤΕΡΕΚΤΟΜΗ, Γ",Surgical,150,2180
X697043,"ΛΑΠΑΡΟΣΚΟΠΗΣΗ, ΧΕΙΡΟΥΡΓΙΚΗ, ΥΦΟΛΙΚΗ ΥΣΤΕΡΕΚΤΟΜΗ, Γ",Surgical,210,2340
X697045,"ΛΑΠΑΡΟΣΚΟΠΗΣΗ, ΧΕΙΡΟΥΡΓΙΚΗ, ΥΦΟΛΙΚΗ ΥΣΤΕΡΕΚΤΟΜΗ, Γ",Surgical,120,3100
X697047,"ΛΑΠΑΡΟΣΚΟΠΗΣΗ, ΧΕΙΡΟΥΡΓΙΚΗ, ΥΦΟΛΙΚΗ ΥΣΤΕΡΕΚΤΟΜΗ, Γ",Surgical,180,3260
X697049,"ΛΑΠΑΡΟΣΚΟΠΗΣΗ, ΧΕΙΡΟΥΡΓΙΚΗ, ΙΝΟΜΥΩΜΑΤΕΚΤΟΜΗ. 1 ΕΩΣ",Surgical,240,2820
X697051,"ΛΑΠΑΡΟΣΚΟΠΗΣΗ, ΧΕΙΡΟΥΡΓΙΚΗ, ΙΝΟΜΥΩΜΑΤΕΚΤΟΜΗ. 5 Ή Π",Surgical,150,1580
X697055,"ΛΑΠΑΡΟΣΚΟΠΗΣΗ, ΧΕΙΡΟΥΡΓΙΚΗ, ΜΕ ΡΙΖΙΚΗ ΥΣΤΕΡΕΚΤΟΜΗ,",Surgical,120,1300
X697059,"ΛΑΠΑΡΟΣΚΟΠΗΣΗ, ΧΕΙΡΟΥΡΓΙΚΗ, ΜΕ ΚΟΛΠΙΚΗ ΥΣΤΕΡΕΚΤΟΜΗ",Surgical,240,1620
X697063,"ΛΑΠΑΡΟΣΚΟΠΗΣΗ, ΧΕΙΡΟΥΡΓΙΚΗ, ΜΕ ΚΟΛΠΙΚΗ ΥΣΤΕΡΕΚΤΟΜΗ",Surgical,210,1940
X697065,"ΛΑΠΑΡΟΣΚΟΠΗΣΗ, ΧΕΙΡΟΥΡΓΙΚΗ, ΜΕ ΚΟΛΠΙΚΗ ΥΣΤΕΡΕΚΤΟΜΗ",Surgical,120,2700
X697067,"ΛΑΠΑΡΟΣΚΟΠΗΣΗ, ΧΕΙΡΟΥΡΓΙΚΗ, ΜΕ ΚΟΛΠΙΚΗ ΥΣΤΕΡΕΚΤΟΜΗ",Surgical,180,2860
X697069,"ΥΣΤΕΡΟΣΚΟΠΗΣΗ, ΔΙΑΓΝΩΣΤΙΚΗ (ΞΕΧΩΡΙΣΤΗ ΔΙΑΔΙΚΑΣΙΑ)",Surgical,120,1970
X697075,"ΥΣΤΕΡΟΣΚΟΠΗΣΗ, ΧΕΙΡΟΥΡΓΙΚΗ. ΜΕ ΔΕΙΓΜΑΤΟΛΗΨΙΑ (ΒΙΟΨ",Surgical,120,900
X697077,"ΥΣΤΕΡΟΣΚΟΠΗΣΗ, ΧΕΙΡΟΥΡΓΙΚΗ. ΜΕ ΛΥΣΗ ΕΝΔΟΜΗΤΡΙΩΝ ΣΥ",Surgical,160,610
X697079,"ΥΣΤΕΡΟΣΚΟΠΗΣΗ, ΧΕΙΡΟΥΡΓΙΚΗ. ΜΕ ΔΙΑΙΡΕΣΗ Ή ΕΚΤΟΜΗ Τ",Surgical,240,1220
X697081,"ΥΣΤΕΡΟΣΚΟΠΗΣΗ, ΧΕΙΡΟΥΡΓΙΚΗ. ΜΕ ΑΦΑΙΡΕΣΗ ΛΕΙΟΜΥΩΜΑΤ",Surgical,150,1380
X697083,"ΥΣΤΕΡΟΣΚΟΠΗΣΗ, ΧΕΙΡΟΥΡΓΙΚΗ. ΜΕ ΑΦΑΙΡΕΣΗ ΕΝΣΦΗΝΩΜΕΝ",Surgical,210,1540
X697085,"ΥΣΤΕΡΟΣΚΟΠΗΣΗ, ΧΕΙΡΟΥΡΓΙΚΗ. ΜΕ ΕΝΔΟΜΗΤΡΙΑ ΕΚΤΟΜΗ (",Surgical,120,1700
X697089,"ΥΣΤΕΡΟΣΚΟΠΗΣΗ, ΧΕΙΡΟΥΡΓΙΚΗ. ΜΕ ΑΜΦΙΠΛΕΥΡΗ ΔΙΑΣΩΛΗΝ",Surgical,160,1570
X697099,"ΛΑΠΑΡΟΣΚΟΠΗΣΗ, ΧΕΙΡΟΥΡΓΙΚΗ, ΜΕ ΟΛΙΚΗ ΥΣΤΕΡΕΚΤΟΜΗ, ",Surgical,240,2820
X697101,"ΛΑΠΑΡΟΣΚΟΠΗΣΗ, ΧΕΙΡΟΥΡΓΙΚΗ, ΜΕ ΟΛΙΚΗ ΥΣΤΕΡΕΚΤΟΜΗ, ",Surgical,150,980
X697103,"ΛΑΠΑΡΟΣΚΟΠΗΣΗ, ΧΕΙΡΟΥΡΓΙΚΗ, ΜΕ ΟΛΙΚΗ ΥΣΤΕΡΕΚΤΟΜΗ, ",Surgical,210,1740
X697105,"ΛΑΠΑΡΟΣΚΟΠΗΣΗ, ΧΕΙΡΟΥΡΓΙΚΗ, ΜΕ ΟΛΙΚΗ ΥΣΤΕΡΕΚΤΟΜΗ, ",Surgical,120,1900
X697115,"ΜΗ ΚΑΤΑΓΕΓΡΑΜΜΕΝΗ ΔΙΑΔΙΚΑΣΙΑ ΛΑΠΑΡΟΣΚΟΠΗΣΗΣ, ΜΗΤΡΑ",Surgical,80,1650
X697117,"ΜΗ ΚΑΤΑΓΕΓΡΑΜΜΕΝΗ ΔΙΑΔΙΚΑΣΙΑ ΥΣΤΕΡΟΣΚΟΠΗΣΗΣ, ΜΗΤΡΑ",Surgical,120,1810
X697159,"ΑΠΟΛΙΝΩΣΗ Ή ΔΙΑΤΟΜΗ ΣΑΛΠΙΓΓΑΣ/ΩΝ, ΚΟΙΛΙΑΚΗ Ή ΚΟΛΠΙ",Surgical,120,1170
X697169,"ΑΠΟΛΙΝΩΣΗ Ή ΔΙΑΤΟΜΗ ΣΑΛΠΙΓΓΑΣ/ΩΝ, ΚΟΙΛΙΑΚΗ Ή ΚΟΛΠΙ",Surgical,80,1970
X697181,"ΑΠΟΛΙΝΩΣΗ Ή ΔΙΑΤΟΜΗ ΣΑΛΠΙΓΓΑΣ/ΩΝ, ΟΤΑΝ ΕΚΤΕΛΕΙΤΑΙ ",Surgical,80,930
X697189,"ΑΠΟΦΡΑΞΗ ΣΑΛΠΙΓΓΑΣ(ΩΝ) ΜΕΣΩ ΣΥΣΚΕΥΗΣ (Π.Χ., ΖΩΝΗΣ,",Surgical,120,1570
X697279,"ΛΑΠΑΡΟΣΚΟΠΗΣΗ, ΧΕΙΡΟΥΡΓΙΚΗ. ΜΕ ΛΥΣΗ ΣΥΜΦΥΣΕΩΝ (ΣΥΜ",Surgical,120,770
X697281,"ΛΑΠΑΡΟΣΚΟΠΗΣΗ, ΧΕΙΡΟΥΡΓΙΚΗ. ΜΕ ΑΦΑΙΡΕΣΗ ΕΞΑΡΤΗΜΑΤΩ",Surgical,150,1380
X697283,"ΛΑΠΑΡΟΣΚΟΠΗΣΗ, ΧΕΙΡΟΥΡΓΙΚΗ. ΜΕ ΗΛΕΚΤΡΟΘΕΡΜΟΚΑΥΤΗΡΙ",Surgical,210,1540
X697299,"ΛΑΠΑΡΟΣΚΟΠΗΣΗ, ΧΕΙΡΟΥΡΓΙΚΗ. ΜΕ ΗΛΕΚΤΡΟΘΕΡΜΟΚΑΥΤΗΡΙ",Surgical,240,2820
X697301,"ΛΑΠΑΡΟΣΚΟΠΗΣΗ, ΧΕΙΡΟΥΡΓΙΚΗ. ΜΕ ΑΠΟΦΡΑΞΗ ΣΑΛΠΙΓΓΩΝ ",Surgical,80,530
X697303,"ΛΑΠΑΡΟΣΚΟΠΗΣΗ, ΧΕΙΡΟΥΡΓΙΚΗ. ΜΕ ΚΡΟΣΟΠΛΑΣΤΙΚΗ",Surgical,120,690
X697305,"ΛΑΠΑΡΟΣΚΟΠΗΣΗ, ΧΕΙΡΟΥΡΓΙΚΗ. ΜΕ ΣΑΛΠΙΓΓΟΣΤΟΜΙΑ (ΣΑΛ",Surgical,160,850
X697317,"ΜΗ ΚΑΤΑΓΕΓΡΑΜΜΕΝΗ ΔΙΑΔΙΚΑΣΙΑ ΛΑΠΑΡΟΣΚΟΠΗΣΗΣ, ΩΟΘΗΚ",Surgical,160,1810
X697359,"ΣΑΛΠΙΓΚΕΚΤΟΜΗ, ΠΛΗΡΗΣ Ή ΜΕΡΙΚΗ, ΕΤΕΡΟΠΛΕΥΡΗ Ή ΑΜΦΟ",Surgical,240,1620
X697399,"ΣΑΛΠΙΓΓΟΩΟΘΗΚΕΚΤΟΜΗ, ΟΛΙΚΗ Ή ΜΕΡΙΚΗ, ΕΤΕΡΟΠΛΕΥΡΗ Ή",Surgical,240,2820
X697439,"ΛΥΣΗ ΣΥΜΦΥΣΕΩΝ (ΣΑΛΠΙΓΓΩΝ, ΩΟΘΗΚΩΝ)",Surgical,80,1570
X697459,ΣΑΛΠΙΓΓΙΚΗ ΑΝΑΣΤΟΜΩΣΗ,Surgical,120,1620
X697463,ΕΜΦΥΤΕΥΣΗ ΣΑΛΠΙΓΓΑΣ ΣΤΗ ΜΗΤΡΑ,Surgical,80,1490
X697479,ΠΛΑΣΤΙΚΗ ΚΡΟΣΩΝ,Surgical,160,770
X697499,ΣΑΛΠΙΓΓΟΣΤΟΜΙΑ (ΣΑΛΠΙΓΓΟΝΕΟΣΤΟΜΙΑ),Surgical,80,2370
X697559,"ΠΑΡΟΧΕΤΕΥΣΗ ΩΟΘΗΚΙΚΩΝ ΚΥΣΤΗΣ (ΕΩΝ), ΕΤΕΡΟΠΛΕΥΡΗ Ή ",Surgical,80,1170
X697569,"ΠΑΡΟΧΕΤΕΥΣΗ ΩΟΘΗΚΙΚΩΝ ΚΥΣΤΗΣ (ΕΩΝ), ΕΤΕΡΟΠΛΕΥΡΗ Ή ",Surgical,160,1970
X697599,ΠΑΡΟΧΕΤΕΥΣΗ ΩΟΘΗΚΙΚΟΥ ΑΠΟΣΤΗΜΑΤΟΣ. ΚΟΛΠΙΚΗ ΠΡΟΣΠΕΛ,Surgical,240,2370
X697603,ΠΑΡΟΧΕΤΕΥΣΗ ΩΟΘΗΚΙΚΟΥ ΑΠΟΣΤΗΜΑΤΟΣ. ΚΟΙΛΙΑΚΗ ΠΡΟΣΠΕ,Surgical,120,690
X697605,"ΠΑΡΟΧΕΤΕΥΣΗ ΠΥΕΛΙΚΟΥ ΑΠΟΣΤΗΜΑΤΟΣ, ΔΙΑΚΟΛΠΙΚΗ Ή ΔΙΟ",Surgical,160,850
X697609,"ΑΝΤΙΜΕΤΑΘΕΣΗ, ΩΟΘΗΚΗΣ (ΩΝ)",Surgical,120,1170
X697759,"ΒΙΟΨΙΑ ΩΟΘΗΚΩΝ, ΕΤΕΡΟΠΛΕΥΡΗ Ή ΑΜΦΟΤΕΡΟΠΛΕΥΡΗ (ΞΕΧΩ",Surgical,120,1170
X697799,"ΣΦΗΝΟΕΙΔΗΣ ΕΚΤΟΜΗ Ή ΔΙΧΟΤΟΜΗΣΗ ΩΟΘΗΚΩΝ, ΕΤΕΡΟΠΛΕΥΡ",Surgical,240,2820
X697809,"ΕΚΤΟΜΗ ΚΥΣΤΗΣ ΩΟΘΗΚΗΣ, ΕΤΕΡΟΠΛΕΥΡΗ Ή ΑΜΦΟΤΕΡΟΠΛΕΥΡ",Surgical,240,1620
X697839,"ΩΟΘΗΚΕΚΤΟΜΗ, ΜΕΡΙΚΗ Ή ΟΛΙΚΗ, ΕΤΕΡΟΠΛΕΥΡΗ Ή ΑΜΦΟΤΕΡ",Surgical,240,2020
X697845,"ΩΟΘΗΚΕΚΤΟΜΗ, ΜΕΡΙΚΗ Ή ΟΛΙΚΗ, ΕΤΕΡΟΠΛΕΥΡΗ Ή ΑΜΦΟΤΕΡ",Surgical,120,2500
X697859,"ΕΚΤΟΜΗ (ΑΡΧΙΚΗ) ΚΑΚΟΗΘΕΙΑΣ ΩΟΘΗΚΗΣ, ΣΑΛΠΙΓΓΑΣ Ή ΠΡ",Surgical,240,1620
X697861,"ΕΚΤΟΜΗ (ΑΡΧΙΚΗ) ΚΑΚΟΗΘΕΙΑΣ ΩΟΘΗΚΗΣ, ΣΑΛΠΙΓΓΑΣ Ή ΠΡ",Surgical,150,1780
X697863,"ΕΚΤΟΜΗ (ΑΡΧΙΚΗ) ΚΑΚΟΗΘΕΙΑΣ ΩΟΘΗΚΗΣ, ΣΑΛΠΙΓΓΑΣ Ή ΠΡ",Surgical,210,1940
X697865,ΑΜΦΙΠΛΕΥΡΗ ΣΑΛΠΙΓΓΟΩΟΘΗΚΕΚΤΟΜΗ ΚΑΙ ΕΠΙΠΛΟΕΚΤΟΜΗ. Ο,Surgical,120,2100
X697867,ΑΜΦΙΠΛΕΥΡΗ ΣΑΛΠΙΓΓΟΩΟΘΗΚΕΚΤΟΜΗ ΚΑΙ ΕΠΙΠΛΟΕΚΤΟΜΗ. Ο,Surgical,180,2260
X697871,ΑΜΦΙΠΛΕΥΡΗ ΣΑΛΠΙΓΓΟΩΟΘΗΚΕΚΤΟΜΗ ΚΑΙ ΕΠΙΠΛΟΕΚΤΟΜΗ. Ο,Surgical,150,2580
X697873,ΕΚΤΟΜΗ (ΕΚΤΕΤΑΜΕΝΗ ΑΦΑΙΡΕΣΗ ΟΓΚΟΥ) ΥΠΟΤΡΟΠΙΑΖΟΥΣΑΣ,Surgical,210,2740
X697875,ΕΚΤΟΜΗ (ΕΚΤΕΤΑΜΕΝΗ ΑΦΑΙΡΕΣΗ ΟΓΚΟΥ) ΥΠΟΤΡΟΠΙΑΖΟΥΣΑΣ,Surgical,120,900
X697879,"ΛΑΠΑΡΟΤΟΜΙΑ, ΓΙΑ ΣΤΑΔΙΟΠΟΙΗΣΗ Ή ΕΠΑΝΑΣΤΑΔΙΟΠΟΙΗΣΗ ",Surgical,240,1220
X697899,"ΠΑΡΑΚΕΝΤΗΣΗ ΩΟΘΥΛΑΚΙΩΝ ΓΙΑ ΣΥΛΛΟΓΗ ΩΟΚΥΤΤΑΡΩΝ, ΟΠΟ",Surgical,160,2370
X697907,ΕΝΔΟΜΗΤΡΙΑ ΕΜΒΡΥΟΜΕΤΑΦΟΡΑ,Surgical,80,1010
X697911,"ΕΝΔΟΣΑΛΠΙΓΓΙΚΗ ΜΕΤΑΦΟΡΑ ΓΑΜΕΤΗ, ΖΥΓΩΤΟΥ, Ή ΕΜΒΡΥΟΥ",Surgical,160,1330
X697957,"ΜΗ ΚΑΤΑΓΕΓΡΑΜΜΕΝΗ ΔΙΑΔΙΚΑΣΙΑ, ΓΥΝΑΙΚΕΙΟ ΑΝΑΠΑΡΑΓΩΓ",Surgical,120,1010
X697959,ΑΜΝΙΟΠΑΡΑΚΕΝΤΗΣΗ. ΔΙΑΓΝΩΣΤΙΚΗ,Surgical,160,1170
X697961,"ΑΜΝΙΟΠΑΡΑΚΕΝΤΗΣΗ, ΘΕΡΑΠΕΥΤΙΚΗ ΜΕΙΩΣΗ ΑΜΝΙΑΚΟΥ ΥΓΡΟ",Surgical,80,1330
X697983,"ΠΑΡΑΚΕΝΤΗΣΗ ΟΜΦΑΛΙΟΥ ΛΩΡΟΥ (ΕΝΔΟΜΗΤΡΙΑ), ΟΠΟΙΑΔΗΠΟ",Surgical,160,1090
X697989,"ΛΗΨΗ ΧΟΡΙΑΚΗΣ ΛΑΧΝΗΣ, ΟΠΟΙΑΔΗΠΟΤΕ ΜΕΘΟΔΟΣ",Surgical,160,1570
X697999,ΕΜΒΡΥΪΚΗ ΔΟΚΙΜΑΣΙΑ ΣΥΣΠΑΣΗΣ (STRESS TEST),Surgical,120,2370
X698009,ΕΜΒΡΥΪΚΗ NON STRESS ΔΟΚΙΜΑΣΙΑ,Surgical,120,1170
X698019,ΛΗΨΗ ΕΜΒΡΥΪΚΟΥ ΑΙΜΑΤΟΣ ΑΠΌ ΤΟ ΤΡΙΧΩΤΟ ΤΗΣ ΚΕΦΑΛΗΣ,Surgical,80,1970
X698059,ΠΑΡΑΚΟΛΟΥΘΗΣΗ ΕΜΒΡΥΟΥ ΚΑΤΑ ΤΗΝ ΚΥΗΣΗ ΜΕΣΩ ΕΠΙΣΚΕΨΕ,Surgical,160,1170
X698061,ΠΑΡΑΚΟΛΟΥΘΗΣΗ ΕΜΒΡΥΟΥ ΚΑΤΑ ΤΗΝ ΚΥΗΣΗ ΜΕΣΩ ΕΠΙΣΚΕΨΕ,Surgical,80,1330
X698099,"ΔΙΑΚΟΙΛΙΑΚΗ ΕΓΧΥΣΗ ΣΤΟΝ ΑΜΝΙΑΚΟ ΣΑΚΟ, ΣΥΜΠΕΡΙΛΑΜΒΑ",Surgical,120,2370
X698103,"ΑΠΟΦΡΑΞΗ ΟΜΦΑΛΙΟΥ ΛΩΡΟΥ ΕΜΒΡΥΟΥ, ΥΠΟ ΥΠΕΡΗΧΟΓΡΑΦΙΚ",Surgical,80,690
X698107,"ΠΑΡΟΧΕΤΕΥΣΗ ΕΜΒΡΥΪΚΟΥ ΥΓΡΟΥ (Π.Χ., ΠΑΡΑΚΕΝΤΗΣΗ ΟΥΡ",Surgical,160,2060
X698111,"ΤΟΠΟΘΕΤΗΣΗ SHUNT ΣΕ ΕΜΒΡΥΟ, ΥΠΟ ΥΠΕΡΗΧΟΓΡΑΦΙΚΗ ΠΑΡ",Surgical,120,1330
X698159,"ΥΣΤΕΡΕΚΤΟΜΗ, ΚΟΙΛΙΑΚΗ (Π.Χ., ΓΙΑ ΜΥΛΗ ΚΥΗΣΗ, ΑΜΒΛΩ",Surgical,240,1620
X698199,ΧΕΙΡΟΥΡΓΙΚΗ ΑΝΤΙΜΕΤΩΠΙΣΗ ΕΚΤΟΠΗΣ ΕΓΚΥΜΟΣΥΝΗΣ. ΣΑΛΠ,Surgical,240,2820
X698201,ΧΕΙΡΟΥΡΓΙΚΗ ΑΝΤΙΜΕΤΩΠΙΣΗ ΕΚΤΟΠΗΣ ΕΓΚΥΜΟΣΥΝΗΣ. ΣΑΛΠ,Surgical,150,980
X698219,ΧΕΙΡΟΥΡΓΙΚΗ ΑΝΤΙΜΕΤΩΠΙΣΗ ΕΚΤΟΠΗΣ ΕΓΚΥΜΟΣΥΝΗΣ. ΚΟΙΛ,Surgical,120,1970
X698229,ΧΕΙΡΟΥΡΓΙΚΗ ΑΝΤΙΜΕΤΩΠΙΣΗ ΕΚΤΟΠΗΣ ΕΓΚΥΜΟΣΥΝΗΣ. ΜΗΤΡ,Surgical,240,1220
X698231,ΧΕΙΡΟΥΡΓΙΚΗ ΑΝΤΙΜΕΤΩΠΙΣΗ ΕΚΤΟΠΗΣ ΕΓΚΥΜΟΣΥΝΗΣ. ΜΗΤΡ,Surgical,150,1380
X698239,ΧΕΙΡΟΥΡΓΙΚΗ ΑΝΤΙΜΕΤΩΠΙΣΗ ΕΚΤΟΠΗΣ ΕΓΚΥΜΟΣΥΝΗΣ. ΤΡΑΧ,Surgical,160,1570
X698259,ΛΑΠΑΡΟΣΚΟΠΙΚΗ ΘΕΡΑΠΕΙΑ ΕΚΤΟΠΗΣ ΕΓΚΥΜΟΣΥΝΗΣ. ΧΩΡΙΣ ,Surgical,240,1620
X698261,ΛΑΠΑΡΟΣΚΟΠΙΚΗ ΘΕΡΑΠΕΙΑ ΕΚΤΟΠΗΣ ΕΓΚΥΜΟΣΥΝΗΣ. ΜΕ ΣΑΛ,Surgical,150,1780
X698279,ΑΠΟΞΕΣΗ ΣΤΗ ΛΟΧΕΙΑ,Surgical,120,770
X698359,"ΕΙΣΑΓΩΓΗ ΤΡΑΧΗΛΙΚΟΥ ΔΙΑΣΤΟΛΕΑ (Π.Χ., ΛΑΜΙΝΑΡΙΑ, ΠΡ",Surgical,160,1170
X698559,"ΠΕΡΙΝΕΟΤΟΜΗ Ή ΚΟΛΠΙΚΗ ΑΠΟΚΑΤΑΣΤΑΣΗ, ΑΠΟ ΑΛΛΟΝ ΠΛΗΝ",Surgical,80,1170
X698599,"ΠΕΡΙΔΕΣΗ ΤΡΑΧΗΛΟΥ, ΚΑΤΑ ΤΗΝ ΔΙΑΡΚΕΙΑ ΕΓΚΥΜΟΣΥΝΗΣ, ",Surgical,160,2370
X698609,"ΠΕΡΙΔΕΣΗ ΤΡΑΧΗΛΟΥ, ΚΑΤΑ ΤΗΝ ΔΙΑΡΚΕΙΑ ΕΓΚΥΜΟΣΥΝΗΣ, ",Surgical,120,1170
X698659,ΣΥΡΡΑΦΗ ΡΗΞΗΣ ΜΗΤΡΑΣ,Surgical,160,1170
X698759,ΓΥΝΑΙΚΟΛΟΓΙΚΗ ΦΡΟΝΤΙΔΑ ΡΟΥΤΙΝΑΣ ΠΟΥ ΠΕΡΙΛΑΜΒΑΝΕΙ Π,Surgical,120,1170
X698777,ΜΟΝΟ ΚΟΛΠΙΚΗ ΓΕΝΝΑ (ΜΕ Ή ΧΩΡΙΣ ΠΕΡΙΝΕΟΤΟΜΗ ΚΑΙ/Ή Ε,Surgical,120,610
X698779,ΜΟΝΟ ΚΟΛΠΙΚΗ ΓΕΝΝΑ (ΜΕ Ή ΧΩΡΙΣ ΠΕΡΙΝΕΟΤΟΜΗ ΚΑΙ/Ή Ε,Surgical,160,770
X698783,"ΕΞΩΤΕΡΙΚΗ ΜΕΤΑΣΧΗΜΑΤΙΣΜΟΣ, ΜΕ Ή ΧΩΡΙΣ ΤΟΚΟΛΥΣΗ",Surgical,120,1090
X698787,ΕΞΑΓΩΓΗ ΠΛΑΚΟΥΝΤΑ-ΥΣΤΕΡΟΤΟΚΙΑ (ΞΕΧΩΡΙΣΤΗ ΔΙΑΔΙΚΑΣΙ,Surgical,80,1410
X698809,ΠΡΟΓΕΝΝΗΤΙΚΗ ΦΡΟΝΤΙΔΑ ΜΟΝΟ. 4-6 ΕΠΙΣΚΕΨΕΙΣ,Surgical,160,1170
X698811,ΠΡΟΓΕΝΝΗΤΙΚΗ ΦΡΟΝΤΙΔΑ ΜΟΝΟ. 7 Ή ΠΕΡΙΣΣΟΤΕΡΕΣ ΕΠΙΣΚ,Surgical,80,1330
X698819,ΜΕΤΑΓΕΝΝΗΤΙΚΗ ΦΡΟΝΤΙΔΑ ΜΟΝΟ (ΞΕΧΩΡΙΣΤΗ ΔΙΑΔΙΚΑΣΙΑ),Surgical,120,1970
X698979,ΓΥΝΑΙΚΟΛΟΓΙΚΗ ΦΡΟΝΤΙΔΑ ΡΟΥΤΙΝΑΣ ΠΟΥ ΠΕΡΙΛΑΜΒΑΝΕΙ Π,Surgical,80,770
X698987,ΜΟΝΟ ΚΑΙΣΑΡΙΚΗ ΓΕΝΝΑ.,Surgical,120,1410
X698989,ΜΟΝΟ ΚΑΙΣΑΡΙΚΗ ΓΕΝΝΑ. ΠΕΡΙΛΑΜΒΑΝΕΙ ΜΕΤΑΓΕΝΝΗΤΙΚΗ Φ,Surgical,160,1570
X699009,ΜΕΡΙΚΗ Ή ΟΛΙΚΗ ΥΣΤΕΡΕΚΤΟΜΗ ΜΕΤΑ ΑΠΟ ΚΑΙΣΑΡΙΚΗ ΓΕΝΝ,Surgical,240,1620
X699179,ΓΥΝΑΙΚΟΛΟΓΙΚΗ ΦΡΟΝΤΙΔΑ ΡΟΥΤΙΝΑΣ ΠΟΥ ΠΕΡΙΛΑΜΒΑΝΕΙ Π,Surgical,160,770
X699183,"ΜΟΝΟ ΚΟΛΠΙΚΗ ΓΕΝΝΑ, ΜΕΤΑ ΑΠΟ ΠΡΟΗΓΗΘΕΙΣΑ ΚΑΙΣΑΡΙΚΗ",Surgical,120,1090
X699187,"ΜΟΝΟ ΚΟΛΠΙΚΗ ΓΕΝΝΑ, ΜΕΤΑ ΑΠΟ ΠΡΟΗΓΗΘΕΙΣΑ ΚΑΙΣΑΡΙΚΗ",Surgical,80,1410
X699195,ΓΥΝΑΙΚΟΛΟΓΙΚΗ ΦΡΟΝΤΙΔΑ ΡΟΥΤΙΝΑΣ ΠΟΥ ΠΕΡΙΛΑΜΒΑΝΕΙ Π,Surgical,120,2050
X699199,"ΜΟΝΟ ΚΑΙΣΑΡΙΚΗ ΤΟΜΗ, ΜΕΤΑ ΑΠΟ ΠΡΟΣΠΑΘΕΙΑ ΚΟΛΠΙΚΗΣ ",Surgical,80,2370
X699203,"ΜΟΝΟ ΚΑΙΣΑΡΙΚΗ ΤΟΜΗ, ΜΕΤΑ ΑΠΟ ΠΡΟΣΠΑΘΕΙΑ ΚΟΛΠΙΚΗΣ ",Surgical,160,690
X699583,"ΘΕΡΑΠΕΙΑ ΑΤΕΛΟΥΣ ΑΠΟΒΟΛΗΣ, ΠΟΥ ΟΛΟΚΛΗΡΩΝΕΤΑΙ ΧΕΙΡΟ",Surgical,80,1090
X699599,"ΘΕΡΑΠΕΙΑ ΠΑΛΙΝΔΡΟΜΗΣ ΚΥΗΣΗΣ, ΠΟΥ ΟΛΟΚΛΗΡΩΝΕΤΑΙ ΧΕΙ",Surgical,160,2370
X699601,"ΘΕΡΑΠΕΙΑ ΠΑΛΙΝΔΡΟΜΗΣ ΚΥΗΣΗΣ, ΠΟΥ ΟΛΟΚΛΗΡΩΝΕΤΑΙ ΧΕΙ",Surgical,80,530
X699619,"ΘΕΡΑΠΕΙΑ ΣΗΠΤΙΚΗΣ ΑΜΒΛΩΣΗΣ, ΠΟΥ ΟΛΟΚΛΗΡΩΝΕΤΑΙ ΧΕΙΡ",Surgical,80,1970
X699639,"ΤΕΧΝΗΤΗ ΑΜΒΛΩΣΗ, ΜΕΣΩ ΔΙΑΣΤΟΛΗΣ ΚΑΙ ΑΠΟΞΕΣΗΣ",Surgical,120,1570
X699641,"ΤΕΧΝΗΤΗ ΑΜΒΛΩΣΗ, ΜΕΣΩ ΔΙΑΣΤΟΛΗΣ ΚΑΙ ΕΚΚΕΝΩΣΗΣ",Surgical,160,1730
X699659,"ΤΕΧΝΗΤΗ ΑΜΒΛΩΣΗ, ΜΕ ΜΙΑ Ή ΠΕΡΙΣΣΟΤΕΡΕΣ ΕΝΔΟ-ΑΜΝΙΑΚ",Surgical,160,1170
X699661,"ΤΕΧΝΗΤΗ ΑΜΒΛΩΣΗ, ΜΕ ΜΙΑ Ή ΠΕΡΙΣΣΟΤΕΡΕΣ ΕΝΔΟ-ΑΜΝΙΑΚ",Surgical,80,1330
X699663,"ΤΕΧΝΗΤΗ ΑΜΒΛΩΣΗ, ΜΕ ΜΙΑ Ή ΠΕΡΙΣΣΟΤΕΡΕΣ ΕΝΔΟ-ΑΜΝΙΑΚ",Surgical,120,1490
X699669,"ΤΕΧΝΗΤΗ ΑΜΒΛΩΣΗ, ΜΕ ΕΝΑ Ή ΠΕΡΙΣΣΟΤΕΡΑ ΕΝΔΟΚΟΛΠΙΚΑ ",Surgical,120,1970
X699671,"ΤΕΧΝΗΤΗ ΑΜΒΛΩΣΗ, ΜΕ ΕΝΑ Ή ΠΕΡΙΣΣΟΤΕΡΑ ΕΝΔΟΚΟΛΠΙΚΑ ",Surgical,160,2130
X699673,"ΤΕΧΝΗΤΗ ΑΜΒΛΩΣΗ, ΜΕ ΕΝΑ Ή ΠΕΡΙΣΣΟΤΕΡΑ ΕΝΔΟΚΟΛΠΙΚΑ ",Surgical,80,2290
X699691,ΜΕΙΩΣΗ ΠΟΛΥΔΥΜΗΣ ΚΥΗΣΗΣ (MPR),Surgical,80,1730
X699699,ΕΚΚΕΝΩΣΗ ΚΑΙ ΑΠΟΞΕΣΗ ΜΗΤΡΑΣ ΓΙΑ ΜΥΛΗ ΚΥΗΣΗ,Surgical,120,2370
X699701,ΑΦΑΙΡΕΣΗ ΡΑΜΜΑΤΩΝ ΠΕΡΙΔΕΣΗΣ ΜΗΤΡΑΣ ΥΠΟ ΑΝΑΙΣΘΗΣΙΑ ,Surgical,150,980
X699753,"ΜΗ ΚΑΤΑΓΕΓΡΑΜΜΕΝΗ ΕΜΒΡΥΪΚΗ ΕΠΕΜΒΑΤΙΚΗ ΔΙΑΔΙΚΑΣΙΑ, ",Surgical,120,690
X699755,"ΜΗ ΚΑΤΑΓΕΓΡΑΜΜΕΝΗ ΛΑΠΑΡΟΣΚΟΠΙΚΗ ΔΙΑΔΙΚΑΣΙΑ, ΦΡΟΝΤΙ",Surgical,160,850
X699757,"ΜΗ ΚΑΤΑΓΕΓΡΑΜΜΕΝΗ ΔΙΑΔΙΚΑΣΙΑ, ΦΡΟΝΤΙΔΑ ΕΜΒΡΥΟΥ ΚΑΙ",Surgical,80,1010
X699959,"ΤΟΜΗ ΚΑΙ ΠΑΡΟΧΕΤΕΥΣΗ ΚΥΣΤΗΣ ΘΥΡEΟΓΛΩΣΣΙKΟΥ ΠΟΡΟΥ, ",Surgical,160,1170
X700159,ΠΑΡΑΚΕΝΤΗΣΗ ΘΥΡΕΟΕΙΔΟΥΣ (ΒΙΟΨΙΑ) ΜΕ ΛΕΠΤΗ ΒΕΛΟΝΑ,Surgical,120,1170
X700359,"ΕΚΤΟΜΗ ΚΥΣΤΗΣ Ή ΑΔΕΝΩΜΑΤΟΣ ΘΥΡΕΟΕΙΔΟΥΣ, Ή ΔΙΑΤΟΜΗ ",Surgical,240,1620
X700379,"ΜΕΡΙΚΗ ΛΟΒΕΚΤΟΜΗ ΘΥΡΕΟΕΙΔΟΥΣ. ΕΤΕΡΟΠΛΕΥΡΗ, ΜΕ Ή ΧΩ",Surgical,240,1220
X700383,ΜΕΡΙΚΗ ΕΤΕΡΟΠΛΕΥΡΗ ΛΟΒΕΚΤΟΜΗ ΘΥΡΕΟΕΙΔΟΥΣ. ΜΕ ΕΤΕΡΟ,Surgical,210,1540
X700399,"ΟΛΙΚΗ ΛΟΒΕΚΤΟΜΗ ΘΥΡΕΟΕΙΔΟΥΣ. ΕΤΕΡΟΠΛΕΥΡΗ, ΜΕ Ή ΧΩΡ",Surgical,240,2820
X700409,"ΟΛΙΚΗ ΛΟΒΕΚΤΟΜΗ ΘΥΡΕΟΕΙΔΟΥΣ, ΕΤΕΡΟΠΛΕΥΡΗ. ΜΕ ΑΝΤΙΠ",Surgical,240,1620
X700439,"ΘΥΡΕΟΕΙΔΕΚΤΟΜΗ, ΟΛΙΚΗ Ή ΜΕΡΙΚΗ",Surgical,240,2020
X700463,"ΘΥΡΕΟΕΙΔΕΚΤΟΜΗ, ΟΛΙΚΗ Ή ΜΕΡΙΚΗ ΓΙΑ ΚΑΚΟΗΘΕΙΑ. ΜΕ Π",Surgical,210,1940
X700467,"ΘΥΡΕΟΕΙΔΕΚΤΟΜΗ, ΟΛΙΚΗ Ή ΜΕΡΙΚΗ ΓΙΑ ΚΑΚΟΗΘΕΙΑ. ΜΕ Ρ",Surgical,180,2260
X700479,"ΘΥΡΕΟΕΙΔΕΚΤΟΜΗ, ΑΦΑΙΡΕΣΗ ΟΛΟΥ ΤΟΥ ΥΠΟΛΟΙΠΟΜΕΝΟΥ ΘΥ",Surgical,240,1220
X700499,"ΘΥΡΕΟΕΙΔΕΚΤΟΜΗ, ΣΥΜΠΕΡΙΛΑΜΒΑΝΕΙ ΚΑΤΑΔΥΟΜΕΝΟ ΘΥΡΕΟΕ",Surgical,240,3420
X700501,"ΘΥΡΕΟΕΙΔΕΚΤΟΜΗ, ΣΥΜΠΕΡΙΛΑΜΒΑΝΕΙ ΚΑΤΑΔΥΟΜΕΝΟ ΘΥΡΕΟΕ",Surgical,150,980
X700519,ΕΚΤΟΜΗ ΚΥΣΤΗΣ Ή ΚΟΙΛΟΤΗΤΑΣ ΘΥΡΕΟΓΛΩΣΣΙΚΟΥ ΠΟΡΟΥ.,Surgical,240,2420
X700521,ΕΚΤΟΜΗ ΚΥΣΤΗΣ Ή ΚΟΙΛΟΤΗΤΑΣ ΘΥΡΕΟΓΛΩΣΣΙΚΟΥ ΠΟΡΟΥ. Υ,Surgical,150,2580
X700559,"ΑΝΑΡΡΟΦΗΣΗ ΚΑΙ/Ή ΕΓΧΥΣΗ, ΘΥΡΕΟΕΙΔΙΚΗ ΚΥΣΤΗ",Surgical,80,1170
X700959,ΠΑΡΑΘΥΡΕΟΕΙΔΕΚΤΟΜΗ Ή ΔΙΕΡΕΥΝΗΣΗ ΠΑΡΑΘΥΡΕΟΕΙΔΟΥΣ (Ω,Surgical,240,1620
X700963,ΠΑΡΑΘΥΡΕΟΕΙΔΕΚΤΟΜΗ Ή ΔΙΕΡΕΥΝΗΣΗ ΠΑΡΑΘΥΡΕΟΕΙΔΟΥΣ (Ω,Surgical,210,1940
X700969,ΠΑΡΑΘΥΡΕΟΕΙΔΕΚΤΟΜΗ Ή ΔΙΕΡΕΥΝΗΣΗ ΠΑΡΑΘΥΡΕΟΕΙΔΟΥΣ (Ω,Surgical,240,3020
X700983,ΠΑΡΑΘΥΡΕΟΕΙΔΙΚΗ ΑΥΤΟΜΕΤΑΜΟΣΧΕΥΣΗ (ΝΑ ΚΑΤΑΓΡΑΦΕΤΑΙ ,Surgical,210,2140
X700999,"ΘΥΜΕΚΤΟΜΗ, ΜΕΡΙΚΗ Ή ΟΛΙΚΗ. ΔΙΑΥΧΕΝΙΚΗ ΠΡΟΣΠΕΛΑΣΗ (",Surgical,240,2820
X701001,"ΘΥΜΕΚΤΟΜΗ, ΜΕΡΙΚΗ Ή ΟΛΙΚΗ. ΔΙΑΣΤΕΡΝΙΚΗ Ή ΔΙΑΘΩΡΑΚΙ",Surgical,150,1580
X701003,"ΘΥΜΕΚΤΟΜΗ, ΜΕΡΙΚΗ Ή ΟΛΙΚΗ. ΔΙΑΣΤΕΡΝΙΚΗ Ή ΔΙΑΘΩΡΑΚΙ",Surgical,210,1740
X701039,"ΕΠΙΝΕΦΡΙΔΕΚΤΟΜΗ, ΜΕΡΙΚΗ Ή ΠΛΗΡΗΣ, Ή ΔΙΕΡΕΥΝΗΣΗ ΤΟΥ",Surgical,240,2020
X701049,"ΕΠΙΝΕΦΡΙΔΕΚΤΟΜΗ, ΜΕΡΙΚΗ Ή ΠΛΗΡΗΣ, Ή ΔΙΕΡΕΥΝΗΣΗ ΤΟΥ",Surgical,240,2820
X701159,ΕΚΤΟΜΗ ΟΓΚΟΥ ΚΑΡΩΤΙΔΙΚΟΥ ΣΩΜΑΤΟΣ. ΧΩΡΙΣ ΕΚΤΟΜΗ ΤΗΣ,Surgical,240,1620
X701169,ΕΚΤΟΜΗ ΟΓΚΟΥ ΚΑΡΩΤΙΔΙΚΟΥ ΣΩΜΑΤΟΣ. ΜΕ ΕΚΤΟΜΗ ΤΗΣ ΚΑ,Surgical,240,2420
X701259,"ΛΑΠΑΡΟΣΚΟΠΙΚΗ ΧΕΙΡΟΥΡΓΙΚΗ ΕΠΕΜΒΑΣΗ, ΜΕ ΕΠΙΝΕΦΡΙΔΕΚ",Surgical,240,1620
X701277,"ΜΗ ΚΑΤΑΓΕΓΡΑΜΜΕΝΗ ΔΙΑΔΙΚΑΣΙΑ ΛΑΠΑΡΟΣΚΟΠΗΣΗΣ, ΕΝΔΟΚ",Surgical,80,610
X701357,"ΜΗ ΚΑΤΑΓΕΓΡΑΜΜΕΝΗ ΔΙΑΔΙΚΑΣΙΑ, ΕΝΔΟΚΡΙΝΟΛΟΓΙΚΟ ΣΥΣΤ",Surgical,120,1010
X701959,"ΥΠΟΣΚΛΗΡΙΔΙΑ ΠΑΡΑΚΕΝΤΗΣΗ ΜΕΣΩ ΠΗΓΗΣ, Ή ΡΑΦΗΣ, ΒΡΕΦ",Surgical,160,1170
X701961,"ΥΠΟΣΚΛΗΡΙΔΙΑ ΠΑΡΑΚΕΝΤΗΣΗ ΜΕΣΩ ΠΗΓΗΣ, Ή ΡΑΦΗΣ, ΒΡΕΦ",Surgical,80,1330
X701999,ΠΑΡΑΚΕΝΤΗΣΗ ΚΟΙΛΙΑΣ ΕΓΚΕΦΑΛΟΥ ΜΕΣΩ ΠΡΟΗΓΟΥΜΕΝΗΣ ΟΠ,Surgical,120,2370
X702011,ΠΑΡΑΚΕΝΤΗΣΗ ΚΟΙΛΙΑΣ ΕΓΚΕΦΑΛΟΥ ΜΕΣΩ ΠΡΟΗΓΟΥΜΕΝΗΣ ΟΠ,Surgical,160,1330
X702059,ΠΛΑΓΙΑ ΠΑΡΑΚΕΝΤΗΣΗ ΤΡΑΧΗΛΙΚΗΣ ΜΟΙΡΑΣ ΣΠΟΝΔΥΛΙΚΗΣ Σ,Surgical,160,1170
X702069,ΠΛΑΓΙΑ ΠΑΡΑΚΕΝΤΗΣΗ ΤΡΑΧΗΛΙΚΗΣ ΜΟΙΡΑΣ ΣΠΟΝΔΥΛΙΚΗΣ Σ,Surgical,120,1970
X702099,ΠΑΡΑΚΕΝΤΗΣΗ ΣΩΛΗΝΩΝ ΠΑΡΑΚΑΜΨΗΣ Ή ΔΕΞΑΜΕΝΗΣ ΓΙΑ ΑΝΑ,Surgical,120,2370
X702169,ΣΠΕΙΡΟΕΙΔΗΣ ΟΠΗ ΔΙΑΤΡΗΣΗΣ ΓΙΑ ΥΠΟΣΚΛΗΡΙΔΙΑ Ή ΠΑΡΑΚ,Surgical,80,1970
X702173,ΣΠΕΙΡΟΕΙΔΗΣ ΟΠΗ (ΕΣ) ΔΙΑΤΡΗΣΗΣ ΓΙΑ ΠΑΡΑΚΕΝΤΗΣΗ ΥΠΟ,Surgical,160,2290
X702175,ΣΠΕΙΡΟΕΙΔΗΣ ΟΠΗ (ΕΣ) ΔΙΑΤΡΗΣΗΣ ΓΙΑ ΠΑΡΑΚΕΝΤΗΣΗ ΥΠΟ,Surgical,80,450
X702199,ΟΠΗ(-ΕΣ) ΚΡΑΝΙΟΑΝΑΤΡΗΣΗΣ ΓΙΑ ΠΑΡΑΚΕΝΤΗΣΗΕΓΚΕΦΑΛΙΚΗ,Surgical,80,2370
X702239,ΟΠΗ(-ΕΣ) ΚΡΑΝΙΟΑΝΑΤΡΗΣΗΣ ΜΕ ΓΛΥΦΑΝΟ Ή ΤΡΥΠΑΝΙ. ΜΕ ,Surgical,160,1570
X702259,ΟΠΗ(-ΕΣ) ΚΡΑΝΙΟΑΝΑΤΡΗΣΗΣ ΜΕ ΓΛΥΦΑΝΟ Ή ΤΡΥΠΑΝΙ. ΜΕ ,Surgical,80,1170
X702261,ΟΠΗ(-ΕΣ) ΚΡΑΝΙΟΑΝΑΤΡΗΣΗΣ ΜΕ ΓΛΥΦΑΝΟ Ή ΤΡΥΠΑΝΙ. ΜΕ ,Surgical,120,1330
X702267,ΟΠΗ(-ΕΣ) ΚΡΑΝΙΟΑΝΑΤΡΗΣΗΣ ΜΕ ΕΚΚΕΝΩΣΗ ΚΑΙ/Ή ΠΑΡΟΧΕΤ,Surgical,120,1810
X702271,ΟΠΗ(-ΕΣ) ΚΡΑΝΙΟΑΝΑΤΡΗΣΗΣ. ΜΕ ΑΝΑΡΡΟΦΗΣΗ ΑΙΜΑΤΩΜΑΤΟ,Surgical,80,2130
X702379,ΟΠΗ(-ΕΣ) ΚΡΑΝΙΟΑΝΑΤΡΗΣΗΣ. ΓΙΑ ΕΜΦΥΤΕΥΣΗ ΚΟΙΛΙΑΚΟΥ ,Surgical,80,770
X702389,"ΕΙΣΑΓΩΓΗ ΥΠΟΔΕΡΜΙΚΗΣ ΔΕΞΑΜΕΝΗΣ, ΑΝΤΛΙΑΣ Ή ΣΥΣΤΗΜΑΤ",Surgical,160,1570
X702459,"ΟΠΗ(-ΕΣ) ΚΡΑΝΙΟΑΝΑΤΡΗΣΗΣ ΜΕ ΓΛΥΦΑΝΟ Ή ΤΡΥΠΑΝΙ, ΥΠΕ",Surgical,120,1170
X702465,"ΟΠΗ(-ΕΣ) ΚΡΑΝΙΟΑΝΑΤΡΗΣΗΣ ΜΕ ΓΛΥΦΑΝΟ Ή ΤΡΥΠΑΝΙ, ΥΠΟ",Surgical,120,1650
X702567,"ΚΡΑΝΙΕΚΤΟΜΗ Ή ΚΡΑΝΙΟΤΟΜΗ, ΔΙΕΡΕΥΝΗΤΙΚΗ, ΥΠΕΡΣΚΗΝΙΔ",Surgical,180,2260
X702569,"ΚΡΑΝΙΕΚΤΟΜΗ Ή ΚΡΑΝΙΟΤΟΜΗ, ΔΙΕΡΕΥΝΗΤΙΚΗ, ΥΠΟΣΚΗΝΙΔΙ",Surgical,240,2420
X702583,"ΚΡΑΝΙΕΚΤΟΜΗ Ή ΚΡΑΝΙΟΤΟΜΗ ΓΙΑ ΕΚΚΕΝΩΣΗ ΑΙΜΑΤΩΜΑΤΟΣ,",Surgical,210,1540
X702585,"ΚΡΑΝΙΕΚΤΟΜΗ Ή ΚΡΑΝΙΟΤΟΜΗ ΓΙΑ ΕΚΚΕΝΩΣΗ ΑΙΜΑΤΩΜΑΤΟΣ,",Surgical,120,1700
X702587,"ΚΡΑΝΙΕΚΤΟΜΗ Ή ΚΡΑΝΙΟΤΟΜΗ ΓΙΑ ΕΚΚΕΝΩΣΗ ΑΙΜΑΤΩΜΑΤΟΣ,",Surgical,180,1860
X702589,"ΚΡΑΝΙΕΚΤΟΜΗ Ή ΚΡΑΝΙΟΤΟΜΗ ΓΙΑ ΕΚΚΕΝΩΣΗ ΑΙΜΑΤΩΜΑΤΟΣ,",Surgical,240,2020
X702591,ΤΟΜΗ ΚΑΙ ΔΙΑΔΕΡΜΙΚΗ ΤΟΠΟΘΕΤΗΣΗ ΜΟΣΧΕΥΜΑΤΟΣ ΚΡΑΝΙΑΚ,Surgical,120,1730
X702599,"ΚΡΑΝΙΕΚΤΟΜΗ Ή ΚΡΑΝΙΟΤΟΜΗ, ΠΑΡΟΧΕΤΕΥΣΗ ΕΝΔΟΚΡΑΝΙΑΚΟ",Surgical,240,2820
X702601,"ΚΡΑΝΙΕΚΤΟΜΗ Ή ΚΡΑΝΙΟΤΟΜΗ, ΠΑΡΟΧΕΤΕΥΣΗ ΕΝΔΟΚΡΑΝΙΑΚΟ",Surgical,150,980
X702603,"ΚΡΑΝΙΕΚΤΟΜΗ Ή ΚΡΑΝΙΟΤΟΜΗ, ΑΠΟΣΥΜΠΙΕΣΤΙΚΗ, ΜΕ Ή ΧΩΡ",Surgical,210,1140
X702605,"ΚΡΑΝΙΕΚΤΟΜΗ Ή ΚΡΑΝΙΟΤΟΜΗ, ΑΠΟΣΥΜΠΙΕΣΤΙΚΗ, ΜΕ Ή ΧΩΡ",Surgical,120,1300
X702619,"ΑΠΟΣΥΜΠΙΕΣΗ ΜΟΝΟ ΤΟΥ ΚΟΓΧΟΥ, ΔΙΑΚΡΑΝΙΑΚΗ ΠΡΟΣΠΕΛΑΣ",Surgical,80,1970
X702623,ΔΙΕΡΕΥΝΗΣΗ ΚΟΓΧΟΥ (ΔΙΑΚΡΑΝΙΑΚΗ ΠΡΟΣΠΕΛΑΣΗ). ΜΕ ΒΙΟ,Surgical,160,2290
X702625,ΔΙΕΡΕΥΝΗΣΗ ΚΟΓΧΟΥ (ΔΙΑΚΡΑΝΙΑΚΗ ΠΡΟΣΠΕΛΑΣΗ). ΜΕ ΑΦΑ,Surgical,120,900
X702627,ΔΙΕΡΕΥΝΗΣΗ ΚΟΓΧΟΥ (ΔΙΑΚΡΑΝΙΑΚΗ ΠΡΟΣΠΕΛΑΣΗ). ΜΕ ΑΦΑ,Surgical,180,1060
X702639,ΑΠΟΣΥΜΠΙΕΣΗ ΜΕ ΥΠΟΚΡΟΤΑΦΙΚΗ ΠΡΟΣΠΕΛΑΣΗ (ΨΕΥΔΟΟΓΚΟΣ,Surgical,120,1570
X702645,"ΚΡΑΝΙΕΚΤΟΜΗ, ΥΠΙΝΙΑΚΗ-ΥΠΟΪΝΙΑΚΗ ΜΕ ΑΥΧΕΝΙΚΗ ΠΕΤΑΛΕ",Surgical,120,2500
X702649,"ΑΛΛΗ ΚΡΑΝΙΑΚΗ ΑΠΟΣΥΜΠΙΕΣΗ, ΟΠΙΣΘΙΟΣ ΒΟΘΡΟΣ",Surgical,80,2370
X702839,ΚΡΑΝΙΟΤΟΜΗ ΓΙΑ ΤΟΜΗ ΤΟΥ ΣΚΗΝΙΔΙΟΥ ΤΗΣ ΠΑΡΕΓΚΕΦΑΛΙΔ,Surgical,160,1570
X702859,"ΚΡΑΝΙΕΚΤΟΜΗ, ΥΠΟΚΡΟΤΑΦΙΚΗ, ΓΙΑ ΤΟΜΗ, ΣΥΜΠΙΕΣΗ Ή ΑΠ",Surgical,240,1620
X702875,"ΚΡΑΝΙΕΚΤΟΜΗ, ΥΠΟΚΡΟΤΑΦΙΚΗ. ΓΙΑ ΔΙΕΡΕΥΝΣΗ Ή ΑΠΟΣΥΜΠ",Surgical,120,900
X702879,"ΚΡΑΝΙΕΚΤΟΜΗ, ΥΠΟΚΡΟΤΑΦΙΚΗ. ΓΙΑ ΤΟΜΗ ΕΝΟΣ Ή ΠΕΡΙΣΣΟ",Surgical,240,1220
X702899,"ΚΡΑΝΙΕΚΤΟΜΗ, ΥΠΟΚΡΟΤΑΦΙΚΗ. ΓΙΑ ΕΓΚΑΡΣΙΑ ΜΥΕΛΟΤΟΜΙΑ",Surgical,240,2820
X702919,"ΚΡΑΝΙΕΚΤΟΜΗ, ΥΠΟΚΡΟΤΑΦΙΚΗ. ΓΙΑ ΜΕΣΕΓΚΕΦΑΛΙΚΗ-ΜΕΣΕΓ",Surgical,240,2420
X702939,"ΚΡΑΝΙΟΤΟΜΗ ΓΙΑ ΛΟΒΟΤΟΜΗ, ΣΥΜΠΕΡΙΛΑΜΒΑΝΟΜΕΝΗΣ ΤΗΣ Ε",Surgical,240,2020
X702959,ΚΡΑΝΙΕΚΤΟΜΗ. ΜΕ ΕΚΤΟΜΗ ΟΓΚΟΥ Ή ΑΛΛΗΣ ΟΣΤΙΚΗΣ ΚΑΚΩΣ,Surgical,240,1620
X702961,ΚΡΑΝΙΕΚΤΟΜΗ. ΓΙΑ ΟΣΤΕΟΜΥΕΛΥΤΙΔΑ,Surgical,150,1780
X702979,"ΚΡΑΝΙΕΚΤΟΜΗ, ΑΝΑΤΡΗΣΗ, ΚΡΑΝΙΟΤΟΜΗ ΜΕ ΟΣΤΙΚΟ ΚΡΗΜΝΟ",Surgical,240,1220
X702983,"ΚΡΑΝΙΕΚΤΟΜΗ, ΑΝΑΤΡΗΣΗ, ΚΡΑΝΙΟΤΟΜΗ ΜΕ ΟΣΤΙΚΟ ΚΡΗΜΝΟ",Surgical,210,1540
X702987,"ΚΡΑΝΙΕΚΤΟΜΗ, ΑΝΑΤΡΗΣΗ, ΚΡΑΝΙΟΤΟΜΗ ΜΕ ΟΣΤΙΚΟ ΚΡΗΜΝΟ",Surgical,180,1860
X702991,"ΚΡΑΝΙΕΚΤΟΜΗ, ΑΝΑΤΡΗΣΗ, ΚΡΑΝΙΟΤΟΜΗ ΜΕ ΟΣΤΙΚΟ ΚΡΗΜΝΟ",Surgical,150,2180
X702993,ΕΜΦΥΤΕΥΣΗ ΕΓΚΕΦΑΛΙΚΟΥ ΕΝΔΟ-ΚΟΙΛΟΤΙΚΟΥ ΠΑΡΑΓΟΝΤΑ ΧΗ,Surgical,120,1890
X702995,"ΚΡΑΝΙΕΚΤΟΜΗ ΓΙΑ ΑΦΑΙΡΕΣΗ ΕΓΚΕΦΑΛΙΚΟΥ ΟΓΚΟΥ, ΥΠΟΣΚΗ",Surgical,120,2500
X702997,"ΚΡΑΝΙΕΚΤΟΜΗ ΓΙΑ ΑΦΑΙΡΕΣΗ ΕΓΚΕΦΑΛΙΚΟΥ ΟΓΚΟΥ, ΥΠΟΣΚΗ",Surgical,180,2660
X702999,"ΚΡΑΝΙΕΚΤΟΜΗ ΓΙΑ ΑΦΑΙΡΕΣΗ ΕΓΚΕΦΑΛΙΚΟΥ ΟΓΚΟΥ, ΥΠΟΣΚΗ",Surgical,240,2820
X703001,"ΚΡΑΝΙΕΚΤΟΜΗ ΓΙΑ ΑΦΑΙΡΕΣΗ ΕΓΚΕΦΑΛΙΚΟΥ ΟΓΚΟΥ, ΥΠΟΣΚΗ",Surgical,150,980
X703003,"ΚΡΑΝΙΕΚΤΟΜΗ, ΥΠΟΣΚΗΝΙΔΙΑΚΗ Ή ΟΠΙΣΘΙΟΥ ΚΡΑΝΙΑΚΟΥ ΒΟ",Surgical,210,1140
X703007,"ΚΡΑΝΙΕΚΤΟΜΗ, ΥΠΟΣΚΗΝΙΔΙΑΚΗ Ή ΟΠΙΣΘΙΟΥ ΚΡΑΝΙΑΚΟΥ ΒΟ",Surgical,180,1460
X703011,"ΚΡΑΝΙΕΚΤΟΜΗ, ΚΡΑΝΙΟΤΟΜΗ ΜΕ ΟΣΤΙΚΟ ΚΡΗΜΝΟ, ΔΙΑΚΡΟΤΑ",Surgical,150,1780
X703019,"ΚΡΑΝΙΕΚΤΟΜΗ, ΚΡΑΝΙΟΤΟΜΗ ΜΕ ΟΣΤΙΚΟ ΚΡΗΜΝΟ, ΔΙΑΚΡΟΤΑ",Surgical,240,2420
X703021,ΥΠΟΣΚΛΗΡΙΔΙΑ ΕΜΦΥΤΕΥΣΗ ΗΛΕΚΤΡΟΔΙΩΝ (ΓΥΜΝΩΝ ΗΛΕΚΤΡΟ,Surgical,120,2130
X703025,"ΚΡΑΝΙΟΤΟΜΗ ΜΕ ΚΙΝΗΤΟΠΟΙΗΣΗ ΟΣΤΙΚΟΥ ΚΡΗΜΝΟΥ, ΓΙΑ ΥΠ",Surgical,80,450
X703027,"ΚΡΑΝΙΟΤΟΜΗ ΜΕ ΚΙΝΗΤΟΠΟΙΗΣΗ ΟΣΤΙΚΟΥ ΚΡΗΜΝΟΥ, ΓΙΑ ΑΦ",Surgical,180,1060
X703029,ΚΡΑΝΙΟΤΟΜΗ ΜΕ ΚΙΝΗΤΟΠΟΙΗΣΗ ΟΣΤΙΚΟΥ ΚΡΗΜΝΟΥ. ΓΙΑ ΤΗ,Surgical,240,1220
X703031,ΚΡΑΝΙΟΤΟΜΗ ΜΕ ΚΙΝΗΤΟΠΟΙΗΣΗ ΟΣΤΙΚΟΥ ΚΡΗΜΝΟΥ. ΓΙΑ ΕΚ,Surgical,150,1380
X703033,ΚΡΑΝΙΟΤΟΜΗ ΜΕ ΚΙΝΗΤΟΠΟΙΗΣΗ ΟΣΤΙΚΟΥ ΚΡΗΜΝΟΥ. ΓΙΑ ΛΟ,Surgical,210,1540
X703035,ΚΡΑΝΙΟΤΟΜΗ ΜΕ ΚΙΝΗΤΟΠΟΙΗΣΗ ΟΣΤΙΚΟΥ ΚΡΗΜΝΟΥ. ΓΙΑ ΛΟ,Surgical,120,1700
X703037,ΚΡΑΝΙΟΤΟΜΗ ΜΕ ΚΙΝΗΤΟΠΟΙΗΣΗ ΟΣΤΙΚΟΥ ΚΡΗΜΝΟΥ. ΓΙΑ ΛΟ,Surgical,180,1860
X703039,ΚΡΑΝΙΟΤΟΜΗ ΜΕ ΚΙΝΗΤΟΠΟΙΗΣΗ ΟΣΤΙΚΟΥ ΚΡΗΜΝΟΥ. ΓΙΑ ΛΟ,Surgical,240,2020
X703041,ΚΡΑΝΙΟΤΟΜΗ ΜΕ ΚΙΝΗΤΟΠΟΙΗΣΗ ΤΟΥ ΟΣΤΙΚΟΥ ΚΡΗΜΝΟΥ. ΓΙ,Surgical,160,1730
X703043,ΚΡΑΝΙΟΤΟΜΗ ΜΕ ΚΙΝΗΤΟΠΟΙΗΣΗ ΤΟΥ ΟΣΤΙΚΟΥ ΚΡΗΜΝΟΥ. ΓΙ,Surgical,210,2340
X703045,ΚΡΑΝΙΟΤΟΜΗ ΜΕ ΚΙΝΗΤΟΠΟΙΗΣΗ ΤΟΥ ΟΣΤΙΚΟΥ ΚΡΗΜΝΟΥ. ΓΙ,Surgical,120,2500
X703047,ΚΡΑΝΙΟΤΟΜΗ ΜΕ ΚΙΝΗΤΟΠΟΙΗΣΗ ΤΟΥ ΟΣΤΙΚΟΥ ΚΡΗΜΝΟΥ. ΓΙ,Surgical,180,2660
X703049,ΚΡΑΝΙΟΤΟΜΗ ΜΕ ΚΙΝΗΤΟΠΟΙΗΣΗ ΤΟΥ ΟΣΤΙΚΟΥ ΚΡΗΜΝΟΥ. ΓΙ,Surgical,240,2820
X703051,ΚΡΑΝΙΟΤΟΜΗ ΓΙΑ ΥΠΟΦΥΣΕΚΤΟΜΗ Ή ΕΚΤΟΜΗ ΥΠΟΦΥΣΙΑΚΟΥ Ο,Surgical,150,980
X703055,"ΥΠΟΦΥΣΕΚΤΟΜΗ Ή ΕΚΤΟΜΗ ΥΠΟΦΥΣΙΑΚΟΥ ΟΓΚΟΥ, ΔΙΑΡΙΝΙΚΗ",Surgical,120,1300
X703059,ΚΡΑΝΙΕΚΤΟΜΗ ΓΙΑ ΚΡΑΝΙΟΣΥΝΟΣΤΕΩΣΗ. ΜΟΝΗΡΗΣ ΚΡΑΝΙΑΚΗ,Surgical,240,1620
X703063,ΚΡΑΝΙΕΚΤΟΜΗ ΓΙΑ ΚΡΑΝΙΟΣΥΝΟΣΤΕΩΣΗ. ΠΟΛΛΑΠΛΕΣ ΚΡΑΝΙΑ,Surgical,210,1940
X703071,ΚΡΑΝΙΟΤΟΜΗ ΓΙΑ ΚΡΑΝΙΟΣΥΝΟΣΤΕΩΣΗ. ΜΕΤΩΠΙΑΙΟΣ Ή ΒΡΕΓ,Surgical,160,2130
X703073,ΚΡΑΝΙΟΤΟΜΗ ΓΙΑ ΚΡΑΝΙΟΣΥΝΟΣΤΕΩΣΗ. ΑΜΦΙΜΕΤΩΠΙΑΙΟΣ ΟΣ,Surgical,80,2290
X703075,ΕΥΡΕΙΑ ΚΡΑΝΙΕΚΤΟΜΗ ΓΙΑ ΚΡΑΝΙΟΣΥΝΟΣΤΕΩΣΗ ΠΟΛΛΑΠΛΩΝ ,Surgical,120,900
X703077,ΕΥΡΕΙΑ ΚΡΑΝΙΕΚΤΟΜΗ ΓΙΑ ΚΡΑΝΙΟΣΥΝΟΣΤΕΩΣΗ ΠΟΛΛΑΠΛΩΝ ,Surgical,180,1060
X703085,"ΕΚΤΟΜΗ, ΕΝΔΟ- ΚΑΙ ΕΞΩΚΡΑΝΙΑΚΗ, ΚΑΚΟΗΘΟΥΣ ΟΓΚΟΥ ΚΡΑ",Surgical,120,1700
X703087,"ΕΚΤΟΜΗ, ΕΝΔΟ- ΚΑΙ ΕΞΩΚΡΑΝΙΑΚΗ, ΚΑΚΟΗΘΟΥΣ ΟΓΚΟΥ ΚΡΑ",Surgical,180,1860
X703091,ΚΡΑΝΙΟΤΟΜΗ ΜΕ ΑΝΑΤΑΞΗ ΤΟΥ ΟΣΤΙΚΟΥ ΚΡΗΜΝΟΥ. ΓΙΑ ΕΠΙ,Surgical,150,2180
X703093,ΚΡΑΝΙΟΤΟΜΗ ΜΕ ΑΝΑΤΑΞΗ ΤΟΥ ΟΣΤΙΚΟΥ ΚΡΗΜΝΟΥ. ΓΙΑ ΠΟΛ,Surgical,120,1890
X703099,"ΚΡΑΝΙΕΚΤΟΜΗ Ή ΚΡΑΝΙΟΤΟΜΗ, ΜΕ ΕΚΤΟΜΗ ΞΕΝΟΥ ΣΩΜΑΤΟΣ ",Surgical,240,2820
X703101,ΚΡΑΝΙΕΚΤΟΜΗ Ή ΚΡΑΝΙΟΤΟΜΗ. ΜΕ ΘΕΡΑΠΕΙΑ ΔΙΑΤΡΗΤΙΚΟΥ ,Surgical,150,980
X703109,"ΔΙΑΣΤΟΜΑΤΙΚΗ ΠΡΟΣΠΕΛΑΣΗ ΣΤΗ ΒΑΣΗ ΤΟΥ ΚΡΑΝΙΟΥ, ΤΟ Ε",Surgical,240,1620
X703111,"ΔΙΑΣΤΟΜΑΤΙΚΗ ΠΡΟΣΠΕΛΑΣΗ ΣΤΗ ΒΑΣΗ ΤΟΥ ΚΡΑΝΙΟΥ, ΤΟ Ε",Surgical,150,1780
X703119,ΚΡΑΝΙΟΠΡΟΣΩΠΙΚΗ ΠΡΟΣΠΕΛΑΣΗ ΣΤΟΝ ΠΡΟΣΘΙΟ ΚΡΑΝΙΑΚΟ Β,Surgical,240,2420
X703121,ΚΡΑΝΙΟΠΡΟΣΩΠΙΚΗ ΠΡΟΣΠΕΛΑΣΗ ΣΤΟΝ ΠΡΟΣΘΙΟ ΚΡΑΝΙΑΚΟ Β,Surgical,150,2580
X703123,ΚΡΑΝΙΟΠΡΟΣΩΠΙΚΗ ΠΡΟΣΠΕΛΑΣΗ ΣΤΟΝ ΠΡΟΣΘΙΟ ΚΡΑΝΙΑΚΟ Β,Surgical,120,2290
X703125,ΚΡΑΝΙΟΠΡΟΣΩΠΙΚΗ ΠΡΟΣΠΕΛΑΣΗ ΣΤΟΝ ΠΡΟΣΘΙΟ ΚΡΑΝΙΑΚΟ Β,Surgical,120,900
X703127,ΚΡΑΝΙΟΠΡΟΣΩΠΙΚΗ ΠΡΟΣΠΕΛΑΣΗ ΣΤΟΝ ΠΡΟΣΘΙΟ ΚΡΑΝΙΑΚΟ Β,Surgical,80,610
X703129,ΚΡΑΝΙΟΠΡΟΣΩΠΙΚΗ ΠΡΟΣΠΕΛΑΣΗ ΣΤΟΝ ΠΡΟΣΘΙΟ ΚΡΑΝΙΑΚΟ Β,Surgical,120,770
X703131,"ΠΡΟΣΠΕΛΑΣΗ ΑΜΦΟ-ΜΕΤΩΠΙΑΙΑ (ΔΙΜΕΤΩΠΙΑΙΑΣ), ΔΙΑΖΥΓΩΜ",Surgical,160,930
X703139,ΥΠΟΚΡΟΤΑΦΙΚΗ ΠΡΟΩΤΙΑΙΑ ΠΡΟΣΠΕΛΑΣΗ ΤΟΥ ΜΕΣΟΥ ΚΡΑΝΙΑ,Surgical,240,2020
X703141,"ΥΠΟΚΡΟΤΑΦΙΑ, ΟΠΙΣΘΟΩΤΙΑΙΑ ΠΡΟΣΠΕΛΑΣΗ ΣΤΟΝ ΜΕΣΟ ΚΡΑ",Surgical,150,2180
X703143,ΚΡΑΝΙΟΠΡΟΣΩΠΙΚΗ ΖΥΓΩΜΑΤΙΚΗ ΠΡΟΣΠΕΛΑΣΗ ΣΤΟ ΜΕΣΟ ΚΡΑ,Surgical,160,1890
X703149,ΔΙΑΚΡΟΤΑΦΙΚΗ ΠΡΟΣΠΕΛΑΣΗ ΤΟΥ ΟΠΙΣΘΙΟΥ ΚΡΑΝΙΑΚΟΥ ΒΟΘ,Surgical,240,2820
X703151,ΔΙΑΚΟΧΛΙΑΚΗ ΠΡΟΣΠΕΛΑΣΗ ΤΟΥ ΟΠΙΣΘΙΟΥ ΚΡΑΝΙΑΚΟΥ ΒΟΘΡ,Surgical,150,980
X703153,ΔΙΑΚΟΝΔΥΛΙΑ (ΠΛΑΓΙΑ) ΠΡΟΣΠΕΛΑΣΗ ΟΠΙΣΘΙΟΥ ΚΡΑΝΙΑΚΟΥ,Surgical,210,1140
X703155,ΠΡΟΣΠΕΛΑΣΗ ΤΟΥ ΟΠΙΣΘΙΟΥ ΚΡΑΝΙΑΚΟΥ ΒΟΘΡΟΥ ΜΕΣΩ ΛΙΘΟ,Surgical,160,850
X703159,"ΕΞΑΙΡΕΣΗ Ή ΕΚΤΟΜΗ ΝΕΟΠΛΑΣΜΑΤΙΚΗΣ, ΑΓΓΕΙΑΚΗΣ Ή ΛΟΙΜ",Surgical,240,1620
X703161,"ΕΞΑΙΡΕΣΗ Ή ΕΚΤΟΜΗ ΝΕΟΠΛΑΣΜΑΤΙΚΗΣ, ΑΓΓΕΙΑΚΗΣ Ή ΛΟΙΜ",Surgical,150,1780
X703169,"ΕΞΑΙΡΕΣΗ Ή ΕΚΤΟΜΗ ΝΕΟΠΛΑΣΜΑΤΙΚΗΣ, ΑΓΓΕΙΑΚΗΣ Ή ΛΟΙΜ",Surgical,240,2420
X703171,"ΕΞΑΙΡΕΣΗ Ή ΕΚΤΟΜΗ ΝΕΟΠΛΑΣΜΑΤΙΚΗΣ, ΑΓΓΕΙΑΚΗΣ Ή ΛΟΙΜ",Surgical,150,2580
X703173,"ΕΞΑΙΡΕΣΗ Ή ΕΚΤΟΜΗ ΝΕΟΠΛΑΣΜΑΤΙΚΗΣ, ΑΓΓΕΙΑΚΗΣ Ή ΛΟΙΜ",Surgical,210,2740
X703175,"ΕΞΑΙΡΕΣΗ Ή ΕΚΤΟΜΗ ΝΕΟΠΛΑΣΜΑΤΙΚΗΣ, ΑΓΓΕΙΑΚΗΣ Ή ΛΟΙΜ",Surgical,120,900
X703177,"ΔΙΑΤΟΜΗ Ή ΑΠΟΛΙΝΩΣΗ, ΕΝΔΟΣΗΡΑΓΓΩΔΗΣ ΜΟΙΡΑ ΚΑΡΩΤΙΔΙ",Surgical,120,610
X703179,"ΔΙΑΤΟΜΗ Ή ΑΠΟΛΙΝΩΣΗ, ΚΑΡΩΤΙΔΙΚΗΣ ΑΡΤΗΡΙΑΣ ΣΤΟ ΣΗΡΑ",Surgical,160,1220
X703181,"ΔΙΑΤΟΜΗ Ή ΑΠΟΛΙΝΩΣΗ, ΚΑΡΩΤΙΔΙΚΗ ΑΡΤΗΡΙΑ ΣΤΟ ΛΙΘΟΕΙ",Surgical,80,930
X703183,"ΔΙΑΤΟΜΗ Ή ΑΠΟΛΙΝΩΣΗ, ΚΑΡΩΤΙΔΙΚΗ ΑΡΤΗΡΙΑ ΣΤΟ ΛΙΘΟΕΙ",Surgical,120,1540
X703185,"ΑΠΟΦΡΑΞΗ ΑΝΕΥΡΥΣΜΑΤΟΣ ΚΑΡΩΤΙΔΑΣ, ΑΡΤΗΡΙΟΦΛΕΒΩΔΟΥΣ ",Surgical,160,1250
X703189,"ΕΞΑΙΡΕΣΗ Ή ΕΚΤΟΜΗ ΝΕΟΠΛΑΣΜΑΤΙΚΗΣ, ΑΓΓΕΙΑΚΗΣ Ή ΛΟΙΜ",Surgical,240,2020
X703191,"ΕΞΑΙΡΕΣΗ Ή ΕΚΤΟΜΗ ΝΕΟΠΛΑΣΜΑΤΙΚΗΣ, ΑΓΓΕΙΑΚΗΣ Ή ΛΟΙΜ",Surgical,150,2180
X703195,ΔΕΥΤΕΡΕΥΟΥΣΑ ΑΠΟΚΑΤΑΣΤΑΣΗ ΤΗΣ ΣΚΛΗΡΗΣ ΜΗΝΙΓΓΑΣ ΛΟΓ,Surgical,120,2050
X703197,ΔΕΥΤΕΡΕΥΟΥΣΑ ΑΠΟΚΑΤΑΣΤΑΣΗ ΤΗΣ ΣΚΛΗΡΗΣ ΜΗΝΙΓΓΑΣ ΛΟΓ,Surgical,160,2210
X703205,ΕΝΔΑΓΓΕΙΑΚΗ ΠΡΟΣΩΡΙΝΗ ΑΡΤΗΡΙΑΚΗ ΑΠΡΟΦΡΑΞΗ ΜΕ ΕΝΔΟΑ,Surgical,80,850
X703207,ΔΙΑΚΑΘΕΤΗΡΙΑΚΗ (ΕΝΔΟΑΥΛΙΚΗ) ΜΟΝΙΜΗ ΑΠΟΦΡΑΞΗ Ή ΕΜΒΟ,Surgical,120,1010
X703211,"ΔΙΑΚΑΘΕΤΗΡΙΑΚΗ ΜΟΝΙΜΗ ΑΠΟΦΡΑΞΗ Ή ΕΜΒΟΛΙΣΜΟΣ (Π.Χ.,",Surgical,80,1330
X703219,"ΑΓΓΕΙΟΠΛΑΣΤΙΚΗ ΜΕ ΑΕΡΟΘΑΛΑΜΟ, ΕΝΔΟΚΡΑΝΙΑΚΗ, (Π.Χ. ",Surgical,120,1970
X703229,"ΕΠΕΜΒΑΤΙΚΗ ΕΝΔΟΑΥΛΙΚΗ ΤΟΠΟΘΕΤΗΣΗ ΣΤΕΝΤ, ΕΝΔΟΚΡΑΝΙΑ",Surgical,80,770
X703239,"ΔΙΑΤΑΣΗ ΜΕ ΑΕΡΟΘΑΛΑΜΟ ΕΝΔΟΚΡΑΝΙΑΚΟΥ ΑΓΓΕΙΟΣΠΑΣΜΟΥ,",Surgical,160,1570
X703241,"ΔΙΑΤΑΣΗ ΜΕ ΑΕΡΟΘΑΛΑΜΟ ΕΝΔΟΚΡΑΝΙΑΚΟΥ ΑΓΓΕΙΟΣΠΑΣΜΟΥ,",Surgical,80,1730
X703243,"ΔΙΑΤΑΣΗ ΜΕ ΑΕΡΟΘΑΛΑΜΟ ΕΝΔΟΚΡΑΝΙΑΚΟΥ ΑΓΓΕΙΟΣΠΑΣΜΟΥ,",Surgical,120,1890
X703319,ΧΕΙΡΟΥΡΓΙΚΗ ΕΠΕΜΒΑΣΗ ΕΝΔΟΚΡΑΝΙΑΚΗΣ ΑΡΤΗΡΙΟΦΛΕΒΩΔΟΥ,Surgical,80,1970
X703323,ΧΕΙΡΟΥΡΓΙΚΗ ΕΠΕΜΒΑΣΗ ΕΝΔΟΚΡΑΝΙΑΚΗΣ ΑΡΤΗΡΙΟΦΛΕΒΩΔΟΥ,Surgical,160,2290
X703327,ΧΕΙΡΟΥΡΓΙΚΗ ΕΠΕΜΒΑΣΗ ΕΝΔΟΚΡΑΝΙΑΚΗΣ ΑΡΤΗΡΙΟΦΛΕΒΩΔΟΥ,Surgical,120,610
X703331,ΧΕΙΡΟΥΡΓΙΚΗ ΕΠΕΜΒΑΣΗ ΕΝΔΟΚΡΑΝΙΑΚΗΣ ΑΡΤΗΡΙΟΦΛΕΒΩΔΟΥ,Surgical,80,930
X703339,ΧΕΙΡΟΥΡΓΙΚΗ ΕΠΕΜΒΑΣΗ ΕΝΔΟΚΡΑΝΙΑΚΗΣ ΑΡΤΗΡΙΟΦΛΕΒΩΔΟΥ,Surgical,120,1570
X703343,ΧΕΙΡΟΥΡΓΙΚΗ ΕΠΕΜΒΑΣΗ ΕΝΔΟΚΡΑΝΙΑΚΗΣ ΑΡΤΗΡΙΟΦΛΕΒΩΔΟΥ,Surgical,80,1890
X703353,ΧΕΙΡΟΥΡΓΙΚΗ ΕΠΕΜΒΑΣΗ ΣΥΝΘΕΤΟΥ ΕΝΔΟΚΡΑΝΙΑΚΟΥ ΑΝΕΥΡΥ,Surgical,160,690
X703355,ΧΕΙΡΟΥΡΓΙΚΗ ΕΠΕΜΒΑΣΗ ΣΥΝΘΕΤΟΥ ΕΝΔΟΚΡΑΝΙΑΚΟΥ ΑΝΕΥΡΥ,Surgical,80,850
X703359,ΧΕΙΡΟΥΡΓΙΚΗ ΕΠΕΜΒΑΣΗ ΑΠΛΟΥ ΕΝΔΟΚΡΑΝΙΑΚΟΥ ΑΝΕΥΡΥΣΜΑ,Surgical,160,1170
X703363,ΧΕΙΡΟΥΡΓΙΚΗ ΕΠΕΜΒΑΣΗ ΑΠΛΟΥ ΕΝΔΟΚΡΑΝΙΑΚΟΥ ΑΝΕΥΡΥΣΜΑ,Surgical,120,1490
X703365,"ΧΕΙΡΟΥΡΓΙΚΗ ΕΠΕΜΒΑΣΗ ΕΝΔΟΚΡΑΝΙΑΚΟΥ ΑΝΕΥΡΥΣΜΑΤΟΣ, Τ",Surgical,160,1650
X703369,"ΧΕΙΡΟΥΡΓΙΚΗ ΕΠΕΜΒΑΣΗ ΑΝΕΥΡΥΣΜΑΤΟΣ, ΑΓΓΕΙΑΚΗΣ ΔΥΣΠΛ",Surgical,120,1970
X703375,"ΧΕΙΡΟΥΡΓΙΚΗ ΕΠΕΜΒΑΣΗ ΑΝΕΥΡΥΣΜΑΤΟΣ, ΑΓΓΕΙΑΚΗ ΔΥΣΠΛΑ",Surgical,120,450
X703379,"ΧΕΙΡΟΥΡΓΙΚΗ ΕΠΕΜΒΑΣΗ ΑΝΕΥΡΥΣΜΑΤΟΣ, ΑΓΓΕΙΑΚΗ ΔΥΣΠΛΑ",Surgical,80,770
X703381,"ΑΝΑΣΤΟΜΩΣΗ, ΑΡΤΗΡΙΑΚΗ, ΕΞΩΚΡΑΝΙΑΣ-ΕΝΔΟΚΡΑΝΙΑΣ ΚΥΚΛ",Surgical,120,1380
X703399,"ΔΗΜΙΟΥΡΓΙΑ ΒΛΑΒΗΣ ΜΕ ΣΤΕΡΕΟΤΑΚΤΙΚΗ ΜΕΘΟΔΟ, ΠΕΡΙΛΑΜ",Surgical,120,2370
X703429,"ΕΠΕΜΒΑΣΗ ΜΕ ΣΤΕΡΕΟΤΑΚΤΙΚΗ ΜΕΘΟΔΟ, ΠΕΡΙΛΑΜΒΑΝΕΙ ΟΠΗ",Surgical,120,770
X703459,"ΣΤΕΡΕΟΤΑΚΤΙΚΗ ΒΙΟΨΙΑ, ΑΝΑΡΡΟΦΗΣΗ, Ή ΕΚΤΟΜΗ, ΠΕΡΙΛΑ",Surgical,240,1620
X703461,"ΣΤΕΡΕΟΤΑΚΤΙΚΗ ΒΙΟΨΙΑ, ΑΝΑΡΡΟΦΗΣΗ, Ή ΕΚΤΟΜΗ, ΠΕΡΙΛΑ",Surgical,150,1780
X703479,ΣΤΕΡΕΟΤΑΚΤΙΚΗ ΕΜΦΥΤΕΥΣΗ ΗΛΕΚΤΟΔΙΩΝ ΒΑΘΟΥΣ ΕΝΤΟΣ ΤΟ,Surgical,160,770
X703499,"ΣΤΕΡΕΟΤΑΚΤΙΚΗ ΕΝΤΟΠΙΣΗ, ΠΕΡΙΛΑΜΒΑΝΟΜΕΝΗΣ(-ΩΝ) ΟΠΗΣ",Surgical,80,2370
X703539,ΕΠΕΜΒΑΣΗ ΕΠΙ ΤΗΣ ΣΠΟΝΔΥΛΙΚΗΣ ΣΤΗΛΗΣ ΜΕ ΣΤΕΡΕΟΤΑΚΤΙ,Surgical,160,1570
X703541,ΕΠΕΜΒΑΣΗ ΕΠΙ ΤΗΣ ΣΠΟΝΔΥΛΙΚΗΣ ΣΤΗΛΗΣ ΜΕ ΣΤΕΡΕΟΤΑΚΤΙ,Surgical,80,1730
X703549,ΣΤΕΡΕΟΤΑΚΤΙΚΗ ΕΠΕΜΒΑΣΗ ΜΕ ΥΠΟΒΟΗΘΟΥΜΕΝΗ ΠΛΟΗΓΗΣΗ Α,Surgical,120,2370
X703551,ΣΤΕΡΕΟΤΑΚΤΙΚΗ ΑΚΤΙΝΟΧΕΙΡΟΥΡΓΙΚΗ ΘΕΡΑΠΕΙΑ(ΡΑΔΙΟΕΠΕΜ,Surgical,160,530
X703553,ΣΤΕΡΕΟΤΑΚΤΙΚΗ ΑΚΤΙΝΟΧΕΙΡΟΥΡΓΙΚΗ ΘΕΡΑΠΕΙΑ(ΡΑΔΙΟΕΠΕΜ,Surgical,80,690
X703555,ΣΤΕΡΕΟΤΑΚΤΙΚΗ ΑΚΤΙΝΟΧΕΙΡΟΥΡΓΙΚΗ ΘΕΡΑΠΕΙΑ(ΡΑΔΙΟΕΠΕΜ,Surgical,120,850
X703557,ΣΤΕΡΕΟΤΑΚΤΙΚΗ ΑΚΤΙΝΟΧΕΙΡΟΥΡΓΙΚΗ ΘΕΡΑΠΕΙΑ(ΡΑΔΙΟΕΠΕΜ,Surgical,160,1010
X703559,ΕΦΑΡΜΟΓΗ ΣΤΕΡΕΟΤΑΚΤΙΚΟΥ ΠΛΑΙΣΙΟΥ ΚΕΦΑΛΗΣ ΓΙΑ ΣΤΕΡΕ,Surgical,80,1170
X703659,ΣΠΕΙΡΟΕΙΔΗΣ ΤΡΥΠΑΝΙΣΜΟΣ Ή ΟΠΗ(-ΕΣ) ΔΙΑΤΡΗΣΗΣ ΓΙΑ Ε,Surgical,160,1170
X703679,ΚΡΑΝΙΕΚΤΟΜΗ Ή ΚΡΑΝΙΟΤΟΜΗ ΓΙΑ ΕΜΦΥΤΕΥΣΗ ΝΕΥΡΟΔΙΕΓΕΡ,Surgical,240,1220
X703685,"ΣΠΕΙΡΟΕΙΔΗΣ ΤΡΥΠΑΝΙΣΜΟΣ, ΟΠΕΣ ΔΙΑΤΡΗΣΗΣ, ΚΡΑΝΙΟΤΟΜ",Surgical,120,1700
X703687,"ΣΠΕΙΡΟΕΙΔΗΣ ΤΡΥΠΑΝΙΣΜΟΣ, ΟΠΕΣ ΔΙΑΤΡΗΣΗΣ, ΚΡΑΝΙΟΤΟΜ",Surgical,180,1860
X703693,"ΣΠΕΙΡΟΕΙΔΗΣ ΤΡΥΠΑΝΙΣΜΟΣ, ΟΠΕΣ ΔΙΑΤΡΗΣΗΣ, ΚΡΑΝΙΟΤΟΜ",Surgical,210,2340
X703695,"ΣΠΕΙΡΟΕΙΔΗΣ ΤΡΥΠΑΝΙΣΜΟΣ, ΟΠΕΣ ΔΙΑΤΡΗΣΗΣ, ΚΡΑΝΙΟΤΟΜ",Surgical,120,2500
X703699,ΚΡΑΝΙΕΚΤΟΜΗ ΓΙΑ ΕΜΦΥΤΕΥΣΗ ΝΕΥΡΟΔΙΕΓΕΡΤΙΚΩΝ ΗΛΕΚΤΡΟ,Surgical,240,2820
X703709,ΚΡΑΝΙΕΚΤΟΜΗ ΓΙΑ ΕΜΦΥΤΕΥΣΗ ΝΕΥΡΟΔΙΕΓΕΡΤΙΚΩΝ ΗΛΕΚΤΡΟ,Surgical,240,1620
X703719,ΑΝΑΘΕΩΡΗΣΗ Ή ΑΦΑΙΡΕΣΗ ΕΝΔΟΚΡΑΝΙΩΝ ΝΕΥΡΟΔΙΕΓΕΡΤΙΚΩΝ,Surgical,240,2420
X703729,ΕΙΣΑΓΩΓΗ Ή ΑΝΤΙΚΑΤΑΣΤΑΣΗ ΓΕΝΗΤΡΙΑΣ ΚΡΑΝΙΑΚΩΝ ΝΕΥΡΟ,Surgical,120,770
X703731,ΕΙΣΑΓΩΓΗ Ή ΑΝΤΙΚΑΤΑΣΤΑΣΗ ΓΕΝΝΗΤΡΙΑΣ Ή ΔΕΚΤΗ ΝΕΥΡΟΔ,Surgical,160,930
X703735,ΑΝΑΘΕΩΡΗΣΗ Ή ΑΦΑΙΡΕΣΗ ΓΕΝΝΗΤΡΙΑΣ Ή ΔΕΚΤΗ ΚΡΑΝΙΑΚΩΝ,Surgical,120,1700
X703959,"ΑΠΟΚΑΤΑΣΤΑΣΗ ΕΜΠΙΕΣΤΙΚΟΥ ΚΡΑΝΙΑΚΟΥ ΚΑΤΑΓΜΑΤΟΣ, ΑΠΛ",Surgical,160,1170
X703969,"ΑΠΟΚΑΤΑΣΤΑΣΗ ΕΜΠΙΕΣΤΙΚΟΥ ΚΡΑΝΙΑΚΟΥ ΚΑΤΑΓΜΑΤΟΣ, ΣΥΝ",Surgical,120,1970
X703979,"ΑΠΟΚΑΤΑΣΤΑΣΗ ΕΜΠΙΕΣΤΙΚΟΥ ΚΡΑΝΙΑΚΟΥ ΚΑΤΑΓΜΑΤΟΣ, ΜΕ ",Surgical,240,1220
X704159,ΚΡΑΝΙΟΤΟΜΙΑ ΓΙΑ ΑΠΟΚΑΤΑΣΤΑΣΗ ΣΚΛΗΡΗΣ ΜΗΝΙΓΓΑΣ/ΔΙΑΦ,Surgical,120,1170
X704189,ΜΕΙΩΣΗ (ΚΡΑΝΙΟΜΕΓΑΛΙΚΟΥ) ΚΡΑΝΙΟΥ (Π.Χ. ΘΕΡΑΠΕΥΜΕΝΟ,Surgical,240,2620
X704191,ΜΕΙΩΣΗ (ΚΡΑΝΙΟΜΕΓΑΛΙΚΟΥ ΚΡΑΝΙΟΥ) (Π.Χ. ΘΕΡΑΠΕΥΜΕΝΟ,Surgical,150,2780
X704193,ΜΕΙΩΣΗ ΚΡΑΝΙΟΜΕΓΑΛΙΚΟΥ ΚΡΑΝΙΟΥ (Π.Χ. ΘΕΡΑΠΕΥΜΕΝΟ Υ,Surgical,210,2940
X704199,"ΑΠΟΚΑΤΑΣΤΑΣΗ ΕΓΚΕΦΑΛΟΚΗΛΗΣ, ΚΡΑΝΙΑΚΟΥ ΘΟΛΟΥ, ΠΕΡΙΛ",Surgical,80,2370
X704201,"ΚΡΑΝΙΟΤΟΜΙΑ ΓΙΑ ΑΠΟΚΑΤΑΣΤΑΣΗ ΤΗΣ ΕΓΚΕΦΑΛΟΚΗΛΗΣ,",Surgical,120,530
X704239,"ΚΡΑΝΙΟΠΛΑΣΤΙΚΗ ΓΙΑ ΚΡΑΝΙΑΚΟ ΕΛΛΕΙΜΑ, ΔΙΑΜΕΤΡΟΥ ΕΩΣ",Surgical,160,1570
X704241,"ΚΡΑΝΙΟΠΛΑΣΤΙΚΗ ΓΙΑ ΚΡΑΝΙΑΚΟ ΕΛΛΕΙΜΑ, ΔΙΑΜΕΤΡΟΥ ΜΕΓ",Surgical,150,2780
X704243,ΑΦΑΙΡΕΣΗ ΟΣΤΙΚΟΥ ΚΡΗΜΝΟΥ Ή ΠΡΟΣΘΕΤΙΚΗΣ ΚΡΑΝΙΑΚΗΣ Π,Surgical,210,2340
X704245,ΑΝΤΙΚΑΤΑΣΤΑΣΗ ΟΣΤΙΚΟΥ ΚΡΗΜΝΟΥ Ή ΠΡΟΣΘΕΤΙΚΗΣ ΚΡΑΝΙΑ,Surgical,160,2050
X704249,ΚΡΑΝΙΟΠΛΑΣΤΙΚΗ ΓΙΑ ΚΡΑΝΙΑΚΟ ΕΛΛΕΙΜΑ ΜΕ ΧΕΙΡΟΥΡΓΙΚΗ,Surgical,120,2370
X704251,ΚΡΑΝΙΟΠΛΑΣΤΙΚΗ ΜΕ ΑΥΤΟΛΟΓΟ ΜΟΣΧΕΥΜΑ (ΠΕΡΙΛΑΜΒΑΝΕΙ ,Surgical,160,530
X704253,ΚΡΑΝΙΟΠΛΑΣΤΙΚΗ ΜΕ ΑΥΤΟΛΟΓΟ ΜΟΣΧΕΥΜΑ (ΠΕΡΙΛΑΜΒΑΝΕΙ ,Surgical,210,1740
X704255,ΤΟΜΗ ΚΑΙ ΛΗΨΗ ΥΠΟΔΕΡΜΙΚΟΥ ΜΟΣΧΕΥΜΑΤΟΣ ΚΡΑΝΙΑΚΟΥ ΟΣ,Surgical,120,850
X704279,"ΝΕΥΡΟΕΝΔΟΣΚΟΠΗΣΗ, ΕΝΔΟΚΡΑΝΙΑΚΗ, ΓΙΑ ΤΟΠΟΘΕΤΗΣΗ Ή Α",Surgical,120,1220
X704281,"ΝΕΥΡΟΕΝΔΟΣΚΟΠΗΣΗ, ΕΝΔΟΚΡΑΝΙΑΚΗ. ΜΕ ΔΙΑΝΟΙΞΗ ΤΩΝ ΣΥ",Surgical,150,1380
X704283,"ΝΕΥΡΟΕΝΔΟΣΚΟΠΗΣΗ, ΕΝΔΟΚΡΑΝΙΑΚΗ. ΜΕ ΘΥΡΙΔΟΠΟΙΗΣΗ Ή ",Surgical,80,1090
X704285,"ΝΕΥΡΟΕΝΔΟΣΚΟΠΗΣΗ, ΕΝΔΟΚΡΑΝΙΑΚΗ. ΜΕ ΑΦΑΙΡΕΣΗ ΞΕΝΟΥ ",Surgical,120,1700
X704287,"ΝΕΥΡΟΕΝΔΟΣΚΟΠΗΣΗ, ΕΝΔΟΚΡΑΝΙΑΚΗ. ΜΕ ΕΚΤΟΜΗ ΕΓΚΕΦΑΛΙ",Surgical,180,1860
X704289,"ΝΕΥΡΟΕΝΔΟΣΚΟΠΗΣΗ, ΕΝΔΟΚΡΑΝΙΑΚΗ. ΜΕ ΕΚΤΟΜΗ ΥΠΟΦΥΣΙΑ",Surgical,240,2020
X704319,ΚΟΙΛΙΟ-ΔΕΞΑΜΕΝΙΚΗ ΕΠΙΚΟΙΝΩΝΙΑ (ΕΠΕΜΒΑΣΗ ΤΥΠΟΥ TORK,Surgical,80,1970
X704339,ΔΗΜΙΟΥΡΓΙΑ ΠΑΡΑΚΑΜΨΗΣ. ΥΠΟΑΡΑΧΝΟΕΙΔΙΚΗ/ΥΠΟΣΚΛΗΡΙΔΙ,Surgical,120,1570
X704343,ΔΗΜΙΟΥΡΓΙΑ ΠΑΡΑΚΑΜΨΗΣ. ΥΠΟΑΡΑΧΝΟΕΙΔΙΚΗ/ΥΠΟΣΚΛΗΡΙΔΙ,Surgical,80,1890
X704347,"ΑΝΤΙΚΑΤΑΣΤΑΣΗ Ή ΕΚΠΛΥΣΗ, ΥΠΟΑΡΑΧΝΟΕΙΔΙΚΟΣ/ΥΠΟΔΟΡΙΟ",Surgical,160,2210
X704359,"ΚΟΙΛΙΟ-ΔΕΞΑΜΕΝΙΚΗ ΕΠΙΚΟΙΝΩΝΙΑ, ΤΡΙΤΗ ΚΟΙΛΙΑ",Surgical,160,1170
X704361,"ΚΟΙΛΙΟ-ΔΕΞΑΜΕΝΙΚΗ ΕΠΙΚΟΙΝΩΝΙΑ, ΤΡΙΤΗ ΚΟΙΛΙΑ, ΣΤΕΡΕ",Surgical,80,1330
X704399,"ΔΗΜΙΟΥΡΓΙΑ ΠΑΡΑΚΑΜΨΗΣ. ΚΟΙΛΙΟ- ΚΟΛΠΙΚΗ, -ΣΦΡΑΓΙΔΙΤ",Surgical,120,2370
X704405,"ΔΗΜΙΟΥΡΓΙΑ ΠΑΡΑΚΑΜΨΗΣ. ΚΟΙΛΙΟ-ΠΕΡΙΤΟΝΕΪΚΗ, -ΠΛΕΥΡΙ",Surgical,120,850
X704409,"ΑΝΤΙΚΑΤΑΣΤΑΣΗ Ή ΕΚΠΛΥΣΗ, ΚΟΙΛΙΑΚΟΣ ΚΑΘΕΤΗΡΑΣ",Surgical,80,1170
X704419,ΑΝΤΙΚΑΤΑΣΤΑΣΗ Ή ΑΝΑΘΕΩΡΗΣΗ ΠΑΡΑΚΑΜΨΗΣ ΕΓΚΕΦΑΛΟΝΩΤΙ,Surgical,160,1970
X704463,ΕΠΑΝΑΠΡΟΓΡΑΜΜΑΤΙΣΜΟΣ Ή ΠΡΟΓΡΑΜΜΑΤΙΣΙΜΗ ΕΓΚΕΦΑΛΟΝΩΤ,Surgical,80,1490
X704471,ΑΦΑΙΡΕΣΗ ΠΛΗΡΟΥΣ ΣΥΣΤΗΜΑΤΟΣ ΠΑΡΑΚΑΜΨΗΣ ΕΓΚΕΦΑΛΟΝΩΤ,Surgical,150,2580
X704475,ΑΦΑΙΡΕΣΗ ΠΛΗΡΟΥΣ ΣΥΣΤΗΜΑΤΟΣ ΠΑΡΑΚΑΜΨΗΣ ΕΓΚΕΦΑΛΟΝΩΤ,Surgical,120,900
X704485,ΔΙΑΔΕΡΜΙΚΗ ΛΥΣΗ ΕΠΙΣΚΛΗΡΙΔΙΩΝ ΣΥΜΦΥΣΕΩΝ ΜΕ ΤΗ ΧΡΗΣ,Surgical,160,1250
X704487,ΔΙΑΔΕΡΜΙΚΗ ΛΥΣΗ ΕΠΙΣΚΛΗΡΙΔΙΩΝ ΣΥΜΦΥΣΕΩΝ ΜΕ ΤΗ ΧΡΗΣ,Surgical,80,1410
X704493,"ΔΙΑΔΕΡΜΙΚΗ ΑΝΑΡΡΟΦΗΣΗ ΕΝΤΟΣ ΤΟΥ ΠΟΛΦΙΚΟΥ ΠΥΡΗΝΑ, Ε",Surgical,80,1890
X704495,"ΔΙΑΔΕΡΜΙΚΗ ΑΝΑΡΡΟΦΗΣΗ, ΚΥΣΤΗ ΣΠΟΝΔΥΛΙΚΗΣ ΣΤΗΛΗΣ Ή ",Surgical,120,2050
X704497,"ΒΙΟΨΙΑ ΣΠΟΝΔΥΛΙΚΗΣ ΣΤΗΛΗΣ, ΔΙΑΔΕΡΜΙΚΗ ΒΕΛΟΝΗ",Surgical,160,2210
X704499,"ΣΠΟΝΔΥΛΙΚΗ ΠΑΡΑΚΕΝΤΗΣΗ, ΟΣΦΥΪΚΗ, ΔΙΑΓΝΩΣΤΙΚΗ",Surgical,80,2370
X704503,"ΣΠΟΝΔΥΛΙΚΗ ΠΑΡΑΚΕΝΤΗΣΗ, ΘΕΡΑΠΕΥΤΙΚΗ ΓΙΑ ΠΑΡΟΧΕΤΕΥΣ",Surgical,160,690
X704505,"ΕΝΕΣΗ, ΕΠΙΣΚΛΗΡΙΔΙΟΣ, ΣΕ ΑΙΜΑΤΩΜΑ Ή ΘΡΟΜΒΟ",Surgical,80,850
X704519,"ΕΝΕΣΗ/ΕΓΧΥΣΗ ΝΕΥΡΟΛΥΤΙΚΗΣ ΟΥΣΙΑΣ (Π.Χ. ΟΙΝΟΠΝΕΥΜΑ,",Surgical,120,1970
X704521,"ΕΝΕΣΗ/ΕΓΧΥΣΗ ΝΕΥΡΟΛΥΤΙΚΗΣ ΟΥΣΙΑΣ (Π.Χ. ΟΙΝΟΠΝΕΥΜΑ,",Surgical,160,3180
X704523,"ΕΝΕΣΗ/ΕΓΧΥΣΗ ΝΕΥΡΟΛΥΤΙΚΗΣ ΟΥΣΙΑΣ (Π.Χ. ΟΙΝΟΠΝΕΥΜΑ,",Surgical,80,2290
X704527,ΔΙΑΔΙΚΑΣΙΑ ΕΓΧΥΣΗΣ ΓΙΑ ΜΥΕΛΟΓΡΑΦΙΑ ΚΑΙ/Ή ΑΞΟΝΙΚΗ Τ,Surgical,160,610
X704533,"ΑΠΟΣΥΜΠΙΕΣΗ, ΔΙΑΔΕΡΜΙΚΗ, ΤΟΥ ΠΗΚΤΟΕΙΔΟΥΣ ΠΥΡΗΝΑ ΤΟ",Surgical,210,1540
X704539,"ΔΙΑΔΙΚΑΣΙΑ ΕΝΕΣΗΣ ΓΙΑ ΔΙΣΚΟΓΡΑΦΙΑ, ΚΑΘΕ ΕΠΙΠΕΔΟ. Ο",Surgical,160,1570
X704541,"ΔΙΑΔΙΚΑΣΙΑ ΕΝΕΣΗΣ ΓΙΑ ΔΙΣΚΟΓΡΑΦΙΑ, ΚΑΘΕ ΕΠΙΠΕΔΟ. Α",Surgical,80,2780
X704543,ΔΙΑΔΙΚΑΣΙΑ ΕΝΕΣΗΣ ΓΙΑ ΧΗΜΙΚΗ ΛΥΣΗ ΠΗΚΤΟΕΙΔΟΥΣ ΠΥΡΗ,Surgical,120,1890
X704547,"ΔΙΑΔΙΚΑΣΙΑ ΕΝΕΣΗΣ, ΑΡΤΗΡΙΑΚΗ, ΓΙΑ ΑΠΟΦΡΑΞΗ ΑΡΤΗΡΙΟ",Surgical,80,2210
X704579,"ΕΝΕΣΗ, ΜΕΜΟΝΩΜΕΝΗ (ΟΧΙ ΜΕΣΩ ΜΟΝΙΜΟΥ ΚΑΘΕΤΗΡΑ), ΠΟΥ",Surgical,120,1820
X704581,"ΕΝΕΣΗ, ΜΕΜΟΝΩΜΕΝΗ (ΟΧΙ ΜΕΣΩ ΜΟΝΙΜΟΥ ΚΑΘΕΤΗΡΑ), ΠΟΥ",Surgical,160,930
X704595,"ΕΝΕΣΗ, ΣΥΜΠΕΡΙΛΑΜΒΑΝΟΜΕΝΗΣ ΤΗΣ ΤΟΠΟΘΕΤΗΣΗΣ ΚΑΘΕΤΗΡ",Surgical,80,3100
X704597,"ΕΝΕΣΗ, ΣΥΜΠΕΡΙΛΑΜΒΑΝΟΜΕΝΗΣ ΤΗΣ ΤΟΠΟΘΕΤΗΣΗΣ ΚΑΘΕΤΗΡ",Surgical,120,2210
X704659,"ΕΜΦΥΤΕΥΣΗ, ΑΝΑΘΕΩΡΗΣΗ Ή ΕΠΑΝΑΤΟΠΟΘΕΤΗΣΗ ΚΟΙΛΙΟΥ ΕΝ",Surgical,240,1620
X704661,"ΕΜΦΥΤΕΥΣΗ, ΑΝΑΘΕΩΡΗΣΗ Ή ΕΠΑΝΑΤΟΠΟΘΕΤΗΣΗ ΚΟΙΛΙΟΥ ΕΝ",Surgical,150,1780
X704669,ΑΦΑΙΡΕΣΗ ΠΡΟΗΓΟΥΜΕΝΩΣ ΕΜΦΥΤΕΥΜΕΝΟΥ ΕΝΔΟΡΡΑΧΙΑΙΟΥ Ή,Surgical,240,2420
X704679,ΕΜΦΥΤΕΥΣΗ Ή ΑΝΤΙΚΑΤΑΣΤΑΣΗ ΣΥΣΚΕΥΣΗΣ ΓΙΑ ΕΝΔΟΡΡΑΧΙΑ,Surgical,80,770
X704681,ΕΜΦΥΤΕΥΣΗ Ή ΑΝΤΙΚΑΤΑΣΤΑΣΗ ΣΥΣΚΕΥΣΗΣ ΓΙΑ ΕΝΔΟΡΡΑΧΙΑ,Surgical,120,930
X704683,ΕΜΦΥΤΕΥΣΗ Ή ΑΝΤΙΚΑΤΑΣΤΑΣΗ ΣΥΣΚΕΥΣΗΣ ΓΙΑ ΕΝΔΟΡΡΑΧΙΑ,Surgical,160,1090
X704689,"ΑΦΑΙΡΕΣΗ ΥΠΟΔΕΡΜΙΚΗΣ ΔΕΞΑΜΕΝΗΣ Ή ΑΝΤΛΙΑΣ, ΠΟΥ ΕΙΧΕ",Surgical,240,2020
X704693,"ΗΛΕΚΤΡΟΝΙΚΗ ΑΝΑΛΥΣΗ ΤΗΣ ΠΡΟΓΡΑΜΜΑΤΙΖΟΜΕΝΗΣ, ΕΜΦΥΤΕ",Surgical,120,1890
X704695,"ΗΛΕΚΤΡΟΝΙΚΗ ΑΝΑΛΥΣΗ ΤΗΣ ΠΡΟΓΡΑΜΜΑΤΙΖΟΜΕΝΗΣ, ΕΜΦΥΤΕ",Surgical,160,2050
X705961,ΠΕΤΑΛΕΚΤΟΜΗ ΜΕ ΕΛΕΓΧΟ ΚΑΙ/Ή ΑΠΟΣΥΜΠΙΕΣΗ ΤΗΣ ΣΠΟΝΔΥ,Surgical,150,1780
X705965,ΠΕΤΑΛΕΚΤΟΜΗ ΜΕ ΕΛΕΓΧΟ ΚΑΙ/Ή ΑΠΟΣΥΜΠΙΕΣΗ ΤΗΣ ΣΠΟΝΔΥ,Surgical,120,2700
X705969,ΠΕΤΑΛΕΚΤΟΜΗ ΜΕ ΕΛΕΓΧΟ ΚΑΙ/Ή ΑΠΟΣΥΜΠΙΕΣΗ ΤΗΣ ΣΠΟΝΔΥ,Surgical,240,2420
X705981,ΠΕΤΑΛΕΚΤΟΜΗ ΜΕ ΕΛΕΓΧΟ ΚΑΙ/Ή ΑΠΟΣΥΜΠΙΕΣΗ ΤΗΣ ΣΠΟΝΔΥ,Surgical,150,1380
X705983,ΠΕΤΑΛΕΚΤΟΜΗ ΜΕ ΑΦΑΙΡΕΣΗ ΠΑΘΟΛΟΓΙΚΩΝ ΑΠΟΦΥΣΙΑΚΩΝ ΑΡ,Surgical,210,1540
X705989,ΠΕΤΑΛΕΚΤΟΜΗ ΜΕ ΕΛΕΓΧΟ ΚΑΙ/Ή ΑΠΟΣΥΜΠΙΕΣΗ ΤΗΣ ΣΠΟΝΔΥ,Surgical,240,2020
X705991,ΠΕΤΑΛΕΚΤΟΜΗ ΜΕ ΕΛΕΓΧΟ ΚΑΙ/Ή ΑΠΟΣΥΜΠΙΕΣΗ ΤΗΣ ΣΠΟΝΔΥ,Surgical,150,2780
X705993,ΠΕΤΑΛΕΚΤΟΜΗ ΜΕ ΕΛΕΓΧΟ ΚΑΙ/Ή ΑΠΟΣΥΜΠΙΕΣΗ ΤΗΣ ΣΠΟΝΔΥ,Surgical,210,2340
X705999,"ΠΕΤΑΛΕΚΤΟΜΗ (ΗΜΙΠΕΤΑΛΕΚΤΟΜΗ), ΜΕ ΑΠΟΣΥΜΠΙΕΣΗ ΤΩΝ Ν",Surgical,240,2820
X706019,"ΠΕΤΑΛΕΚΤΟΜΗ (ΗΜΙΠΕΤΑΛΕΚΤΟΜΗ), ΜΕ ΑΠΟΣΥΜΠΙΕΣΗ ΤΩΝ Ν",Surgical,240,2420
X706029,"ΠΕΤΑΛΕΚΤΟΜΗ (ΗΜΙΠΕΤΑΛΕΚΤΟΜΗ), ΜΕ ΑΠΟΣΥΜΠΙΕΣΗ ΤΩΝ Ν",Surgical,240,1220
X706039,"ΠΕΤΑΛΕΚΤΟΜΗ (ΗΜΙΠΕΤΑΛΕΚΤΟΜΗ), ΜΕ ΑΠΟΣΥΜΠΙΕΣΗ ΤΩΝ Ν",Surgical,240,2020
X706043,"ΠΕΤΑΛΕΚΤΟΜΗ (ΗΜΙΠΕΤΑΛΕΚΤΟΜΗ), ΜΕ ΑΠΟΣΥΜΠΙΕΣΗ ΤΩΝ Ν",Surgical,210,2340
X706045,"ΠΕΤΑΛΕΚΤΟΜΗ (ΗΜΙΠΕΤΑΛΕΚΤΟΜΗ), ΜΕ ΑΠΟΣΥΜΠΙΕΣΗ ΤΩΝ Ν",Surgical,120,2500
X706047,"ΠΕΤΑΛΕΚΤΟΜΗ (ΗΜΙΠΕΤΑΛΕΚΤΟΜΗ), ΜΕ ΑΠΟΣΥΜΠΙΕΣΗ ΤΩΝ Ν",Surgical,180,2660
X706049,"ΠΕΤΑΛΕΚΤΟΜΗ, ΕΚΤΟΜΗ ΑΠΟΦΥΣΙΑΚΩΝ ΑΡΘΡΩΣΕΩΝ ΚΑΙ ΤΡΗΜ",Surgical,240,2820
X706051,"ΠΕΤΑΛΕΚΤΟΜΗ, ΕΚΤΟΜΗ ΑΠΟΦΥΣΙΑΚΩΝ ΑΡΘΡΩΣΕΩΝ ΚΑΙ ΤΡΗΜ",Surgical,150,1580
X706053,"ΠΕΤΑΛΕΚΤΟΜΗ, ΕΚΤΟΜΗ ΑΠΟΦΥΣΙΑΚΩΝ ΑΡΘΡΩΣΕΩΝ ΚΑΙ ΤΡΗΜ",Surgical,210,1140
X706055,"ΠΕΤΑΛΕΚΤΟΜΗ, ΕΚΤΟΜΗ ΑΠΟΦΥΣΙΑΚΩΝ ΑΡΘΡΩΣΕΩΝ ΚΑΙ ΤΡΗΜ",Surgical,120,1900
X706059,"ΠΕΤΑΛΕΚΤΟΜΗ, ΑΥΧΕΝΙΚΗ, ΜΕ ΑΠΟΣΥΜΠΙΕΣΗ ΤΗΣ ΣΠΟΝΔΥΛΙ",Surgical,240,1620
X706061,"ΠΕΤΑΛΕΚΤΟΜΗ, ΑΥΧΕΝΙΚΗ, ΜΕ ΑΠΟΣΥΜΠΙΕΣΗ ΤΗΣ ΣΠΟΝΔΥΛΙ",Surgical,150,1780
X706069,ΔΙΑΥΧΕΝΙΚΗ ΠΡΟΣΠΕΛΑΣΗ ΜΕ ΑΠΟΣΥΜΠΙΕΣΗ ΤΗΣ ΣΠΟΝΔΥΛΙΚ,Surgical,120,3020
X706071,ΔΙΑΥΧΕΝΙΚΗ ΠΡΟΣΠΕΛΑΣΗ ΜΕ ΑΠΟΣΥΜΠΙΕΣΗ ΤΗΣ ΣΠΟΝΔΥΛΙΚ,Surgical,160,2130
X706073,ΔΙΑΥΧΕΝΙΚΗ ΠΡΟΣΠΕΛΑΣΗ ΜΕ ΑΠΟΣΥΜΠΙΕΣΗ ΤΗΣ ΣΠΟΝΔΥΛΙΚ,Surgical,80,3340
X706087,ΠΛΕΥΡΟΣΠΟΝΔΥΛΙΚΗ ΠΡΟΣΠΕΛΑΣΗ ΜΕ ΑΠΟΣΥΜΠΙΕΣΗ ΤΗΣ ΣΠΟ,Surgical,120,2460
X706091,ΠΛΕΥΡΟΣΠΟΝΔΥΛΙΚΗ ΠΡΟΣΠΕΛΑΣΗ ΜΕ ΑΠΟΣΥΜΠΙΕΣΗ ΤΗΣ ΣΠΟ,Surgical,80,2780
X706109,"ΔΙΣΚΕΚΤΟΜΗ, ΠΡΟΣΘΙΑ, ΜΕ ΑΠΟΣΥΜΠΙΕΣΗ ΤΗΣ ΣΠΟΝΔΥΛΙΚΗ",Surgical,240,1620
X706111,"ΔΙΣΚΕΚΤΟΜΗ, ΠΡΟΣΘΙΑ, ΜΕ ΑΠΟΣΥΜΠΙΕΣΗ ΤΗΣ ΣΠΟΝΔΥΛΙΚΗ",Surgical,150,1780
X706113,"ΔΙΣΚΕΚΤΟΜΗ, ΠΡΟΣΘΙΑ, ΜΕ ΑΠΟΣΥΜΠΙΕΣΗ ΤΗΣ ΣΠΟΝΔΥΛΙΚΗ",Surgical,210,2540
X706115,"ΔΙΣΚΕΚΤΟΜΗ, ΠΡΟΣΘΙΑ, ΜΕ ΑΠΟΣΥΜΠΙΕΣΗ ΤΗΣ ΣΠΟΝΔΥΛΙΚΗ",Surgical,120,2700
X706121,ΣΠΟΝΔΥΛΙΚΗ ΣΩΜΑΤΕΚΤΟΜΗ (ΕΚΤΟΜΗ ΣΠΟΝΔΥΛΙΚΟΥ ΣΩΜΑΤΟΣ,Surgical,150,2580
X706123,ΣΠΟΝΔΥΛΙΚΗ ΣΩΜΑΤΕΚΤΟΜΗ (ΕΚΤΟΜΗ ΣΠΟΝΔΥΛΙΚΟΥ ΣΩΜΑΤΟΣ,Surgical,210,2740
X706129,ΣΠΟΝΔΥΛΙΚΗ ΣΩΜΑΤΕΚΤΟΜΗ (ΕΚΤΟΜΗ ΣΠΟΝΔΥΛΙΚΟΥ ΣΩΜΑΤΟΣ,Surgical,240,1820
X706131,ΣΠΟΝΔΥΛΙΚΗ ΣΩΜΑΤΕΚΤΟΜΗ (ΕΚΤΟΜΗ ΣΠΟΝΔΥΛΙΚΟΥ ΣΩΜΑΤΟΣ,Surgical,150,1980
X706133,ΣΠΟΝΔΥΛΙΚΗ ΣΩΜΑΤΕΚΤΟΜΗ (ΕΚΤΟΜΗ ΣΠΟΝΔΥΛΙΚΟΥ ΣΩΜΑΤΟΣ,Surgical,210,2140
X706135,ΣΠΟΝΔΥΛΙΚΗ ΣΩΜΑΤΕΚΤΟΜΗ (ΕΚΤΟΜΗ ΣΠΟΝΔΥΛΙΚΟΥ ΣΩΜΑΤΟΣ,Surgical,120,2300
X706139,ΣΠΟΝΔΥΛΙΚΗ ΣΩΜΑΤΕΚΤΟΜΗ (ΕΚΤΟΜΗ ΣΠΟΝΔΥΛΙΚΟΥ ΣΩΜΑΤΟΣ,Surgical,240,2620
X706141,ΣΠΟΝΔΥΛΙΚΗ ΣΩΜΑΤΕΚΤΟΜΗ (ΕΚΤΟΜΗ ΣΠΟΝΔΥΛΙΚΟΥ ΣΩΜΑΤΟΣ,Surgical,150,2780
X706161,ΣΠΟΝΔΥΛΙΚΗ ΣΩΜΑΤΕΚΤΟΜΗ (ΕΚΤΟΜΗ ΣΠΟΝΔΥΛΙΚΟΥ ΣΩΜΑΤΟΣ,Surgical,150,2380
X706163,ΣΠΟΝΔΥΛΙΚΗ ΣΩΜΑΤΕΚΤΟΜΗ (ΕΚΤΟΜΗ ΣΠΟΝΔΥΛΙΚΟΥ ΣΩΜΑΤΟΣ,Surgical,210,1940
X706165,ΣΠΟΝΔΥΛΙΚΗ ΣΩΜΑΤΕΚΤΟΜΗ (ΕΚΤΟΜΗ ΣΠΟΝΔΥΛΙΚΟΥ ΣΩΜΑΤΟΣ,Surgical,120,2700
X706299,ΠΕΤΑΛΕΚΤΟΜΗ ΜΕ ΜΥΕΛΟΤΟΜΗ (Π.Χ. ΤΥΠΟΣ BISCHOF Ή DRE,Surgical,240,3420
X706303,ΠΕΤΑΛΕΚΤΟΜΗ ΜΕ ΠΑΡΟΧΕΤΕΥΣΗ ΕΝΔΟΜΥΕΛΙΚΗΣ ΚΥΣΤΗΣ/ΣΥΡ,Surgical,210,1140
X706305,ΠΕΤΑΛΕΚΤΟΜΗ ΜΕ ΠΑΡΟΧΕΤΕΥΣΗ ΕΝΔΟΜΥΕΛΙΚΗΣ ΚΥΣΤΗΣ/ΣΥΡ,Surgical,120,1300
X706319,"ΠΕΤΑΛΕΚΤΟΜΗ ΚΑΙ ΤΟΜΗ ΟΔΟΝΤΩΤΩΝ ΣΥΝΔΕΣΜΩΝ, ΜΕ Ή ΧΩΡ",Surgical,240,2420
X706323,"ΠΕΤΑΛΕΚΤΟΜΗ ΚΑΙ ΤΟΜΗ ΟΔΟΝΤΩΤΩΝ ΣΥΝΔΕΣΜΩΝ, ΜΕ Ή ΧΩΡ",Surgical,210,2740
X706329,ΠΕΤΑΛΕΚΤΟΜΗ ΜΕ ΡΙΖΟΤΟΜΗ. 1 Ή 2 ΤΜΗΜΑΤΑ,Surgical,240,1220
X706339,ΠΕΤΑΛΕΚΤΟΜΗ ΜΕ ΡΙΖΟΤΟΜΗ. ΠΕΡΙΣΣΟΤΕΡΑ ΑΠΟ 2 ΤΜΗΜΑΤΑ,Surgical,240,2020
X706341,ΠΕΤΑΛΕΚΤΟΜΗ ΜΕ ΤΟΜΗ ΒΟΗΘΗΤΙΚΟΥ ΝΕΥΡΟΥ ΝΩΤΙΑΙΟΥ ΜΥΕ,Surgical,150,2180
X706347,"ΠΕΤΑΛΕΚΤΟΜΗ ΜΕ ΧΟΡΔΟΤΟΜΗ, ΜΕ ΤΟΜΗ 1 ΝΩΤΙΑΙΟΘΑΛΑΜΙΚ",Surgical,180,2660
X706349,"ΠΕΤΑΛΕΚΤΟΜΗ ΜΕ ΧΟΡΔΟΤΟΜΗ, ΜΕ ΤΟΜΗ 1 ΝΩΤΙΑΙΟΘΑΛΑΜΙΚ",Surgical,240,3420
X706351,"ΠΕΤΑΛΕΚΤΟΜΗ, ΜΕ ΤΟΜΗ ΚΑΙ ΤΩΝ ΔΥΟ ΝΩΤΙΑΙΟΘΑΛΑΜΙΚΩΝ ",Surgical,150,980
X706353,"ΠΕΤΑΛΕΚΤΟΜΗ, ΜΕ ΤΟΜΗ ΚΑΙ ΤΩΝ ΔΥΟ ΝΩΤΙΑΙΟΘΑΛΑΜΙΚΩΝ ",Surgical,210,1740
X706355,"ΠΕΤΑΛΕΚΤΟΜΗ, ΜΕ ΤΟΜΗ ΚΑΙ ΤΩΝ ΔΥΟ ΝΩΤΙΑΙΟΘΑΛΑΜΙΚΩΝ ",Surgical,120,1300
X706357,"ΠΕΤΑΛΕΚΤΟΜΗ, ΜΕ ΤΟΜΗ ΚΑΙ ΤΩΝ ΔΥΟ ΝΩΤΙΑΙΟΘΑΛΑΜΙΚΩΝ ",Surgical,180,2060
X706359,"ΠΕΤΑΛΕΚΤΟΜΗ, ΜΕ ΛΥΣΗ ΟΠΙΣΘΙΑΣ ΚΑΘΗΛΩΣΗΣ ΝΩΤΙΑΙΟΥ Μ",Surgical,240,1620
X706459,ΠΕΤΑΛΕΚΤΟΜΗ ΓΙΑ ΕΚΤΟΜΗ Ή ΑΠΟΦΡΑΞΗ ΑΡΤΗΡΙΟΦΛΕΒΩΔΟΥΣ,Surgical,240,1620
X706461,ΠΕΤΑΛΕΚΤΟΜΗ ΓΙΑ ΕΚΤΟΜΗ Ή ΑΠΟΦΡΑΞΗ ΑΡΤΗΡΙΟΦΛΕΒΩΔΟΥΣ,Surgical,150,2380
X706463,ΠΕΤΑΛΕΚΤΟΜΗ ΓΙΑ ΕΚΤΟΜΗ Ή ΑΠΟΦΡΑΞΗ ΑΡΤΗΡΙΟΦΛΕΒΩΔΟΥΣ,Surgical,210,2540
X706489,ΠΕΤΑΛΕΚΤΟΜΗ ΓΙΑ ΤΗΝ ΕΚΤΟΜΗ Ή ΤΗΝ ΕΚΚΕΝΩΣΗ ΕΝΔΟΣΠΟΝ,Surgical,240,2020
X706491,ΠΕΤΑΛΕΚΤΟΜΗ ΓΙΑ ΤΗΝ ΕΚΤΟΜΗ Ή ΤΗΝ ΕΚΚΕΝΩΣΗ ΕΝΔΟΣΠΟΝ,Surgical,150,2780
X706493,ΠΕΤΑΛΕΚΤΟΜΗ ΓΙΑ ΤΗΝ ΕΚΤΟΜΗ Ή ΤΗΝ ΕΚΚΕΝΩΣΗ ΕΝΔΟΣΠΟΝ,Surgical,210,2340
X706495,ΠΕΤΑΛΕΚΤΟΜΗ ΓΙΑ ΤΗΝ ΕΚΤΟΜΗ Ή ΤΗΝ ΕΚΚΕΝΩΣΗ ΕΝΔΟΣΠΟΝ,Surgical,120,2500
X706499,ΠΕΤΑΛΕΚΤΟΜΗ ΓΙΑ ΤΗΝ ΕΚΤΟΜΗ ΕΝΔΟΣΠΟΝΔΥΛΙΚΗΣ ΒΛΑΒΗΣ ,Surgical,240,2820
X706501,ΠΕΤΑΛΕΚΤΟΜΗ ΓΙΑ ΤΗΝ ΕΚΤΟΜΗ ΕΝΔΟΣΠΟΝΔΥΛΙΚΗΣ ΒΛΑΒΗΣ ,Surgical,150,1580
X706503,ΠΕΤΑΛΕΚΤΟΜΗ ΓΙΑ ΤΗΝ ΕΚΤΟΜΗ ΕΝΔΟΣΠΟΝΔΥΛΙΚΗΣ ΒΛΑΒΗΣ ,Surgical,210,1140
X706505,ΠΕΤΑΛΕΚΤΟΜΗ ΓΙΑ ΤΗΝ ΕΚΤΟΜΗ ΕΝΔΟΣΠΟΝΔΥΛΙΚΗΣ ΒΛΑΒΗΣ ,Surgical,120,1300
X706509,ΠΕΤΑΛΕΚΤΟΜΗ ΓΙΑ ΒΙΟΨΙΑ/ΕΚΤΟΜΗ ΕΝΔΟΣΠΟΝΔΥΛΙΚΟΥ ΝΕΟΠ,Surgical,240,1620
X706511,ΠΕΤΑΛΕΚΤΟΜΗ ΓΙΑ ΒΙΟΨΙΑ/ΕΚΤΟΜΗ ΕΝΔΟΣΠΟΝΔΥΛΙΚΟΥ ΝΕΟΠ,Surgical,150,2380
X706513,ΠΕΤΑΛΕΚΤΟΜΗ ΓΙΑ ΒΙΟΨΙΑ/ΕΚΤΟΜΗ ΕΝΔΟΣΠΟΝΔΥΛΙΚΟΥ ΝΕΟΠ,Surgical,210,1940
X706515,ΠΕΤΑΛΕΚΤΟΜΗ ΓΙΑ ΒΙΟΨΙΑ/ΕΚΤΟΜΗ ΕΝΔΟΣΠΟΝΔΥΛΙΚΟΥ ΝΕΟΠ,Surgical,120,2100
X706519,ΠΕΤΑΛΕΚΤΟΜΗ ΓΙΑ ΒΙΟΨΙΑ/ΕΚΤΟΜΗ ΕΝΔΟΣΠΟΝΔΥΛΙΚΟΥ ΝΕΟΠ,Surgical,240,2420
X706521,ΠΕΤΑΛΕΚΤΟΜΗ ΓΙΑ ΒΙΟΨΙΑ/ΕΚΤΟΜΗ ΕΝΔΟΣΠΟΝΔΥΛΙΚΟΥ ΝΕΟΠ,Surgical,150,3180
X706523,ΠΕΤΑΛΕΚΤΟΜΗ ΓΙΑ ΒΙΟΨΙΑ/ΕΚΤΟΜΗ ΕΝΔΟΣΠΟΝΔΥΛΙΚΟΥ ΝΕΟΠ,Surgical,210,2740
X706525,ΠΕΤΑΛΕΚΤΟΜΗ ΓΙΑ ΒΙΟΨΙΑ/ΕΚΤΟΜΗ ΕΝΔΟΣΠΟΝΔΥΛΙΚΟΥ ΝΕΟΠ,Surgical,120,900
X706529,ΠΕΤΑΛΕΚΤΟΜΗ ΓΙΑ ΒΙΟΨΙΑ/ΕΚΤΟΜΗ ΕΝΔΟΣΠΟΝΔΥΛΙΚΟΥ ΝΕΟΠ,Surgical,240,1220
X706531,ΠΕΤΑΛΕΚΤΟΜΗ ΓΙΑ ΒΙΟΨΙΑ/ΕΚΤΟΜΗ ΕΝΔΟΣΠΟΝΔΥΛΙΚΟΥ ΝΕΟΠ,Surgical,150,1980
X706533,ΠΕΤΑΛΕΚΤΟΜΗ ΓΙΑ ΒΙΟΨΙΑ/ΕΚΤΟΜΗ ΕΝΔΟΣΠΟΝΔΥΛΙΚΟΥ ΝΕΟΠ,Surgical,210,2140
X706539,ΠΕΤΑΛΕΚΤΟΜΗ ΓΙΑ ΒΙΟΨΙΑ/ΕΚΤΟΜΗ ΕΝΔΟΣΠΟΝΔΥΛΙΚΟΥ ΝΕΟΠ,Surgical,240,2020
X706549,ΟΣΤΕΟΠΛΑΣΤΙΚΗ ΑΝΑΔΟΜΗΣΗ ΡΑΧΙΑΙΩΝ ΣΠΟΝΔΥΛΙΚΩΝ ΣΤΟΙΧ,Surgical,120,2370
X706559,ΣΠΟΝΔΥΛΙΚΗ ΣΩΜΑΤΕΚΤΟΜΗ (ΕΚΤΟΜΗ ΣΠΟΝΔΥΛΙΚΟΥ ΣΩΜΑΤΟΣ,Surgical,240,1620
X706561,ΣΠΟΝΔΥΛΙΚΗ ΣΩΜΑΤΕΚΤΟΜΗ (ΕΚΤΟΜΗ ΣΠΟΝΔΥΛΙΚΟΥ ΣΩΜΑΤΟΣ,Surgical,150,2380
X706563,ΣΠΟΝΔΥΛΙΚΗ ΣΩΜΑΤΕΚΤΟΜΗ (ΕΚΤΟΜΗ ΣΠΟΝΔΥΛΙΚΟΥ ΣΩΜΑΤΟΣ,Surgical,210,2540
X706565,ΣΠΟΝΔΥΛΙΚΗ ΣΩΜΑΤΕΚΤΟΜΗ (ΕΚΤΟΜΗ ΣΠΟΝΔΥΛΙΚΟΥ ΣΩΜΑΤΟΣ,Surgical,120,2100
X706567,ΣΠΟΝΔΥΛΙΚΗ ΣΩΜΑΤΕΚΤΟΜΗ (ΕΚΤΟΜΗ ΣΠΟΝΔΥΛΙΚΟΥ ΣΩΜΑΤΟΣ,Surgical,180,2260
X706569,ΣΠΟΝΔΥΛΙΚΗ ΣΩΜΑΤΕΚΤΟΜΗ (ΕΚΤΟΜΗ ΣΠΟΝΔΥΛΙΚΟΥ ΣΩΜΑΤΟΣ,Surgical,240,3020
X706571,ΣΠΟΝΔΥΛΙΚΗ ΣΩΜΑΤΕΚΤΟΜΗ (ΕΚΤΟΜΗ ΣΠΟΝΔΥΛΙΚΟΥ ΣΩΜΑΤΟΣ,Surgical,150,3180
X706573,ΣΠΟΝΔΥΛΙΚΗ ΣΩΜΑΤΕΚΤΟΜΗ (ΕΚΤΟΜΗ ΣΠΟΝΔΥΛΙΚΟΥ ΣΩΜΑΤΟΣ,Surgical,210,2740
X706575,ΣΠΟΝΔΥΛΙΚΗ ΣΩΜΑΤΕΚΤΟΜΗ (ΕΚΤΟΜΗ ΣΠΟΝΔΥΛΙΚΟΥ ΣΩΜΑΤΟΣ,Surgical,120,900
X707159,ΠΡΟΚΛΗΣΗ ΒΛΑΒΗΣ ΣΠΟΝΔΥΛΙΚΗΣ ΣΤΗΛΗΣ ΜΕ ΣΤΕΡΕΟΤΑΚΤΙΚ,Surgical,120,1170
X707179,"ΣΤΕΡΕΟΤΑΚΤΙΚΗ ΔΙΕΓΕΡΣΗ ΣΠΟΝΔΥΛΙΚΗΣ ΣΤΗΛΗΣ, ΔΙΑΔΕΡΜ",Surgical,160,770
X707189,"ΣΤΕΡΕΟΤΑΚΤΙΚΗ ΒΙΟΨΙΑ, ΑΝΑΡΡΟΦΗΣΗ, Ή ΕΚΤΟΜΗ ΒΛΑΒΗΣ,",Surgical,240,2020
X707199,ΣΤΕΡΕΟΤΑΚΤΙΚΗ ΑΚΤΙΝΟΧΕΙΡΟΥΡΓΙΚΗ (ΡΑΔΙΟΕΠΕΜΒΑΣΗ) (Δ,Surgical,80,2370
X707201,"ΣΤΕΡΕΟΤΑΚΤΙΚΗ ΡΑΔΙΟΕΠΕΜΒΑΣΗ (ΔΕΣΜΗ ΣΩΜΑΤΙΔΙΩΝ, ΑΚΤ",Surgical,120,530
X707259,ΔΙΑΔΕΡΜΙΚΗ ΕΜΦΥΤΕΥΣΗ ΔΙΑΤΑΞΗΣ ΝΕΥΡΟΔΙΕΓΕΡΤΙΚΩΝ ΗΛΕ,Surgical,80,1170
X707269,ΠΕΤΑΛΕΚΤΟΜΗ ΓΙΑ ΕΜΦΥΤΕΥΣΗ ΝΕΥΡΟΔΙΕΓΕΡΤΙΚΩΝ ΗΛΕΚΤΡΟ,Surgical,240,2420
X707279,ΑΝΑΘΕΩΡΗΣΗ Ή ΑΦΑΙΡΕΣΗ ΣΠΟΝΔΥΛΙΚΗΣ ΔΙΑΔΕΡΜΙΚΗΣ ΝΕΥΡ,Surgical,240,1220
X707329,ΕΙΣΑΓΩΓΗ Ή ΑΝΤΙΚΑΤΑΣΤΑΣΗ ΓΕΝΝΗΤΡΙΑΣ Ή ΔΕΚΤΗ ΝΕΥΡΟΔ,Surgical,160,770
X707335,ΑΝΑΘΕΩΡΗΣΗ Ή ΑΦΑΙΡΕΣΗ ΤΗΣ ΕΜΦΥΤΕΥΜΕΝΗΣ ΓΕΝΝΗΤΡΙΑΣ ,Surgical,120,1700
X707359,ΑΠΟΚΑΤΑΣΤΑΣΗ ΜΗΝΙΓΓΟΚΗΛΗΣ. ΔΙΑΜΕΤΡΟΣ ΜΙΚΡΟΤΕΡΗ ΤΩΝ,Surgical,160,1170
X707363,ΑΠΟΚΑΤΑΣΤΑΣΗ ΜΗΝΙΓΓΟΚΗΛΗΣ. ΔΙΑΜΕΤΡΟΣ ΜΕΓΑΛΥΤΕΡΗ ΤΩ,Surgical,210,2540
X707367,ΑΠΟΚΑΤΑΣΤΑΣΗ ΜΥΕΛΟΜΗΝΙΓΓΟΚΗΛΗΣ. ΔΙΑΜΕΤΡΟΣ ΜΙΚΡΟΤΕΡ,Surgical,80,1810
X707371,ΑΠΟΚΑΤΑΣΤΑΣΗ ΜΥΕΛΟΜΗΝΙΓΓΟΚΗΛΗΣ. ΔΙΑΜΕΤΡΟΣ ΜΕΓΑΛΥΤΕ,Surgical,150,3180
X707373,ΑΠΟΚΑΤΑΣΤΑΣΗ ΔΙΑΡΡΟΗΣ (ΣΚΛΗΡΙΔΙΚΟΥ)/ΕΓΚΕΦΑΛΟΝΩΤΙΑΙ,Surgical,210,2740
X707377,ΑΠΟΚΑΤΑΣΤΑΣΗ ΔΙΑΡΡΟΗΣ (ΣΚΛΗΡΙΔΙΚΟΥ)/ΕΓΚΕΦΑΛΟΝΩΤΙΑΙ,Surgical,180,1060
X707379,ΜΗΝΙΓΓΟΠΛΑΣΤΙΚΗ ΣΠΟΝΔΥΛΙΚΗΣ ΣΤΗΛΗΣ (ΣΚΛΗΡΙΔΙΚΟ ΜΟΣ,Surgical,80,770
X707439,"ΔΗΜΙΟΥΡΓΙΑ ΠΑΡΑΚΑΜΨΗΣ. ΟΣΦΥΪΚΗ, ΥΠΑΡΑΧΝΟΕΙΔΙΚΗ/-ΠΕ",Surgical,240,2020
X707441,ΔΗΜΙΟΥΡΓΙΑ ΠΑΡΑΚΑΜΨΗΣ. ΥΠΑΡΑΧΝΟΕΙΔΙΚΗ/ΥΠΟΣΚΛΗΡΙΔΙΑ,Surgical,150,2180
X707447,"ΑΝΤΙΚΑΤΑΣΤΑΣΗ, ΕΚΠΛΥΣΗ Ή ΑΝΑΘΕΩΡΗΣΗ ΤΗΣ ΟΣΦΥΟ-ΥΠΑΡ",Surgical,120,2210
X707451,ΑΦΑΙΡΕΣΗ ΟΛΟΚΛΗΡΟΥ ΤΟΥ ΣΥΣΤΗΜΑΤΟΣ ΟΣΦΥΟ-ΥΠΑΡΑΧΝΟΕΙ,Surgical,150,980
X708759,"ΕΝΕΣΗ, ΑΝΑΙΣΘΗΤΙΚΟΣ ΠΑΡΑΓΟΝΤΑΣ. ΤΡΙΔΥΜΟ ΝΕΥΡΟ, ΟΠΟ",Surgical,120,1170
X708763,"ΕΝΕΣΗ, ΑΝΑΙΣΘΗΤΙΚΟΣ ΠΑΡΑΓΟΝΤΑΣ. ΠΡΟΣΩΠΙΚΟ ΝΕΥΡΟ",Surgical,80,1490
X708769,"ΕΝΕΣΗ, ΑΝΑΙΣΘΗΤΙΚΟΣ ΠΑΡΑΓΟΝΤΑΣ. ΜΕΙΖΟΝ ΙΝΙΑΚΟ ΝΕΥΡ",Surgical,80,1970
X708775,"ΕΝΕΣΗ, ΑΝΑΙΣΘΗΤΙΚΟΣ ΠΑΡΑΓΟΝΤΑΣ. ΠΝΕΥΜΟΝΟΓΑΣΤΡΙΚΟ Ν",Surgical,80,450
X708779,"ΕΝΕΣΗ, ΑΝΑΙΣΘΗΤΙΚΟΣ ΠΑΡΑΓΟΝΤΑΣ. ΦΡΕΝΙΚΟ ΝΕΥΡΟ",Surgical,160,770
X708783,"ΕΝΕΣΗ, ΑΝΑΙΣΘΗΤΙΚΟΣ ΠΑΡΑΓΟΝΤΑΣ. ΕΠΙΚΟΥΡΙΚΟ ΣΠΟΝΔΥΛ",Surgical,120,1090
X708785,"ΕΝΕΣΗ, ΑΝΑΙΣΘΗΤΙΚΟΣ ΠΑΡΑΓΟΝΤΑΣ. ΑΥΧΕΝΙΚΟ ΠΛΕΓΜΑ",Surgical,160,1250
X708789,"ΕΝΕΣΗ, ΑΝΑΙΣΘΗΤΙΚΟΣ ΠΑΡΑΓΟΝΤΑΣ. ΒΡΑΧΙΟΝΙΟ ΠΛΕΓΜΑ, ",Surgical,120,1570
X708791,"ΕΝΕΣΗ, ΑΝΑΙΣΘΗΤΙΚΟΣ ΠΑΡΑΓΟΝΤΑΣ. ΒΡΑΧΙΟΝΙΟ ΠΛΕΓΜΑ, ",Surgical,160,1730
X708793,"ΕΝΕΣΗ, ΑΝΑΙΣΘΗΤΙΚΟΣ ΠΑΡΑΓΟΝΤΑΣ. ΜΑΣΧΑΛΙΑΟ ΝΕΥΡΟ",Surgical,80,1890
X708795,"ΕΝΕΣΗ, ΑΝΑΙΣΘΗΤΙΚΟΣ ΠΑΡΑΓΟΝΤΑΣ. ΥΠΕΡΠΛΑΤΙΟ ΝΕΥΡΟ",Surgical,120,2050
X708799,"ΕΝΕΣΗ, ΑΝΑΙΣΘΗΤΙΚΟΣ ΠΑΡΑΓΟΝΤΑΣ. ΜΕΣΟΠΛΕΥΡΙΟ ΝΕΥΡΟ,",Surgical,80,2370
X708801,"ΕΝΕΣΗ, ΑΝΑΙΣΘΗΤΙΚΟΣ ΠΑΡΑΓΟΝΤΑΣ. ΕΝΔΟΠΛΕΥΡΙΑ ΝΕΥΡΑ,",Surgical,120,530
X708809,"ΕΝΕΣΗ, ΑΝΑΙΣΘΗΤΙΚΟΣ ΠΑΡΑΓΟΝΤΑΣ. ΛΑΓΟΝΟΒΟΥΒΩΝΙΚΑ, Λ",Surgical,160,1170
X708819,"ΕΝΕΣΗ, ΑΝΑΙΣΘΗΤΙΚΟΣ ΠΑΡΑΓΟΝΤΑΣ. ΑΙΔΟΙΙΚΟ ΝΕΥΡΟ",Surgical,120,1970
X708829,"ΕΝΕΣΗ, ΑΝΑΙΣΘΗΤΙΚΟΣ ΠΑΡΑΓΟΝΤΑΣ. ΠΑΡΑΤΡΑΧΗΛΙΚΟ (ΤΗΣ",Surgical,80,770
X708849,"ΕΝΕΣΗ, ΑΝΑΙΣΘΗΤΙΚΟΣ ΠΑΡΑΓΟΝΤΑΣ. ΙΣΧΙΑΚΟ ΝΕΥΡΟ, ΜΟΝ",Surgical,120,2370
X708851,"ΕΝΕΣΗ, ΑΝΑΙΣΘΗΤΙΚΟΣ ΠΑΡΑΓΟΝΤΑΣ. ΙΣΧΙΑΚΟ ΝΕΥΡΟ, ΣΥΝ",Surgical,160,530
X708853,"ΕΝΕΣΗ, ΑΝΑΙΣΘΗΤΙΚΟΣ ΠΑΡΑΓΟΝΤΑΣ. ΜΗΡΙΑΙΟ ΝΕΥΡΟ, ΜΟΝ",Surgical,80,690
X708855,"ΕΝΕΣΗ, ΑΝΑΙΣΘΗΤΙΚΟΣ ΠΑΡΑΓΟΝΤΑΣ. ΜΗΡΙΑΙΟ ΝΕΥΡΟ, ΣΥΝ",Surgical,120,850
X708857,"ΕΝΕΣΗ, ΑΝΑΙΣΘΗΤΙΚΟΣ ΠΑΡΑΓΟΝΤΑΣ. ΟΣΦΥΙΚΟ ΠΛΕΓΜΑ, ΟΠ",Surgical,160,1010
X708859,"ΕΝΕΣΗ, ΑΝΑΙΣΘΗΤΙΚΟΣ ΠΑΡΑΓΟΝΤΑΣ. ΑΛΛΟ ΠΕΡΙΦΕΡΙΚΟ ΝΕ",Surgical,80,1170
X708869,"ΕΝΕΣΗ(ΕΝΕΣΕΙΣ), ΑΝΑΙΣΘΗΤΙΚΟΣ ΠΑΡΑΓΟΝΤΑΣ ΚΑΙ/Ή ΣΤΕΡ",Surgical,160,1970
X708899,"ΕΝΕΣΗ, ΑΝΑΙΣΘΗΤΙΚΟΣ ΠΑΡΑΓΟΝΤΑΣ ΚΑΙ/Ή ΣΤΕΡΟΕΙΔΗ, ΝΕ",Surgical,160,3420
X708903,"ΕΝΕΣΗ, ΑΝΑΙΣΘΗΤΙΚΟΣ ΠΑΡΑΓΟΝΤΑΣ ΚΑΙ/Ή ΣΤΕΡΟΕΙΔΗ, ΝΕ",Surgical,120,1740
X708909,"ΕΝΕΣΗ, ΑΝΑΙΣΘΗΤΙΚΟΣ ΠΑΡΑΓΟΝΤΑΣ ΚΑΙ/Ή ΣΤΕΡΟΕΙΔΗ, ΝΕ",Surgical,120,1170
X708911,"ΕΝΕΣΗ, ΑΝΑΙΣΘΗΤΙΚΟΣ ΠΑΡΑΓΟΝΤΑΣ ΚΑΙ/Ή ΣΤΕΡΟΕΙΔΗ, ΝΕ",Surgical,160,1330
X708917,"ΕΝΕΣΗ, ΑΝΑΙΣΘΗΤΙΚΟΣ ΠΑΡΑΓΟΝΤΑΣ ΚΑΙ/Ή ΣΤΕΡΟΕΙΔΗ, ΔΙ",Surgical,160,2860
X708919,"ΕΝΕΣΗ, ΑΝΑΙΣΘΗΤΙΚΟΣ ΠΑΡΑΓΟΝΤΑΣ ΚΑΙ/Ή ΣΤΕΡΟΕΙΔΗ, ΔΙ",Surgical,80,3020
X708925,"ΕΝΕΣΗ, ΑΝΑΙΣΘΗΤΙΚΟΣ ΠΑΡΑΓΟΝΤΑΣ ΚΑΙ/Ή ΣΤΕΡΟΕΙΔΗ, ΔΙ",Surgical,80,450
X708927,"ΕΝΕΣΗ, ΑΝΑΙΣΘΗΤΙΚΟΣ ΠΑΡΑΓΟΝΤΑΣ ΚΑΙ/Ή ΣΤΕΡΟΕΙΔΗ, ΔΙ",Surgical,120,610
X708969,"ΕΝΕΣΗ, ΑΝΑΙΣΘΗΤΙΚΟΣ ΠΑΡΑΓΟΝΤΑΣ. ΣΦΗΝΟΫΠΕΡΩΙΟ ΓΑΓΓΛ",Surgical,120,1970
X708975,"ΕΝΕΣΗ, ΑΝΑΙΣΘΗΤΙΚΟΣ ΠΑΡΑΓΟΝΤΑΣ. ΚΑΡΩΤΙΔΙΚΟ ΣΙΦΩΝΙΟ",Surgical,120,450
X708979,"ΕΝΕΣΗ, ΑΝΑΙΣΘΗΤΙΚΟΣ ΠΑΡΑΓΟΝΤΑΣ. ΑΣΤΕΡΟΕΙΔΕΣ ΓΑΓΓΛΙ",Surgical,80,770
X708993,"ΕΝΕΣΗ, ΑΝΑΙΣΘΗΤΙΚΟΣ ΠΑΡΑΓΟΝΤΑΣ. ΑΝΩ ΥΠΟΓΡΑΣΤΙΟ ΠΛΕ",Surgical,120,1890
X708999,"ΕΝΕΣΗ, ΑΝΑΙΣΘΗΤΙΚΟΣ ΠΑΡΑΓΟΝΤΑΣ. ΟΣΦΥΙΚΗ Ή ΘΩΡΑΚΙΚΗ",Surgical,120,3420
X709019,"ΕΝΕΣΗ, ΑΝΑΙΣΘΗΤΙΚΟΣ ΠΑΡΑΓΟΝΤΑΣ. ΚΟΙΛΙΑΚΟ ΠΛΕΓΜΑ, Μ",Surgical,80,1970
X709059,ΕΙΣΑΓΩΓΗ ΝΕΥΡΟΔΙΕΓΕΡΤΗ ΕΠΙΦΑΝΕΙΑΣ (ΔΙΑΔΕΡΜΙΚΗ),Surgical,160,1170
X709065,ΔΙΑΔΕΡΜΙΚΗ ΕΜΦΥΤΕΥΣΗ ΝΕΥΡΟΔΙΕΓΕΡΤΙΚΩΝ ΗΛΕΚΤΡΟΔΙΩΝ.,Surgical,160,1650
X709069,"ΔΙΑΔΕΡΜΙΚΗ ΕΜΦΥΤΕΥΣΗ ΝΕΥΡΟΔΙΕΓΕΡΤΙΚΩΝ ΗΛΕΚΤΡΟΔΙΩΝ,",Surgical,120,1970
X709079,ΔΙΑΔΕΡΜΙΚΗ ΕΜΦΥΤΕΥΣΗ ΝΕΥΡΟΔΙΕΓΕΡΤΙΚΩΝ ΗΛΕΚΤΡΟΔΙΩΝ.,Surgical,80,770
X709081,ΔΙΑΔΕΡΜΙΚΗ ΕΜΦΥΤΕΥΣΗ ΝΕΥΡΟΔΙΕΓΕΡΤΙΚΩΝ ΗΛΕΚΤΡΟΔΙΩΝ.,Surgical,120,930
X709089,ΔΙΑΔΕΡΜΙΚΗ ΕΜΦΥΤΕΥΣΗ ΝΕΥΡΟΔΙΕΓΕΡΤΙΚΩΝ ΗΛΕΚΤΡΟΔΙΩΝ.,Surgical,160,1570
X709105,ΤΟΜΗ ΓΙΑ ΕΜΦΥΤΕΥΣΗ ΝΕΥΡΟΔΙΕΓΕΡΤΙΚΩΝ ΗΛΕΚΤΡΟΔΙΩΝ. Κ,Surgical,120,850
X709109,ΤΟΜΗ ΓΙΑ ΕΜΦΥΤΕΥΣΗ ΝΕΥΡΟΔΙΕΓΕΡΤΙΚΩΝ ΗΛΕΚΤΡΟΔΙΩΝ. Π,Surgical,80,1170
X709113,ΤΟΜΗ ΓΙΑ ΕΜΦΥΤΕΥΣΗ ΝΕΥΡΟΔΙΕΓΕΡΤΙΚΩΝ ΗΛΕΚΤΡΟΔΙΩΝ. Α,Surgical,160,1490
X709119,ΤΟΜΗ ΓΙΑ ΕΜΦΥΤΕΥΣΗ ΝΕΥΡΟΔΙΕΓΕΡΤΙΚΩΝ ΗΛΕΚΤΡΟΔΙΩΝ. Ν,Surgical,160,1970
X709121,ΤΟΜΗ ΓΙΑ ΕΜΦΥΤΕΥΣΗ ΝΕΥΡΟΔΙΕΓΕΡΤΙΚΩΝ ΗΛΕΚΤΡΟΔΙΩΝ. Ι,Surgical,80,2130
X709129,ΑΝΑΘΕΩΡΗΣΗ Ή ΑΦΑΙΡΕΣΗ ΠΕΡΙΦΕΡΙΚΩΝ ΝΕΥΡΟΔΙΕΓΕΡΤΙΚΩΝ,Surgical,240,1220
X709139,ΕΙΣΑΓΩΓΗ Ή ΑΝΤΙΚΑΤΑΣΤΑΣΗ ΠΕΡΙΦΕΡΙΚΗΣ Ή ΓΑΣΤΡΙΚΗΣ Γ,Surgical,80,1570
X709149,ΑΝΑΘΕΩΡΗΣΗ Ή ΑΝΤΙΚΑΤΑΣΤΑΣΗ ΠΕΡΙΦΕΡΙΚΗΣ Ή ΓΑΣΤΡΙΚΗΣ,Surgical,160,2370
X709159,"ΚΑΤΑΣΤΡΟΦΗ ΜΕ ΝΕΥΡΟΛΥΤΙΚΟ ΠΑΡΑΓΟΝΤΑ, ΤΡΙΔΥΜΟ ΝΕΥΡΟ",Surgical,120,1170
X709169,"ΚΑΤΑΣΤΡΟΦΗ ΜΕ ΝΕΥΡΟΛΥΤΙΚΟ ΠΑΡΑΓΟΝΤΑ, ΤΡΙΔΥΜΟ ΝΕΥΡΟ",Surgical,80,1970
X709179,"ΚΑΤΑΣΤΡΟΦΗ ΜΕ ΝΕΥΡΟΛΥΤΙΚΟ ΠΑΡΑΓΟΝΤΑ, ΤΡΙΔΥΜΟ ΝΕΥΡΟ",Surgical,160,770
X709183,ΧΗΜΙΚΗ ΑΠΟΝΕΥΡΩΣΗ ΜΥΩΝ. ΜΥΕΣ ΠΟΥ ΝΕΥΡΩΝΟΝΤΑΙ ΑΠΟ Τ,Surgical,120,1090
X709185,ΧΗΜΙΚΗ ΑΠΟΝΕΥΡΩΣΗ ΜΥΩΝ. ΜΥΕΣ ΤΟΥ ΤΡΑΧΗΛΟΥ (Π.Χ. ΓΙ,Surgical,160,1250
X709187,ΧΗΜΙΚΗ ΑΠΟΝΕΥΡΩΣΗ ΜΥΩΝ. ΑΚΡΑ ΚΑΙ/Ή ΜΥΕΣ ΚΟΡΜΟΥ (Π.,Surgical,80,1410
X709199,"ΚΑΤΑΣΤΡΟΦΗ ΜΕ ΝΕΥΡΟΛΥΤΙΚΟ ΠΑΡΑΓΟΝΤΑ, ΜΕΣΟΠΛΕΥΡΙΟ Ν",Surgical,80,2370
X709203,"ΚΑΤΑΣΤΡΟΦΗ ΜΕ ΝΕΥΡΟΛΥΤΙΚΟ ΠΑΡΑΓΟΝΤΑ, ΝΕΥΡΟ ΑΠΟΦΥΣΙ",Surgical,160,690
X709205,"ΚΑΤΑΣΤΡΟΦΗ ΜΕ ΝΕΥΡΟΛΥΤΙΚΟ ΠΑΡΑΓΟΝΤΑ, ΝΕΥΡΟ ΑΠΟΦΥΣΙ",Surgical,80,850
X709211,"ΚΑΤΑΣΤΡΟΦΗ ΜΕ ΝΕΥΡΟΛΥΤΙΚΟ ΠΑΡΑΓΟΝΤΑ, ΝΕΥΡΟ ΑΠΟΦΥΣΙ",Surgical,80,2380
X709213,"ΚΑΤΑΣΤΡΟΦΗ ΜΕ ΝΕΥΡΟΛΥΤΙΚΟ ΠΑΡΑΓΟΝΤΑ, ΝΕΥΡΟ ΑΠΟΦΥΣΙ",Surgical,120,2540
X709219,"ΚΑΤΑΣΤΡΟΦΗ ΜΕ ΝΕΥΡΟΛΥΤΙΚΟ ΠΑΡΑΓΟΝΤΑ, ΑΙΔΟΙΙΚΟ ΝΕΥΡ",Surgical,120,1970
X709223,ΚΑΤΑΣΤΡΟΦΗ ΜΕ ΝΕΥΡΟΛΥΤΙΚΟ ΠΑΡΑΓΟΝΤΑ. ΚΟΙΝΟ ΔΑΚΤΥΛΙ,Surgical,80,2290
X709239,ΚΑΤΑΣΤΡΟΦΗ ΜΕ ΝΕΥΡΟΛΥΤΙΚΟ ΠΑΡΑΓΟΝΤΑ. ΑΛΛΟ ΠΕΡΙΦΕΡΙ,Surgical,160,1570
X709259,ΧΗΜΙΚΗ ΑΠΟΝΕΥΡΩΣΗ ΑΠΟΚΡΙΝΩΝ ΑΔΕΝΩΝ. ΚΑΙ ΟΙ ΔΥΟ ΜΑΣ,Surgical,80,1170
X709265,"ΧΗΜΙΚΗ ΑΠΟΝΕΥΡΩΣΗ ΑΠΟΚΡΙΝΩΝ ΑΔΕΝΩΝ, ΑΛΛΕΣ ΠΕΡΙΟΧΕΣ",Surgical,80,1650
X709319,"ΚΑΤΑΣΤΡΟΦΗ ΜΕ ΝΕΥΡΟΛΥΤΙΚΟ ΠΑΡΑΓΟΝΤΑ, ΜΕ Ή ΧΩΡΙΣ ΑΚ",Surgical,80,1970
X709321,"ΚΑΤΑΣΤΡΟΦΗ ΜΕ ΝΕΥΡΟΛΥΤΙΚΟ ΠΑΡΑΓΟΝΤΑ, ΜΕ Ή ΧΩΡΙΣ ΑΚ",Surgical,120,2130
X709363,"ΝΕΥΡΟΠΛΑΣΤΙΚΗ: ΔΑΚΤΥΛΩΝ, 1 Ή ΚΑΙ ΤΑ ΔΥΟ, ΙΔΙΟ ΔΑΚΤ",Surgical,120,1490
X709367,ΝΕΥΡΟΠΛΑΣΤΙΚΗ: ΝΕΥΡΟ ΧΕΡΙΟΥ Η ΠΟΔΙΟΥ,Surgical,80,1810
X709375,"ΝΕΥΡΟΠΛΑΣΤΙΚΗ, ΜΕΙΖΟΝ ΠΕΡΙΦΕΡΙΚΟ ΝΕΥΡΟ, ΒΡΑΧΙΟΝΑΣ ",Surgical,120,450
X709383,"ΝΕΥΡΟΠΛΑΣΤΙΚΗ, ΜΕΙΖΟΝ ΠΕΡΙΦΕΡΙΚΟ ΝΕΥΡΟ, ΒΡΑΧΙΟΝΑΣ ",Surgical,160,1090
X709385,"ΝΕΥΡΟΠΛΑΣΤΙΚΗ, ΜΕΙΖΟΝ ΠΕΡΙΦΕΡΙΚΟ ΝΕΥΡΟ, ΒΡΑΧΙΟΝΑΣ ",Surgical,80,1250
X709387,"ΝΕΥΡΟΠΛΑΣΤΙΚΗ, ΜΕΙΖΟΝ ΠΕΡΙΦΕΡΙΚΟ ΝΕΥΡΟ, ΒΡΑΧΙΟΝΑΣ ",Surgical,120,1410
X709391,ΝΕΥΡΟΠΛΑΣΤΙΚΗ ΚΑΙ/Ή ΑΝΤΙΜΕΤΑΘΕΣΗ. ΚΡΑΝΙΑΚΟ ΝΕΥΡΟ (,Surgical,80,1730
X709395,ΝΕΥΡΟΠΛΑΣΤΙΚΗ ΚΑΙ/Ή ΑΝΤΙΜΕΤΑΘΕΣΗ. ΩΛΕΝΙΟ ΝΕΥΡΟ ΣΤΟ,Surgical,160,2050
X709397,ΝΕΥΡΟΠΛΑΣΤΙΚΗ ΚΑΙ/Ή ΑΝΤΙΜΕΤΑΘΕΣΗ. ΩΛΕΝΙΟ ΝΕΥΡΟ ΣΤΟ,Surgical,80,2210
X709401,ΝΕΥΡΟΠΛΑΣΤΙΚΗ ΚΑΙ/Ή ΑΝΤΙΜΕΤΑΘΕΣΗ. ΜΕΣΟ ΝΕΥΡΟ ΣΤΟΝ ,Surgical,160,530
X709403,ΑΠΟΣΥΜΠΙΕΣΗ. ΜΗ ΚΑΘΟΡΙΣΜΕΝΟ(Α) ΝΕΥΡΟ(Α) (ΚΑΘΟΡΙΣΤΕ,Surgical,80,690
X709411,ΑΠΟΣΥΜΠΙΕΣΗ. ΔΑΚΤΥΛΙΚΟΥ ΝΕΥΡΟΥ ΠΕΛΜΑΤΟΣ,Surgical,120,1330
X709413,"ΕΣΩΤΕΡΙΚΗ ΝΕΥΡΟΛΥΣΗ, ΜΕ ΧΡΗΣΗ ΧΕΙΡΟΥΡΓΙΚΟΥ ΜΙΚΡΟΣΚ",Surgical,160,1490
X709423,ΔΙΑΤΟΜΗ Ή ΑΠΟΣΠΑΣΗ ΥΠΕΡΚΟΓΧΙΟΥ ΝΕΥΡΟΥ,Surgical,120,2290
X709427,ΔΙΑΤΟΜΗ Ή ΑΠΟΣΠΑΣΗ ΥΠΟΚΟΓΧΙΟΥ ΝΕΥΡΟΥ,Surgical,80,610
X709431,ΔΙΑΤΟΜΗ Ή ΑΠΟΣΠΑΣΗ ΓΕΝΕΙΑΚΟΥ ΝΕΥΡΟΥ,Surgical,160,930
X709435,ΔΙΑΤΟΜΗ Ή ΑΠΟΣΠΑΣΗ ΤΟΥ ΚΑΤΩ ΦΑΤΝΙΑΚΟΥ ΝΕΥΡΟΥ ΜΕ ΟΣ,Surgical,120,1250
X709439,ΔΙΑΤΟΜΗ Ή ΑΠΟΣΠΑΣΗ ΓΛΩΣΣΙΚΟΥ ΝΕΥΡΟΥ,Surgical,80,1570
X709443,"ΔΙΑΤΟΜΗ Ή ΑΠΟΣΠΑΣΗ ΠΡΟΣΩΠΙΚΟΥ ΝΕΥΡΟΥ, ΕΠΙΛΕΚΤΙΚΗ Ή",Surgical,160,1890
X709447,ΔΙΑΤΟΜΗ Ή ΑΠΟΣΠΑΣΗ ΤΟΥ ΜΕΙΖΟΝΟΣ ΙΝΙΑΚΟΥ ΝΕΥΡΟΥ,Surgical,120,2210
X709451,ΔΙΑΤΟΜΗ Ή ΑΠΟΣΠΑΣΗ ΦΡΕΝΙΚΟΥ ΝΕΥΡΟΥ,Surgical,80,530
X709463,ΔΙΑΤΟΜΗ Ή ΑΠΟΣΠΑΣΗ ΠΝΕΥΜΟΝΟΓΑΣΤΡΙΚΟΥ ΝΕΥΡΟΥ (ΒΑΓΟΤ,Surgical,80,2540
X709469,ΔΙΑΤΟΜΗ Ή ΑΠΟΣΠΑΣΗ ΠΝΕΥΜΟΝΟΓΑΣΤΡΙΚΩΝ ΝΕΥΡΩΝ ΠΕΡΙΟΡ,Surgical,80,1970
X709479,ΔΙΑΤΟΜΗ Ή ΑΠΟΣΠΑΣΗ ΠΝΕΥΜΟΝΟΓΑΣΤΡΙΚΟΥ ΝΕΥΡΟΥ (ΒΑΓΟΤ,Surgical,160,770
X709481,ΔΙΑΤΟΜΗ Ή ΑΠΟΣΠΑΣΗ ΑΙΔΟΙΑΚΟΥ ΝΕΥΡΟΥ,Surgical,80,930
X709485,"ΔΙΑΤΟΜΗ Ή ΑΠΟΣΠΑΣΗ ΘΥΡΟΕΙΔΟΥΣ ΝΕΥΡΟΥ, ΕΞΩΠΥΕΛΙΚΗ, ",Surgical,160,1250
X709491,"ΔΙΑΤΟΜΗ Ή ΑΠΟΣΠΑΣΗ ΘΥΡΟΕΙΔΟΥΣ ΝΕΥΡΟΥ, ΕΝΔΟΠΥΕΛΙΚΗ,",Surgical,160,1730
X709501,"ΔΙΑΤΟΜΗ Ή ΑΠΟΣΠΑΣΗ ΑΛΛΟΥ ΚΡΑΝΙΑΚΟΥ ΝΕΥΡΟΥ, ΕΞΩΣΚΛΗ",Surgical,120,530
X709503,"ΔΙΑΤΟΜΗ Ή ΑΠΟΣΠΑΣΗ ΑΛΛΟΥ ΝΩΤΙΑΙΟΥ ΝΕΥΡΟΥ, ΕΞΩΣΚΛΗΡ",Surgical,160,690
X709507,"ΕΚΤΟΜΗ ΝΕΥΡΙΝΩΜΑΤΟΣ. ΔΕΡΜΑΤΙΚΟ ΝΕΥΡΟ, ΧΕΙΡΟΥΡΓΙΚΑ ",Surgical,180,1460
X709511,"ΕΚΤΟΜΗ ΝΕΥΡΙΝΩΜΑΤΟΣ. ΔΑΚΤΥΛΙΚΟ ΝΕΥΡΟ, 1 Ή ΚΑΙ ΤΑ Δ",Surgical,150,1780
X709515,ΕΚΤΟΜΗ ΝΕΥΡΙΝΩΜΑΤΟΣ. ΔΑΚΤΥΛΙΚΟ ΝΕΥΡΟ. ΚΑΘΕ ΕΠΙΠΛΕΟ,Surgical,120,2100
X709523,"ΕΚΤΟΜΗ ΝΕΥΡΙΝΩΜΑΤΟΣ. ΧΕΡΙ Ή ΠΟΔΙ, ΕΚΤΟΣ ΤΟΥ ΔΑΚΤΥΛ",Surgical,210,2740
X709525,"ΕΚΤΟΜΗ ΝΕΥΡΙΝΩΜΑΤΟΣ. ΧΕΡΙ Ή ΠΟΔΙ, ΚΑΘΕ ΕΠΙΠΛΕΟΝ ΝΕ",Surgical,120,900
X709527,"ΕΚΤΟΜΗ ΝΕΥΡΙΝΩΜΑΤΟΣ. ΜΕΙΖΟΝ ΠΕΡΙΦΕΡΙΚΟ ΝΕΥΡΟ, ΕΚΤΟ",Surgical,180,1060
X709531,ΕΚΤΟΜΗ ΝΕΥΡΙΝΩΜΑΤΟΣ. ΙΣΧΙΑΚΟ ΝΕΥΡΟ,Surgical,150,1380
X709533,ΕΜΦΥΤΕΥΣΗ ΝΕΥΡΙΚΟΥ ΑΚΡΟΥ ΣΕ ΟΣΤΟ Ή ΜΥ (ΝΑ ΚΑΤΑΓΡΑΦ,Surgical,210,1540
X709535,ΕΚΤΟΜΗ ΝΕΥΡΟΪΝΩΜΑΤΟΣ Ή ΝΕΥΡΕΙΛΗΜΜΩΜΑΤΟΣ. ΔΕΡΜΑΤΙΚΟ,Surgical,120,1700
X709539,ΕΚΤΟΜΗ ΝΕΥΡΟΪΝΩΜΑΤΟΣ Ή ΝΕΥΡΕΙΛΗΜΜΩΜΑΤΟΣ. ΜΕΙΖΟΝ ΠΕ,Surgical,240,2020
X709543,ΕΚΤΟΜΗ ΝΕΥΡΟΪΝΩΜΑΤΟΣ Ή ΝΕΥΡΕΙΛΗΜΜΩΜΑΤΟΣ. ΕΥΡΕΙΑ (Σ,Surgical,210,2340
X709549,ΒΙΟΨΙΑ ΝΕΥΡΟΥ,Surgical,120,2370
X709563,"ΣΥΜΠΑΘΕΚΤΟΜΗ, ΑΥΧΕΝΙΚΗ",Surgical,210,1940
X709567,"ΣΥΜΠΑΘΕΚΤΟΜΗ, ΑΥΧΕΝΟΘΩΡΑΚΙΚΗ",Surgical,180,2860
X709577,"ΣΥΜΠΑΘΕΚΤΟΜΗ, ΘΩΡΑΚΟΟΣΦΥΙΚΗ",Surgical,180,1660
X709595,"ΣΥΜΠΑΘΕΚΤΟΜΗ, ΟΣΦΥΙΚΗ",Surgical,120,2500
X709599,"ΣΥΜΠΑΘΕΚΤΟΜΗ. ΔΑΚΤΥΛΙΚΕΣ ΑΡΤΗΡΙΕΣ, ΚΑΘΕ ΔΑΚΤΥΛΟ",Surgical,240,2820
X709601,ΣΥΜΠΑΘΕΚΤΟΜΗ. ΚΕΡΚΙΔΙΚΗ ΑΡΤΗΡΙΑ,Surgical,150,980
X709603,ΣΥΜΠΑΘΕΚΤΟΜΗ. ΩΛΕΝΙΑ ΑΡΤΗΡΙΑ,Surgical,210,1140
X709605,ΣΥΜΠΑΘΕΚΤΟΜΗ. ΕΠΙΦΑΝΕΙΑΚΗ ΠΑΛΑΜΙΑΙΑΣ ΚΑΜΑΡΑΣ,Surgical,120,1300
X709621,"ΣΥΡΡΑΦΗ ΔΑΚΤΥΛΙΚΟΥ ΝΕΥΡΟΥ, ΧΕΡΙ Ή ΠΟΔΙ. 1 ΝΕΥΡΟ",Surgical,120,2130
X709623,"ΣΥΡΡΑΦΗ ΔΑΚΤΥΛΙΚΟΥ ΝΕΥΡΟΥ, ΧΕΡΙ Ή ΠΟΔΙ. ΚΑΘΕ ΕΠΙΠΛ",Surgical,160,2290
X709627,"ΣΥΡΡΑΦΗ ΕΝΟΣ ΝΕΥΡΟΥ. ΧΕΡΙ Ή ΠΟΔΙ, ΚΟΙΝΟ ΑΙΣΘΗΤΙΚΟ ",Surgical,120,610
X709629,ΣΥΡΡΑΦΗ ΕΝΟΣ ΝΕΥΡΟΥ. ΜΕΣΟ ΚΙΝΗΤΙΚΟ ΘΕΝΑΡ,Surgical,160,770
X709631,ΣΥΡΡΑΦΗ ΕΝΟΣ ΝΕΥΡΟΥ. ΩΛΕΝΙΟ ΚΙΝΗΤΙΚΟ,Surgical,80,930
X709633,"ΣΥΡΡΑΦΗ ΚΑΘΕ ΕΠΙΠΛΕΟΝ ΝΕΥΡΟΥ, ΧΕΡΙΟΥ Ή ΠΟΔΙΟΥ (ΝΑ ",Surgical,120,1090
X709639,ΣΥΡΡΑΦΗ ΟΠΙΣΘΙΟΥ ΚΝΗΜΙΑΙΑΟΥ ΝΕΥΡΟΥ,Surgical,120,1570
X709671,"ΣΥΡΡΑΦΗ ΜΕΙΖΟΝΟΣ ΠΕΡΙΦΕΡΙΚΟΥ ΝΕΥΡΟΥ, ΑΝΩ Ή ΚΑΤΩ ΑΚ",Surgical,160,2130
X709673,"ΣΥΡΡΑΦΗ ΜΕΙΖΟΝΟΣ ΠΕΡΙΦΕΡΙΚΟΥ ΝΕΥΡΟΥ, ΑΝΩ Ή ΚΑΤΩ ΑΚ",Surgical,80,2290
X709675,ΣΥΡΡΑΦΗ ΙΣΧΙΑΚΟΥ ΝΕΥΡΟΥ,Surgical,120,450
X709677,ΣΥΡΡΑΦΗ ΚΑΘΕ ΕΠΙΠΛΕΟΝ ΜΕΙΖΟΝΟΣ ΠΕΡΙΦΕΡΙΚΟΥ ΝΕΥΡΟΥ ,Surgical,160,610
X709681,ΣΥΡΡΑΦΗ ΒΡΑΧΙΟΝΙΟΥ ΠΛΕΓΜΑΤΟΣ,Surgical,120,930
X709683,ΣΥΡΡΑΦΗ ΟΣΦΥΪΚΟΥ ΠΛΕΓΜΑΤΟΣ,Surgical,160,1090
X709687,ΣΥΡΡΑΦΗ ΠΡΟΣΩΠΙΚΟΥ ΝΕΥΡΟΥ. ΕΞΩΚΡΑΝΙΑΚΗ,Surgical,120,1410
X709689,"ΣΥΡΡΑΦΗ ΠΡΟΣΩΠΙΚΟΥ ΝΕΥΡΟΥ. ΥΠΟΚΡΟΤΑΦΙΚΗ, ΜΕ Ή ΧΩΡΙ",Surgical,240,2620
X709691,ΑΝΑΣΤΟΜΩΣΗ. ΠΡΟΣΩΠΙΚΟΥ - ΠΑΡΑΠΛΗΡΩΜΑΤΙΚΟΥ,Surgical,80,2180
X709695,ΑΝΑΣΤΟΜΩΣΗ. ΠΡΟΣΩΠΙΚΟΥ - ΥΠΟΓΛΩΣΣΙΟΥ,Surgical,160,2500
X709699,ΑΝΑΣΤΟΜΩΣΗ. ΠΡΟΣΩΠΙΚΟΥ - ΦΡΕΝΙΚΟΥ,Surgical,120,2820
X709703,ΣΥΡΡΑΦΗ ΝΕΥΡΟΥ ΠΟΥ ΑΠΑΙΤΕΙ ΔΕΥΤΕΡΕΥΟΥΣΑ Ή ΚΑΘΥΣΤΕΡ,Surgical,80,690
X709707,ΣΥΡΡΑΦΗ ΝΕΥΡΟΥ ΠΟΥ ΑΠΑΙΤΕΙ ΕΚΤΕΤΑΜΕΝΗ ΚΙΝΗΤΟΠΟΙΗΣΗ,Surgical,160,1010
X709711,ΣΥΡΡΑΦΗ ΝΕΥΡΟΥ ΠΟΥ ΑΠΑΙΤΕΙ ΤΗ ΒΡΑΧΥΝΣΗ ΟΣΤΟΥ ΑΚΡΟΥ,Surgical,120,1330
X709729,ΜΕΤΑΜΟΣΧΕΥΣΗ ΝΕΥΡΟΥ (ΠΕΡΙΛΑΜΒΑΝΕΙ ΤΗΝ ΑΠΟΚΤΗΣΗ ΤΟΥ,Surgical,240,1820
X709731,ΜΕΤΑΜΟΣΧΕΥΣΗ ΝΕΥΡΟΥ (ΠΕΡΙΛΑΜΒΑΝΕΙ ΤΗΝ ΑΠΟΚΤΗΣΗ ΤΟΥ,Surgical,150,1980
X709739,ΜΕΤΑΜΟΣΧΕΥΣΗ ΝΕΥΡΟΥ (ΠΕΡΙΛΑΜΒΑΝΕΙ ΤΗΝ ΑΠΟΚΤΗΣΗ ΤΟΥ,Surgical,240,2620
X709741,ΜΕΤΑΜΟΣΧΕΥΣΗ ΝΕΥΡΟΥ (ΠΕΡΙΛΑΜΒΑΝΕΙ ΤΗΝ ΑΠΟΚΤΗΣΗ ΤΟΥ,Surgical,150,2780
X709743,ΜΕΤΑΜΟΣΧΕΥΣΗ ΝΕΥΡΟΥ (ΠΕΡΙΛΑΜΒΑΝΕΙ ΤΗΝ ΑΠΟΚΤΗΣΗ ΤΟΥ,Surgical,210,2940
X709745,ΜΕΤΑΜΟΣΧΕΥΣΗ ΝΕΥΡΟΥ (ΠΕΡΙΛΑΜΒΑΝΕΙ ΤΗΝ ΑΠΟΚΤΗΣΗ ΤΟΥ,Surgical,120,3100
X709749,ΜΕΤΑΜΟΣΧΕΥΣΗ ΝΕΥΡΟΥ (ΠΕΡΙΛΑΜΒΑΝΕΙ ΤΗΝ ΑΠΟΚΤΗΣΗ ΤΟΥ,Surgical,240,3420
X709751,ΜΕΤΑΜΟΣΧΕΥΣΗ ΝΕΥΡΟΥ (ΠΕΡΙΛΑΜΒΑΝΕΙ ΤΗΝ ΑΠΟΚΤΗΣΗ ΤΟΥ,Surgical,150,1580
X709753,ΜΕΤΑΜΟΣΧΕΥΣΗ ΝΕΥΡΟΥ (ΠΕΡΙΛΑΜΒΑΝΕΙ ΤΗΝ ΑΠΟΚΤΗΣΗ ΤΟΥ,Surgical,210,1740
X709755,ΜΕΤΑΜΟΣΧΕΥΣΗ ΝΕΥΡΟΥ (ΠΕΡΙΛΑΜΒΑΝΕΙ ΤΗΝ ΑΠΟΚΤΗΣΗ ΤΟΥ,Surgical,120,1900
X709761,"ΜΕΤΑΜΟΣΧΕΥΣΗ ΝΕΥΡΟΥ, ΚΑΘΕ ΕΠΙΠΛΕΟΝ ΝΕΥΡΟ. ΜΙΑ ΔΕΣΜ",Surgical,150,2380
X709763,"ΜΕΤΑΜΟΣΧΕΥΣΗ ΝΕΥΡΟΥ, ΚΑΘΕ ΕΠΙΠΛΕΟΝ ΝΕΥΡΟ. ΠΟΛΛΑΠΛΕ",Surgical,210,2540
X709769,ΜΕΤΑΦΟΡΑ ΝΕΥΡΙΚΟΥ ΜΙΣΧΟΥ. ΠΡΩΤΟ ΣΤΑΔΙΟ,Surgical,80,1970
X709773,ΜΕΤΑΦΟΡΑ ΝΕΥΡΙΚΟΥ ΜΙΣΧΟΥ. ΔΕΥΤΕΡΟ ΣΤΑΔΙΟ,Surgical,160,2290
X709779,ΑΠΟΚΑΤΑΣΤΑΣΗ ΝΕΥΡΟΥ ΜΕ ΣΥΝΘΕΤΙΚΟ ΑΓΩΓΟ Ή ΦΛΕΒΙΚΟ Α,Surgical,160,770
X709781,ΑΠΟΚΑΤΑΣΤΑΣΗ ΝΕΥΡΟΥ ΜΕ ΑΥΤΟΓΕΝΕΣ ΦΛΕΒΙΚΟ ΜΟΣΧΕΥΜΑ ,Surgical,80,930
X709957,"ΜΗ ΚΑΤΑΓΕΓΡΑΜΜΕΝΗ ΔΙΑΔΙΚΑΣΙΑ, ΝΕΥΡΙΚΟ ΣΥΣΤΗΜΑ",Surgical,120,1010
X710141,ΕΞΕΝΤΕΡΩΣΗ ΒΟΛΒΟΥ ΧΩΡΙΣ ΕΜΦΥΤΕΥΜΑ,Surgical,120,1730
X710145,ΕΞΕΝΤΕΡΩΣΗ ΒΟΛΒΟΥ ΜΕ ΕΜΦΥΤΕΥΜΑ,Surgical,80,2050
X710161,ΕΞΟΡΥΞΗ ΟΦΘΑΛΜΙΚΟΥ ΒΟΛΒΟΥ. ΧΩΡΙΣ ΕΜΦΥΤΕΥΜΑ,Surgical,160,1330
X710165,"ΕΞΟΡΥΞΗ ΟΦΘΑΛΜΙΚΟΥ ΒΟΛΒΟΥ. ΜΕ ΕΜΦΥΤΕΥΜΑ, ΧΩΡΙΣ ΣΥΝ",Surgical,120,1650
X710169,"ΕΞΟΡΥΞΗ ΟΦΘΑΛΜΙΚΟΥ ΒΟΛΒΟΥ. ΜΕ ΕΜΦΥΤΕΥΜΑ, ΜΕ ΣΥΝΔΕΣ",Surgical,80,1970
X710179,ΕΞΕΝΤΕΡΩΣΗ ΚΟΓΧΟΥ(ΔΕΝ ΠΕΡΙΛΑΜΒΑΝΕΙ ΔΕΡΜΑΤΙΚΟ ΜΟΣΧΕ,Surgical,240,1220
X710183,ΕΞΕΝΤΕΡΩΣΗ ΚΟΓΧΟΥ (ΔΕΝ ΠΕΡΙΛΑΜΒΑΝΕΙ ΔΕΡΜΑΤΙΚΟ ΜΟΣΧ,Surgical,210,1540
X710187,ΚΟΓΧΙΚΗ ΕΞΕΝΤΕΡΩΣΗ (ΔΕΝ ΠΕΡΙΛΑΜΒΑΝΕΙ ΔΕΡΜΑΤΙΚΟ ΜΟΣ,Surgical,180,1860
X710209,ΤΡΟΠΟΠΟΙΗΣΗ ΤΟΥ ΟΦΘΑΛΜΙΚΟΥ ΕΜΦΥΤΕΥΜΑΤΟΣ ΜΕ ΤΟΠΟΘΕΤ,Surgical,160,1170
X710219,ΔΕΥΤΕΡΟΓΕΝΗΣ ΕΝΘΕΣΗ ΟΦΘΑΛΜΙΚΟΥ ΕΜΦΥΤΕΥΜΑΤΟΣ ΜΕΤΑ Α,Surgical,120,1970
X710229,ΔΕΥΤΕΡΟΓΕΝΗΣ ΕΝΘΕΣΗ ΟΦΘΑΛΜΙΚΟΥ ΕΜΦΥΤΕΥΜΑΤΟΣ ΜΕΤΑ Τ,Surgical,80,770
X710239,ΔΕΥΤΕΡΟΓΕΝΗΣ ΕΝΘΕΣΗ ΟΦΘΑΛΜΙΚΟΥ ΕΜΦΥΤΕΥΜΑΤΟΣ ΜΕΤΑ Τ,Surgical,160,1570
X710259,ΕΠΑΝΑΤΟΠΟΘΕΤΗΣΗ ΟΦΘΑΛΜΙΚΟΥ ΕΜΦΥΤΕΥΜΑΤΟΣ. ΜΕ Ή ΧΩΡΙ,Surgical,80,1170
X710269,ΕΠΑΝΑΤΟΠΟΘΕΤΗΣΗ ΟΦΘΑΛΜΙΚΟΥ ΕΜΦΥΤΕΥΜΑΤΟΣ. ΜΕ ΧΡΗΣΗ ,Surgical,160,1970
X710309,ΑΦΑΙΡΕΣΗ ΟΦΘΑΛΜΙΚΟΥ ΕΜΦΥΤΕΥΜΑΤΟΣ,Surgical,240,1620
X710369,ΑΦΑΙΡΕΣΗ ΞΕΝΟΥ ΣΩΜΑΤΟΣ ΑΠΟ ΤΗΝ ΕΠΙΦΑΝΕΙΑ ΤΟΥ ΕΠΙΠΕ,Surgical,240,2420
X710379,ΑΦΑΙΡΕΣΗ ΞΕΝΟΥ ΣΩΜΑΤΟΣ ΕΝΣΦΗΝΩΜΕΝΟΥ ΣΤΟΝ ΕΠΙΠΕΦΥΚΟ,Surgical,240,1220
X710399,"ΑΦΑΙΡΕΣΗ ΞΕΝΟΥ ΣΩΜΑΤΟΣ ΑΠΟ ΤΟΝ ΚΕΡΑΤΟΕΙΔΗ, ΧΩΡΙΣ Σ",Surgical,240,2820
X710403,"ΑΦΑΙΡΕΣΗ ΞΕΝΟΥ ΣΩΜΑΤΟΣ ΑΠΟ ΤΟΝ ΚΕΡΑΤΟΕΙΔΗ, ΜΕ ΣΧΙΣ",Surgical,210,1140
X710429,ΑΦΑΙΡΕΣΗ ΕΝΔΟΦΘΑΛΜΙΟΥ ΞΕΝΟΥ ΣΩΜΑΤΟΣ. ΑΠΟ ΤΟΝ ΠΡΟΣΘ,Surgical,240,1220
X710479,ΑΦΑΙΡΕΣΗ ΕΝΔΟΦΘΑΛΜΙΟΥ ΞΕΝΟΥ ΣΩΜΑΤΟΣ. ΑΠΟ ΤΟΝ ΟΠΙΣΘ,Surgical,240,1220
X710489,ΑΦΑΙΡΕΣΗ ΕΝΔΟΦΘΑΛΜΙΟΥ ΞΕΝΟΥ ΣΩΜΑΤΟΣ ΑΠΟ ΤΟΝ ΟΠΙΣΘΙ,Surgical,240,2020
X710499,"ΑΠΟΚΑΤΑΣΤΑΣΗ ΤΡΩΣΗΣ ΕΠΙΠΕΦΥΚΟΤΑ, ΜΕ Η ΧΩΡΙΣ ΔΙΑΤΡΗ",Surgical,80,2370
X710503,"ΑΠΟΚΑΤΑΣΤΑΣΗ ΤΡΩΣΗΣ ΕΠΙΠΕΦΥΚΟΤΑ, ΜΕ ΚΙΝΗΤΟΠΟΙΗΣΗ Κ",Surgical,160,690
X710505,"ΑΠΟΚΑΤΑΣΤΑΣΗ ΤΡΩΣΗΣ ΕΠΙΠΕΦΥΚΟΤΑ, ΜΕ ΚΙΝΗΤΟΠΟΙΗΣΗ Κ",Surgical,80,850
X710509,"ΑΠΟΚΑΤΑΣΤΑΣΗ ΤΡΑΥΜΑΤΟΣ ΚΕΡΑΤΟΕΙΔΟΥΣ, ΧΩΡΙΣ ΔΙΑΤΡΗΣ",Surgical,240,1620
X710519,ΑΠΟΚΑΤΑΣΤΑΣΗ ΤΡΑΥΜΑΤΟΣ ΚΕΡΑΤΟΕΙΔΟΥΣ ΚΑΙ/Ή ΣΚΛΗΡΟΥ ,Surgical,120,1970
X710529,ΑΠΟΚΑΤΑΣΤΑΣΗ ΤΡΑΥΜΑΤΟΣ ΚΕΡΑΤΟΕΙΔΟΥΣ ΚΑΙ/Ή ΣΚΛΗΡΟΥ ,Surgical,240,1220
X710531,"ΑΠΟΚΑΤΑΣΤΑΣΗ ΤΡΑΥΜΑΤΟΣ, ΕΦΑΡΜΟΓΗ ΣΥΚΟΛΛΗΤΙΚΗΣ ΟΥΣΙ",Surgical,120,930
X710539,"ΑΠΟΚΑΤΑΣΤΑΣΗ ΤΡΑΥΜΑΤΟΣ, ΕΞΩΦΘΑΛΜΙΟΣ ΜΥΣ, ΤΕΝΟΝΤΑΣ ",Surgical,160,1570
X710759,"ΕΚΤΟΜΗ ΒΛΑΒΗΣ ΚΕΡΑΤΟΕΙΔΟΥΣ (ΚΕΡΑΤΕΚΤΟΜΗ, ΠΕΤΑΛΟΕΙΔ",Surgical,240,1620
X710779,ΒΙΟΨΙΑ ΤΟΥ ΚΕΡΑΤΟΕΙΔΟΥΣ,Surgical,160,770
X710799,ΕΚΤΟΜΗ Ή ΜΕΤΑΘΕΣΗ ΤΟΥ ΠΤΕΡΥΓΙΟΥ. ΧΩΡΙΣ ΜΟΣΧΕΥΜΑ,Surgical,240,2820
X710811,ΕΚΤΟΜΗ Ή ΜΕΤΑΘΕΣΗ ΤΟΥ ΠΤΕΡΥΓΙΟΥ. ΜΕ ΜΟΣΧΕΥΜΑ,Surgical,150,1780
X710819,"ΑΠΟΞΕΣΗ ΚΕΡΑΤΟΕΙΔΟΥΣ, ΔΙΑΓΝΩΣΤΙΚΗ, ΓΙΑ ΕΠΙΧΡΙΣΜΑ Κ",Surgical,120,1970
X710829,"ΑΦΑΙΡΕΣΗ ΕΠΙΘΗΛΙΟΥ ΚΕΡΑΤΟΕΙΔΟΥΣ, ΜΗΧΑΝΙΚΗ Η ΧΗΜΙΚΗ",Surgical,240,1220
X710831,ΑΦΑΙΡΕΣΗ ΕΠΙΘΗΛΙΟΥ ΚΕΡΑΤΟΕΙΔΟΥΣ. ΜΕ ΕΦΑΡΜΟΓΗ ΧΗΛΙΚ,Surgical,150,1380
X710859,"ΑΝΑΠΛΑΣΗ ΚΑΚΩΣΗΣ ΚΕΡΑΤΟΕΙΔΟΥΣ ΜΕ ΚΡΥΟΘΕΡΑΠΕΙΑ, ΦΩΤ",Surgical,80,1170
X711159,ΠΟΛΛΑΠΛΕΣ ΝΥΞΕΙΣ ΠΡΟΣΘΙΑΣ ΕΠΙΦΑΝΕΙΑΣ ΚΕΡΑΤΟΕΙΔΟΥΣ ,Surgical,120,1170
X711379,"ΚΕΡΑΤΟΠΛΑΣΤΙΚΗ (ΜΕΤΑΜΟΣΧΕΥΣΗ ΚΕΡΑΤΟΕΙΔΟΥΣ),ΠΡΟΣΘΙΑ",Surgical,240,1820
X711419,"ΚΕΡΑΤΟΠΛΑΣΤΙΚΗ (ΜΕΤΑΜΟΣΧΕΥΣΗ ΚΕΡΑΤΟΕΙΔΟΥΣ), ΔΙΑΜΠΕ",Surgical,240,3020
X711459,"ΚΕΡΑΤΟΠΛΑΣΤΙΚΗ (ΜΕΤΑΜΟΣΧΕΥΣΗ ΚΕΡΑΤΟΕΙΔΟΥΣ), ΔΙΑΜΠΕ",Surgical,240,2220
X711469,"ΚΕΡΑΤΟΠΛΑΣΤΙΚΗ (ΜΕΤΑΜΟΣΧΕΥΣΗ ΚΕΡΑΤΟΕΙΔΟΥΣ), ΔΙΑΜΠΕ",Surgical,240,3020
X711471,ΚΕΡΑΤΟΠΛΑΣΤΙΚΗ (ΜΕΤΑΜΟΣΧΕΥΣΗ ΚΕΡΑΤΟΕΙΔΟΥΣ) ΕΝΔΟΘΗΛ,Surgical,150,3180
X711473,ΤΥΠΙΚΗ ΠΡΟΕΤΟΙΜΑΣΙΑ ΑΛΛΟΜΟΣΧΕΥΜΑΤΟΣ ΕΝΔΟΘΗΛΙΟΥ ΚΕΡ,Surgical,210,3340
X711479,ΚΕΡΑΤΟΣΜΙΛΕΥΣΗ,Surgical,160,770
X711489,ΕΠΙΚΕΡΑΤΟΦΑΚΙΑ,Surgical,120,1570
X711493,ΕΠΙΚΕΡΑΤΟΠΛΑΣΤΙΚΗ,Surgical,80,1890
X711499,ΚΕΡΑΤΟΠΡΟΣΘΕΤΙΚΗ,Surgical,80,2370
X711501,ΑΚΤΙΝΩΤΗ ΚΕΡΑΤΟΤΟΜΗ,Surgical,120,530
X711503,ΧΑΛΑΡΩΤΙΚΗ ΤΟΜΗ ΚΕΡΑΤΟΕΙΔΟΥΣ ΓΙΑ ΤΗ ΔΙΟΡΘΩΣΗ ΤΟΥ Α,Surgical,160,690
X711509,ΣΦΗΝΟΕΙΔΗΣ ΕΚΤΟΜΗ ΚΕΡΑΤΟΕΙΔΟΥΣ ΓΙΑ ΤΗ ΔΙΟΡΘΩΣΗ ΤΟΥ,Surgical,240,1620
X711519,ΑΝΑΠΛΑΣΗ ΟΦΘΑΛΜΙΚΗΣ ΕΠΙΦΑΝΕΙΑΣ. ΜΕΤΑΜΟΣΧΕΥΣΗ ΑΜΝΙΑ,Surgical,240,3020
X711521,ΑΝΑΠΛΑΣΗ ΟΦΘΑΛΜΙΚΗΣ ΕΠΙΦΑΝΕΙΑΣ ΑΠΟ ΑΡΧΕΓΟΝΑ ΜΗΤΡΙΚ,Surgical,160,2130
X711523,ΑΝΑΠΛΑΣΗ ΟΦΘΑΛΜΙΚΗΣ ΕΠΙΦΑΝΕΙΑΣ. ΑΥΤΟΜΟΣΧΕΥΜΑ ΕΠΙΠΕ,Surgical,80,2290
X711559,ΠΑΡΑΚΕΝΤΗΣΗ ΠΡΟΣΘΙΟΥ ΟΦΘΑΛΜΙΚΟΥ ΘΑΛΑΜΟΥ (ΞΕΧΩΡΙΣΤΗ,Surgical,80,1170
X711569,ΠΑΡΑΚΕΝΤΗΣΗ ΠΡΟΣΘΙΟΥ ΟΦΘΑΛΜΙΚΟΥ ΘΑΛΑΜΟΥ (ΞΕΧΩΡΙΣΤΗ,Surgical,240,2420
X711579,ΠΑΡΑΚΕΝΤΗΣΗ ΠΡΟΣΘΙΟΥ ΟΦΘΑΛΜΙΚΟΥ ΘΑΛΑΜΟΥ (ΞΕΧΩΡΙΣΤΗ,Surgical,240,1220
X711589,ΠΑΡΑΚΕΝΤΗΣΗ ΠΡΟΣΘΙΟΥ ΟΦΘΑΛΜΙΚΟΥ ΘΑΛΑΜΟΥ (ΞΕΧΩΡΙΣΤΗ,Surgical,240,2020
X711599,ΓΩΝΙΟΤΟΜΙΑ,Surgical,160,2370
X711659,ΤΡΑΜΠΕΚΟΥΛΟΤΟΜΗ ΜΕ ΠΡΟΣΠΕΛΑΣΗ ΕΚ ΤΩΝ ΕΞΩ 'Η ΕΚ ΤΩΝ,Surgical,160,1170
X711669,"ΤΡΑΜΠΕΚΟΥΛΟΠΛΑΣΤΙΚΗ ΜΕ LASER, 1 Ή ΠΕΡΙΣΣΟΤΕΡΕΣ ΣΥΝ",Surgical,120,1970
X711679,"ΛΥΣΗ ΣΥΜΦΥΣΕΩΝ ΤΟΥ ΠΡΟΣΘΙΟΥ ΤΜΗΜΑΤΟΣ, ΤΕΧΝΙΚΗ ΛΕΪΖ",Surgical,80,770
X711689,"ΛΥΣΗ ΣΥΜΦΥΣΕΩΝ ΠΡΟΣΘΙΟΥ ΤΜΗΜΑΤΟΣ, ΧΕΙΡΟΥΡΓΙΚΑ (ΜΕ ",Surgical,160,1570
X711699,"ΛΥΣΗ ΣΥΜΦΥΣΕΩΝ ΠΡΟΣΘΙΟΥ ΟΦΘΑΛΜΙΚΟΥ ΤΜΗΜΑΤΟΣ, ΧΕΙΡΟ",Surgical,120,2370
X711709,"ΛΥΣΗ ΣΥΜΦΥΣΕΩΝ ΠΡΟΣΘΙΟΥ ΗΜΙΜΟΡΙΟΥ, ΧΕΙΡΟΥΡΓΙΚΑ (ΜΕ",Surgical,80,1170
X711719,"ΛΥΣΗ ΣΥΜΦΥΣΕΩΝ ΠΡΟΣΘΙΟΥ ΗΜΙΜΟΡΙΟΥ, ΧΕΙΡΟΥΡΓΙΚΑ (ΜΕ",Surgical,160,1970
X711759,"ΑΦΑΙΡΕΣΗ ΥΠΕΡΤΡΟΦΙΚΟΥ ΤΜΗΜΑΤΟΣ ΕΠΙΘΗΛΙΟΥ, ΠΡΟΣΘΙΟΣ",Surgical,240,1620
X711799,"ΑΦΑΙΡΕΣΗ ΕΜΦΥΤΕΥΜΕΝΟΥ ΥΛΙΚΟΥ, ΠΡΟΣΘΙΟ ΗΜΙΜΟΡΙΟ ΟΦΘ",Surgical,240,2820
X711819,"ΑΦΑΙΡΕΣΗ ΘΡΟΜΒΟΥ ΑΙΜΑΤΟΣ, ΠΡΟΣΘΙΟ ΤΜΗΜΑ ΟΦΘΑΛΜΟΥ",Surgical,240,2420
X711999,ΕΓΧΥΣΗ ΣΤΟΝ ΠΡΟΣΘΙΟ ΘΑΛΑΜΟ ΟΦΘΑΛΜΟΥ (ΞΕΧΩΡΙΣΤΗ ΔΙΑ,Surgical,120,2370
X712019,ΕΓΧΥΣΗ ΣΤΟΝ ΠΡΟΣΘΙΟ ΘΑΛΑΜΟ ΟΦΘΑΛΜΟΥ (ΞΕΧΩΡΙΣΤΗ ΔΙΑ,Surgical,80,1970
X712219,"ΕΚΤΟΜΗ ΒΛΑΒΗΣ, ΣΚΛΗΡΟΣ ΧΙΤΩΝΑΣ ΟΦΘΑΛΜΟΥ",Surgical,240,2420
X712259,ΣΥΡΙΓΓΙΟΠΟΙΗΣΗ ΣΚΛΗΡΟΥ ΧΙΤΩΝΑ ΟΦΘΑΛΜΟΥ ΓΙΑ ΓΛΑΥΚΩΜ,Surgical,240,1620
X712269,ΣΥΡΙΓΓΙΟΠΟΙΗΣΗ ΣΚΛΗΡΟΥ ΧΙΤΩΝΑ ΟΦΘΑΛΜΟΥ ΓΙΑ ΓΛΑΥΚΩΜ,Surgical,240,2420
X712279,ΣΥΡΙΓΓΙΟΠΟΙΗΣΗ ΣΚΛΗΡΟΥ ΟΦΘΑΛΜΙΚΟΥ ΧΙΤΩΝΑ ΓΙΑ ΓΛΑΥΚ,Surgical,240,1220
X712289,ΣΥΡΙΓΓΙΟΠΟΙΗΣΗ ΣΚΛΗΡΟΥ ΟΦΘΑΛΜΙΚΟΥ ΧΙΤΩΝΑ ΓΙΑ ΓΛΑΥΚ,Surgical,80,1570
X712299,ΣΥΡΙΓΓΙΟΠΟΙΗΣΗ ΣΚΛΗΡΟΥ ΟΦΘΑΛΜΙΚΟΥ ΧΙΤΩΝΑ. ΕΞΩΤΕΡΙΚ,Surgical,160,2370
X712303,ΣΥΡΙΓΓΙΟΠΟΙΗΣΗ ΣΚΛΗΡΟΥ ΟΦΘΑΛΜΙΚΟΥ ΧΙΤΩΝΑ. ΕΞΩΤΕΡΙΚ,Surgical,120,690
X712319,ΤΟΠΟΘΕΤΗΣΗ ΒΑΛΒΙΔΑΣ ΓΙΑ ΕΚΡΟΗ ΥΔΑΤΟΕΙΔΟΥΣ ΥΓΡΟΥ ΣΤ,Surgical,80,1970
X712329,ΕΠΕΝΕΠΕΜΒΑΣΗ ΔΙΟΡΘΩΣΗΣ ΣΕ ΗΔΗ ΤΟΠΟΘΕΤΗΜΕΝΗ ΒΑΛΒΙΔΑ,Surgical,160,770
X712399,ΑΠΟΚΑΤΑΣΤΑΣΗ ΣΤΑΦΥΛΩΜΑΤΟΣ ΣΚΛΗΡΟΥ ΟΦΘΑΛΜΙΚΟΥ ΧΙΤΩΝ,Surgical,240,3420
X712409,ΑΠΟΚΑΤΑΣΤΑΣΗ ΣΤΑΦΥΛΩΜΑΤΟΣ ΣΚΛΗΡΟΥ ΟΦΘΑΛΜΙΚΟΥ ΧΙΤΩΝ,Surgical,240,2220
X712459,ΑΝΑΘΕΩΡΗΣΗ Ή ΑΠΟΚΑΤΑΣΤΑΣΗ ΕΓΧΕΙΡΗΤΙΚΟΥ ΤΡΑΥΜΑΤΟΣ Τ,Surgical,120,1170
X712959,ΙΡΙΔΟΤΟΜΗ ΜΕ ΝΥΣΤΕΡΙ (ΞΕΧΩΡΙΣΤΗ ΔΙΑΔΙΚΑΣΙΑ). ΧΩΡΙΣ,Surgical,160,1170
X712969,ΙΡΙΔΟΤΟΜΗ ΜΕ ΝΥΣΤΕΡΙ (ΞΕΧΩΡΙΣΤΗ ΔΙΑΔΙΚΑΣΙΑ). ΜΕ ΚΑ,Surgical,120,1970
X713159,"ΙΡΙΔΕΚΤΟΜΗ, ΜΕ ΤΟΜΗ ΚΕΡΑΤΟΕΙΔΟΥΣ-ΣΚΛΗΡΟΥ ΧΙΤΩΝΑ Ή ",Surgical,240,1620
X713169,"ΙΡΙΔΕΚΤΟΜΗ, ΜΕ ΤΟΜΗ ΚΕΡΑΤΟΕΙΔΟΥΣ-ΣΚΛΗΡΟΥ ΧΙΤΩΝΑ Ή ",Surgical,240,2420
X713209,"ΙΡΙΔΕΚΤΟΜΗ, ΜΕ ΤΟΜΗ ΚΕΡΑΤΟΕΙΔΟΥΣ-ΣΚΛΗΡΟΥ ΧΙΤΩΝΑ Ή ",Surgical,240,1620
X713219,"ΙΡΙΔΕΚΤΟΜΗ, ΜΕ ΤΟΜΗ ΚΕΡΑΤΟΕΙΔΟΥΣ-ΣΚΛΗΡΟΥ ΧΙΤΩΝΑ Ή ",Surgical,240,2420
X713229,"ΙΡΙΔΕΚΤΟΜΗ, ΜΕ ΤΟΜΗ ΚΕΡΑΤΟΕΙΔΟΥΣ-ΣΚΛΗΡΟΥ ΧΙΤΩΝΑ Ή ",Surgical,240,1220
X713319,"ΑΠΟΚΑΤΑΣΤΑΣΗ ΙΡΙΔΟΣ, ΑΚΤΙΝΩΤΟ ΣΩΜΑ (ΟΠΩΣ ΓΙΑ ΤΗΝ Ι",Surgical,80,1970
X713323,"ΣΥΡΡΑΦΗ ΙΡΙΔΟΣ, ΑΚΤΙΝΩΤΟ ΣΩΜΑ (ΞΕΧΩΡΙΣΤΗ ΔΙΑΔΙΚΑΣΙ",Surgical,210,2740
X713359,ΚΑΤΑΣΤΡΟΦΗ ΑΚΤΙΝΩΤΟΥ ΣΤΕΦΑΝΟΥ. ΔΙΑΘΕΡΜΙΑ,Surgical,160,1170
X713379,"ΚΑΤΑΣΤΡΟΦΗ ΑΚΤΙΝΩΤΟΥ ΣΤΕΦΑΝΟΥ. ΚΥΚΛΟΦΩΤΟΠΗΞΙΑ, ΔΙΑ",Surgical,80,770
X713381,"ΚΑΤΑΣΤΡΟΦΗ ΑΚΤΙΝΩΤΟΥ ΣΤΕΦΑΝΟΥ. ΚΥΚΛΟΦΩΤΟΠΗΞΙΑ, ΕΝΔ",Surgical,120,930
X713399,ΚΑΤΑΣΤΡΟΦΗ ΑΚΤΙΝΩΤΟΥ ΣΤΕΦΑΝΟΥ. ΚΡΥΟΘΕΡΑΠΕΙΑ,Surgical,120,2370
X713439,ΚΑΤΑΣΤΡΟΦΗ ΑΚΤΙΝΩΤΟΥ ΣΤΕΦΑΝΟΥ. ΚΥΚΛΟΔΙΑΛΥΣΗ,Surgical,80,1570
X713481,ΙΡΙΔΟΤΟΜΗ/ΙΡΙΔΕΚΤΟΜΗ ΜΕ ΧΕΙΡΟΥΡΓΙΚΗ ΕΠΕΜΒΑΣΗ ΛΕΪΖΕ,Surgical,150,1380
X713483,ΙΡΙΔΟΠΛΑΣΤΙΚΗ ΜΕ ΦΩΤΟΠΗΞΙΑ (1 Ή ΠΕΡΙΣΣΟΤΕΡΕΣ ΣΥΝΕΔ,Surgical,120,1090
X713499,ΚΑΤΑΣΤΡΟΦΗ ΚΥΣΤΗΣ Ή ΒΛΑΒΗΣ ΤΗΣ ΙΡΙΔΟΣ Ή ΤΟΥ ΑΚΤΙΝΩ,Surgical,80,2370
X713599,ΔΙΑΝΟΙΞΗ ΔΕΥΤΕΡΟΓΕΝΟΥΣ ΚΑΤΑΡΡΑΚΤΗ (ΘΟΛΩΣΗ ΠΡΟΣΘΙΟΥ,Surgical,160,2370
X713601,ΔΙΑΝΟΙΞΗ ΔΕΥΤΕΡΟΓΕΝΟΥΣ ΚΑΤΑΡΡΑΚΤΗ (ΘΟΛΩΣΗ ΠΡΟΣΘΙΟΥ,Surgical,80,530
X713609,"ΕΠΑΝΑΤΟΠΟΘΕΤΗΣΗ ΥΠΑΡΧΟΝΤΟΣ ΕΝΔΟΦΘΑΛΜΙΟΥ ΦΑΚΟΥ, ΠΟΥ",Surgical,120,1170
X713619,ΑΦΑΙΡΕΣΗ ΔΕΥΤΕΡΟΓΕΝΟΥΣ ΚΑΤΑΡΡΑΚΤΗ (ΘΟΛΩΣΗ ΠΡΟΣΘΙΟΥ,Surgical,240,2420
X713639,ΑΦΑΙΡΕΣΗ ΚΡΥΣΤΑΛΛΟΕΙΔΟΥΣ ΦΑΚΟΥ. ΤΕΧΝΙΚΗ ΑΝΑΡΡΟΦΗΣΗ,Surgical,240,2020
X713659,ΑΦΑΙΡΕΣΗ ΚΡΥΣΤΑΛΛΟΕΙΔΟΥΣ ΦΑΚΟΥ. ΤΕΧΝΙΚΗ ΘΡΥΜΜΑΤΙΣΜ,Surgical,240,1620
X713663,ΑΦΑΙΡΕΣΗ ΚΡΥΣΤΑΛΛΟΕΙΔΟΥΣ ΦΑΚΟΥ. ΠΡΟΣΕΓΓΙΣΗ ΑΠΟ ΕΠΙ,Surgical,210,1940
X713799,ΑΦΑΙΡΕΣΗ ΚΡΥΣΤΑΛΛΟΕΙΔΟΥΣ ΦΑΚΟΥ. ΕΝΔΟΠΕΡΙΦΑΚΙΚΗ,Surgical,240,2820
X713819,"ΑΦΑΙΡΕΣΗ ΚΡΥΣΤΑΛΛΟΕΙΔΟΥΣ ΦΑΚΟΥ. ΕΝΔΟΠΕΡΙΦΑΚΙΚΗ, ΓΙ",Surgical,240,2420
X713839,ΑΦΑΙΡΕΣΗ ΚΡΥΣΤΑΛΛΟΕΙΔΟΥΣ ΦΑΚΟΥ. ΕΞΩΠΕΡΙΦΑΚΙΚΗ(ΕΚΤΟ,Surgical,240,2020
X713923,ΕΞΩΠΕΡΙΦΑΚΙΚΗ ΑΦΑΙΡΕΣΗ ΚΑΤΑΡΡΑΚΤΗ ΜΕ ΕΝΘΕΣΗ ΕΝΔΟΦΘ,Surgical,210,2740
X713925,ΕΝΔΟΠΕΡΙΦΑΚΙΚΗ ΑΦΑΙΡΕΣΗ ΚΑΤΑΡΡΑΚΤΗ ΜΕ ΤΟΠΟΘΕΤΗΣΗ Ε,Surgical,120,900
X713927,ΕΞΩΠΕΡΙΦΑΚΙΚΗ ΑΦΑΙΡΕΣΗ ΚΑΤΑΡΡΑΚΤΗ ΜΕ ΤΟΠΟΘΕΤΗΣΗ ΕΝ,Surgical,180,1060
X713929,ΤΟΠΟΘΕΤΗΣΗ ΕΝΔΟΦΘΑΛΜΙΟΥ ΦΑΚΟΥ (ΔΕΥΤΕΡΟΓΕΝΗΣ ΕΝΘΕΣΗ,Surgical,240,1220
X713931,ΑΝΤΙΚΑΤΑΣΤΑΣΗ ΕΝΔΟΦΘΑΛΜΙΟΥ ΦΑΚΟΥ,Surgical,80,930
X713939,ΧΡΗΣΗ ΟΦΘΑΛΜΙΚΟΥ ΕΝΔΟΣΚΟΠΙΟΥ (ΝΑ ΚΑΤΑΓΡΑΦΕΤΑΙ ΧΩΡΙ,Surgical,120,1570
X713957,"ΜΗ ΚΑΤΑΓΕΓΡΑΜΜΕΝΗ ΔΙΑΔΙΚΑΣΙΑ, ΠΡΟΣΘΙΟ ΤΜΗΜΑ ΟΦΘΑΛΜ",Surgical,120,1010
X713969,"ΑΦΑΙΡΕΣΗ ΥΑΛΟΕΙΔΟΥΣ ΣΩΜΑΤΟΣ, ΠΡΟΣΘΙΑ ΠΡΟΣΠΕΛΑΣΗ (Τ",Surgical,240,2420
X713979,"ΑΦΑΙΡΕΣΗ ΥΑΛΟΕΙΔΟΥΣ ΣΩΜΑΤΟΣ, ΠΡΟΣΘΙΑ ΠΡΟΣΠΕΛΑΣΗ (Τ",Surgical,240,1220
X713989,"ΑΝΑΡΡΟΦΗΣΗ Ή ΑΦΑΙΡΕΣΗ ΥΓΡΟΥ ΥΑΛΟΕΙΔΟΥΣ, ΥΠΟΑΜΦΙΒΛΗ",Surgical,240,2020
X714009,"ΕΝΕΣΗ ΥΠΟΚΑΤΑΣΤΑΤΟΥ ΥΑΛΟΕΙΔΟΥΣ, ΠΡΟΣΠΕΛΑΣΗ ΑΠΟ ΤΟ ",Surgical,120,1170
X714013,ΕΜΦΥΤΕΥΣΗ ΕΝΔΟΥΑΛΟΕΙΔΙΚΟΥ ΣΥΣΤΗΜΑΤΟΣ ΑΠΕΛΕΥΘΕΡΩΣΗΣ,Surgical,210,1940
X714015,ΕΝΔΟΥΑΛΟΕΙΔΙΚΗ ΕΝΕΣΗ ΦΑΡΜΑΚΟΛΟΓΙΚΟΥ ΠΑΡΑΓΟΝΤΑ (ΞΕΧ,Surgical,120,1650
X714019,"ΣΧΑΣΗ ΤΑΙΝΙΩΝ ΥΑΛΟΕΙΔΟΥΣ (ΧΩΡΙΣ ΑΦΑΙΡΕΣΗ), ΜΕ ΠΡΟΣ",Surgical,240,2420
X714021,"ΛΥΣΗ ΤΑΙΝΙΩΝ ΥΑΛΟΕΙΔΟΥΣ, ΠΡΟΣΘΙΩΝ ΣΥΜΦΥΣΕΩΝ ΥΑΛΟΕΙ",Surgical,120,2130
X714031,"ΥΑΛΟΕΙΔΕΚΤΟΜΗ, ΜΗΧΑΝΙΚΗ, ΠΡΟΣΠΕΛΑΣΗ ΑΠΟ ΤΗΝ ΕΠΙΠΕΔ",Surgical,150,1380
X714037,"ΥΑΛΟΕΙΔΕΚΤΟΜΗ, ΜΗΧΑΝΙΚΗ, ΠΡΟΣΠΕΛΑΣΗ ΑΠΟ ΤΗΝ ΕΠΙΠΕΔ",Surgical,180,1860
X714039,"ΥΑΛΟΕΙΔΕΚΤΟΜΗ, ΜΗΧΑΝΙΚΗ, ΠΡΟΣΠΕΛΑΣΗ ΑΠΟ ΤΗΝ ΕΠΙΠΕΔ",Surgical,240,2020
X714041,"ΥΑΛΟΕΙΔΕΚΤΟΜΗ, ΜΗΧΑΝΙΚΗ, ΠΡΟΣΠΕΛΑΣΗ ΑΠΟ ΤΗΝ ΕΠΙΠΕΔ",Surgical,150,2180
X714043,"ΥΑΛΟΕΙΔΕΚΤΟΜΗ, ΜΗΧΑΝΙΚΗ, ΠΡΟΣΠΕΛΑΣΗ ΑΠΟ ΤΗΝ ΕΠΙΠΕΔ",Surgical,210,2340
X714045,"ΥΑΛΟΕΙΔΕΚΤΟΜΗ, ΜΗΧΑΝΙΚΗ, ΠΡΟΣΠΕΛΑΣΗ ΑΠΟ ΤΟ ΑΚΤΙΝΩΤ",Surgical,120,2500
X714161,"ΑΠΟΚΑΤΑΣΤΑΣΗ ΑΠΟΚΟΛΛΗΣΗΣ ΑΜΦΙΒΛΗΣΤΡΟΕΙΔΟΥΣ, 1 Ή ΠΕ",Surgical,160,1330
X714169,"ΑΠΟΚΑΤΑΣΤΑΣΗ ΑΠΟΚΟΛΛΗΣΗΣ ΑΜΦΙΒΛΗΣΤΡΟΕΙΔΟΥΣ, 1 Ή ΠΕ",Surgical,80,1970
X714173,ΑΠΟΚΑΤΑΣΤΑΣΗ ΑΠΟΚΟΛΛΗΣΗΣ ΑΜΦΙΒΛΗΣΤΡΟΕΙΔΟΥΣ. ΠΕΡΙΒΡ,Surgical,160,2290
X714175,ΑΠΟΚΑΤΑΣΤΑΣΗ ΑΠΟΚΟΛΛΗΣΗΣ ΑΜΦΙΒΛΗΣΤΡΟΕΙΔΟΥΣ. ΜΕ ΥΑΛ,Surgical,120,900
X714179,ΑΠΟΚΑΤΑΣΤΑΣΗ ΑΠΟΚΟΛΛΗΣΗΣ ΑΜΦΙΒΛΗΣΤΡΟΕΙΔΟΥΣ. ΜΕ ΕΓΧ,Surgical,160,770
X714183,ΑΠΟΚΑΤΑΣΤΑΣΗ ΑΠΟΚΟΛΛΗΣΗΣ ΑΜΦΙΒΛΗΣΤΡΟΕΙΔΟΥΣ. ΜΕ ΠΕΡ,Surgical,210,1540
X714185,ΑΠΟΚΑΤΑΣΤΑΣΗ ΕΠΙΠΛΕΓΜΕΝΗΣ ΑΠΟΚΟΛΛΗΣΗΣ ΑΜΦΙΒΛΗΣΤΡΟΕ,Surgical,120,2300
X714189,ΑΦΑΙΡΕΣΗ ΥΛΙΚΟΥ ΠΕΡΙΒΡΟΓΧΙΣΜΟΥ (ΟΠΙΣΘΙΟ ΤΜΗΜΑ),Surgical,240,2020
X714199,ΑΦΑΙΡΕΣΗ ΕΜΦΥΤΕΥΜΕΝΟΥ ΥΛΙΚΟΥ (ΠΧ. ΜΟΣΧΕΥΜΑ ΣΙΛΙΚΟΝ,Surgical,240,2820
X714201,"ΑΦΑΙΡΕΣΗ ΕΜΦΥΤΕΥΜΕΝΟΥ ΥΛΙΚΟΥ, ΟΠΙΣΘΙΟ ΤΜΗΜΑ. ΕΝΔΟΦ",Surgical,150,980
X714241,ΠΡΟΦΥΛΑΞΗ ΑΠΟΚΟΛΛΗΣΗΣ ΑΜΦΙΒΛΗΣΤΡΟΕΙΔΟΥΣ (Π.Χ. ΡΩΓΜ,Surgical,80,1730
X714249,ΠΡΟΦΥΛΑΞΗ ΑΠΟΚΟΛΛΗΣΗΣ ΑΜΦΙΒΛΗΣΤΡΟΕΙΔΟΥΣ (Π.Χ. ΡΗΞΗ,Surgical,120,2370
X714375,ΚΑΤΑΣΤΡΟΦΗ ΕΝΤΟΠΙΣΜΕΝΗΣ ΒΛΑΒΗΣ ΑΜΦΙΒΛΗΣΤΡΟΕΙΔΟΥΣ (,Surgical,120,450
X714379,ΚΑΤΑΣΤΡΟΦΗ ΕΝΤΟΠΙΣΜΕΝΗΣ ΒΛΑΒΗΣ ΑΜΦΙΒΛΗΣΤΡΟΕΙΔΟΥΣ (,Surgical,80,770
X714395,ΚΑΤΑΣΤΡΟΦΗ ΕΝΤΟΠΙΣΜΕΝΗΣ ΒΛΑΒΗΣ ΑΜΦΙΒΛΗΣΤΡΟΕΙΔΟΥΣ (,Surgical,120,2500
X714399,ΚΑΤΑΣΤΡΟΦΗ ΤΟΠΙΚΗΣ ΒΛΑΒΗΣ ΤΟΥ ΧΟΡΙΟΕΙΔΗ ΧΙΤΩΝΑ (Π.,Surgical,120,2370
X714401,ΚΑΤΑΣΤΡΟΦΗ ΤΟΠΙΚΗΣ ΒΛΑΒΗΣ ΤΟΥ ΧΟΡΙΟΕΙΔΗ ΧΙΤΩΝΑ (Π.,Surgical,160,530
X714409,ΚΑΤΑΣΤΡΟΦΗ ΤΟΠΙΚΗΣ ΒΛΑΒΗΣ ΤΟΥ ΧΟΡΙΟΕΙΔΗ ΧΙΤΩΝΑ (Π.,Surgical,80,1170
X714413,ΚΑΤΑΣΤΡΟΦΗ ΕΚΤΕΤΑΜΕΝΗΣ Ή ΠΑΡΑΓΩΓΙΚΗΣ ΑΜΦΙΒΛΗΣΤΡΟΕΙ,Surgical,160,1490
X714415,ΘΕΡΑΠΕΙΑ ΕΚΤΕΤΑΜΕΝΗΣ Ή ΕΠΙΔΕΙΝΟΥΜΕΝΗΣ ΑΜΦΙΒΛΗΣΤΡΟΕ,Surgical,80,1650
X714417,ΘΕΡΑΠΕΙΑ ΕΚΤΕΤΑΜΕΝΗΣ Ή ΕΠΙΔΕΙΝΟΥΜΕΝΗΣ ΑΜΦΙΒΛΗΣΤΡΟΕ,Surgical,120,1810
X714459,ΕΝΙΣΧΥΣΗ ΣΚΛΗΡΟΥ ΧΙΤΩΝΑ (ΞΕΧΩΡΙΣΤΗ ΔΙΑΔΙΚΑΣΙΑ). ΧΩ,Surgical,120,1170
X714469,ΕΝΙΣΧΥΣΗ ΣΚΛΗΡΟΥ ΧΙΤΩΝΑ (ΞΕΧΩΡΙΣΤΗ ΔΙΑΔΙΚΑΣΙΑ). ΜΕ,Surgical,80,1970
X714557,"ΜΗ ΚΑΤΑΓΕΓΡΑΜΜΕΝΗ ΔΙΑΔΙΚΑΣΙΑ, ΟΠΙΣΘΙΟ ΤΜΗΜΑ",Surgical,160,1010
X714581,"ΕΠΕΜΒΑΣΗ ΣΤΡΑΒΙΣΜΟΥ, ΔΙΑΔΙΚΑΣΙΑ ΒΡΑΧΥΝΣΗΣ Ή ΜΕΡΙΚΗ",Surgical,160,930
X714583,"ΕΠΕΜΒΑΣΗ ΣΤΡΑΒΙΣΜΟΥ, ΔΙΑΔΙΚΑΣΙΑ ΒΡΑΧΥΝΣΗΣ Ή ΜΕΡΙΚΗ",Surgical,80,1090
X714587,"ΕΠΕΜΒΑΣΗ ΣΤΡΑΒΙΣΜΟΥ, ΔΙΑΔΙΚΑΣΙΑ ΒΡΑΧΥΝΣΗΣΉ ΜΕΡΙΚΗΣ",Surgical,160,1410
X714591,"ΕΠΕΜΒΑΣΗ ΣΤΡΑΒΙΣΜΟΥ, ΔΙΑΔΙΚΑΣΙΑ ΒΡΑΧΥΝΣΗΣ Ή ΜΕΡΙΚΗ",Surgical,120,1730
X714595,"ΕΠΕΜΒΑΣΗ ΣΤΡΑΒΙΣΜΟΥ, ΟΠΟΙΑΔΗΠΟΤΕ ΔΙΑΔΙΚΑΣΙΑ, ΑΝΩ Λ",Surgical,80,2050
X714599,"ΔΙΑΔΙΚΑΣΙΑ ΜΕΤΑΘΕΣΗΣ (Π.Χ., ΓΙΑ ΠΑΡΕΤΙΚΟ ΕΞΩΟΦΘΑΛΜ",Surgical,160,2370
X714621,ΕΠΕΜΒΑΣΗ ΣΤΡΑΒΙΣΜΟΥ ΣΕ ΑΣΘΕΝΗ ΠΟΥ ΕΧΕΙ ΥΠΟΣΤΕΙ ΠΡΟ,Surgical,120,2130
X714623,ΕΠΕΜΒΑΣΗ ΣΤΡΑΒΙΣΜΟΥ ΣΕ ΑΣΘΕΝΗ ΜΕ ΟΥΛΗ ΣΕ ΕΞΩΟΦΘΑΛΜ,Surgical,160,2290
X714627,"ΕΠΕΜΒΑΣΗ ΣΤΡΑΒΙΣΜΟΥ ΜΕ ΤΕΧΝΙΚΗ ΟΠΙΣΘΙΑΣ ΜΕΤΑΘΕΣΗΣ,",Surgical,120,610
X714629,ΤΟΠΟΘΕΤΗΣΗ ΡΥΘΜΙΖΟΜΕΝΗΣ ΡΑΦΗΣ (ΩΝ) ΚΑΤΑ ΤΗ ΔΙΑΡΚΕΙ,Surgical,160,770
X714639,ΧΕΙΡΟΥΡΓΙΚΗ ΕΠΕΜΒΑΣΗ ΠΟΥ ΠΕΡΙΛΑΜΒΑΝΕΙ ΔΙΕΡΕΥΝΗΣΗ Κ,Surgical,120,1570
X714645,ΑΦΑΙΡΕΣΗ ΕΚΤΕΤΑΜΕΝΗΣ ΟΥΛΗΣ ΧΩΡΙΣ ΤΗΝ ΑΠΟΚΟΛΛΗΣΗ ΤΟ,Surgical,120,2500
X714649,ΧΗΜΙΚΗ ΑΠΟΝΕΥΡΩΣΗ ΕΞΟΦΘΑΛΜΙΚΟΥ ΜΥΟΣ,Surgical,80,2370
X714651,ΒΙΟΨΙΑ ΕΞΟΦΘΑΛΜΙΚΟΥ ΜΥΟΣ,Surgical,120,530
X714757,"ΜΗ ΚΑΤΑΓΕΓΡΑΜΜΕΝΗ ΔΙΑΔΙΚΑΣΙΑ, ΟΦΘΑΛΜΙΚΟΣ ΜΥΣ",Surgical,80,1010
X714759,ΚΟΓΧΟΤΟΜΗ ΧΩΡΙΣ ΟΣΤΙΚΟ ΚΡΗΜΝΟ (ΠΡΟΣΘΙΑ Ή ΔΙΑΕΠΙΠΕΦ,Surgical,120,1170
X714769,ΚΟΓΧΟΤΟΜΗ ΧΩΡΙΣ ΟΣΤΙΚΟ ΚΡΗΜΝΟ (ΠΡΟΣΘΙΑ Ή ΔΙΑΕΠΙΠΕΦ,Surgical,80,1970
X714783,ΚΟΓΧΟΤΟΜΗ ΧΩΡΙΣ ΟΣΤΙΚΟ ΚΡΗΜΝΟ (ΠΡΟΣΘΙΑ Ή ΔΙΑΕΠΙΠΕΦ,Surgical,210,1540
X714785,ΚΟΓΧΟΤΟΜΗ ΧΩΡΙΣ ΟΣΤΙΚΟ ΚΡΗΜΝΟ (ΠΡΟΣΘΙΑ Ή ΔΙΑΕΠΙΠΕΦ,Surgical,120,1700
X714787,ΚΟΓΧΟΤΟΜΗ ΧΩΡΙΣ ΟΣΤΙΚΟ ΚΡΗΜΝΟ (ΠΡΟΣΘΙΑ Ή ΔΙΑΕΠΙΠΕΦ,Surgical,180,1860
X714789,ΑΝΑΡΡΟΦΗΣΗ ΜΕ ΛΕΠΤΗ ΒΕΛΟΝΑ ΚΟΓΧΙΚΩΝ ΠΕΡΙΕΧΟΜΕΝΩΝ,Surgical,120,1570
X714799,"ΚΟΓΧΟΤΟΜΗ ΜΕ ΟΣΤΙΚΟ ΚΡΗΜΝΟ Ή ΠΑΡΑΘΥΡΟ, ΠΛΑΓΙΑ ΠΡΟΣ",Surgical,240,2820
X714819,"ΚΟΓΧΟΤΟΜΗ ΜΕ ΟΣΤΙΚΟ ΚΡΗΜΝΟ Ή ΠΑΡΑΘΥΡΟ, ΠΛΑΓΙΑ ΠΡΟΣ",Surgical,240,2420
X714839,"ΚΟΓΧΟΤΟΜΗ ΜΕ ΟΣΤΙΚΟ ΚΡΗΜΝΟ Ή ΠΑΡΑΘΥΡΟ, ΠΛΑΓΙΑ ΠΡΟΣ",Surgical,160,1570
X714849,"ΚΟΓΧΟΤΟΜΗ ΜΕ ΟΣΤΙΚΟ ΚΡΗΜΝΟ Ή ΠΑΡΑΘΥΡΟ, ΠΛΑΓΙΑ ΠΡΟΣ",Surgical,240,2820
X714859,"ΚΟΓΧΟΤΟΜΗ ΜΕ ΟΣΤΙΚΟ ΚΡΗΜΝΟ Ή ΠΑΡΑΘΥΡΟ, ΠΛΑΓΙΑ ΠΡΟΣ",Surgical,80,1170
X714959,ΟΠΙΣΘΟΒΟΛΒΙΚΗ ΕΝΕΣΗ. ΦΑΡΜΑΚΕΥΤΙΚΗΣ ΟΥΣΙΑΣ (ΞΕΧΩΡΙΣ,Surgical,160,1170
X714969,"ΟΠΙΣΘΟΒΟΛΒΙΚΗ ΕΝΕΣΗ, ΟΙΝΟΠΝΕΥΜΑ",Surgical,120,1970
X714989,ΕΝΕΣΗ ΦΑΡΜΑΚΟΥ Ή ΑΛΛΗΣ ΟΥΣΙΑΣ ΣΤH ΤΕΝΟΝΕΙΟ ΚΑΨΑ,Surgical,160,1570
X715059,ΚΟΓΧΙΚΟ ΕΜΦΥΤΕΥΜΑ (ΕΜΦΥΤΕΥΜΑ ΕΞΩ ΑΠΟ ΤΟΝ ΚΩΝΟ ΤΟΥ ,Surgical,160,1170
X715079,ΚΟΓΧΙΚΟ ΕΜΦΥΤΕΥΜΑ (ΕΜΦΥΤΕΥΜΑ ΕΞΩ ΑΠΟ ΤΟΝ ΚΩΝΟ ΤΟΥ ,Surgical,240,1220
X715099,ΑΠΟΣΥΜΠΙΕΣΗ ΟΠΤΙΚΟΥ ΝΕΥΡΟΥ (Π.Χ. ΤΟΜΗ Ή ΘΥΡΙΔΟΠΟΙΗ,Surgical,120,2370
X715157,"ΜΗ ΚΑΤΑΓΕΓΡΑΜΜΕΝΗ ΔΙΑΔΙΚΑΣΙΑ, ΚΟΓΧΟΣ",Surgical,80,1010
X715359,"ΒΛΕΦΑΡΟΤΟΜΗ, ΠΑΡΟΧΕΤΕΥΣΗ ΑΠΟΣΤΗΜΑΤΟΣ, ΒΛΕΦΑΡΟ",Surgical,160,1170
X715379,ΛΥΣΗ ΤΑΡΣΟΡΡΑΦΗΣ,Surgical,80,770
X715389,ΚΑΝΘΟΤΟΜΗ (ΞΕΧΩΡΙΣΤΗ ΔΙΑΔΙΚΑΣΙΑ),Surgical,160,1570
X715559,ΕΚΤΟΜΗ ΧΑΛΑΖΙΟΥ. ΜΟΝΗ,Surgical,240,1620
X715561,"ΕΚΤΟΜΗ ΧΑΛΑΖΙΟΥ. ΠΟΛΛΑΠΛΗ, ΙΔΙΟ ΒΛΕΦΑΡΟ",Surgical,150,1780
X715569,"ΕΚΤΟΜΗ ΧΑΛΑΖΙΟΥ. ΠΟΛΛΑΠΛΗ, ΔΙΑΦΟΡΕΤΙΚΑ ΒΛΕΦΑΡΑ",Surgical,240,2420
X715575,ΕΚΤΟΜΗ ΧΑΛΑΖΙΟΥ. ΜΕ ΓΕΝΙΚΗ ΑΝΑΙΣΘΗΣΙΑ ΚΑΙ/Ή ΠΟΥ ΑΠ,Surgical,120,900
X715579,ΒΙΟΨΙΑ ΒΛΕΦΑΡΟΥ,Surgical,120,770
X715599,"ΔΙΟΡΘΩΣΗ ΤΡΙΧΙΑΣΗΣ. ΑΠΟΤΡΙΧΩΣΗ, ΜΟΝΟ ΜΕ ΛΑΒΙΔΕΣ",Surgical,160,2370
X715609,"ΔΙΟΡΘΩΣΗ ΤΡΙΧΙΑΣΗΣ. ΑΠΟΤΡΙΧΩΣΗ, ΜΕ ΑΛΛΟ ΜΕΣΟ ΚΑΙ Ο",Surgical,120,1170
X715619,ΔΙΟΡΘΩΣΗ ΤΡΙΧΙΑΣΗΣ. ΕΚΤΟΜΗ ΧΕΙΛΟΥΣ ΒΛΕΦΑΡΟΥ,Surgical,240,2420
X715629,ΔΙΟΡΘΩΣΗ ΤΡΙΧΙΑΣΗΣ. ΕΚΤΟΜΗ ΧΕΙΛΟΥΣ ΒΛΕΦΑΡΟΥ ΜΕ ΕΛΕ,Surgical,240,1220
X715639,ΕΚΤΟΜΗ ΔΕΡΜΑΤΙΚΗΣ ΒΛΑΒΗΣ-ΒΛΑΒΩΝ ΒΛΕΦΑΡΟΥ (ΕΞΑΙΡΟΥΜ,Surgical,240,2020
X715659,ΑΠΟΚΑΤΑΣΤΑΣΗ ΒΛΑΒΗΣ ΤΟΥ ΒΛΕΦΑΡΙΚΟΥ ΧΕΙΛΟΥΣ (ΕΩΣ 1 ,Surgical,160,1170
X715709,ΠΡΟΣΩΡΙΝΟ ΚΛΕΙΣΙΜΟ ΒΛΕΦΑΡΩΝ ΜΕ ΣΥΡΡΑΦΗ,Surgical,80,1170
X715719,"ΚΑΤΑΣΚΕΥΗ ΔΙΑΧΕΙΛΙΚΩΝ ΠΡΟΣΦΥΣΕΩΝ, ΜΕΣΗ ΤΑΡΣΟΡΡΑΦΗ,",Surgical,160,1970
X715723,"ΚΑΤΑΣΚΕΥΗ ΔΙΑΧΕΙΛΙΚΩΝ ΠΡΟΣΦΥΣΕΩΝ, ΜΕΣΗ ΤΑΡΣΟΡΡΑΦΗ,",Surgical,120,2290
X715759,ΑΠΟΚΑΤΑΣΤΑΣΗ ΠΤΩΣΗΣ ΜΕΤΩΠΟΥ (ΠΡΟΣΕΓΓΙΣΗ ΑΝΩ ΒΛΕΦΑΡ,Surgical,120,1170
X715761,ΑΠΟΚΑΤΑΣΤΑΣΗ ΒΛΕΦΑΡΟΠΤΩΣΗΣ. ΤΕΧΝΙΚΗ ΕΜΠΡΟΘΙΩΝ ΜΥΩΝ,Surgical,160,1330
X715763,ΑΠΟΚΑΤΑΣΤΑΣΗ ΒΛΕΦΑΡΟΠΤΩΣΗΣ. ΤΕΧΝΙΚΗ ΕΜΠΡΟΣΘΙΩΝ ΜΥΩ,Surgical,80,1490
X715765,ΑΠΟΚΑΤΑΣΤΑΣΗ ΒΛΕΦΑΡΟΠΤΩΣΗΣ. ΕΚΤΟΜΗ Ή ΔΙΕΥΘΕΤΗΣΗ ΑΝ,Surgical,120,2100
X715767,ΑΠΟΚΑΤΑΣΤΑΣΗ ΒΛΕΦΑΡΟΠΤΩΣΗΣ. ΕΚΤΟΜΗ Ή ΔΙΕΥΘΕΤΗΣΗ ΑΝ,Surgical,180,2260
X715771,"ΔΙΟΡΘΩΣΗ ΒΛΕΦΑΡΟΠΤΩΣΗΣ, ΤΕΧΝΙΚΗ ΑΝΩ ΟΡΘΟΥ ΜΥΟΣ ΜΕ ",Surgical,120,2130
X715775,"ΔΙΟΡΘΩΣΗ ΒΛΕΦΑΡΟΠΤΩΣΗΣ, ΕΚΤΟΜΗ ΤΑΡΣΟΕΠΙΠΕΦΥΚΟΤΑΑ, ",Surgical,120,900
X715777,ΧΕΙΡΟΥΡΓΙΚΗ ΥΠΕΡΔΙΟΡΘΩΣΗΣ ΠΤΩΣΗΣ,Surgical,120,610
X715781,ΔΙΟΡΘΩΣΗ ΣΥΣΠΑΣΗΣ ΒΛΕΦΑΡΟΥ,Surgical,80,930
X715783,ΔΙΟΡΘΩΣΗ ΛΑΓΟΦΘΑΛΜΟΥ ΜΕ ΕΜΦΥΤΕΥΣΗ ΒΛΕΦΑΡΙΚΟΥ ΦΟΡΤΙ,Surgical,120,1090
X715787,"ΑΠΟΚΑΤΑΣΤΑΣΗ ΤΟΥ ΕΚΤΡΟΠΙΟΥ, ΣΥΡΡΑΦΗ",Surgical,80,1410
X715789,"ΑΠΟΚΑΤΑΣΤΑΣΗ ΤΟΥ ΕΚΤΡΟΠΙΟΥ, ΘΕΡΜΟΚΑΥΤΗΡΙΑΣΗ",Surgical,120,1570
X715791,"ΑΠΟΚΑΤΑΣΤΑΣΗ ΤΟΥ ΕΚΤΡΟΠΙΟΥ, ΣΦΗΝΟΕΙΔΗΣ ΕΚΤΟΜΗ ΤΑΡΣ",Surgical,150,2180
X715793,"ΑΠΟΚΑΤΑΣΤΑΣΗ ΤΟΥ ΕΚΤΡΟΠΙΟΥ, ΕΥΡΕΙΑ (Π.Χ. ΕΠΕΜΒΑΣΕΙ",Surgical,80,1890
X715801,"ΑΠΟΚΑΤΑΣΤΑΣΗ ΤΟΥ ΕΝΤΡΟΠΙΟΥ, ΣΥΡΡΑΦΗ",Surgical,120,530
X715803,"ΑΠΟΚΑΤΑΣΤΑΣΗ ΤΟΥ ΕΝΤΡΟΠΙΟΥ, ΘΕΡΜΟΚΑΥΤΗΡΙΑΣΗ",Surgical,160,690
X715805,"ΑΠΟΚΑΤΑΣΤΑΣΗ ΤΟΥ ΕΝΤΡΟΠΙΟΥ, ΣΦΗΝΟΕΙΔΗΣ ΕΚΤΟΜΗ ΤΑΡΣ",Surgical,120,1300
X715807,"ΑΠΟΚΑΤΑΣΤΑΣΗ ΤΟΥ ΕΝΤΡΟΠΙΟΥ, ΕΥΡΕΙΑ (Π.Χ. ΔΙΟΡΘΩΤΙΚ",Surgical,120,1010
X715819,"ΣΥΡΡΑΦΗ ΠΡΟΣΦΑΤΟΥ ΤΡΑΥΜΑΤΟΣ, ΒΛΕΦΑΡΟ, ΣΥΜΠΕΡΙΛΑΜΒΑ",Surgical,120,1970
X715829,"ΣΥΡΡΑΦΗ ΠΡΟΣΦΑΤΟΥ ΤΡΑΥΜΑΤΟΣ, ΒΛΕΦΑΡΟ, ΣΥΜΠΕΡΙΛΑΜΒΑ",Surgical,80,770
X715835,"ΑΦΑΙΡΕΣΗ ΕΜΦΥΤΕΥΜΕΝΟΥ ΞΕΝΟΥ ΣΩΜΑΤΟΣ, ΒΛΕΦΑΡΟ",Surgical,120,1700
X715859,ΚΑΝΘΟΠΛΑΣΤΙΚΗ (ΑΠΟΚΑΤΑΣΤΑΣΗ ΚΑΝΘΟΥ),Surgical,80,1170
X715881,"ΕΚΤΟΜΗ ΚΑΙ ΑΠΟΚΑΤΑΣΤΑΣΗ ΒΛΕΦΑΡΟΥ, ΠΕΡΙΛΑΜΒΑΝΕΙ ΤΟ ",Surgical,150,1380
X715891,"ΕΚΤΟΜΗ ΚΑΙ ΑΠΟΚΑΤΑΣΤΑΣΗ ΒΛΕΦΑΡΟΥ, ΠΟΥ ΠΕΡΙΛΑΜΒΑΝΕΙ",Surgical,150,2180
X715901,"ΑΠΟΚΑΤΑΣΤΑΣΗ ΒΛΕΦΑΡΟΥ, ΜΟΣΧΕΥΜΑ ΟΛΙΚΟΥ ΠΑΧΟΥΣ ΜΕ Μ",Surgical,80,530
X715905,"ΑΠΟΚΑΤΑΣΤΑΣΗ ΒΛΕΦΑΡΟΥ, ΜΟΣΧΕΥΜΑ ΟΛΙΚΟΥ ΠΑΧΟΥΣ ΜΕ Μ",Surgical,160,850
X715907,"ΑΠΟΚΑΤΑΣΤΑΣΗ ΒΛΕΦΑΡΟΥ, ΜΟΣΧΕΥΜΑ ΟΛΙΚΟΥ ΠΑΧΟΥΣ ΜΕ Μ",Surgical,80,1010
X715909,"ΑΠΟΚΑΤΑΣΤΑΣΗ ΒΛΕΦΑΡΟΥ, ΜΟΣΧΕΥΜΑ ΟΛΙΚΟΥ ΠΑΧΟΥΣ ΜΕ Μ",Surgical,120,1170
X715957,"ΜΗ ΚΑΤΑΓΕΓΡΑΜΜΕΝΗ ΔΙΑΔΙΚΑΣΙΑ, ΒΛΕΦΑΡΑ",Surgical,120,1010
X715999,"ΤΟΜΗ ΕΠΙΠΕΦΥΚΟΤΑ, ΠΑΡΟΧΕΤΕΥΣΗ ΚΥΣΤΗΣ",Surgical,120,2370
X716039,ΕΚΘΛΙΨΗ ΘΥΛΑΚΙΩΝ ΕΠΙΠΕΦΥΚΟΤΑ (Π.Χ. ΓΙΑ ΤΡΑΧΩΜΑ),Surgical,120,1570
X716159,ΒΙΟΨΙΑ ΕΠΙΠΕΦΥΚΟΤΑ,Surgical,120,1170
X716179,"ΕΚΤΟΜΗ ΒΛΑΒΗΣ, ΕΠΙΠΕΦΥΚΟΤΑ, ΕΩΣ ΚΑΙ 1 CM",Surgical,240,1220
X716189,"ΕΚΤΟΜΗ ΒΛΑΒΗΣ, ΕΠΙΠΕΦΥΚΟΤΑ, ΠΑΝΩ ΑΠΟ 1 CM",Surgical,240,2020
X716219,"ΕΚΤΟΜΗ ΒΛΑΒΗΣ, ΕΠΙΠΕΦΥΚΟΤΑ, ΜΕ ΠΑΡΑΚΕΙΜΕΝΟ ΣΚΛΗΡΟ ",Surgical,240,2420
X716229,"ΚΑΤΑΣΤΡΟΦΗ ΒΛΑΒΗΣ, ΕΠΙΠΕΦΥΚΟΤΑΣ",Surgical,80,770
X716359,ΕΝΕΣΗ ΥΠΟ ΤΟΝ ΕΠΙΠΕΦΥΚΟΤΑ,Surgical,160,1170
X716599,"ΕΠΙΠΕΦΥΚΟΠΛΑΣΤΙΚΗ, ΜΕ ΜΟΣΧΕΥΜΑ ΕΠΙΠΕΦΥΚΟΤΑ Η ΕΥΡΕΙ",Surgical,160,2370
X716609,"ΕΠΙΠΕΦΥΚΟΠΛΑΣΤΙΚΗ, ΜΕ ΜΟΣΧΕΥΜΑ ΒΛΕΝΝΟΓΟΝΟΥ ΠΑΡΕΙΑΣ",Surgical,120,1170
X716611,"ΕΠΙΠΕΦΥΚΟΠΛΑΣΤΙΚΗ, ΑΠΟΚΑΤΑΣΤΑΣΗ CUL-DE-SAC, ΜΕ ΜΟΣ",Surgical,160,1330
X716615,"ΕΠΙΠΕΦΥΚΟΠΛΑΣΤΙΚΗ, ΑΠΟΚΑΤΑΣΤΑΣΗ CUL-DE-SAC, ΜΕ ΜΟΣ",Surgical,120,1650
X716619,"ΑΠΟΚΑΤΑΣΤΑΣΗ ΣΥΜΒΛΕΦΑΡΟΥ, ΕΠΙΠΕΦΥΚΟΠΛΑΣΤΙΚΗ, ΧΩΡΙΣ",Surgical,80,1970
X716629,"ΑΠΟΚΑΤΑΣΤΑΣΗ ΣΥΜΒΛΕΦΑΡΟΥ, ΜΕ ΕΛΕΥΘΕΡΟ ΜΟΣΧΕΥΜΑ ΕΠΙ",Surgical,160,770
X716639,"ΑΠΟΚΑΤΑΣΤΑΣΗ ΣΥΜΒΛΕΦΑΡΟΥ, ΔΙΑΙΡΕΣΗ ΣΥΜΒΛΕΦΑΡΟΥ, ΜΕ",Surgical,120,1570
X716679,"ΚΡΗΜΝΟΣ ΕΠΙΠΕΦΥΚΟΤΑ, ΓΕΦΥΡΑ Η ΜΕΡΙΚΟΣ (ΞΕΧΩΡΙΣΤΗ Δ",Surgical,80,770
X716683,"ΚΡΗΜΝΟΣ ΕΠΙΠΕΦΥΚΟΤΑ, ΟΛΙΚΟΥ ΠΑΧΟΥΣ (ΟΠΩΣ ΛΕΠΤΟΣ ΚΡ",Surgical,160,1090
X716701,"ΛΗΨΗ ΑΛΛΟΜΟΣΧΕΥΜΑΤΟΣ ΕΠΙΠΕΦΥΚΟΤΑ, ΔΟΤΗΣ ΕΝ ΖΩΗ",Surgical,160,530
X716757,"ΜΗ ΚΑΤΑΓΕΓΡΑΜΜΕΝΗ ΔΙΑΔΙΚΑΣΙΑ, ΕΠΙΠΕΦΥΚΟΤΑΣ",Surgical,80,1010
X716759,"ΔΙΑΝΟΙΞΗ, ΠΑΡΟΧΕΤΕΥΣΗ ΔΑΚΡΥΪΚΟΥ ΑΔΕΝΑ",Surgical,120,1170
X716799,"ΔΙΑΝΟΙΞΗ, ΠΑΡΟΧΕΤΕΥΣΗ ΔΑΚΡΥΪΚΟΥ ΑΣΚΟΥ (ΔΑΚΡΥΟΚΥΣΤΟ",Surgical,80,2370
X716839,ΤΟΜΗ ΤΟΥ ΔΑΚΡΥΪΚΟΥ ΦΥΜΑΤΟΣ ΜΕ ΨΑΛΙΔΙ,Surgical,160,1570
X716959,"ΕΚΤΟΜΗ ΔΑΚΡΥΪΚΟΥ ΑΔΕΝΑ (ΔΑΚΡΥΟΑΔΕΝΕΚΤΟΜΗ), ΕΚΤΟΣ Α",Surgical,240,1620
X716969,"ΕΚΤΟΜΗ ΔΑΚΡΥΪΚΟΥ ΑΔΕΝΑ (ΔΑΚΡΥΟΑΔΕΝΕΚΤΟΜΗ), ΕΚΤΟΣ Α",Surgical,240,2420
X716979,ΒΙΟΨΙΑ ΔΑΚΡΥΪΚΟΥ ΑΔΕΝΑ,Surgical,80,770
X716999,ΕΚΤΟΜΗ ΔΑΚΡΥΪΚΟΥ ΑΣΚΟΥ (ΔΑΚΡΥΟΚΥΣΤΕΚΤΟΜΗ),Surgical,240,2820
X717009,ΒΙΟΨΙΑ ΔΑΚΡΥΪΚΟΥ ΑΣΚΟΥ,Surgical,120,1170
X717019,"ΑΦΑΙΡΕΣΗ ΞΕΝΟΥ ΣΩΜΑΤΟΣ Η ΔΑΚΡΥΟΛΙΘΟΥ, ΔΑΚΡΥΪΚΕΣ ΔΙ",Surgical,240,2420
X717039,"ΕΚΤΟΜΗ ΟΓΚΟΥ ΔΑΚΡΥΪΚΟΥ ΑΔΕΝΑ, ΜΕΤΩΠΙΑΙΑ ΠΡΟΣΕΓΓΙΣΗ",Surgical,240,2020
X717059,"ΕΚΤΟΜΗ ΟΓΚΟΥ ΔΑΚΡΥΪΚΟΥ ΑΔΕΝΑ, ΠΕΡΙΛΑΜΒΑΝΕΙ ΟΣΤΕΟΤΟ",Surgical,240,1620
X717359,ΠΛΑΣΤΙΚΗ ΑΠΟΚΑΤΑΣΤΑΣΗ ΠΟΡΩΝ,Surgical,160,1170
X717369,"ΑΠΟΚΑΤΑΣΤΑΣΗ ΑΝΕΣΤΡΑΜΜΕΝΟΥ ΣΗΜΕΙΟΥ, ΚΑΥΤΗΡΙΑΣΗ",Surgical,120,1970
X717399,ΔΑΚΡΥΟΚΥΣΤΟΡΙΝΟΣΤΟΜΙΑ (ΣΥΡΡΙΓΓΟΠΟΙΗΣΗ ΤΟΥ ΔΑΚΡΥΪΚΟ,Surgical,120,2370
X717449,ΕΠΙΠΕΦΥΚΟΡΙΝΟΣΤΟΜΙΑ (ΣΥΡΙΓΓΟΠΟΙΗΣΗ ΤΟΥ ΕΠΙΠΕΦΥΚΟΤΑ,Surgical,160,2370
X717459,ΕΠΙΠΕΦΥΚΟΡΙΝΟΣΤΟΜΙΑ (ΣΥΡΙΓΓΟΠΟΙΗΣΗ ΤΟΥ ΕΠΙΠΕΦΥΚΟΤΑ,Surgical,120,1170
X717479,"ΣΥΓΚΛΕΙΣΗ ΔΑΚΡΥΪΚΟΥ ΦΥΜΑΤΟΣ, ΜΕ ΘΕΡΜΟΚΑΥΤΗΡΙΑΣΗ, Α",Surgical,160,770
X717481,"ΣΥΓΚΛΕΙΣΗ ΔΑΚΡΥΪΚΟΥ ΦΥΜΑΤΟΣ, ΜΕ ΒΥΣΜΑ, ΚΑΘΕΝΑ",Surgical,80,930
X717499,ΣΥΓΚΛΕΙΣΗ ΔΑΚΡΥΪΚΟΥ ΣΥΡΙΓΓΙΟΥ (ΞΕΧΩΡΙΣΤΗ ΔΙΑΔΙΚΑΣΙ,Surgical,80,2370
X717561,"ΔΙΑΣΤΟΛΗ ΔΑΚΡΥΪΚΟΥ ΦΥΜΑΤΟΣ, ΜΕ Η ΧΩΡΙΣ ΕΚΠΛΥΣΗ",Surgical,120,1330
X717579,"ΔΙΕΡΕΥΝΗΣΗ ΡΙΝΟΔΑΚΡΥΪΚΟΥ ΠΟΡΟΥ, ΜΕ Η ΧΩΡΙΣ ΕΚΠΛΥΣΗ",Surgical,120,770
X717581,"ΔΙΕΡΕΥΝΗΣΗ ΡΙΝΟΔΑΚΡΥΪΚΟΥ ΠΟΡΟΥ, ΜΕ Η ΧΩΡΙΣ ΕΚΠΛΥΣΗ",Surgical,160,930
X717589,"ΔΙΕΡΕΥΝΗΣΗ ΡΙΝΟΔΑΚΡΥΪΚΟΥ ΠΟΡΟΥ, ΜΕ Η ΧΩΡΙΣ ΕΚΠΛΥΣΗ",Surgical,80,1570
X717591,"ΔΙΕΡΕΥΝΗΣΗ ΡΙΝΟΔΑΚΡΥΪΚΟΥ ΠΟΡΟΥ, ΜΕ Η ΧΩΡΙΣ ΕΚΠΛΥΣΗ",Surgical,120,1730
X717639,"ΔΙΕΡΕΥΝΗΣΗ ΔΑΚΡΥΪΚΩΝ ΠΟΡΩΝ, ΜΕ Η ΧΩΡΙΣ ΕΚΠΛΥΣΗ",Surgical,120,1570
X717659,ΕΓΧΥΣΗ ΣΚΙΑΓΡΑΦΙΚΟΥ ΥΛΙΚΟΥ ΓΙΑ ΔΑΚΡΥΟΚΥΣΤΟΓΡΑΦΙΑ,Surgical,160,1170
X717757,"ΜΗ ΚΑΤΑΓΕΓΡΑΜΜΕΝΗ ΔΙΑΔΙΚΑΣΙΑ, ΔΑΚΡΥΪΚΟ ΣΥΣΤΗΜΑ",Surgical,80,1010
X717959,"ΠΑΡΟΧΕΤΕΥΣΗ ΕΞΩ ΟΥΣ, ΑΠΟΣΤΗΜΑ Η ΑΙΜΑΤΩΜΑ, ΑΠΛΟ",Surgical,160,1170
X717969,"ΠΑΡΟΧΕΤΕΥΣΗ ΕΞΩ ΟΥΣ, ΑΠΟΣΤΗΜΑ Η ΑΙΜΑΤΩΜΑ, ΕΠΙΠΕΠΛΕ",Surgical,120,1970
X717999,"ΠΑΡΟΧΕΤΕΥΣΗ ΕΞΩ ΑΚΟΥΣΤΙΚΟΣ ΠΟΡΟΣ, ΑΠΟΣΤΗΜΑ",Surgical,120,2370
X718139,ΔΙΑΤΡΗΣΗ ΤΥΜΠΑΝΙΚΟΥ ΥΜΕΝΑ,Surgical,80,1570
X718159,ΒΙΟΨΙΑ ΕΞΩ ΟΥΣ,Surgical,120,1170
X718169,ΒΙΟΨΙΑ ΕΞΩ ΑΚΟΥΣΤΙΚΟΣ ΠΟΡΟΣ,Surgical,80,1970
X718179,"ΕΚΤΟΜΗ ΕΞΩ ΟΥΣ, ΜΕΡΙΚΗ, ΑΠΛΗ ΔΙΟΡΘΩΣΗ",Surgical,240,1220
X718199,"ΕΚΤΟΜΗ ΕΞΩ ΟΥΣ, ΟΛΙΚΟΣ ΑΚΡΩΤΗΡΙΑΣΜΟΣ",Surgical,240,2820
X718239,"ΕΚΤΟΜΗ ΕΞΟΣΤΩΣΙΣ(ΕΙΣ), ΕΞΩ ΑΚΟΥΣΤΙΚΟΣ ΠΟΡΟΣ",Surgical,240,2020
X718249,"ΕΚΤΟΜΗ, ΒΛΑΒΗ ΜΑΛΑΚΟΥ ΙΣΤΟΥ, ΕΞΩ ΑΚΟΥΣΤΙΚΟΣ ΠΟΡΟΣ",Surgical,240,2820
X718259,"ΡΙΖΙΚΗ ΕΚΤΟΜΗ, ΒΛΑΒΗ ΕΞΩ ΑΚΟΥΣΤΙΚΟΥ ΠΟΡΟΥ, ΧΩΡΙΣ Κ",Surgical,240,1620
X718269,"ΡΙΖΙΚΗ ΕΚΤΟΜΗ, ΒΛΑΒΗ ΕΞΩ ΑΚΟΥΣΤΙΚΟΥ ΠΟΡΟΥ, ΜΕ ΚΑΘΑ",Surgical,240,2420
X718359,"ΑΦΑΙΡΕΣΗ ΞΕΝΟΥ ΣΩΜΑΤΟΣ ΑΠΟ ΕΞΩ ΑΚΟΥΣΤΙΚΟ ΠΟΡΟ, ΧΩΡ",Surgical,240,1620
X718369,"ΑΦΑΙΡΕΣΗ ΞΕΝΟΥ ΣΩΜΑΤΟΣ ΑΠΟ ΕΞΩ ΑΚΟΥΣΤΙΚΟ ΠΟΡΟ, ΜΕ ",Surgical,240,2420
X718379,"ΑΦΑΙΡΕΣΗ ΕΝΣΦΗΝΩΜΕΝΗΣ ΚΥΨΕΛΙΔΑΣ, (ΞΕΧΩΡΙΣΤΗ ΔΙΑΔΙΚ",Surgical,240,1220
X718399,"ΝΕΑΡΟΠΟΙΗΣΗ, ΚΟΙΛΟΤΗΤΑ ΜΑΣΤΟΕΙΔΕΚΤΟΜΗΣ, ΑΠΛΟΣ (Π.Χ",Surgical,240,2820
X718403,"ΝΕΑΡΟΠΟΙΗΣΗ, ΚΟΙΛΟΤΗΤΑ ΜΑΣΤΟΕΙΔΕΚΤΟΜΗΣ, ΣΥΝΘΕΤΟΣ (",Surgical,210,1140
X718559,"ΩΤΟΠΛΑΣΤΙΚΗ, ΑΦΕΣΤΩΤΑ ΩΤΑ, ΜΕ Η ΧΩΡΙΣ ΜΕΙΩΣΗ ΜΕΓΕΘ",Surgical,80,1170
X718579,ΑΠΟΚΑΤΑΣΤΑΣΗ ΤΟΥ ΕΞΩ ΑΚΟΥΣΤΙΚΟΥ ΠΟΡΟΥ (ΠΟΡΟΠΛΑΣΤΙΚ,Surgical,120,770
X718599,ΑΠΟΚΑΤΑΣΤΑΣΗ ΤΟΥ ΕΞΩ ΑΚΟΥΣΤΙΚΟΥ ΠΟΡΟΥ ΓΙΑ ΣΥΓΓΕΝΗ ,Surgical,160,2370
X718757,"ΜΗ ΚΑΤΑΓΕΓΡΑΜΜΕΝΗ ΔΙΑΔΙΚΑΣΙΑ, ΕΞΩ ΟΥΣ",Surgical,80,1010
X718759,"ΔΙΑΣΤΟΛΗ ΕΥΣΤΑΧΙΑΝΗΣ ΣΑΛΠΙΓΓΑΣ, ΔΙΑΡΙΝΙΚΗ, ΜΕ ΚΑΘΕ",Surgical,120,1170
X718761,"ΔΙΑΣΤΟΛΗ ΕΥΣΤΑΧΙΑΝΗΣ ΣΑΛΠΙΓΓΑΣ, ΔΙΑΡΙΝΙΚΗ, ΧΩΡΙΣ Κ",Surgical,160,1330
X718769,"ΚΑΘΕΤΗΡΙΑΣΜΟΣ ΕΥΣΤΑΧΙΑΝΗΣ ΣΑΛΠΙΓΓΑΣ, ΔΙΑΤΥΜΠΑΝΙΚΟΣ",Surgical,80,1970
X718799,ΜΥΡΙΓΓΟΤΟΜΗ ΠΕΡΙΛΑΜΒΑΝΟΥΣΑ ΑΝΑΡΡΟΦΗΣΗ ΚΑΙ/Η ΔΙΑΤΑΣ,Surgical,80,2370
X718801,ΜΥΡΙΓΓΟΤΟΜΗ ΠΕΡΙΛΑΜΒΑΝΟΥΣΑ ΑΝΑΡΡΟΦΗΣΗ ΚΑΙ/Η ΔΙΑΤΑΣ,Surgical,120,530
X718807,ΑΦΑΙΡΕΣΗ ΣΩΛΗΝΙΣΚΟΥ ΑΕΡΙΣΜΟΥ ΑΠΑΙΤΕΙ ΓΕΝΙΚΗ ΑΝΑΙΣΘ,Surgical,180,1460
X718825,ΤΥΜΠΑΝΟΣΤΟΜΙΑ (ΑΠΑΙΤΕΙ ΕΙΣΑΓΩΓΗ ΣΩΛΗΝΙΣΚΟΥ ΑΕΡΙΣΜΟ,Surgical,120,450
X718831,ΤΥΜΠΑΝΟΣΤΟΜΙΑ (ΑΠΑΙΤΕΙ ΕΙΣΑΓΩΓΗ ΣΩΛΗΝΙΣΚΟΥ ΑΕΡΙΣΜΟ,Surgical,120,930
X718839,ΔΙΕΡΕΥΝΗΣΗ ΜΕΣΟΥ ΟΥΣ ΜΕΣΩ ΟΠΙΣΘΩΤΙΑΙΑΣ ΤΟΜΗΣ Η ΕΝΔ,Surgical,160,1570
X718859,ΛΥΣΗ ΣΥΜΦΥΣΕΩΝ ΜΕΣΩ ΩΤΟΣ ΜΕΣΩ ΕΝΔΟΩΤΙΑΙΑΣ ΠΡΟΣΠΕΛΑ,Surgical,80,1170
X718961,ΔΙΑΜΑΣΤΟΕΙΔΙΚΗ ΑΝΤΡΟΤΟΜΗ (ΑΠΛΗ ΜΑΣΤΟΕΙΔΕΚΤΟΜΗ),Surgical,150,1780
X718963,"ΜΑΣΤΟΕΙΔΕΚΤΟΜΗ, ΡΙΖΙΚΗ",Surgical,210,1940
X718969,"ΜΑΣΤΟΕΙΔΕΚΤΟΜΗ, ΤΡΟΠΟΠΟΙΗΜΕΝΗ ΡΙΖΙΚΗ",Surgical,240,2420
X718981,"ΜΑΣΤΟΕΙΔΕΚΤΟΜΗ, ΡΙΖΙΚΗ",Surgical,150,1380
X719019,ΕΚΤΟΜΗ ΑΠΟΦΥΣΗΣ ΛΙΘΟΕΙΔΟΥΣ ΟΣΤΟΥ ΠΕΡΙΛΑΜΒΑΝΟΥΣΑ ΡΙ,Surgical,240,2420
X719029,"ΕΚΤΟΜΗ ΚΡΟΤΑΦΙΚΟΥ ΟΣΤΟΥ, ΕΞΩΤΕΡΙΚΗ ΠΡΟΣΠΕΛΑΣΗ",Surgical,240,1220
X719039,ΕΚΤΟΜΗ ΩΤΙΚΟΥ ΠΟΛΥΠΟΔΑ,Surgical,240,2020
X719059,"ΕΚΤΟΜΗ ΩΤΙΚΟΥ ΠΑΡΑΓΑΓΓΛΙΩΜΑΤΟΣ (GLOMUS TUMOUR), ΔΙ",Surgical,240,1620
X719063,"ΕΚΤΟΜΗ ΩΤΙΚΟΥ ΠΑΡΑΓΑΓΓΛΙΩΜΑΤΟΣ (GLOMUS TUMOUR), ΔΙ",Surgical,210,1940
X719067,"ΕΚΤΟΜΗ ΩΤΙΚΟΥ ΠΑΡΑΓΑΓΓΛΙΩΜΑΤΟΣ (GLOMUS TUMOUR), --",Surgical,180,2260
X719161,"ΑΝΑΘΕΩΡΗΣΗ ΜΑΣΤΟΕΙΔΕΚΤΟΜΗΣ, ΚΑΤΑΛΗΓΟΥΣΑ ΣΕ ΟΛΙΚΗ Μ",Surgical,150,1780
X719163,"ΑΝΑΘΕΩΡΗΣΗ ΜΑΣΤΟΕΙΔΕΚΤΟΜΗΣ, ΚΑΤΑΛΗΓΟΥΣΑ ΣΕ ΤΡΟΠΟΠΟ",Surgical,210,1940
X719165,"ΑΝΑΘΕΩΡΗΣΗ ΜΑΣΤΟΕΙΔΕΚΤΟΜΗΣ, ΚΑΤΑΛΗΓΟΥΣΑ ΣΕ ΡΙΖΙΚΗ ",Surgical,120,2100
X719167,"ΑΝΑΘΕΩΡΗΣΗ ΜΑΣΤΟΕΙΔΕΚΤΟΜΗΣ, ΚΑΤΑΛΗΓΟΥΣΑ ΣΕ ΤΥΜΠΑΝΟ",Surgical,180,2260
X719169,"ΑΝΑΘΕΩΡΗΣΗ ΜΑΣΤΟΕΙΔΕΚΤΟΜΗΣ, ΜΕ ΕΚΤΟΜΗ ΑΠΟΦΥΣΗΣ",Surgical,240,2420
X719179,"ΑΠΟΚΑΤΑΣΤΑΣΗ ΤΥΜΠΑΝΙΚΗΣ ΜΕΜΒΡΑΝΗΣ, ΜΕ Η ΧΩΡΙΣ ΠΡΟΕ",Surgical,160,770
X719199,ΜΥΡΙΓΓΟΠΛΑΣΤΙΚΗ,Surgical,80,2370
X719221,ΤΥΜΠΑΝΟΠΛΑΣΤΙΚΗ ΧΩΡΙΣ ΜΑΣΤΟΕΙΔΕΚΤΟΜΗ (ΠΕΡΙΛΑΜΒΑΝΕΙ,Surgical,150,2580
X719223,ΤΥΜΠΑΝΟΠΛΑΣΤΙΚΗ ΧΩΡΙΣ ΜΑΣΤΟΕΙΔΕΚΤΟΜΗ (ΠΕΡΙΛΑΜΒΑΝΕΙ,Surgical,210,2740
X719225,ΤΥΜΠΑΝΟΠΛΑΣΤΙΚΗ ΧΩΡΙΣ ΜΑΣΤΟΕΙΔΕΚΤΟΜΗ (ΠΕΡΙΛΑΜΒΑΝΕΙ,Surgical,120,900
X719229,ΤΥΜΠΑΝΟΠΛΑΣΤΙΚΗ ΜΕ ΑΝΤΡΟΤΟΜΗ Η ΜΑΣΤΟΪΔΟΤΟΜΗ (ΠΕΡΙΛ,Surgical,80,770
X719231,ΤΥΜΠΑΝΟΠΛΑΣΤΙΚΗ ΜΕ ΑΝΤΡΟΤΟΜΗ Η ΜΑΣΤΟΪΔΟΤΟΜΗ (ΠΕΡΙΛ,Surgical,120,930
X719233,ΤΥΜΠΑΝΟΠΛΑΣΤΙΚΗ ΜΕ ΑΝΤΡΟΤΟΜΗ Η ΜΑΣΤΟΪΔΟΤΟΜΗ (ΠΕΡΙΛ,Surgical,160,1090
X719241,ΤΥΜΠΑΝΟΠΛΑΣΤΙΚΗ ΜΕ ΜΑΣΤΟΕΙΔΕΚΤΟΜΗ (ΠΕΡΙΛΑΜΒΑΝΕΙ ΠΟ,Surgical,150,2180
X719243,ΤΥΜΠΑΝΟΠΛΑΣΤΙΚΗ ΧΩΡΙΣ ΜΑΣΤΟΕΙΔΕΚΤΟΜΗ (ΠΕΡΙΛΑΜΒΑΝΕΙ,Surgical,210,2340
X719245,ΤΥΜΠΑΝΟΠΛΑΣΤΙΚΗ ΜΕ ΜΑΣΤΟΕΙΔΕΚΤΟΜΗ (ΠΕΡΙΛΑΜΒΑΝΕΙ ΠΟ,Surgical,120,2500
X719247,ΤΥΜΠΑΝΟΠΛΑΣΤΙΚΗ ΜΕ ΜΑΣΤΟΕΙΔΕΚΤΟΜΗ (ΠΕΡΙΛΑΜΒΑΝΕΙ ΠΟ,Surgical,180,2660
X719249,ΤΥΜΠΑΝΟΠΛΑΣΤΙΚΗ ΜΕ ΜΑΣΤΟΕΙΔΕΚΤΟΜΗ (ΠΕΡΙΛΑΜΒΑΝΕΙ ΠΟ,Surgical,240,2820
X719251,ΤΥΜΠΑΝΟΠΛΑΣΤΙΚΗ ΜΕ ΜΑΣΤΟΕΙΔΕΚΤΟΜΗ (ΠΕΡΙΛΑΜΒΑΝΕΙ ΠΟ,Surgical,150,980
X719259,ΚΙΝΗΤΟΠΟΙΗΣΗ ΑΝΑΒΟΛΕΑ,Surgical,80,1170
X719279,ΑΝΑΒΟΛΟΤΟΜΗ ΜΕ ΕΠΑΝΑΣΥΣΤΑΣΗ ΤΗΣ ΑΚΟΥΣΤΙΚΗΣ ΣΥΝΕΧΕΙ,Surgical,120,770
X719281,ΑΝΑΒΟΛΟΤΟΜΗ ΜΕ ΕΠΑΝΑΣΥΣΤΑΣΗ ΤΗΣ ΑΚΟΥΣΤΙΚΗΣ ΣΥΝΕΧΕΙ,Surgical,160,930
X719283,ΑΝΑΘΕΩΡΗΣΗ ΑΝΑΒΟΛΟΤΟΜΗΣ,Surgical,80,1090
X719291,ΑΠΟΚΑΤΑΣΤΑΣΗ ΣΥΡΙΓΓΙΟΥ ΩΟΕΙΔΟΥΣ ΘΥΡΙΔΑΣ,Surgical,120,1730
X719293,ΑΠΟΚΑΤΑΣΤΑΣΗ ΣΥΡΙΓΓΙΟΥ ΣΤΡΟΓΓΥΛΗΣ ΘΥΡΙΔΑΣ,Surgical,160,1890
X719299,ΕΞΑΛΕΙΨΗ ΜΑΣΤΟΕΙΔΟΥΣ (ΧΩΡΙΣΤΗ ΔΙΑΔΙΚΑΣΙΑ),Surgical,160,2370
X719311,ΤΥΜΠΑΝΙΚΗ ΝΕΥΡΕΚΤΟΜΗ,Surgical,150,1780
X719359,"ΑΠΟΦΡΑΞΗ ΟΠΙΣΘΩΤΙΑΙΟΥ ΣΥΡΙΓΓΙΟΥ, ΜΑΣΤΟΕΙΔΟΥΣ (ΧΩΡΙ",Surgical,160,1170
X719379,ΕΜΦΥΤΕΥΣΗ Η ΑΝΤΙΚΑΤΑΣΤΑΣΗ ΑΚΟΥΣΤΙΚΗΣ ΣΥΣΚΕΥΗΣ ΟΣΤΙ,Surgical,80,770
X719381,ΑΦΑΙΡΕΣΗ Η ΑΝΤΙΚΑΤΑΣΤΑΣΗ ΑΚΟΥΣΤΙΚΗΣ ΣΥΣΚΕΥΗΣ ΟΣΤΙΚ,Surgical,150,1380
X719387,"ΕΜΦΥΤΕΥΣΗ, ΕΝΔΟΣΤΙΚΟ ΕΜΦΥΤΕΥΜΑ, ΚΡΟΤΑΦΙΚΟ ΟΣΤΟΥΝ, ",Surgical,180,1860
X719389,"ΕΜΦΥΤΕΥΣΗ, ΕΝΔΟΣΤΙΚΟ ΕΜΦΥΤΕΥΜΑ, ΚΡΟΤΑΦΙΚΟ ΟΣΤΟΥΝ, ",Surgical,240,2020
X719393,ΑΝΤΙΚΑΤΑΣΤΑΣΗ (ΠΕΡΙΛΑΜΒΑΝΑΝΕΙ ΑΦΑΙΡΕΣΗ ΤΗΣ ΥΠΑΡΧΟΥ,Surgical,210,2340
X719395,ΑΝΤΙΚΑΤΑΣΤΑΣΗ (ΠΕΡΙΛΑΜΒΑΝΑΝΕΙ ΑΦΑΙΡΕΣΗ ΤΗΣ ΥΠΑΡΧΟΥ,Surgical,120,2500
X719399,"ΑΠΟΣΥΜΠΙΕΣΗ ΠΡΟΣΩΠΙΚΟ ΝΕΥΡΟ, ΕΝΔΟΚΡΟΤΑΦΙΚΗ, ΠΛΑΓΙΟ",Surgical,120,2370
X719409,"ΑΠΟΣΥΜΠΙΕΣΗ ΠΡΟΣΩΠΙΚΟ ΝΕΥΡΟ, ΕΝΔΟΚΡΟΤΑΦΙΚΗ, ΠΕΡΙΛΑ",Surgical,80,1170
X719439,"ΣΥΡΡΑΦΗ ΠΡΟΣΩΠΙΚΟΥ ΝΕΥΡΟΥ, ΕΝΔΟΚΡΟΤΑΦΙΚΗ, ΜΕ Η ΧΩΡ",Surgical,80,1570
X719449,"ΣΥΡΡΑΦΗ ΠΡΟΣΩΠΙΚΟ ΝΕΥΡΟ, ΕΝΔΟΚΡΟΤΑΦΙΚΗ, ΜΕ Η ΧΩΡΙΣ",Surgical,160,2370
X719557,"ΜΗ ΚΑΤΑΓΕΓΡΑΜΜΕΝΗ ΔΙΑΔΙΚΑΣΙΑ, ΜΕΣΟ ΟΥΣ",Surgical,160,1010
X719561,"ΛΑΒΥΡΙΝΘΟΤΟΜΗ, ΜΕ Η ΧΩΡΙΣ ΚΡΥΟΧΕΙΡΟΥΡΓΙΚΗ ΠΕΡΙΛΑΜΒ",Surgical,120,1330
X719563,"ΛΑΒΥΡΙΝΘΟΤΟΜΗ, ΜΕ Η ΧΩΡΙΣ ΚΡΥΟΧΕΙΡΟΥΡΓΙΚΗ ΠΕΡΙΛΑΜΒ",Surgical,210,1940
X719569,"ΕΠΕΜΒΑΣΗ ΕΝΔΟΛΕΜΦΙΚΟΥ ΣΑΚΟΥ, ΧΩΡΙΣ ΠΑΡΟΧΕΤΕΥΣΗ",Surgical,160,1970
X719571,"ΕΠΕΜΒΑΣΗ ΕΝΔΟΛΕΜΦΙΚΟΥ ΣΑΚΟΥ, ΜΕ ΠΑΡΟΧΕΤΕΥΣΗ",Surgical,80,2130
X719599,ΘΥΡΙΔΟΠΟΙΗΣΗ ΗΜΙΚΥΚΛΙΚΟΥ ΣΩΛΗΝΑ,Surgical,160,2370
X719639,ΑΝΑΘΕΩΡΗΣΗ ΕΠΕΜΒΑΣΗΣ ΘΥΡΙΔΟΠΟΙΗΣΗΣ,Surgical,120,1570
X719769,"ΛΑΒΥΡΙΝΘΟΤΟΜΗ, ΔΙΑ ΜΕΣΩ ΤΟΥ ΕΞΩ ΑΚΟΥΣΤΙΚΟΥ ΠΟΡΟΥ",Surgical,80,1970
X719779,"ΛΑΒΥΡΙΝΘΟΤΟΜΗ, ΜΕ ΜΑΣΤΟΕΙΔΕΚΤΟΜΗ",Surgical,240,1220
X719789,"ΤΟΜΗ ΑΙΘΟΥΣΑΙΟΥ ΝΕΥΡΟΥ, ΔΙΑΛΑΒΥΡΙΝΘΙΚΗ ΠΡΟΣΠΕΛΑΣΗ",Surgical,120,1570
X719819,"ΕΜΦΥΤΕΥΣΗ ΚΟΧΛΙΑΚΗΣ ΣΥΣΚΕΥΗΣ, ΜΕ Η ΧΩΡΙΣ ΜΑΣΤΟΕΙΔΕ",Surgical,240,2420
X719857,"ΜΗ ΚΑΤΑΓΕΓΡΑΜΜΕΝΗ ΔΙΑΔΙΚΑΣΙΑ, ΕΣΩ ΟΥΣ",Surgical,160,1010
X719859,"ΤΟΜΗ ΑΙΘΟΥΣΑΙΟΥ ΝΕΥΡΟΥ, ΠΡΟΣΠΕΛΑΣΗ ΔΙΑ ΜΕΣΩ ΤΟ ΜΕΣ",Surgical,80,1170
X719869,ΟΛΙΚΗ ΑΠΟΣΥΜΠΙΕΣΗ ΠΡΟΣΩΠΙΚΟΥ ΝΕΥΡΟΥ ΚΑΙ/Η ΔΙΟΡΘΩΣΗ,Surgical,160,1970
X719879,ΑΠΟΣΥΜΠΙΕΣΗ ΕΣΩ ΑΚΟΥΣΤΙΚΟΥ ΠΟΡΟΥ,Surgical,120,770
X719899,"ΑΦΑΙΡΕΣΗ ΟΓΚΟΥ, ΚΡΟΤΑΦΙΚΟ ΟΣΤΟΥΝ",Surgical,240,2820
X719917,"ΜΗ ΚΑΤΑΓΕΓΡΑΜΜΕΝΗ ΔΙΑΔΙΚΑΣΙΑ, ΚΡΟΤΑΦΙΚΟ ΟΣΤΟΥΝ, ΠΡ",Surgical,160,1810
X719939,"ΜΙΚΡΟΧΕΙΡΟΥΡΓΙΚΕΣ ΤΕΧΝΙΚΕΣ, ΑΠΑΙΤΟΥΝ ΤΗ ΧΡΗΣΗ ΧΕΙΡ",Surgical,120,1570
