ID,Name
1,Vitamin A Concentrate
2,Acetylsalicylic Acid
3,Hypericum Perforatum L
4,Tincture From Agnus Castus Fruit
5,Benzocaine
6,Dexamethasone
7,Estriol
8,Reproterol
9,Sodium Cromoglicate
10,Chlorphenamine
11,Phenylephrine
12,Paracetamol
13,Abacavir
14,Lamivudine
15,Zidovudine
16,Dabigatran Etexilate
17,Pefloxacin
18,Rivaroxaban
19,Insulin Glargine
20,Apixaban
21,Atorvastatin
22,Fentanyl
23,Brivaracetam
24,Abiraterone
25,Amoxicillin
26,Clavulanic Acid
27,Tranylcypromine
28,Erythromycin
29,Erythromycin Ethylsuccinate
30,Erythromycin Lactobionate
31,Erythromycin Stearate
32,Soft Extract Of Capsicum
33,Capsaicin
34,Soft Extract From Cayenne Pepper Fruit
35,Cayenne Pepper Soft Extract
36,Nonivamide
37,Fluid Extract From Gentian Root
38,Fluid Extract Of Wormwood
39,Fluid Extract From Melissa Leaf
40,Fluid Extract From Acorus Calamus Root
41,Fluid Extract From Angelica Root
42,Sodium Hydrogen Carbonate
43,Potassium Chloride
44,Sodium Chloride
45,Macrogol 3350
46,Lactic Acid
47,Salicylic Acid
48,Sildenafil
49,Idecabtagene Vicleucel
50,Calcium
51,Magnesium
52,Amphotericin B
53,Aripiprazole
54,Drospirenone
55,Ethinylestradiol
56,Rosuvastatin
57,Prucalopride
58,Lactose
59,Bendroflumethiazide
60,Naltrexone
61,Irbesartan
62,Amlodipine
63,Bevacizumab
64,Castor Oil
65,Sennae Folium
66,Magnesium Sulfate Heptahydrate
67,Senna Pods
68,Tinnevelly
69,Metformin
70,Fluocinolone Acetonide
71,Framycetin
72,Retinol Palmitate
73,Riboflavin
74,Thiamine
75,Ascorbic Acid
76,Ergocalciferol
77,Nicotinamide
78,Pyridoxine
79,Ibuprofen
80,Abietic Acid
81,Esomeprazole
82,Isoconazole
83,Moxifloxacin
84,Neomycin
85,Chlorobutanol
86,Menthol
87,Camphor
88,Cineole
89,Sylvestris Pine Oil
90,Bimatoprost
91,Prednisolone
92,Bilastine
93,Hydrocortisone
94,Viscum Album Abietis Ex Herba Recente Col. D30
95,Extract Of Fresh Fir Mistletoe Herb
96,Extract Of Phoradendron Leucarpum Herb
97,Extract Of Fresh Almond Mistletoe Herb
98,Extract Of Fresh Birch Mistletoe Herb
99,Extract Of Fresh Hawthorn Mistletoe Herb
100,Extract Of Fresh Ash Mistletoe Herb
101,Viscum Album Fraxini Ex Herba Recente Col. D10
102,Viscum Album Fraxini Ex Herba Recente Col. D20
103,Viscum Album Fraxini Ex Herba Recente Col. D30
104,Extract Of Apple Tree Mistletoe
105,Extract Of Fresh Pine Mistletoe Herb
106,Extract Of Fresh Oak Mistletoe Herb
107,Viscum Album Quercus Ex Herba Recente Col. D6
108,Ginkgo Biloba Extract
109,Echinacea
110,Gelsemium Sempervirens
111,Ammi Visnaga
112,Blatta Orientalis Urt
113,Cetraria Islandica
114,Datura Stramonium
115,Euspongia Officinalis
116,Natrium Sulfuricum
117,Selenicereus Grandiflorus
118,Matricaria Recutita
119,Grindelia Robusta Mother Tincture
120,Eriodictyon Californicum
121,Psychotria Ipecacuanha
122,Drosera
123,Bortezomib
124,Brimonidine
125,Fluocinonide
126,Hexetidine
127,Ruscogenin
128,Paclitaxel Albumin-Bound
129,Fluticasone Propionate
130,Formoterol
131,Dry Extract Of Hederae Folium
132,Ibandronic Acid
133,Vortioxetine
134,Ambroxol
135,Respiratory Syncytial Virus
136,Subgroup A
137,Stabilized Prefusion F Protein 847a
138,Subgroup B
139,Stabilized Prefusion F Protein 847b
140,Epoetin Alfa
141,Sodium Valproate
142,Artemisia Absinthium Ex Herba Siccata
143,Terebinthina Laricina
144,Ezetimibe
145,Terebinthinae Aetheroleum Rectificatum
146,Betulae Folium
147,Sage Leaf (Salvia Officinalis)
148,Thyme
149,Matricariae Flos
150,Melissa Leaf
151,Oxycodone
152,Beta-Alanine
153,Paclitaxel
154,Febuxostat
155,Potassium Citrate
156,Travoprost
157,Acamprosate
158,Ramipril
159,Risedronate
160,Calcium Carbonate
161,Cholecalciferol Concentrate
162,Acarbose
163,Carvedilol
164,Benzyl Benzoate
165,Dermatophagoides Pteronyssinus
166,Dermatophagoides Farinae
167,Pseudoephedrine
168,Triprolidine
169,Azelastine
170,Oxymetazoline
171,Dextromethorphan
172,Acetylcysteine
173,Filgrastim
174,Colecalciferol
175,Iohexol
176,Glucose
177,Magnesium Chloride Hexahydrate
178,Calcium Chloride
179,Levothyroxine
180,Metronidazole
181,Bisoprolol
182,Acebutolol
183,Diclofenac
184,Aceclofenac
185,Hydrochlorothiazide
186,Lisinopril
187,Captopril
188,Enalapril
189,Caffeine
190,Adapalene
191,Benzoyl Peroxide
192,Cefoperazone
193,Citalopram
194,Penfluridol
195,Acemetacin
196,Acetazolamide
197,Glucosamine
198,Acenocoumarol
199,Ciprofloxacin
200,Methylprednisolone Aceponate
201,Aminocaproic Acid
202,Allopurinol
203,Benzoic Acid
204,Malic Acid
205,Perindopril Arginine
206,Piracetam
207,Terlipressin
208,Cyproterone
209,Eslicarbazepine
210,Glatiramer
211,Potassium Acetate
212,Sodium Acetate
213,Cetirizine Dihydrochloride
214,Lysine Aspirin
215,Calcium-Sodium-Hydrogencitrate
216,Acetylleucine
217,Aciclovir
218,Folic Acid
219,Aesculus
220,Antimonit
221,Gentiana Lutea
222,Hamamelis
223,Millefolium
224,Acitretin
225,Alendronic Acid
226,Alendronate Sodium Trihydrate
227,Thioctic Acid
228,Tranexamic Acid
229,Zoledronic Acid
230,Pantoprazole Sodium Sesquihydrate
231,Omeprazole
232,"D,l-Lysine Acetylsalicylate"
233,Alendronate
234,Sodium Alendronate Trihydrate
235,Carglumic Acid
236,Fusidic Acid
237,Gadoteric Acid
238,Mycophenolic Acid
239,Tiaprofenic Acid
240,Ursodeoxycholic Acid
241,Sodium Alginate
242,Potassium Hydrogen Carbonate
243,Magnesium Carbonate Heavy
244,Boric Acid
245,Sodium Picosulfate
246,Magnesium Oxide
247,Citric Acid
248,Clodronate Disodium Tetrahydrate
249,Lidocaine
250,Ibandronate
251,Sodium Ibandronate
252,Mycophenolate
253,Trichloroacetic Acid
254,Valproic Acid
255,Icosapent Ethyl
256,Docosahexaenoic Acid Ethyl Ester
257,Doconexent
258,Icosapent
259,Omega-3-Acid Ethyl Esters 90
260,Acidum Alpha-Ketoglutaricum D200
261,Acidum Alpha-Ketoglutaricum D30
262,Acidum Alpha-Ketoglutaricum D10
263,Acidum Cis-Aconiticum D30
264,Acidum Cis-Aconiticum D200
265,Acidum Cis-Aconiticum D10
266,Acidum Citricum D10
267,Acidum Citricum D200
268,Acidum Citricum D30
269,Acidum Malicum D200
270,Acidum Malicum D30
271,Acidum Malicum D10
272,Acidum Formicicum Dil D12
273,Acidum Formicicum
274,Acidum Fumaricum D200
275,Acidum Fumaricum D30
276,Acidum Fumaricum D10
277,Nicotinic Acid
278,Acidum Phosphoricum
279,Acidum Succinicum D10
280,Acidum Succinicum D200
281,Acidum Succinicum D30
282,Acidum Arsenicosum
283,Secale Cornutum
284,Pantoprazole
285,Ferrous Gluconate
286,Rabeprazole
287,Buprenorphine
288,Methionine
289,Mefenamic Acid
290,Phenoxymethylpenicillin
291,Diethylamine Salicylate
292,Piperacillin
293,Tazobactam
294,Escitalopram
295,Pregabalin
296,Celecoxib
297,Clopidogrel
298,Ticlopidine
299,Human Antithrombin
300,Tretinoin
301,Isotretinoin
302,Clindamycin
303,Miconazole
304,Chlorhexidine Gluconate Solution
305,Chlorhexidine Gluconate
306,Zinc Acetate
307,"Adapalene, Anhydrous Benzoyl Peroxide"
308,Magnesium Phosphoricum D8
309,Aconitum Napellus D4
310,Acidum Arsenicosum D30
311,Magnesium Phosphoricum
312,Gnaphalium Polycephalum
313,Aconitum
314,Citrullus Colocynthis
315,Dexpanthenol
316,Aconitum Napellus D30
317,Topiramate
318,Naphazoline
319,Lavender Oil
320,Quarz Oleos
321,Aconitum Napellus E Tubere Ferm 33c Oleos
322,Aconitum Napellus E Tubere Ferm 33c
323,Atropa Belladonna E Radice Ferm 33b
324,Toxicodendron Quercifolium E Foliis Ferm 33d
325,Aconitum Napellus E Tubere W 5%
326,Aconitum Napellus Rh
327,Bryonia Trit. D 3
328,Ferrum Phosphoricum Trit D 2
329,Belladonna Trit. D3
330,Aconitum Trit. D3
331,Gelsemium Trit. D3
332,Bryonia Cretica Ferm 33b
333,Cinchona Succirubra E Cortice Ferm 35b
334,Eucalyptus Globulus E Foliis Ferm 33d
335,Eupatorium Cannabinum Ex Herba Ferm 33c
336,Eucalyptus Globulus
337,Aconitum Napellus
338,Tiotropium
339,Tadalafil
340,Budesonide
341,Etoricoxib
342,Chloroquine
343,Acrivastine
344,Nimesulide
345,Montelukast
346,Telmisartan
347,Arnica Montana C4
348,Cimicifuga Racemosa C4
349,Sanguinaria Canadensis C4
350,Nitroglycerinum C4
351,Lachesis C5
352,Haemophilus Type B Conjugate Vaccine (Tetanus Toxoid Conjugate)
353,Tetanus Protein
354,Tetanus Toxoid
355,Charcoal
356,Papaverine
357,Doxycycline
358,Xylometazoline
359,Diphenhydramine
360,Guaifenesin
361,Fluorouracil
362,Deanol Acetamidobenzoate
363,Hesperidin Methyl Chalcone
364,Magnesium Glycerophosphate
365,Alteplase
366,Magnesium Pidolate
367,Modafinil
368,Morphine
369,Octenidine Dihydrochloride
370,Phenoxyethanol
371,Saccharomyces Cerevisiae Type D Extract
372,Sodium Disulfide
373,Sodium Sulfide Nonahydrate
374,Saccharomyces Cerevisiae
375,Promethazine
376,Carbocisteine
377,Betacarotene
378,Biotin
379,Cyanocobalamin
380,Phytomenadione
381,Rutoside
382,Zinc
383,Chromium
384,Copper
385,Iodine
386,Iron
387,Manganese
388,Pantothenic Acid
389,Phosphorus
390,Selenium
391,Retinol
392,Alpha-Tocopherol
393,Molybdenum
394,Lutein
395,P-Aminobenzoic Acid
396,Lycopene
397,Boron
398,Vanadium
399,Glycine
400,Succinic Acid
401,Norethisterone
402,Estradiol
403,Estradiol Hemihydrate
404,Etofenamate
405,Pelargonium Sidoides Dc Root Liquid Extract
406,Risedronate Monosodium
407,Atropine
408,Peppermint Oil
409,Aluminium Hydroxide Gel
410,Magnesium Carbonate
411,Magnesium Trisilicate
412,Simeticone
413,Magnesium Hydroxide
414,Aluminium Hydroxide
415,Pioglitazone
416,Urokinase
417,Deproteinised Hemoderivative Of Calf Blood
418,Insulin Human
419,Naproxen
420,Hedera Helix Dry Extract
421,Benzydamine
422,Nitrous Oxide
423,Oxygen
424,Quinapril
425,Ketorolac Trometamol
426,Galantamine
427,Hypromellose
428,Nefopam
429,Atracurium
430,Loperamide
431,Denosumab
432,Aluminium Hydroxide-Magnesium Carbonate Co-Dried Gel
433,Algeldrate
434,Solifenacin
435,Aluminium Phosphate
436,Diphtheria Toxoid
437,Pertussis Toxoid
438,Pertussis Filamentous Haemagglutinin
439,Pertussis Pertactin
440,Pertussis Fimbrial Agglutinogens (Fim) 2 And 3
441,Poliovirus (Inactivated) Type 3
442,Poliovirus (Inactivated) Type 2
443,Poliovirus (Inactivated) Type 1
444,Doxazosin
445,Dutasteride
446,Melatonin
447,Sitagliptin
448,Nifedipine
449,Thiocolchicoside
450,Etonogestrel
451,Ceftobiprole Medocaril
452,Tramadol
453,Temgicoluril
454,Eleutherococci Radix Dry Extract
455,Delapril
456,Manidipine Dihydrochloride
457,Ropinirole
458,Finasteride
459,Loxapine
460,Tamsulosin
461,Memantine
462,Brentuximab Vedotin
463,Sodium Molybdate
464,Zinc Chloride
465,Ferric Chloride Hexahydrate
466,Potassium Iodide
467,Sodium Fluoride
468,Chromium Chloride Hexahydrate
469,Copper Chloride
470,Manganese Chloride Tetrahydrate
471,Sodium Selenite
472,Copper Gluconate
473,Manganese Gluconate
474,Zinc Gluconate
475,Zinc Gluconate ()
476,Chromic
477,Methylphenidate
478,Ammonium Chloride
479,Potassium Hydroxide
480,Dipotassium Hydrogen Phosphate Trihydrate
481,Trometamol
482,Betamethasone
483,Disodium Phosphate
484,Potassium Dihydrogen
485,Hyoscine Butylbromide
486,Ampicillin
487,Desogestrel
488,Riociguat
489,Adenosine
490,Phytolacca Americana
491,Clematis Recta D1
492,Scrophularia Nodosa Ø
493,Adenosinum Triphosphoricum D200
494,Adenosinum Triphosphoricum D30
495,Adenosinum Triphosphoricum D6
496,Adenosinum Triphosphoricum D10
497,Levonorgestrel
498,Amitriptyline
499,Lanolin
500,Everolimus
501,Glyceryl Trinitrate
502,Camellia Sinensis
503,Trimetazidine Dihydrochloride
504,Dexamfetamine
505,Sulfadiazine
506,Nystatin
507,Dienogest
508,Dimethyl Fumarate
509,Tamoxifen
510,Desmopressin
511,Anastrozole
512,Lisdexamfetamine Dimesylate
513,Diltiazem
514,Polysorbate 80
515,Squalene
516,"Split Influenza Virus (Inactivated) Of Strain A / Vietnam / 1194 / 2004 (H5n1) Like Strain Used (Nibrg-14), Dl-Alpha-Tocopherol"
517,Sertraline
518,Berberis Vulgaris D12
519,Cardiospermum Halicacabum D12
520,Acidum Formicicum D12
521,Natrium Chloratum D12
522,Thryallis Glauca D12
523,Zincum Isovalerianicum D12
524,Calcium Carbonicum Hahnemanni D6
525,Delphinium Staphisagria D6
526,Calcium Fluoratum D6
527,Matricaria Recutita D4
528,Podophyllum Peltatum D6
529,Atropa Bella-Donna D8
530,Ambra Grisea D12
531,Argentum Nitricum D12
532,Kalium Bromatum D12
533,Phosphorus D12
534,Acidum Formicicum D 6
535,Euphrasia 3c D4
536,Lobaria Pulmonaria D4
537,Allium Cepa D4
538,Schoenocaulon Officinale D4
539,Kalium Chloratum D6
540,Acidum Silicicum D6
541,Berberis Vulgaris D6
542,Thuja Occidentalis D4
543,Zincum Metallicum D12
544,Nicotiana Tabacum D12
545,Veratrum Album D4
546,Anamirta Cocculus D4
547,Strychnos Nux-Vomica D6
548,Tenoxicam
549,Tapentadol
550,Schoenocaulon Officinale
551,Spigelia Anthelmia
552,Menyanthes Trifoliata
553,Piper Methysticum Spag. Peka
554,Bryonia Spag. Peka
555,Semecarpus Anacardium
556,Naloxone
557,Dexketoprofen
558,Healing Earth
559,Propyphenazone
560,Ibuprofen Lysine
561,Adonis Vernalis Ferm 33d
562,Crataegus Laevigata / Monogyna E Foliis Et Fructibus Ferm 33d
563,Kalmia Latifolia
564,Adonis Vernalis
565,Nerium Oleander
566,Cactus
567,Kalium Carbonicum
568,Crataegus
569,Tacrolimus
570,Zolpidem
571,Risperidone
572,Epinephrine
573,Adrenaline Acid
574,Carbazochrome
575,Iodine (123i) Iobenguane
576,Doxorubicin
577,Anagrelide
578,Levodropropizine
579,Acidum Formicicum D8
580,Histaminum Dihydrochloricum D22
581,Histaminum Dihydrochloricum D8
582,Ledum Palustre D8
583,Acidum Sulfuricum D22
584,Arctium D8
585,Pix Liquida D10
586,Tellurium Metallicum D10
587,Histaminum Dihydrochloricum D12
588,Arnica Montana D6
589,Acidum Arsenicosum D8
590,Lycopodium Clavatum D6
591,Selenium D12
592,Stibium Sulfuratum Nigrum D10
593,Strychnos Ignatii D6
594,Graphites D10
595,Sulfur D12
596,Thuja Occidentalis D6
597,Sulfur Trit. D 12
598,Strychnos Ignatii Trit. D6
599,Tellurium Metallicum Trit. D10
600,Acidum Arsenicosum Trit. D8
601,Acidum Formicicum Trit. D8
602,Acidum Sulfuricum Trit. D22
603,Arctium Trit. D8
604,Arnica Montana Trit. D6
605,Graphites Trit. D10
606,Histaminum Dihydrochloricum Trit. D8
607,Histaminum Dihydrochloricum Trit. D12
608,Histaminum Dihydrochloricum Trit. D22
609,Ledum Palustre Trit. D8
610,Lycopodium Clavatum Trit. D6
611,Pix Liquida Trit. D10
612,Selenium Trit. D12
613,Stibium Sulfuratum Nigrum Trit. D10
614,Thuja Occidentalis Trit. D6
615,Lacosamide
616,Sugammadex
617,Tralokinumab
618,Donepezil
619,Glycerol
620,Cetylpyridinium
621,Oxazepam
622,Octocog Alfa
623,Temozolomide
624,Fesoterodine
625,Eribulin Mesylate
626,Rurioctocog Alfa Pegol
627,Radamts13
628,Olanzapine
629,Helium
630,Carbon Monoxide
631,Air
632,Flunisolide
633,Beclometasone Dipropionate
634,Desloratadine
635,Salmeterol
636,Terbutaline
637,Dimeticone
638,Metoclopramide
639,Salbutamol
640,Fluticasone Furoate
641,Bisacodyl
642,Isoflurane
643,Escin
644,Heparin
645,Dry Extract From Horse-Chestnut
646,Aesculus Hippocastanum L. Seed Dry Extract
647,Hippocastani Corticis Extractum Siccum
648,Aesculus Hippocastanum D2
649,Arnica Montana Dil D2
650,Collinsonia Canadensis
651,Aesculus Hippocastanum
652,Carduus Marianus
653,Calcium Fluoratum
654,Aesculus Hippocastanum E Semine La 25% Sicc
655,Borago Officinalis Ex Herba La 20%
656,Prunus Spinosa E Fructibus La 25%
657,Quercus Robur / Petraea E Cortice
658,Decoctum La 10%
659,Solidago Virgaurea Ex Herba La 20%
660,Vipera Berus
661,Placenta Totalis Suis D30
662,Pulsatilla Pratensis
663,Atropa Bella-Donna
664,Silybum Marianum
665,Daphne Mezereum
666,Hamamelis Virginiana
667,Dry Extract Of Horse-Chestnut
668,Aesculus Seed Dry Extract
669,Dry Extract Of Horse Chestnut
670,Nicotiana Tabacum Dil D6
671,Potentilla Anserina
672,Cuprum Aceticum
673,Veratrum Album
674,Lauromacrogol 400
675,Ethyl Chloride
676,Voriconazole
677,Fosfomycin Trometamol
678,Afatinib Dimaleate
679,Afatinib
680,Fluoxetine
681,Paroxetine
682,Metamizole
683,Apremilast
684,Aflibercept
685,Cefixime Trihydrate
686,Triflusal
687,Alclometasone Dipropionate
688,Fluconazole
689,Mirtazapine
690,Eupatorium Perfoliatum D4
691,Baptisia Tinctoria D4
692,Ferrum Phosphoricum D8
693,Gelsemium Sempervirens D6
694,Aconitum Napellus D6
695,Euphorbium D6
696,Hydrargyrum Biiodatum D12
697,Luffa Operculata D12
698,Pulsatilla Pratensis D6
699,Sinapis Nigra D2
700,Sarcolacticum Acidum D12
701,Gentiana Lutea D1
702,Bryonia Cretica D6
703,Ferrum Phosphoricum D12
704,Bryonia D6
705,Acidum Lacticum D12
706,Lachesis D 12
707,Mercurius Solubilis Hahnemanni D12
708,Phytolacca Americana D6
709,Atropa Bella-Donna D6
710,Salvia Officinalis D1
711,Fluphenazine Decanoate
712,A / Turkey / Turkey / 1 / 05 (H5n1)-Like Strain (Nibrg-23)
713,Alprazolam
714,Theophylline
715,Fosfomycin
716,Levomenthol
717,Resorcinol
718,Thymol
719,Methotrexate
720,Lonoctocog Alfa
721,Zinc Sulphate
722,Benzalkonium
723,Hydrocortisone Hydrogen
724,Fulvestrant
725,Atomoxetine
726,Vamorolone
727,Pentoxifylline
728,Tenofovir Disoproxil
729,Nintedanib
730,Argentum Metallicum Praeparatum
731,Aspidium Filix-Mas
732,Spora
733,Conchae
734,Amanita Muscaria
735,Vildagliptin
736,Meropenem
737,Tirofiban
738,Levofloxacin
739,Ticagrelor
740,Dantrolene
741,Ispaghula Seed
742,Ispaghula Husk
743,Plantago Ovata Forsk (Seed)
744,Cassia Angustifolia Vahl. (Polvo De Frutos)
745,Plantaginis Ovatae Semen
746,Plantago Ovata Forsk(Seed)
747,Trihexyphenidyl
748,Cinnarizine
749,Dimenhydrinate
750,Meloxicam
751,Dry Extract From Agnus Castus Fruit
752,Dry Extract From Chaste Tree Fruits
753,Agnus Castus Ø
754,Pulsatilla Trit D3
755,Rosmarinus Officinalis Trit D2
756,Apis Mellifica Trit D3
757,Agnus Castus Fruit Dry Extract
758,Vitex Agnus-Castus Mother Tincture
759,Cimicifuga Racemosa
760,Zincum Valerianicum
761,Pulsatilla
762,Agomelatine
763,Progesterone
764,Agomelatine Citric Acid
765,Lansoprazole
766,Levomethadone
767,Testosterone Isobutyrate
768,Ferrum Sidereum D10
769,Aurum Metallicum D10
770,Clopidogrel Hydrogen
771,Minoxidil
772,Agropyron Repens E Radice Ferm 33c
773,Kalium Carbonicum E Cinere Fagi Silvaticae
774,Taraxacum Officinale E Planta Tota Ferm 34c
775,Zinnober
776,Coriandrum Sativum
777,Hyssopus Officinalis
778,Tila Tomentosa
779,Melissa Officinalis
780,Angelica Archangelica Root
781,Lemon Verbena
782,Nutmeg
783,Cinnamomum Zeylanicum
784,Hydrogen Peroxide
785,Meclozine
786,Oxaceprol
787,Brinzolamide
788,Rasagiline
789,Silybum Marianum D15
790,Cinchona Pubescens Spag. Peka D6
791,Glechoma Hederacea Spag. Peka D6
792,Grindelia Robusta Spag. Peka D6
793,Ceanothus Americanus D4
794,Amanita Muscaria D4
795,Human Coagulation Factor Ix
796,Erenumab
797,Estradiol Valerate
798,Placebo
799,Artemether
800,Lumefantrine
801,Ciclesonide
802,Salmeterol Xinafoate
803,Fluticasone
804,Allergen Extract From Pollen Of Dactylis Glomerata
805,Anthoxanthum Odoratum
806,Lolium Perenne
807,Poa Pratensis And Phleum Pratense
808,Benzododecinium Bromide 10% Solution
809,Fremanezumab
810,Bromazepam
811,Polihexanide
812,Niraparib
813,Quetiapine
814,Verapamil
815,Biperiden
816,Latanoprost
817,Timolol
818,Lorazepam
819,Gestodene
820,Trifarotene
821,Clonazepam
822,Carbo Vegetabilis
823,Caraway Oil
824,Bitter Fennel Fruit Oil
825,Amethyst
826,Betula Pendula Ferm 34e Ø
827,Cochlearia Officinalis Ex Herba Ferm 33b Ø
828,Fucus Vesiculosus E Planta Tota Ferm 51 Ø
829,Fumaria Officinalis Ex Herba Ferm 33c Ø
830,Graphites
831,Juniperus Communis E Fructibus Ferm 35a Ø
832,Oxalis Acetosella E Planta Tota Ferm 34b Ø
833,Rhamnus Frangula E Cortice Ferm 33e Ø
834,Rosa E Floribus Ferm Cum Ferro Ø
835,Tropaeolum Majus Ex Herba Ferm 33b Ø
836,Urtica Dioica E Planta Tota Ferm 33c Ø
837,Viola Tricolor Ex Herba Ferm 33e Ø
838,Sulfur
839,Rhus Toxicodendron
840,Zinc Oxide
841,Ichthammol
842,Tropaeolum Majus Ex Herba La 20%
843,Aesculus Hippocastanum E Cortice
844,Anthyllis Vulneraria Ex Herba La 20%
845,Bellis Perennis Ex Herba La 20%
846,Calendula Officinalis E Floribus La 20%
847,Cutis Feti Bovis Gl
848,Echinacea Pallida Ex Herba La 20%
849,Funiculus Umbilicalis Bovis Gl
850,Glandula Suprarenalis Bovis Gl
851,Placenta Bovis Gl
852,Sodium Bituminosulfonate Light
853,Nabumetone
854,Cafedrine
855,Theodrenaline
856,Glycopyrronium
857,Axitinib
858,Amoxicillin Trihydrate
859,Potassium Clavulanate
860,Imiquimod
861,Amisulpride
862,Isopropyl Alcohol
863,Cola
864,Camphora D3
865,Crataegus Mother Tincture
866,Zingiber Officinale D3
867,Solidago Virgaurea Mother Tincture
868,Pulsatilla Pratensis D4
869,Acidum Benzoicum E Resina D4
870,Acidum Nitricum D4
871,Apis Mellifica D3
872,Lytta Vesicatoria D4
873,Populus Tremuloides D2
874,Acidum Benzoicum E Resina
875,Lytta Vesicatoria
876,Populus Tremuloides Spag. Peka D2
877,Pulsatilla Pratensis Spag. Peka D4
878,Apis Mellifica
879,Inosine Pranobex
880,Palonosetron
881,Fosnetupitant
882,Netupitant
883,5-Aminolevulinic Acid
884,Allantoin
885,Rivastigmine
886,Aloe Juice Dried
887,Frangulae Corticis Extractum Siccum
888,Cilostazol
889,St. John's Wort Dry Extract
890,Albendazole
891,Amylmetacresol
892,"2,4 Dichlorobenzyl Alcohol"
893,Bromhexine
894,Labetalol
895,Apis Mellifera Venom
896,Wasp Venom
897,Clotrimazole
898,"Candida Albicans E Volumine Cellulae (Lyophil., Steril.) D3"
899,"Candida Albicans E Volumine Cellulae (Lyophil., Steril.) D4"
900,"Candida Albicans E Volumine Cellulae (Lyophil., Steril.) D5"
901,Human Serum Albumin
902,Olmesartan Medoxomil
903,Human Albumin Solution
904,Policresulen
905,Pemetrexed Diacid
906,Human Plasma Protein
907,Iodinated (125i) Human Serum Albumin
908,Proxymetacaine
909,"Trometamol Citrate, Anhydrous Disodium"
910,Dipotassium Hydrogen
911,Clonidine
912,Allii Sativi Extractum
913,Echinaceae Purpureae Herbae
914,Alfuzosin
915,2-Propanol ()
916,Tartrazine
917,Sodium Oleate
918,Simvastatin
919,1-Propanol
920,Sodium Oxybate
921,Altizide
922,Spironolactone
923,Potassium Canrenoate
924,Eplerenone
925,Paliperidone
926,Warfarin
927,Triamcinolone Acetonide
928,Chlortalidone
929,Methyldopa
930,Methyldopa Sesquihydrate
931,Lormetazepam
932,Laronidase
933,Alectinib
934,Carbidopa
935,Levodopa
936,Alendronate Sodium ()
937,Refined And Standardized Dry Extract Of Milk Thistle Fruit
938,"Phenobarbital, Anhydrous Caffeine"
939,Fexofenadine
940,Betamethasone Valerate
941,Antazoline
942,Levocetirizine Dihydrochloride
943,Rupatadine
944,Loratadine
945,Mometasone Furoate
946,Dimetindene
947,Alfacalcidol
948,Letrozole
949,Isoprenaline
950,Cytarabine
951,Alpha Amylase
952,Tetracycline
953,Ceftazidime
954,Human Alpha1-Proteinase Inhibitor
955,Terazosin
956,Hydrocortisone Butyrate
957,Diclofenac Diethylamine
958,Chloramphenicol
959,Colistimethate
960,Cefaclor
961,Alfentanil
962,Betahistine Dihydrochloride
963,Bioactive Concentrate Of Small Marine Fish
964,Rosemary Oil
965,Alimemazine
966,Myrtecaine Lauryl
967,Myrtecaine
968,Diethylamine
969,Codeine Phosphate Hemihydrate
970,Pitofenone
971,Fenpiverinium
972,Clonixin Lysinate
973,Guaiacol
974,Methyl Salicylate
975,Mephenesin
976,Hydroxyethyl Salicylate
977,Methyl Nicotinate
978,Turpentine Oil
979,Codeine
980,Drotaverine
981,Goserelin
982,Concizumab
983,Duloxetine
984,Pemetrexed
985,Alitretinoin
986,Pitavastatin
987,Indometacin
988,Apis Mellifera
989,Felis Domesticus
990,Aluminium
991,Alternaria Alternata
992,Arachis Hypogaea
993,Aspergillus Fumigatus
994,Bos Spp
995,Cancer Pagurus
996,Clupea Harengus
997,Pandalus Borealis
998,Prunus Dulcis
999,Triticum Aestivum
1000,Histamine Dihydrochloride
1001,Betaine
1002,Sodium Citrate
1003,Chlorhexidine Dihydrochloride
1004,Betula Verrucosa
1005,Phleum Pratense
1006,Arrhenatherum Elatius
1007,Dactylis Glomerata
1008,Festuca Pratensis
1009,Poa Pratensis
1010,Secale Cereale
1011,Vespula Spp
1012,Melphalan
1013,Ambrosia Artemisiifolia
1014,Chenopodium Album
1015,Cladosporium Herbarum
1016,Gallus Spp
1017,Glycine Max
1018,Plantago Lanceolata
1019,Platanus Acerifolia
1020,Prunus Persica
1021,Artemisia Vulgaris
1022,Canis Familiaris
1023,Alphatocopherol
1024,Frovatriptan
1025,Euphrasia 3c D6
1026,Argentum Nitricum D6
1027,Sabadilla D6
1028,Apis Mellifica D6
1029,Acidum Formicicum Dil D6
1030,Cuprum Metallicum
1031,Levocabastine
1032,Thryallis Glauca D4
1033,Luffa Operculata D6
1034,Cardiospermum Halicacabum D4
1035,Hydrocotyle Asiatica D3
1036,Cardiospermum
1037,Galphimia Glauca
1038,Luffa Operculata
1039,Aralia Racemosa D3
1040,Acidum Arsenicosum D6
1041,Chloropyramine
1042,Ketotifen Hydrogen
1043,Orchard Grass Pollen Allergoid
1044,Chemically Modified
1045,Meadow Fescue Pollen Allergoid
1046,Kentucky Blue Grass Pollen Allergoid
1047,Velvet Grass Pollen Allergoid
1048,Rye Grass Pollen Allergoid
1049,Timothy Grass Pollen Allergoid
1050,Betula
1051,Corylus Avellana
1052,Alnus
1053,Beech
1054,Holcus Lanatus
1055,Oat
1056,Hordeum Vulgare
1057,Wall Pellitory
1058,Rye Pollen Allergoid
1059,Mugwort Pollen Allergoid
1060,Birch Pollen Allergoid
1061,Plantain Pollen Allergoid
1062,Racemic
1063,Pumilio Pine Oil
1064,Orlistat
1065,Urticae Folium
1066,Allium Sativum
1067,Allium Sativum Bulb
1068,Allium Cepa Trit. D4
1069,Garlic Powder
1070,Nettle Leaf Powder
1071,Dry Animal Bile Powder
1072,Allopurinol ()
1073,Olopatadine
1074,Dry Extract Of Valerian Root
1075,Dry Extract Of Hop Cones
1076,Botulinum Toxin Type A - Haemagglutinin Complex
1077,Botulinum Toxin Type A For Injection
1078,Almagate
1079,Flecainide
1080,Ipratropium
1081,Valsartan
1082,Light
1083,Aluminium Aminoacetate
1084,Perindopril Tert-Butylamine
1085,Almotriptan
1086,Almotriptan Malate
1087,Prochlorperazine
1088,Pethidine
1089,Chlorobutanol Hemihydrate
1090,Eugenol
1091,Alogliptin
1092,Lodoxamide
1093,Lodoxamide Trometamol
1094,Nebivolol
1095,Haloperidol
1096,Haloperidol Decanoate
1097,Celiprolol
1098,Losartan
1099,Miristalkonium
1100,Belladonna D6
1101,Chamomilla D 6
1102,Ferrum Phosphoricum D6
1103,Hepar Sulfuris D12
1104,Cypripedium Parviflorum Var. Pubescens D4
1105,Zincum Valerianicum D12
1106,Magnesium Carbonicum D10
1107,Calcarea Phosphorica D6
1108,Sulfur Jodatum D12
1109,Staphisagria D12
1110,Matricaria Recutita D12
1111,Valeriana D6
1112,Kalium Phosphoricum D6
1113,Fennel
1114,Bitter
1115,Liquorice Root
1116,A-Amyl Cinnamaldehyde
1117,Articaine
1118,Cefepime
1119,Hexyl Cinnamic Aldehyde
1120,Alpha-Lipoic Acid
1121,Meglumine Salt
1122,Human Coagulation Factor Viii
1123,Human Von Willebrand Factor
1124,"Influenza Virus B / Austria / 1359417 / 2021-Like Strain (B / Austria / 1359417 / 2021, Bvr-26)"
1125,Influenza A / Victoria / 4897 / 2022 Ivr-238 (H1n1)
1126,Inactivated
1127,Influenza A Virus
1128,A / Croatia / 10136rv / 2023 (H3n2) Like Strain X-425a
1129,"B / Phuket / 3073 / 2013-Like Virus (B / Phuket / 3073 / 2013, Wild Type)"
1130,Coal Tar
1131,Estradiol Benzoate
1132,Ivy Leaf Dry Extract
1133,Althaea Syrup
1134,Liquid Extract Of Passionflower Herb
1135,Dry Extract Valerian Root
1136,Dry Extract Of Passion Flower
1137,Prazosin
1138,Alprostadil
1139,Eftrenonacog Alfa
1140,Alprostadil Alfadex
1141,Ketoprofen
1142,Riluzole
1143,Alverine
1144,Aluminium Acetate Tartrate Solution
1145,Aluminium Acetotartrate
1146,Bacitracin
1147,Promelase
1148,Methenamine Hippurate
1149,Marshmallow Root
1150,Candesartan Cilexetil
1151,Sulfadiazine Silver
1152,Sodium Hyaluronate
1153,Chondroitin
1154,Urofollitropin
1155,Alternaria Alternata Extract
1156,Althaeae Radicis Maceratio
1157,Cortivazol
1158,Efanesoctocog Alfa
1159,Dihydroxyaluminum Sodium Carbonate
1160,Aluminium Oxide
1161,Brigatinib
1162,Orciprenaline
1163,Aluminium Phosphate Gel
1164,Lurasidone
1165,Alnus Glutinosa L
1166,Parietaria Judaica L
1167,Salsola Kali L
1168,Anthoxanthum Odoratum L
1169,Artemisia Vulgaris L
1170,Avena Fatua Whole
1171,Bromus Inermis Whole
1172,Dactylis Glomerata L
1173,Phleum Pratense L
1174,Lolium Perenne L
1175,Poa Pratensis L
1176,Festuca Pratensis Hudson
1177,Agrostis Capillaris L
1178,Cynodon Dactylon (L.) Pers
1179,Avena Sativa L
1180,Zea Mays L
1181,Hordeum Vulgare L
1182,Corylus Avellana L
1183,Carpinus Betulus L
1184,Blomia Tropicalis
1185,Cat Epithelia
1186,Dog Epithelia
1187,Fraxinus Excelsior L
1188,Juniperus Ashei Buchholz
1189,Olea Europaea L
1190,Parietaria Officinalis L
1191,Secale Cereale L
1192,Brassica Napus L
1193,Castanea Sativa
1194,Cupressus Sempervirens
1195,Fagus Sylvatica L
1196,Lepidoglyphus Destructor
1197,Ligustrum Vulgare L
1198,Populus Alba
1199,Quercus Robur L
1200,Salix Caprea L
1201,Acacia Dealbata Link
1202,Acarus Siro
1203,Acer Pseudoplatanus L
1204,Aedes Communis
1205,Aesculus Hippocastanum L
1206,Amarantus Retroflexus L
1207,Aspergillus Nidulans
1208,Aspergillus Niger
1209,Aureobasidium Pullulans
1210,Bagasse
1211,Blatella Germanica
1212,Botrytis Cinerea
1213,Brassica Nigra
1214,Candida Albicans
1215,Chaetomium Globosum
1216,Chenopodium Album L
1217,Chrysanthemum Leucanthemum L
1218,Cladosporium Cladosporioides
1219,Cladosporium Herbarum Extract
1220,Cupressus Arizonica Whole
1221,Duck Feathers
1222,Chicken Feathers
1223,Goose Feathers
1224,Elymus Repens
1225,Ephestia Kuehniella
1226,Epicoccum Purpurascens
1227,Epidermophyton Floccosum
1228,Euroglyphus Maynei Extract
1229,Fusarium Solani
1230,Glyciphagus Domesticus
1231,Guinea Pig Epithelia
1232,Hamster Epithelia
1233,Helianthus Annuus L
1234,Helminthosporium Halodes
1235,Horse Epithelia
1236,Horse Fly
1237,Humulus Lupulus
1238,Juglans Regia L
1239,Juniperus Communis L
1240,Medicago Sativa L
1241,Morus Alba L
1242,Mouse Epithelia
1243,Mucor Racemosus
1244,Oak Sawdust
1245,Wild Cherry Sawdust
1246,Beech Sawdust
1247,Pine Sawdust
1248,Paspalum Notatum
1249,Penicillium Digitatum
1250,Penicillium Expansum
1251,Penicillium Notatum
1252,Phoenix Dactylifera
1253,Pinus Sylvestris L
1254,Pleospora Herbarum
1255,Prosopis Glandulosa Torr
1256,Pyroglyphus Africanus
1257,Rabbit Epithelia
1258,Rat Epithelia
1259,Rhizopus Nigricans
1260,Robinia Pseudoacacia L
1261,Rumex Acetosa L
1262,Saccharomyces Minor
1263,Sambucus Nigra L
1264,Serpula Lacrimans
1265,Smooth Brome
1266,Solidago Canadensis L
1267,Sorghum Halepense Whole
1268,Taraxacum Officinale
1269,Tilia
1270,Trichophyton Rubrum
1271,Trichothecium Roseum
1272,Trifolium Pratense L
1273,Tyrophagus Putrescentiae
1274,Ulmus Campestris L
1275,Urtica Dioica L
1276,Ustilago Avenae
1277,Ustilago Holci
1278,Ustilago Tritici
1279,Ustilago Zeae
1280,Wheat Flour
1281,Xanthium Strumarium L
1282,Equus Caballus
1283,Alopecurus Pratensis
1284,Valganciclovir
1285,Diosmin
1286,Venlafaxine
1287,Phospholipid Fraction
1288,Bovine Lung
1289,Amiloride
1290,Hawthorn Berries
1291,Crataegi Folium Cum Flore
1292,Hyperici Herba
1293,Menthae Piperitae Herba
1294,Melissae Herba
1295,Visci Herba
1296,Equiseti Herba
1297,Iron Sucrose
1298,Calcium Ion
1299,Sulfate
1300,Hydrogen Carbonate
1301,Tezacaftor
1302,Deutivacaftor
1303,Vanzacaftor
1304,Betula Pollen Extract
1305,Wasp Venom (Polistes Spp)
1306,Wasp Venom (Vespula Spp)
1307,Albumen
1308,Allium Cepa
1309,Almond
1310,Apple Fruit
1311,Apricot
1312,Artichoke
1313,Avocado
1314,Banana Fruit
1315,Barley Cream
1316,Bay Leaf
1317,Bean Mixture
1318,Carp
1319,Celery
1320,Chicken
1321,Citrus Limon
1322,Cod
1323,Coffea
1324,Crab
1325,Cumin
1326,Curry
1327,Daucus Carota
1328,Egg Yolk
1329,Egg
1330,Whole
1331,Fragaria X Ananassa Fruit
1332,Hake
1333,Hazelnut
1334,Juglans Regia
1335,Kiwi Fruit
1336,Malt Extract
1337,Mango Fruit
1338,Melon Fruit
1339,Mussel
1340,Mustard
1341,Olive Fruit
1342,Orange
1343,Orfe
1344,Oryza Sativa
1345,Oyster
1346,Paprika
1347,Passion Fruit
1348,Peach Fruit
1349,Perch
1350,Pike
1351,Pimpinella Anisum
1352,Piper Nigrum
1353,Pisum Sativum
1354,Pork
1355,Rye Flour
1356,Sardine
1357,Sesamum Indicum
1358,Shrimp
1359,Solanum Tuberosum
1360,Soy
1361,Spinach
1362,Spiny Lobster
1363,Sugar Cane
1364,Tea Leaf
1365,Theobroma Cacao
1366,Tomato
1367,Tuna
1368,Latex
1369,Green Bean
1370,Maize Starch
1371,Oatmeal
1372,Wholewheat Flour
1373,Whiting
1374,Lupin Flour
1375,Coconut
1376,Pepper
1377,Sesame Seed
1378,Refined And Quantified Dry Extract Of Ginkgo Biloba Leaves Quantified To 22.0 To 27.0 % Of Flavonoids
1379,"Ginkgolides A, B And C, And 2.6 To 3.2 % Of Bilobalide"
1380,Diosmectite
1381,Azithromycin
1382,Lamotrigine
1383,Amantadine Hemisulfate
1384,Amantadine
1385,Eschscholtzia Californica Flowering Top
1386,Cryoground
1387,Artemisia Absinthium Ø
1388,Achillea Millefolium
1389,Juniperus Communis
1390,Summitates
1391,Cichorium Intybus Planta Tota Rec. Ø
1392,Erythraea Centaurium Herba Rec. Ø
1393,Imperatoria Ostruthium Rhizoma Rec. Ø
1394,Salvia Officinalis
1395,Taraxacum Officinale Ø
1396,Cinchona Bark
1397,Gentian Root
1398,Bitter Orange Peel
1399,Cinnamomi Cortex
1400,Artemisia Absinthium
1401,Centaurium Erythraea
1402,Cichorium Intybus
1403,Millefolii Herba
1404,Peucedanum Ostruthium
1405,Rhizoma Rec
1406,Glimepiride
1407,Phenylbutazone
1408,Ambrisentan
1409,Hepatitis A Virus (Inactivated )
1410,Hepatitis B Surface Antigen (Rdna)
1411,Cerebrolysin Concentrate
1412,Sepia Officinalis Trit. D4
1413,Strychnos Ignatii Trit D3
1414,Hyoscyamus Niger Trit D3
1415,Ambra Grisea Trit. D2
1416,Isomalt
1417,Ambroxol Acefyllinate
1418,Amcinonide
1419,Chlormadinone
1420,Amerchol L-101
1421,Levofloxacin Hemihydrate
1422,Tetracaine
1423,Amphotericine B
1424,Liposome
1425,Adalimumab
1426,Glibenclamide
1427,Bupivacaine
1428,Amikacin
1429,Norgestimate
1430,Propamidine Isetionate
1431,Indacaterol
1432,Meglumine Amidotrizoate
1433,Sodium Amidotrizoate
1434,Amifampridine
1435,Sumatriptan
1436,Pyridostigmine
1437,Isoleucine
1438,Leucine
1439,Valine
1440,Lysine
1441,Tryptophan
1442,Histidine
1443,Threonine
1444,Phenylalanine
1445,Arginine
1446,Proline
1447,Serine
1448,Tyrosine
1449,Alanine
1450,Levocarnitine
1451,Aminophylline
1452,Glutamic Acid
1453,N-Acetyltyrosine
1454,Sodium Hydroxide
1455,Sodium Acetate Trihydrate
1456,Aspartic Acid
1457,Ornithine
1458,Glycyl-Tyrosine
1459,Taurine
1460,Acetic Acid
1461,Glacial
1462,Hydrochloric Acid
1463,Sodium Glycerophosphate
1464,Glutamic Acid Lysine Salt
1465,"Aspartic Acid, Disodium Phosphate Dodecahydrate"
1466,Asparagine
1467,Ethambutol
1468,Amiodarone
1469,Amitriptylinoxide
1470,Dorzolamide
1471,Artesunate
1472,Idebenone
1473,Carbamazepine
1474,Indapamide
1475,Amsacrine
1476,Ammi Visnaga E Fructibus Ferm 35b Ø
1477,Atropa Belladonna Ex Herba Ferm 33a Ø
1478,Chamomilla Recutita E Radice Ferm 33c Ø
1479,Nicotiana Tabacum E Foliis Ferm 33b Ø
1480,Sodium Phenylbutyrate
1481,Ammonium Persulfate
1482,Ammonium Thioglycolate
1483,Talc
1484,Amodiaquine
1485,Amorolfine
1486,Cinnamon Oil
1487,Citronella Oil
1488,Clove Oil
1489,Lemon Oil
1490,Ammonia
1491,Ammonia Solution
1492,Concentrated
1493,Didecyldimethylammonium
1494,Silica
1495,Colloidal
1496,Sulbactam
1497,Triclosan
1498,Chloroprocaine
1499,Propolis Mother Tincture
1500,Chlorine
1501,Sodium Hypochlorite
1502,Vutrisiran
1503,Bifonazole
1504,Urea
1505,Terbinafine
1506,Florbetapir (18f)
1507,Sodium Ascorbate
1508,Nandrolone Decanoate
1509,Vincamine
1510,Cloxacillin
1511,Fragaria Vesca
1512,Fructuarium Rec
1513,Urtica Dioica
1514,Honey
1515,Clomipramine
1516,Anagallis Arvensis E Planta Tota Ferm 33b
1517,Cichorium Intybus E Planta Tota Ferm 33c
1518,Silybum Marianum E Fructibus Ferm 36
1519,Codeine Phosphate Sesquihydrate
1520,Pravastatin
1521,Prilocaine
1522,Nilutamide
1523,Propranolol
1524,Cefuroxime
1525,Chlorpromazine
1526,Danazol
1527,Fluorescein
1528,Polymyxin B
1529,Chlorocresol
1530,Antithrombin Iii Human
1531,Flucytosine
1532,Sucralfate
1533,Cilastatin
1534,Imipenem
1535,Garadacimab
1536,Androstanolone
1537,Magnesium Sulfate
1538,Bicalutamide
1539,Testosterone
1540,Testosterone Undecanoate
1541,Phentolamine
1542,Testosterone Enantate
1543,Iron(Iii) Ion
1544,Tianeptine
1545,Propofol
1546,Oxybuprocaine
1547,Netilmicin
1548,Flumazenil
1549,Cistus Canadensis
1550,Guajacum
1551,Lobaria Pulmonaria
1552,Guajacum D15
1553,Lobaria Pulmonaria D15
1554,Cistus Canadensis D15
1555,Etidronate Disodium
1556,Artichoke Leaf Dry Extract
1557,Flurbiprofen
1558,Echinacea Mother Tincture
1559,Matricaria Recutita Mother Tincture
1560,Enoxolone
1561,Apis Mellifica D4
1562,Atropa Bella-Donna D4
1563,Arnica Montana D4
1564,Hepar Sulfuris D6
1565,Hydrargyrum Bicyanatum D8
1566,Phytolacca Americana D4
1567,Solanum Dulcamara D4
1568,Arnica Montana
1569,Hepar Sulfuris
1570,Atropa Belladonna
1571,Arnica Montana Trit. D 4
1572,Hepar Sulfuris Trit. D 6
1573,Phytolacca Americana Trit D 4
1574,Atropa Bella-Donna Trit. D4
1575,Hydrargyrum Bicyanatum Trit. D8
1576,Hydrargyrum Bichloratum D5
1577,Kalium Bichromicum D4
1578,Calcium Iodatum D4
1579,Teucrium Marum D6
1580,Kalium Bichromicum
1581,Calcium Iodatum
1582,Teucrium Marum
1583,Mercurius Sublimatus Corrosivus
1584,Phytolacca
1585,Aurum Chloratum Dil D4
1586,Calcium Arsenicosum
1587,Spigelia
1588,Strophanthus Gratus
1589,Iberis Amara
1590,Dequalinium
1591,Trypsin
1592,Tyrothricin
1593,B Glycyrrhetinic Acid
1594,Lachesis Mutus
1595,Ailanthus Altissima
1596,Hydrargyrum Bichloratum
1597,Kalium Stibyltartaricum
1598,Eupatorium Perfoliatum
1599,Kalium Chloratum
1600,Sodium Pyrophosphate Decahydrate
1601,Sulodexide
1602,Convallaria Majalis
1603,Lobelia Inflata
1604,Aether Dil D1
1605,Adonis Vernalis Mother Tincture
1606,Cactus Mother Tincture
1607,Pulsatilla Vulgaris
1608,Honey Bee D4
1609,Mercurius Solubilis Hahnemanni D 8
1610,Hydrargyrum Bichloratum D8
1611,Isosorbide Mononitrate
1612,Horse-Radish Root
1613,Tropaeolum Majus Herb
1614,Mentzelia Scabra Stem And Twig
1615,Misoprostol
1616,Aluminium Chloride Hexahydrate
1617,Anidulafungin
1618,Serrapeptase
1619,Plumbum Iodatum D10
1620,Plumbum Iodatum D200
1621,Plumbum Iodatum D30
1622,Asclepias Tuberosa
1623,Castoreum
1624,Nitroglycerinum
1625,Dexchlorpheniramine
1626,Star Anise Oil
1627,Anis-Pyrit Trit. D2
1628,Pancreatin
1629,Buspirone
1630,Nogapendekin Alfa Inbakicept
1631,Cinchocaine
1632,Cinchona Pubescens D2
1633,Umeclidinium
1634,Vilanterol
1635,Aconitum Napellus Trit. D 4
1636,Eucalyptus Globulus Trit D2
1637,Gelsemium Sempervirens Trit. D 4
1638,Mercurius Solubilis Hahnemanni Trit. D 8
1639,Natrium Sulfuricum Trit. D 3
1640,Solanum Lycopersicum Trit. D 3
1641,Baptisia D3
1642,Cephaelis Ipecacuanha Trit. D4
1643,Eupatorium Perfoliatum Trit. D2
1644,Linezolid
1645,Benperidol
1646,Rifabutin
1647,Ketazolam
1648,Doxofylline
1649,Diazepam
1650,Sulpiride
1651,Pentosan Polysulfate
1652,Disulfiram
1653,Cefotaxime
1654,Gentamicin
1655,Mepyramine
1656,Anthrax Antigens (Alum Precipitated Sterile Filtrate)
1657,"Crimean–Congo Hemorrhagic Fever Virus Antigen, Strain V 42 / 81"
1658,Schoenocaulon Officinale D6
1659,Lactobacillus Casei
1660,Lactobacillus Rhamnosus
1661,Sodium Laurilsulfate
1662,Physostigmine Salicylate
1663,Echinacea Purpurea L. Moench Dry Extract
1664,Edrophonium
1665,Caraway Fruit
1666,Rhamnus Frangula L. Cortex
1667,Menthae Piperitae Folium
1668,Taraxacum Officinale Root
1669,Milk Thistle Dry Extract
1670,Ethylmorphine
1671,Ferric Ferrocyanide
1672,Aluminium Chloride
1673,Dactylopius Coccus
1674,Baptisia
1675,Lachesis D10 Dil
1676,Dry Extract From Mate Leaf
1677,Dry Extract From Ginger Rhizome
1678,Dry Extract From Melissa Leaf
1679,Dry Extract From Javanese Turmeric Rhizome
1680,Dry Extract From Liquorice Root
1681,Glycyrrhiza Glabra L. Radix
1682,Zingiber Officinale Rhizome
1683,Curcumae Xanthorrhizae Rhizoma
1684,Glycyrrhizic Acid
1685,Melissa Officinalis L. Folium
1686,"Paracetamol, Anhydrous Caffeine"
1687,Ascorbic Acid (Ethylcellulose Coated)
1688,Tannic Acid
1689,Methenamine
1690,Sodium Polystyrene Sulfonate
1691,Iris
1692,Gelsemium
1693,Cyclamen
1694,Paris Quadrifolia
1695,Iris Trit. D3
1696,Gelsemium Trit. D4
1697,Cyclamen Trit. D4
1698,Paris Quadrifolia Trit. D4
1699,Antimonit Trit. D1
1700,Antimonit Trit. D4
1701,Antimonit D10
1702,Antimonit D20
1703,Antimonit D30
1704,Stibium Metallicum D6
1705,Valerian Root Tincture
1706,Hawthorn Tincture
1707,Tincture Of Hop Strobile
1708,Butamirate
1709,Permethrin
1710,Cetrimide
1711,Phenol
1712,Dimeticone 20
1713,Sulfacetamide
1714,Zinc Phenolsulfonate
1715,Belladonna Dry Extract
1716,Vitis Viniferae Folii Extractum
1717,Dry Extract From Vitis Vinifera Leaf
1718,Lavandulae Flos
1719,Humulus Lupulus L. Flos
1720,Lupuli Flos
1721,Valerianae Radix
1722,Motherwort
1723,Sage Leaf Fluid Extract
1724,Antithrombin Iii
1725,Calcium Folinate
1726,Folinic Acid
1727,Botulinum Antitoxin Type A
1728,Botulinum Antitoxin Type B
1729,Botulinum Antitoxin Type E
1730,Viper Antivenom
1731,Bismuth Oxide
1732,Balsam Peru
1733,Peru Balsam
1734,Bismuth Subgallate
1735,Dry Extract From Passion Flower
1736,Dry Extract Of Passionflower Herb
1737,Mequinol
1738,Delgocitinib
1739,Ranitidine
1740,Isothipendyl
1741,Apatit Trit. D3
1742,Liquid Extract Of Yarrow
1743,White Horehound
1744,Fennel Bitter
1745,Borax
1746,Sodium Borate
1747,Insulin Glulisine
1748,Sulfogaiacol
1749,Trisodium
1750,Sodium Lactate Solution
1751,Apis Mellifica Ex Animale Toto Gl
1752,Atropa Belladonna E Fructibus Ferm 33a
1753,Berberis
1754,Colchicum Autumnale
1755,Formica
1756,Leontopodium Alpinum
1757,Apis Cum Levistico
1758,Apis Regina Tota Gl
1759,Truncus Cerebri Bovis Gl
1760,Arnica Montana E Planta Tota Ferm 33c
1761,Mercurius Solubilis Hahnemanni
1762,Levisticum Officinale E Radice Ferm 33c
1763,Apis Mellifica D10
1764,Apis Mellifica D1000
1765,Apis Mellifica D200
1766,Apis Mellifica D30
1767,Apisinum D30
1768,Apisinum D8
1769,Kalium Stibyltartaricum D10
1770,Kalium Stibyltartaricum D200
1771,Kalium Stibyltartaricum D30
1772,Kalium Stibyltartaricum D4
1773,Urginea Maritima D10
1774,Urginea Maritima D30
1775,Urginea Maritima D4
1776,Apisinum
1777,Urginea Maritima
1778,Apomorphine Hydrochloride Hemihydrate
1779,Nitrazepam
1780,Zopiclone
1781,Famotidine
1782,Flutamide
1783,Apomorphine
1784,Desonide
1785,Doxepin
1786,Lacidipine
1787,Propiverine
1788,Dipyridamole
1789,Phytosterol
1790,Arnica Montana Spag. Peka
1791,Solanum Dulcamara
1792,Arnica Tincture
1793,Calcium Pantothenate
1794,Pilocarpus
1795,Sambucus Nigra
1796,Calcium Carbonicum Hahnemanni
1797,Acidum Sulfuricum
1798,Artemisia Abrotanum
1799,Kalium Iodatum
1800,Natrium Chloratum
1801,Acidum Arsenicosum Dil D5
1802,Euphrasia 3c
1803,Atropa Bella-Donna Dil D5
1804,Euphorbium
1805,Ruta Graveolens
1806,Colchicum Autumnale D9
1807,Marsdenia Cundurango D4
1808,Artemisia Abrotanum D4
1809,Calcium Phosphoricum
1810,Lycopodium
1811,Barium Iodatum
1812,Auri Solutio Colloidalis
1813,Conium Maculatum
1814,Bryonia
1815,Fabiana Imbricata
1816,Dulcamara
1817,Symphytum
1818,Ledum D4 Dil
1819,Chondrodendron
1820,Belladonna
1821,Petroselinum Crispum Convar. Crispum Dil D1
1822,Cantharis D6
1823,Viscum Album
1824,Aurum Chloratum
1825,Chininum Arsenicosum
1826,Cinchona Pubescens
1827,Prunus Laurocerasus D6
1828,Cytisus Scoparius
1829,Hyoscyamus Niger
1830,Stannum Jodatum
1831,Ammonium Bromatum
1832,Grindelia Robusta
1833,Antimonium Sulfuratum Aurantiacum
1834,Atropa Bella-Donna D12
1835,Aconitum Napellus D18
1836,Aconitum Napellus D12
1837,Kalium Bichromicum D12
1838,Kalium Bichromicum D6
1839,Allium Cepa D2
1840,Allium Cepa D6
1841,Phytolacca Americana D3
1842,Phosphorus D6
1843,Phosphorus D4
1844,Psychotria Ipecacuanha D12
1845,Psychotria Ipecacuanha D4
1846,Psychotria Ipecacuanha D6
1847,Luffa Operculata D4
1848,Drosera D4
1849,Drosera D3
1850,Drosera D6
1851,Sulfur D18
1852,Sulfur D30
1853,Echinacea Purpurea D4
1854,Echinacea Purpurea D12
1855,Echinacea Purpurea D6
1856,Strychnos Nux-Vomica
1857,Lycopodium Clavatum Dil D 6
1858,Stibium Sulfuratum Nigrum
1859,Argentum Nitricum
1860,Barium Chloratum D4
1861,Nitroglycerinum D6
1862,Nicotiana Tabacum D4
1863,Kalium Arsenicosum
1864,Mahonia Aquifolium
1865,Barium Carbonicum
1866,Camphora
1867,Tabacum
1868,Ammonium Carbonicum
1869,Mandragora Ex Herba
1870,Chelidonium Majus
1871,Mentha Piperita
1872,Berberis Vulgaris
1873,Lachesis
1874,Iris Versicolor
1875,Coffea Arabica
1876,Echinacea Dil D4
1877,Arum Maculatum
1878,Arsenicum Album
1879,Verbascum Densiflorum
1880,Plantago Major
1881,Serenoa Repens
1882,Digitalis Purpurea
1883,Chimaphila Umbellata
1884,Populus Tremuloides
1885,Ferrum Picrinicum
1886,Centella Asiatica
1887,Smilax
1888,Sulfur Dil D4
1889,Thuja Occidentalis
1890,Acidum Nitricum
1891,Lilium Lancifolium
1892,Viburnum Opulus D4
1893,Crocus
1894,Petroselinum Crispum Convar. Crispum
1895,Anamirta Cocculus Dil D6
1896,Zincum Isovalerianicum
1897,Avena Sativa
1898,Valeriana Officinalis D4
1899,Passiflora Incarnata D4
1900,Baptisia Tinctoria
1901,Ferrum Phosphoricum
1902,Strychnos Ignatii
1903,Anamirta Cocculus
1904,Calcium Sulfuricum
1905,Acidum Silicicum
1906,Hydrastis Canadensis
1907,Turnera Diffusa Dil D4
1908,Panax Ginseng
1909,Selenium D6
1910,Delphinium Staphisagria
1911,Vitex Agnus-Castus
1912,Acidum Phosphoricum D6
1913,Hypericum Perforatum D5
1914,Platinum Metallicum
1915,Sepia Officinalis
1916,Avena Sativa D4
1917,Coffea Arabica D12
1918,Lycopus Virginicus D4
1919,Magnesium Chloratum
1920,Aluminium Oxydatum D12
1921,Strychnos Nux-Vomica D12
1922,Sepia Gruneris
1923,Pulsatilla D6
1924,Sanguinaria Canadensis
1925,Empagliflozin
1926,Apraclonidine
1927,Ivabradine
1928,Aprepitant
1929,Hydralazine
1930,Cabotegravir
1931,Opipramol
1932,Aprotinin
1933,Tipranavir
1934,Methane
1935,Acetylene
1936,Hedera Helix Spag. Peka
1937,Allium Cepa Spag. Peka
1938,Hyoscyamus Niger Spag. Peka
1939,Pulmonaria Officinalis
1940,Polygala Senega
1941,Oxcarbazepine
1942,Levacetylleucine
1943,Quinine
1944,Copper Sulfate
1945,Sea Water
1946,Prunus Spinosa
1947,Summitates Rh
1948,Aqua Maris
1949,Orthosiphon Leaves Dry Extract
1950,Dry Extract Of Goldenrod
1951,Ononis Spinosa Dry Extract
1952,Carbomer
1953,Liquid Paraffin
1954,White Soft Paraffin
1955,Calamine
1956,Cetostearyl Alcohol
1957,Chelidonium Majus E Floribus Ferm 34b
1958,Dryopteris Filix-Mas E Radice Ferm 33c
1959,Phyllitis Scolopendrium E Foliis Ferm 34h
1960,Pteridium Aquilinum E Foliis Ferm 34c
1961,Solidago Virgaurea Ex Herba Ferm 33c
1962,Atogepant
1963,Arachis Oil
1964,Aralia Racemosa
1965,Schoenocaulon Officinale D8
1966,Grindelia Robusta Trit. D 4
1967,Hyoscyamus Niger Trit. D 4
1968,Lobelia Inflata Trit. D4
1969,Darbepoetin Alfa
1970,Berberis Vulgaris Urt
1971,Cynara Scolymus Ø
1972,Lycopodium Clavatum
1973,Toxicodendron Quercifolium
1974,Urtica Urens E Planta Tota Rec. Flor. Ø
1975,Calcium Carbonicum Hahnemanni Trit. D6
1976,Calcium Phosphoricum Trit. D6
1977,Acidum Silicicum Trit. D6
1978,Alchemilla Vulgaris Trit. D6
1979,Equisetum Arvense Trit. D6
1980,Ilex Aquifolium Trit. D6
1981,Symphytum Officinale D6
1982,Convallaria Majalis Urtinktur
1983,Ethinylestradiol Micronized
1984,Nitrofurantoin
1985,Leflunomide
1986,Azelaic Acid
1987,Arnicae Et Calendulae Anthodis
1988,Sulbutiamine
1989,Archangelica
1990,Angelica Archangelica E Radice Ferm 33c
1991,Hyoscyamus Niger Ex Herba Ferm 33d
1992,Salvia Officinalis E Foliis Ferm 33d Ø
1993,Pyrit Trit. D2
1994,Meropenem Trihydrate
1995,Rhodiola Rosea
1996,Rhodiola Rosea Root And Rhizome Dry Extract
1997,Dry Bearberry Leaf Extract
1998,Ketoprofen Lysine
1999,Disodium Phosphate Dodecahydrate
2000,Sodium Dihydrogen
2001,Sodium Lactate
2002,Calcium Chloride Hexahydrate
2003,Mannitol
2004,Dry Extract From Ginseng Root
2005,Thyme Herb Dry Extract
2006,Dry Extract From Hawthorn Leaf And Flower
2007,Milk Thistle Dry Extract 162.5 - 250 Mg
2008,Milk Thistle Fruit Extract
2009,Dry Hydroalcoholic Extract Of Valerian Root
2010,Dry Extract From Hop Strobile
2011,Hydroxycarbamide
2012,Pipecuronium
2013,Teriflunomide
2014,Fingolimod
2015,Edoxaban
2016,Lercanidipine
2017,Stimulon
2018,Glycoprotein F
2019,Recombinant
2020,Stabilised In The Pre-Fusion Conformation
2021,Adjuvanted With As01e
2022,3-O-Desacyl-4'-Monophosphoryl Lipid A
2023,Argatroban
2024,Silver
2025,Silver Protein
2026,Quarz
2027,Argentum Nitricum D4
2028,Bismutum Subnitricum D8
2029,Atropinum Sulfuricum D5
2030,Argentum Metallicum
2031,Echinacea Angustifolia
2032,Argentum Metallicum Praeparatum Trit. D1
2033,Argentum Metallicum Praeparatum Trit. D6
2034,Argentum Metallicum Praeparatum Trit. D12
2035,Argentum Metallicum Praeparatum Trit. D20
2036,Argentum Metallicum Praeparatum Trit. D30
2037,Chlorophyceae Ferm 33e
2038,Eucalyptus Globulus E Foliis Ferm 33d Ø
2039,Echinacea Pallida E Planta Tota Ferm 33c
2040,Thuja Occidentalis E Summitatibus Ferm 33e
2041,Saccharum Sacchari
2042,Argentum-Corpus Vitreum Bovis
2043,Sorbitol (E420)
2044,Arginine L(+)
2045,Emtricitabine
2046,Argipressin
2047,Cinnamomum Cassia Essential Oil
2048,Melissa Oil
2049,Thymus Essential Oil
2050,Coriander Oil
2051,Myristica Fragrans Essential Oil
2052,Caryophylli Floris Aetheroleum
2053,Mesalazine
2054,Levosulpiride
2055,Sulfathiazole Silver
2056,Ephedrine
2057,Soft Extract Of Fresh Salvia Officinalis Inflorescences
2058,Compressed
2059,Calcipotriol
2060,Paricalcitol
2061,Paliperidone Palmitate
2062,Risedronate Monosodium Hemi-Pentahydrate
2063,Fondaparinux
2064,Cynara Scolymus Leaf
2065,Hamamelis Virginiana Leaf
2066,Nettle Root
2067,Ruscus Aculeatus Rhizome
2068,Arctostaphylos Uva-Ursi Leaf
2069,Eschscholtzia Powder From The Aerial Flower Part
2070,Filipendula Ulmaria Flowering Top
2071,Hypericum Perforatum (Dry Extract Of Flower Head)
2072,Mate Leaf
2073,Melissa Leaf Powder
2074,Orthosiphon Folium
2075,Valerianae Radix Pulverata
2076,Dry Extract Of Polypodium Leucotomos Root
2077,Rrr-Alpha-Tocopherol
2078,Arnica
2079,Plumbum Mellitum
2080,Decoctum
2081,Formica 42a
2082,Levisticum Officinale Rh
2083,Apis Mellifica 42b
2084,Mandragora
2085,Mandragora E Radice Siccata H
2086,Symphytum Officinale
2087,Larix Decidua Resin
2088,Aconitum Napellus Mother Tincture
2089,Calendula
2090,Arnica Ad Usum Externum
2091,Arnica Montana Planta Tota Rec
2092,Tincture From Arnica Montana
2093,Apis Mellifica 42b Ø
2094,Cuprum Metallicum Praeparatum
2095,Arnicae Flos / Betulae Folium / Calendula Herba
2096,Oil Extract
2097,Glycerol. Extr. 1:3
2098,China Rubra D3
2099,Ruta Graveolens D8
2100,Belladonna D4
2101,Achillea Millefolium D3
2102,Bryonia D3
2103,Aconitum Napellus D3
2104,Hypericum Perforatum D3
2105,Sambucus Nigra D3
2106,Strychnos Nux-Vomica D4
2107,Liquid Extract Of Arnica Flower / Birch Leaf
2108,Arnica Montana Mother Tincture
2109,Arnica Montana E Floribus W 5%
2110,Mercurius Bijodatus
2111,Sulfur Jodatum
2112,Arnica Montana Ex Planta Tota Ø
2113,Cor Bovis
2114,Aurum Metallicum
2115,Betula Pendula E Cortice
2116,Decoctum Ø
2117,Cerebellum Suis Gl
2118,Corpora Quadrigemina Suis Gl
2119,Epiphysis Suis Gl
2120,Labyrinthus Suis Gl
2121,Medulla Oblongata Suis Gl
2122,Nervus Statoacusticus Suis Gl
2123,Iris Bovis Gl
2124,Hypophysis Suis Gl
2125,Nervus Opticus Suis Gl
2126,Retina Et Chorioidea Suis Gl
2127,Thalamus Suis Gl
2128,Cerebellum Bovis Gl
2129,Corpora Quadrigemina Bovis Gl
2130,Hypophysis Bovis Gl
2131,Medulla Oblongata Bovis Gl
2132,Nervus Opticus Bovis Gl
2133,Retina Et Chorioidea Bovis Gl
2134,Thalamus Bovis Gl
2135,Epiphysis Bovis Gl
2136,Labyrinthus Bovis Gl
2137,Nervus Statoacusticus Bovis Gl
2138,Liquid Extract Of Arnica Flower
2139,Tincture From Arnica Montana Flower
2140,Arnica Montana C9
2141,Liquid Extract From Fresh Arnica Flower
2142,Liquid Extract From Arnica Chamissonis Flower
2143,Arnica Montana E Floribus La 20%
2144,Arnica Montana E Planta Tota Ferm 33c Ø
2145,Formica Rufa Ex Animale Toto Gl Ø
2146,Symphytum Officinale E Radice Ferm 34c Ø
2147,Arnica Flower Tincture
2148,Arnica Tincture Dev
2149,Extract From Arnica Chamissonis
2150,White Soft
2151,Bryonia C5
2152,Rhus Toxicodendron C15
2153,Juniper Oil
2154,Pine Oil
2155,Exemestane
2156,Cinnamon Bark Oil
2157,Ceylon
2158,Mint Oil
2159,Partly Dementholised
2160,Eucalyptus Oil
2161,Enoxaparin
2162,Sapropterin Dihydrochloride
2163,Arpraziquantel
2164,Sumbulus Moschatus
2165,Oleander
2166,Spartium Scoparium
2167,Leonurus Cardiaca
2168,Arsenic Trioxide
2169,Melarsoprol
2170,Diacerein
2171,Micronised Purified Flavonoic Fraction
2172,Acetic Acid 80% Pure
2173,Tincture From Wormwood Herb And Tansy Herb With Acetic Acid
2174,Harpagophytum Procumbens Mother Tincture
2175,Carteolol
2176,Noradrenaline
2177,Arteria Suis
2178,Arteria Suis D10
2179,Lithium Carbonicum
2180,Filipendula Ulmaria
2181,Sulindac
2182,Bellis Perennis D2
2183,Echinacea D2
2184,Hypericum Perforatum D2
2185,Mercurius Solubilis Hahnemanni D6
2186,Atropa Bella-Donna D2
2187,Calendula Officinalis D2
2188,Aconitum Napellus D2
2189,Arnica Montana D2
2190,Matricaria Recutita D3
2191,Hamamelis Virginiana D1
2192,Echinacea Purpurea D2
2193,Sulfur D6
2194,Cartilago Suis D6
2195,Coenzym A D8
2196,Embryo Totalis Suis D6
2197,Acidum Thiocticum D8
2198,Funiculus Umbilicalis Suis D6
2199,Nadidum D8
2200,Natrium Diethyloxalaceticum D8
2201,Placenta Totalis Suis D6
2202,Sanguinaria Canadensis D4
2203,Solanum Dulcamara D3
2204,Rhus Toxicodendron D2
2205,Berberis Vulgaris Trit. D 3
2206,Ledum Palustre Trit. D 3
2207,Colchicum D4
2208,Ledum Dil D2
2209,Thuja Dil D1
2210,Lithium Carbonicum D6
2211,Berberis Vulgaris Mother Tincture
2212,Formica Rufa
2213,Colchicum Autumnale Dil. 4
2214,Ledum Palustre
2215,Colchicum Autumnale D12
2216,Ledum Palustre D12
2217,Devil's Claw Root Dry Extract
2218,Crystalline Glucosamine
2219,Perindopril Tosilate
2220,Dry Extract Of Fresh Artichoke Leaf
2221,Dry Extract Of Milk Thistle Fruit
2222,Dry Extract Of Fresh Dandelion Herb With Root
2223,Dry Extract Of Boldo Leaf
2224,Hydroxocobalamin
2225,Articulatio Coxae Bovis Gl
2226,Articulatio Genus Bovis Gl
2227,Allium Cepa Ferm 34a
2228,Articulatio Subtalaris Bovis Gl
2229,Articulatio Talocruralis Bovis Gl
2230,Nervus Ischiadicus Bovis Gl
2231,Stannum Metallicum
2232,Symphytum Officinale E Radice Ferm 34c
2233,Tendo Bovis Gl
2234,Periosteum Bovis Gl
2235,Meglumine Gadoterate
2236,Dipotassium
2237,Cynara Scolymus Leaf Powder
2238,Human Fibrinogen
2239,Human Thrombin
2240,Dimethyl Sulfoxide
2241,Dry Extract From Devil's Claw Root
2242,Povidone K30
2243,Arisaema Triphyllum
2244,Zingiber Officinale
2245,Arum Triphyllum Dil D2
2246,Ammonium Bromatum Dil D2
2247,Hydrargyrum Bichloratum Dil D8
2248,Triptorelin
2249,Propafenone
2250,Paroxetine Hydrochloride Hemihydrate
2251,Asa Foetida
2252,Ignatia
2253,Nux Moschata
2254,Carbasalate
2255,Piperazine
2256,Ibandronic Acid Monosodium Salt
2257,Monohydrate
2258,Ferrous Ascorbate
2259,Rutoside Trihydrate
2260,Thonzylamine
2261,Mebechinium Metilsulfate
2262,Zolmitriptan
2263,Glycerin
2264,Hexylresorcinol
2265,Aniseed Oil
2266,Capsicum Tincture Bpc
2267,Cajuput Oil
2268,Nicotine Resinate
2269,Tincture From Matricaria Flower
2270,Milrinone
2271,Itopride
2272,Magnesium Aspartate Tetrahydrate
2273,Cytisinicline
2274,Potassium Hydrogen Aspartate Hemihydrate
2275,Magnesium Aspartate
2276,Potassium Hydrogen Aspartate
2277,Potassium Aspartate Hemihydrate
2278,Asparagus Root Powder
2279,Parsley Powder
2280,Pegcetacoplan
2281,Soft Extract From Thyme
2282,Liquid Extract From Thyme Herb
2283,"2,4 Dichlorobenzyl Alcohol, Anhydrous Lidocaine"
2284,Aspirin
2285,Roxithromycin
2286,Itraconazole
2287,Ganirelix
2288,Aster Pollen
2289,Erdosteine
2290,Blatta Orientalis
2291,Chamomilla Recutita
2292,Hyoscyamus
2293,Siberian Ginseng Root
2294,Natrium Phosphoricum
2295,Atropa Bella-Donna Spag. Peka
2296,Strychnos Nux-Vomica Spag. Peka
2297,Robinia Pseudoacacia Spag. Peka
2298,Achillea Millefolium Mother Tincture
2299,Fludrocortisone
2300,Torasemide
2301,Metopimazine
2302,Hydroxyzine Dihydrochloride
2303,Hydroxyzine
2304,Atazanavir
2305,Atenolol
2306,Oxytetracycline
2307,Human Plasma Derived Antithrombin
2308,"Adenosine 5' Triphosphate, Disodium Salt"
2309,Adenosine Triphosphate
2310,Anti-T Lymphocyte Immunoglobulin For Human Use
2311,Horse
2312,Atorvastatin Calcium Trihydrate
2313,Tolnaftate
2314,Benzalkonium Chloride Solution
2315,Thiamazole
2316,Naftifine
2317,Solanum Dulcamara D6
2318,Sambucus Nigra D1
2319,Natrium Sulfuricum D6
2320,Arsenicum Album D12
2321,Tartarus Emeticus D12
2322,Atosiban
2323,Ondansetron
2324,Somatostatin
2325,Atovaquone
2326,Proguanil
2327,Ferrous Fumarate
2328,Cefoxitin
2329,Nelarabine
2330,Sacubitril
2331,Dexibuprofen
2332,Fenoterol
2333,Tincture From Fresh Arnica Montana
2334,Azathioprine
2335,Diflunisal
2336,Lactuca Virosa
2337,Cochlearia Armoracia
2338,Dactylopius Coccus Spag. Peka
2339,Hawthorn
2340,Obecabtagene Autoleucel
2341,Choline Salicylate
2342,Choline Salicylate Solution
2343,Ofloxacin
2344,Cucurbita Pepo
2345,Apatit Trit. D5
2346,Conchae Trit. D1
2347,Quercus
2348,Hydrargyrum Bichloratum D15
2349,Midodrine
2350,Repotrectinib
2351,Dextran 70
2352,Aumolertinib
2353,Phenytoin
2354,Chlortetracycline
2355,Hexamidine Diisetionate
2356,Mebeverine
2357,Prednisolone Caproate
2358,Hesperidin
2359,Felodipine
2360,Moclobemide
2361,Aurum Metallicum Praeparatum
2362,Stibium Metallicum Praeparatum
2363,Rosae Aetheroleum Extractum
2364,Aurum Metallicum Trit. D3
2365,Myrrh
2366,Olibanum
2367,Aurum Metallicum Trit. D6
2368,Myrrha Trit. D3
2369,Olibanum Trit. D3
2370,Aurum Metallicum Trit. D7
2371,Myrrha Trit. D4
2372,Olibanum Trit. D4
2373,Ferrum Sidereum
2374,Equisetum Arvense Rh
2375,Digitalis Purpurea D3
2376,Arnica Montana D3
2377,Crataegus D2
2378,Selenicereus Grandiflorus D4
2379,Spigelia Anthelmia D3
2380,Prunus Laurocerasus D3
2381,Aurum Chloratum D6
2382,Aurum Metallicum Praeparatum Trit. D10
2383,Aurum Metallicum Trit. D12
2384,Aurum Metallicum Trit. D20
2385,Aurum Metallicum Trit. D30
2386,Selenicereus Grandiflorus Ex Herba Ferm 33d
2387,Strophanthus Kombe E Semine Ferm 35b
2388,Valeriana Officinalis E Radice Ferm 33c
2389,Avena Sativa Ferm 33c
2390,Hypericum Perforatum Ex Herba Ferm 33c
2391,Strychnos Ignatii E Semine Ferm 35b
2392,Atropa Belladonna Ex Herba Ferm 33a
2393,Equisetum Arvense Ex Herba Ferm 35b
2394,Prunus Spinosa E Floribus Et Summitatibus Ferm 33d
2395,Stibium Metallicum
2396,Convallaria Majalis D2
2397,Cytisus Scoparius D1
2398,Arnica Montana D1
2399,Natrium Tetrachloroauratum D6
2400,Valeriana Officinalis D1
2401,Macrocrystalline
2402,Aluminium Potassium Sulphate Dodecahydrate
2403,Deutetrabenazine
2404,Extract Of Fresh Maple Mistletoe Herb
2405,Linagliptin
2406,Benzyl Alcohol
2407,Hydroxychloroquine
2408,Alpha Tocopherol
2409,Inactivated Hepatitis A Virus
2410,Calcium Carbonicum Hahnemanni Dil D6
2411,Avena Sativa Mother Tincture
2412,Avena Sativa 2b Ø
2413,Coffea Tosta
2414,Valeriana
2415,Passiflora Incarnata Mother Tincture
2416,Humulus Lupulus Ø
2417,Tincture From Pressed Juice From Avena Sativa Herb
2418,Amylocaine
2419,Adrenalinum D3
2420,Ficaria Verna Mother Tincture
2421,Paeonia Officinalis Mother Tincture
2422,Krameria Triandra C3
2423,Aesculus Hippocastanum C3
2424,Paeonia Officinalis D1
2425,Dry Extract Of Rhapontic Rhubarb Root
2426,Betahistine
2427,Dronabinol
2428,Cannabidiol
2429,Promethazine Teoclate
2430,Interferon Beta-1a
2431,Tocilizumab
2432,Insulin Icodec
2433,Bupropion
2434,Esomeprazole Magnesium Trihydrate
2435,Dapagliflozin
2436,Pidotimod
2437,Ciclopirox
2438,Cefixime
2439,Fluciclovine (18f)
2440,Rosuvastatin Zinc
2441,Diamorphine
2442,Clozapine
2443,Avapritinib
2444,Azacitidine
2445,Aztreonam
2446,Tripelennamine
2447,Cefazolin
2448,Trazodone
2449,Nitric Oxide
2450,Liquid Extract From Matricaria Flower
2451,Liquid Extract From Calendula Flower
2452,Patent Blue V (E131)
2453,Liquid Extract Of Matricaria Flower
2454,Sulfasalazine
2455,Olive
2456,Butacaine
2457,Dimercaprol
2458,Cobamamide
2459,12 Grass Pollen Mixture
2460,Mixture Of Allergen Extracts From Alnus Spp
2461,Fraxinus Spp
2462,Fagus Spp
2463,Betula Spp
2464,Ulmus Spp
2465,Corylus Spp
2466,Quercus Spp
2467,Planatus Spp
2468,Populus Spp. And Salix Spp
2469,Weed And Shrub Pollen Mixture
2470,Thyme Oil
2471,Glycerol (85 Per Cent)
2472,Bacampicillin
2473,Bacitracin Zinc
2474,"Bacillus Cereus E Volumine Ex Muris Cellulae (Lyophil., Steril.) D6"
2475,"Bacillus Cereus E Volumine Ex Muris Cellulae (Lyophil., Steril.) D4"
2476,Chlorhexidine
2477,Anthrax Antigen Filtrate
2478,Baclofen
2479,Mupirocin
2480,Colibacillinum D12
2481,Colibacillinum Nosode D200
2482,Colibacillinum D30
2483,Ebastine
2484,Bosentan
2485,Lactobacillus Plantarum P 17630
2486,Vancomycin
2487,Sulfamethoxazole
2488,Trimethoprim
2489,Silicic Acid
2490,Coriander
2491,Sodium Ion
2492,Carbon Dioxide
2493,Chloride Ion
2494,Bigas Flavones Solitaria A Scutellaria Baicalensis Radix
2495,Colistin
2496,Sodium (S)-Lactate Solution
2497,Tincture Of Valerian Root
2498,Valerian Root Dry Extract
2499,Valerianae Extractum Siccum
2500,Tincture From Valerian Root
2501,Valerian Tincture
2502,Dry Extract Of Melissa Leaf
2503,Valerianae Tinctura
2504,Weißdornfrüchte-Pulver
2505,Valeriana Root Tincture
2506,Valerian Root Dry Hydroalcoholic Extract (3-6:1
2507,Valerianae Radix Dry Extract
2508,Capsicum Oleoresin
2509,Soya Oil
2510,Soya-Bean Oil Refined
2511,Paraffin
2512,Light Liquid
2513,Macrogol Lauryl Ether
2514,Ivermectin
2515,Sodium Chloride-Water (Brine) Sulfide
2516,Iodide
2517,Melissengeist Konzentrat
2518,Benzyl Nicotinate
2519,Turpentine Essential Oil
2520,Niaouli Essential Oil
2521,Benzoin Siam
2522,Erdafitinib
2523,Balsalazide Disodium
2524,Bambuterol
2525,Phyllostachys E Nodo Ferm 35c
2526,"Acetylsalicylic Acid, Anhydrous Caffeine"
2527,Calcium Citrate Tetrahydrate
2528,Glucagon
2529,Entecavir
2530,Arctium Lappa Root
2531,Arctostaphylos Uva-Ursi
2532,Barium
2533,Kalium Phosphoricum Trit. D6
2534,Causticum Hahnemanni Trit. D6
2535,Barium Carbonicum Trit. D12
2536,Datura Stramonium Trit. D4
2537,Aconitum Napellus Trit. D12
2538,Semecarpus Anacardium Trit. D6
2539,Calcium Iodatum Trit. D4
2540,Barium Citricum Trit. D3
2541,Conchae Trit. D10
2542,Zinnober Trit. D6
2543,Barium Citricum
2544,Oxalis Acetosella E Planta Tota Ferm 34b
2545,Pancreas Suis Gl
2546,Fludeoxyglucose (18f)
2547,Barnidipine
2548,Nitrendipine
2549,Barium Oxalsuccinicum D200
2550,Barium Oxalsuccinicum D30
2551,Barium Oxalsuccinicum D10
2552,Arginine Glutamate
2553,Magnesium Acetate Tetrahydrate
2554,Benzylthiouracil
2555,Paraffin White Soft
2556,Viscous
2557,Doxycycline Hyclate
2558,Prednicarbate
2559,Ciclopirox Olamine
2560,"A / Victoria / 4897 / 2022 (H1n1)pdm09-Like Strain (A / Victoria / 4897 / 2022, Ivr-238)"
2561,Oil Of Pimenta
2562,Isoamyl Salicylate
2563,Dalbavancin
2564,Avelumab
2565,Mirabegron
2566,Bcg (Bacillus Calmette-Guérin) Bacteria
2567,Bcg (Bacillus Calmette-Guérin)
2568,"Live Attenuated, Strain Rivm"
2569,Live Bcg Bacilli (Bacillus Calmette-Guerin)
2570,Brasilian Moreau Substrain
2571,Mycobacterium Bovis
2572,Danish Strain 1331
2573,Betamethasone Benzoate
2574,Zinc Citrate Trihydrate
2575,Monophosphothiamine
2576,Triptorelin Pamoate
2577,Treacle
2578,Deferiprone
2579,Nimodipine
2580,Bezafibrate
2581,Sultamicillin Tosilate
2582,Artemisia Vulgaris Pollen
2583,Eculizumab
2584,Cassia Angustifolia Vahl. (Polvo De Hojas)
2585,Betamethasone Dipropionate
2586,Deoxycholic Acid
2587,Ipecacuanha Fluid Extract
2588,Squill Tincture
2589,Nicotiana Tabacum E Foliis Ferm 33b
2590,Belladonna Alkaloids
2591,Rosae Aetheroleum )
2592,Ailanthus Glandulosa
2593,Hydrargyrum Bicyanatum
2594,Belladonna Rh
2595,Atropa Bella-Donna Rh
2596,Chamomilla Recutita E Radice Ferm 33c
2597,Echinacea D10
2598,Echinacea D200
2599,Echinacea D30
2600,Ergotamine
2601,Phenobarbital
2602,Carbo Vegetabilis Trit. D 3
2603,Asa Foetida Trit. D3
2604,Lycopodium Trit. D5
2605,Nux Vomica Trit. D5
2606,Benzoin Tincture
2607,Metoprolol
2608,Metoprolol Succinate ()
2609,Valproate Semisodium
2610,Follitropin Alfa
2611,Magaldrate
2612,Betamethasone Valerate ()
2613,Dry Extract From Ribwort Plantain
2614,Benazepril
2615,Crested Dogstail Pollen
2616,Phleum Pratense Pollen
2617,Bendamustine
2618,Gemcitabine
2619,Docetaxel
2620,Epirubicin
2621,Bendazac Lysinate
2622,Fludarabine
2623,Vinorelbine
2624,Nonacog Alfa
2625,Rifampicin
2626,Etanercept
2627,Benfotiamine
2628,Belimumab
2629,Phenoxymethylpenicillin Benzathine
2630,Doxylamine Hydrogen
2631,Benzylpenicillin
2632,Procyclidine
2633,Sucrose
2634,Hedera Helix
2635,Pelargonium Root
2636,"Clindamycin, Anhydrous Benzoyl Peroxide"
2637,Benzaldehyde
2638,Benzathine Benzylpenicillin
2639,Benzbromarone
2640,Sulisobenzone
2641,Benzoxonium
2642,Benzyl Cinnamate
2643,Benzylhemiformal
2644,Brolucizumab
2645,Tetryzoline
2646,Colocynthis D3
2647,Betula Pendula D1
2648,Pulsatilla D4
2649,Oxalic Acid D8
2650,Sodium Sulfate D2
2651,Terebinthina D3
2652,Berberis Vulgaris D2
2653,Gnaphalium Polycephalum D2
2654,Kalium Carbonicum D2
2655,Colchicum Automnale D3
2656,Colocynthis D 6
2657,Ononis Spinosa D2
2658,Acidum Oxalicum D8
2659,Colchicum D8
2660,Gnaphalium Polycephalum D6
2661,Natrium Sulfuricum D2
2662,Berberis Vulgaris E Fructibus Ferm 33c Ø
2663,Urtica Dioica E Planta Tota Ferm 33c
2664,Lycopodium Trit. D2
2665,Urtica Ø
2666,Berberis Vulgaris E Radice Ferm 33d
2667,Kalium Phosphoricum
2668,Urtica Urens
2669,Terebinthina Laricina Trit. D2
2670,Berberis Vulgaris E Fructibus Ferm 33c
2671,Pulsatilla Vulgaris E Floribus Ferm 33c
2672,Berberis Vulgaris E Radice Ferm 33d Ø
2673,Berberis Vulgaris Ex Herba Ferm 33c Ø
2674,Granit
2675,Magnesium Sulfuricum
2676,Urtica Urens Ex Herba Ferm 33c
2677,Viscum Album (Abietis) E Planta Tota Ferm 34g
2678,Prostata Bovis Gl
2679,Sepia Officinalis E Volumine Bursae Rec. Gl
2680,Uterus Bovis Gl
2681,Viscum Album (Mali) E Planta Tota Ferm 34i
2682,Ovaria Bovis Gl
2683,Cobalt
2684,Fluorine
2685,Nickel
2686,Fluoride
2687,Hawthorn Leaf And Flower Liquid Extract
2688,Human Normal Immunoglobulin
2689,C1 Esterase Inhibitor (Human)
2690,Bovine Aprotinin
2691,Protein C
2692,Human Coagulation Factor Vii
2693,Protein S
2694,Human Coagulation Factor Ii
2695,Human Coagulation Factor X
2696,Human Rabies Immunoglobulin
2697,Ethylenediamine Thioctate
2698,Praziquantel
2699,Tasonermin
2700,Methotrexate Disodium
2701,Betaxolol
2702,Dry Extract Of Hop Strobile
2703,Hypericum Perforatum
2704,Passiflorae Herba
2705,Inotuzumab Ozogamicin
2706,Ropeginterferon Alfa-2b
2707,Magnesium Citrate
2708,Betamethasone 17-Valerate 21-Acetate
2709,Sotalol
2710,Pepsin Powder
2711,Betamethasone Dipropionate ()
2712,Povidone
2713,Iodinated
2714,Recombinant Interferon Beta-1b
2715,Levobunolol
2716,Clioquinol
2717,Octenidine
2718,Zinc Pidolate
2719,Ceftriaxone
2720,Dry Extract Of St. John's Wort
2721,Betula Pendula Ferm 34e
2722,Formica Rufa Ex Animale Toto Gl
2723,Filipendula Ulmaria Ferm 34c
2724,Galenit
2725,Mandragora Officinarum E Radice Ferm 34d
2726,Prasugrel
2727,Bexarotene
2728,Trolamine Salicylate
2729,Recombinant Neisseria Meningitidis Group B Nhba Fusion Protein
2730,Recombinant Neisseria Meningitidis Group B Nada Protein
2731,Recombinant Neisseria Meningitidis Group B Fhbp Fusion Protein
2732,Outer Membrane Vesicles (Omv) From Neisseria Meningitidis Group B Strain Nz98 / 254
2733,Nirsevimab
2734,Acoramidis
2735,Spiramycin
2736,Trolamine
2737,Bibrocathol
2738,Clarithromycin
2739,Carmustine
2740,Lactulose
2741,Zofenopril
2742,Tenofovir Alafenamide
2743,Bictegravir
2744,Dehydrocholic Acid
2745,Homatropine Methylbromide
2746,Borneol
2747,Camphene
2748,Menthone
2749,Pinene
2750,Acidum Salicylicum D2
2751,Natrium Carbonicum D2
2752,Natrium Chloratum D2
2753,Natrum Phosphoricum D1
2754,Curcuma Longa D2
2755,Atropinum Sulfuricum D3
2756,Lycopodium Clavatum D3
2757,Ginkgo Biloba Leaf Extract
2758,Ginkgo Leaf Dry Extract
2759,Ginkgo Leaf Extract
2760,Refined And Quantified Dry Extract From Ginkgo Leaf
2761,Bilobalide
2762,"Ginkgolides A, B And C"
2763,Dry Extract Of Ginkgo Leaf
2764,Imatinib
2765,Selvacovatein
2766,Sorbitan Trioleate
2767,Sars-Cov-2 Virus
2768,Variant Lp.8.1
2769,Spike Protein
2770,Receptor Binding Domain Fusion Homodimer
2771,Damlecovatein
2772,Bimekizumab
2773,Dry Extract Of Ginkgo Biloba Leaves
2774,Eucalyptus Leaf
2775,Plantaginis Lanceolatae Folium
2776,Tiliae Flos
2777,Sambuci Flos
2778,Taraxici Herba Cum Radice
2779,Liquid Extract From Fresh Aloe Arborescens Leaf
2780,Larvae
2781,Live (Lucilia Sericata)
2782,Ginkgo Biloba L
2783,Mepivacaine
2784,Tincture From Hawthorn Leaf And Flower
2785,Tincture From Motherwort Herb
2786,Tincture From Passion Flower Herb
2787,Tincture From Avena Sativa
2788,Tincture From Melissa Herb
2789,Cefpodoxime
2790,Calcium Fluoratum Trit D6
2791,Calcium Fluoratum Trit. D12
2792,Natrium Sulfuricum D12
2793,Natrium Sulfuricum Trit. D6
2794,Silicea D12
2795,Silicea D6
2796,Calcium Sulfuricum Trit. D12
2797,Calcium Sulfuricum Trit. D6
2798,Kalium Arsenicosum D6
2799,Kalium Bromatum Trit. D6
2800,Kalium Iodatum Trit. D12
2801,Kalium Iodatum Trit. D6
2802,Lithium Chloratum D12
2803,Lithium Muriaticum Trit. D6
2804,Manganum Sulfuricum Trit. D12
2805,Manganum Sulfuricum Trit. D6
2806,Calcium Sulfuratum D12
2807,Calcium Sulfuratum Trit. D6
2808,Cuprum Arsenicosum D12
2809,Cuprum Arsenicosum D6
2810,Calcium Phosphoricum D12
2811,Aluminium-Kalium-Sulfuricum D6
2812,Zincum Chloratum D6
2813,Zincum Chloratum Trit. D12
2814,Calcium Carbonicum D6
2815,Calcium Carbonicum Hahnemanni D12
2816,Natrium Bicarbonicum D6
2817,Arsenum Iodatum Trit. D6
2818,Ferrum Phosphoricum Trit D12
2819,Ferrum Phosphoricum Trit D3
2820,Ferrum Phosphoricum Trit. D6
2821,Kalium Chloratum Trit. D6
2822,Kalium Chloratum D12
2823,Kalium Phosphoricum D12
2824,Kalium Sulfuricum Trit. D6
2825,Kalium Sulfuricum Trit. D12
2826,Magnesium Phosphoricum D12
2827,Magnesium Phosphoricum Trit. D6
2828,Natrium Chloratum Trit. D12
2829,Natrium Chloratum Trit. D6
2830,Natrium Phosphoricum Trit. D6
2831,Natrium Phosphoricum D12
2832,Magnesium Phosphoricum D6
2833,Zincum Chloratum D12
2834,Arsenum Iodatum D12
2835,Natrium Chloratum D6
2836,Calcium Sulfuricum D6
2837,Natrium Tetrachloroauratum D12
2838,Kalium Arsenicosum D12
2839,Natrium Phosphoricum D6
2840,Acidum Silicicum D12
2841,Calcium Carbonicum D12
2842,Manganum Sulfuricum D12
2843,Aluminium-Kalium-Sulfuricum D12
2844,Lithium Muriaticum D6
2845,Cocarboxylase
2846,Vitamin B6
2847,Cethexonium
2848,Procainamide
2849,Calcium Ascorbate
2850,Cyclamen Purpurascens Trit. D 3
2851,Melilotus Officinalis Trit. D 2
2852,Primula Veris Trit. D 3
2853,Sanguinaria Canadensis Trit. D 6
2854,Strychnos Nux-Vomica Trit D4
2855,Thea Chinensis Trit. D 3
2856,Cyclamen Purpurascens
2857,Iris Vesicolor
2858,Ferrum-Quarz Trit. D2
2859,Cladribine
2860,Cefadroxil
2861,Dry Extract From Restharrow Root
2862,Dry Extract From Garden Bean Pod
2863,Birch Leaf Dry Extract
2864,Fenofibrate Micronised
2865,Enterococcus Faecium Sf68
2866,Saccharomyces Boulardii
2867,Saccharomyces Boulardii Cncm I-745 Lyophilized
2868,Etilefrine
2869,Extract From Fresh Garlic Bulbs
2870,Dry Extract Of Mistletoe Herb
2871,Dry Extract Of Hawthorn Leaf And Flower
2872,Bacillus Clausii
2873,Spores Of Poly-Antibiotic Resistant
2874,Iceland Moss Extract
2875,Aqueous
2876,Cimicifuga Dil D1
2877,Magnesium Chloride D1
2878,Magnesium Bromide D4
2879,Magnesium Phosphoricum D1
2880,Ambra Grisea D8
2881,Kalium Phosphoricum D5
2882,Plumbum Metallicum D8
2883,Kalium Phosphoricum Dil. 05
2884,Magnesium Phosphate
2885,Dibasic Trihydrate
2886,Magnesium Citrate Dibasic Trihydrate
2887,Crotamiton
2888,Fluid Extract From Ivy Leaves
2889,Ubidecarenone
2890,Cefuroxime Axetil
2891,Selenium Sulfide
2892,Prasterone
2893,Streptodornase
2894,Streptokinase
2895,Thrombin
2896,Bovine
2897,Ceftazidime Pentahydrate
2898,Hawthorn Leaf And Flower And Motherwort
2899,Ferrous Citrate
2900,Dried Pressed Juice From Flowering Purple Coneflower Herb
2901,Dried Pressed Juice Of Fresh Flowering Purple Coneflower Herb
2902,Hydrogen
2903,Potassium Ion
2904,Betula Pollen
2905,Betula Verrucosa Pollen
2906,Arctium Lappa E Radice W 5%
2907,Betula Pendula / Pubescens E Foliis W 5%
2908,Urtica Dioica Ex Herba W 5%
2909,Ölauszug Aus Formica Rufa Rec
2910,Carbo Betulae
2911,Antimonit Trit. D2
2912,Bisoprolol Hemifumarate
2913,Pentoxyverine
2914,Bismuth Subnitrate
2915,Bismuth Subnitrate Bpc
2916,Iodoform Bpc
2917,Bismutum Subnitricum Trit D2
2918,Capsicum Annuum Trit D5
2919,Robinia Pseudoacacia Trit D5
2920,Acidum Arsenicosum Trit D5
2921,Dry Extract Of Ribwort Plantain
2922,Tramazoline
2923,Dry Extract Of Marshmallow Root
2924,Dry Extract Of Thyme
2925,Bisphenol A-Glycidyl Methacrylate
2926,Sultamicillin
2927,Aqueous Extract Of Gentian Root (0.2165 G)
2928,Ginger (0.133 G)
2929,Acorus Calamus Root (0.02 G)
2930,"Pepper (0.004 G) And Wormwood (0,1665 G)"
2931,Turmeric
2932,Javanese
2933,Gentian Root Tincture
2934,Bivalirudin
2935,Ceftriaxone Disodium
2936,Cimicifuga Racemosa Extract
2937,Dry Extract From Black Cohosh
2938,Dry Extract From Black Cohosh Rhizome And Root
2939,"Sodium Chloride , Anhydrous Citric Acid"
2940,Dextrose
2941,Pirfenidone
2942,Sodium Carbonate
2943,Solidago Virgaurea
2944,Restharrow Root
2945,Equisetum
2946,Solidago Gigantea Flowering Top
2947,Couch Grass Rhizome
2948,Common Bean Pod
2949,Seed-Free
2950,Phaseoli Pericarpium
2951,Arctostaphylos Uva-Ursi (L.) Spreng Folium
2952,Solidaginis Herba
2953,Soft Extract From Birch Leaf
2954,Soft Extract From Goldenrod
2955,Dry Extract Of Birch Leaf
2956,Dry Extract From Goldenrod
2957,Centella Asiatica Extract
2958,Cinitapride
2959,Belantamab Mafodotin
2960,Bleomycin
2961,Tolterodine
2962,Sodium Patent Blue V
2963,Blinatumomab
2964,Liquefied
2965,Strong Ammonia Solution
2966,Aromatic Ammonia Solution
2967,Rituximab
2968,Racecadotril
2969,"Ibuprofen D,l-Lysinate"
2970,Esters Of Unsaturated Fatty Acids
2971,Vipera Berus E Veneno Sicc
2972,Melilotus Officinalis
2973,Rhizoma Tormentillae
2974,Triamcinolone Hexacetonide
2975,Formica Rufa D12
2976,Plantago Major Ø
2977,Echinacea Angustifolia Mother Tincture
2978,Potassium
2979,Sodium
2980,Bromide
2981,Clostridium Botulinum Neurotoxin Type A (150kd)
2982,Free Of Complexing Proteins
2983,Passiflora Incarnata
2984,Aloes Dry Extract
2985,Boldine
2986,Senna Leaf Dry Extract
2987,Sennae Folii Extractum Siccum Normatum
2988,Ulipristal
2989,Crospovidone
2990,Peumus Boldus Leaf
2991,Tibolone
2992,Kaolin
2993,Heavy
2994,Albumin Tannate
2995,Artemisia Abrotanum Ex Herba Ferm 33c Ø
2996,Carbo Vegetabilis Trit. D1
2997,Chamomilla Recutita E Planta Tota Ferm 33c Ø
2998,Gentiana Lutea E Radice Ferm 33c Ø
2999,Geum Urbanum E Radice Ferm 33c Ø
3000,Acorus Calamus E Rhizoma Ferm 33d Ø
3001,Atropa Belladonna Mother Tincture
3002,Eucalyptus Globulus Mother Tincture
3003,Apis Mellifica Mother Tincture
3004,Rhubarb Dry Extract
3005,Senna Leaf Powder
3006,Precipitated Sulphur
3007,Cimicifuga Racemosa Mother Tincture
3008,Tacalcitol
3009,Teriparatide
3010,Escherichia Coli Dsm 17252
3011,Medronate Tetrasodium
3012,Cetalkonium
3013,Passiflora Dry Extract
3014,Lactobacillus Rhamnosus (Inactivated)
3015,Lactobacillus Vaginalis (Inactivated)
3016,Lactobacillus Fermentum (Inactivated)
3017,Lactobacillus Salivarius (Inactivated)
3018,Escherichia Coli (Inactivated)
3019,Morganella Morganii (Inactivated)
3020,Proteus Mirabilis (Inactivated)
3021,Klebsiella Pneumoniae (Inactivated)
3022,Enterococcus Faecalis (Inactivated)
3023,Poliovirus (Inactivated) Type 1 Produced On Vero Cells
3024,Poliovirus (Inactivated) Type 2 Produced On Vero Cells
3025,Poliovirus (Inactivated) Type 3 Produced On Vero Cells
3026,Dry Extract From Purple Coneflower Root
3027,Mebendazole
3028,Dry Extract From Arctium Lappa Root
3029,Dry Extract From Iris Versicolor Rhizome
3030,Hydrocortisone Micronized
3031,Dry Extract From Milk Thistle Fruit (Equivalent To 1.721 G – 5.000 G Of Milk Thistle Fruits)
3032,Dry Extract From Milk Thistle Fruit
3033,Hypericum Perforatum Dry Extract
3034,Nicotine
3035,Nicotine Betadex
3036,Vitex Agnus-Castus Fruit Dry Extract
3037,Hydroxyanthracene Glycosides
3038,Valerian Root Extract
3039,Aluminium Sulphate
3040,Aesculus Hippocastanum E Semine Ferm 34c
3041,Borago Officinalis E Foliis Ferm 34b
3042,Cnicus Benedictus Ex Herba Ferm 33d
3043,Hamamelis Virginiana E Foliis Ferm 33d
3044,Skorodit
3045,Natrium Tetraboracicum
3046,Ratanhia Ø
3047,Megestrol
3048,Ash Leaf
3049,Rosemary
3050,Fucus
3051,Xibornol
3052,Hyoscine
3053,Bosutinib
3054,Ketoconazole
3055,Botulinum Toxin Type A
3056,Dried Yeast From Saccharomyces Cerevisiae Hansen Cbs 5926
3057,Tobramycin
3058,Encorafenib
3059,Exametazime
3060,Chlordiazepoxide
3061,Clidinium
3062,Cantharis Ex Animale Toto Gl
3063,Symphytum Officinale Ex Herba La 20%
3064,Thuja Occidentalis E Summitatibus La 20%
3065,Urtica Urens Ex Herba La 20%
3066,Lapatinib
3067,Violae Tricoloris Herba
3068,Citicoline
3069,Dry Extract Of Nettle Leaf
3070,Urtica Dioica Pollen Extract
3071,Nettle Leaf
3072,Urtica
3073,Dry Extract Of Nettle Root
3074,Aclidinium
3075,Chorionic Gonadotrophin
3076,Esmolol
3077,Methohexital
3078,Piroxicam Betadex
3079,Piroxicam
3080,Lisocabtagene Maraleucel
3081,Brivudine
3082,Brilliant Green
3083,Clopamide
3084,Vernakalant
3085,Cerliponase Alfa
3086,Brensocatib
3087,"Vortioxetine (D,l)-Lactate"
3088,Ublituximab
3089,Bromocriptine
3090,Bromfenac
3091,Dibrompropamidine Isetionate
3092,Bramble Blackberry Leaf
3093,Bromelains
3094,Pancuronium
3095,Rocuronium
3096,Vecuronium
3097,Scopolamine
3098,Mebrofenin
3099,Lobelia Inflata D4
3100,Bryonia D4
3101,Kreosotum D5
3102,Hyoscyamus Niger D4
3103,Kalium Stibyltartaricum Trit. D4
3104,Bronchi Bovis Gl
3105,Larynx Bovis Gl
3106,Tunica Mucosa Nasi Bovis Gl
3107,Plantago Lanceolata E Foliis Ferm 34c
3108,Pyrit
3109,Anise Oil
3110,Capsicum Tincture
3111,Liquid Extract From Ribwort Plantain
3112,Cuprum Aceticum D12
3113,Distillate Of Aniseed
3114,Eucalyptus Leaves
3115,Bitter Fennel
3116,Liquid Extract Of Mixture Of Pine Sprout
3117,Sage Leaf
3118,Peppermint Leaf
3119,Fennel And Aniseed
3120,Verbasci Flos
3121,Iceland Moss
3122,Lamium Album
3123,Polygoni Avicularis Herba
3124,Primula Veris Flower
3125,Dry Extract Primrose Root ( 5-7:1)
3126,Glycerol 85%
3127,Primrose Root Tincture
3128,Primrose Root Fluid Extract
3129,Soft Extract Of Thyme Herb
3130,Soft Extract Of Primrose Root
3131,Thymi Herba Extractum Siccum
3132,Liquid Extract From Thyme
3133,Kalium Chloratum D4
3134,Kreosotum D4
3135,Kalium Iodatum Trit. D4
3136,Dry Extract From Primula Root
3137,Dry Extract From Thyme Herb
3138,Tilia Cordata Flower
3139,Plantaginis Lanceolatae L. Folium
3140,Althaea Officinalis L. Radix
3141,Antimonium Arsenicosum
3142,Stibium Sulfuratum Aurantiacum
3143,Silicea
3144,Lyophilized Bacterial Lysates Of: Haemophilus Influenzae Streptococcus (Diplococcus) Pneumoniae Klebsiella Pneumoniae And Ozaenae Staphylococcus Aureus Streptococcus Pyogenes And Viridans Moraxella (Branhamella / Neisseria) Catarrhalis
3145,Lyophilized Bacterial Lysates
3146,Psychotria Ipecacuanha D3
3147,Creosote
3148,Reconstituted Essential Oil Of Pine
3149,Liquid Guaiacol
3150,Liquid Extract From Marshmallow Root
3151,Dry Extract Of Lime Flower
3152,Hyoscsyamus Niger
3153,Drosera Mother Tincture
3154,Tincture From Fresh Hedera Helix Herb
3155,Tincture From Fresh Thymus Vulgaris Aerial Parts
3156,Tincture From Glycyrrhiza Glabra Root
3157,Piceae Aetheroleum
3158,Ammi Visnaga D3
3159,Cephaelis Ipecacuanha D5
3160,Laurocerasus
3161,Glaucine
3162,Bacterial Lysate
3163,Soft Extract From Fresh Picea Abies Shoots
3164,Plantago Lanceolata Fluid Extract
3165,Soft Extract From Thyme And Primula Root
3166,Dry Extract Of Primula Root
3167,Althaeae Radix
3168,Extractum
3169,Thyme Dry Extract
3170,Dry Extract From Sisymbrium Officinale Herb
3171,Dry Extract From Marshmallow Root
3172,Liquid Extract Of Sage Leaf
3173,Liquid Extract Of Thyme Herb
3174,Dry Extract From Thyme
3175,Freeze-Dried (Lyophilised)
3176,Lysatum Bacteriale Mixtum
3177,Bronchus Suis D10
3178,Bronchus Suis D200
3179,Bronchus Suis D30
3180,Carbocisteine Lysine
3181,Potassium Sulfoguayacolate
3182,Potassium Guaiacolsulfonate
3183,Bronopol
3184,Tolu Balsam Extract
3185,Diprophylline
3186,Guajacum Dil D 3
3187,Grindelia Robusta Spag. Peka
3188,Usnea Barbata
3189,Oenanthe Aquatica
3190,Brotizolam
3191,Pheneticillin
3192,Prednisone
3193,Methyluracil
3194,Zanubrutinib
3195,Phenazone
3196,Sodium Salicylate
3197,Ketotifen
3198,Dry Extract Of Thyme And Primula Root
3199,Phosphorus D5
3200,Spongia
3201,Bryonia Cretica
3202,Kalanchoe Pinnata Juice
3203,Bryophyllum Argento Cultum
3204,Bryophyllum Argento Cultum Rh
3205,Kalanchoe Daigremontiana / Pinnata E Foliis Ferm 33b
3206,Bryophyllum Rh
3207,Bryophyllum
3208,"Aqu. Extr. 1:1,1"
3209,Streptococcus Agalactiae
3210,Haemophilus Influenzae
3211,Staphylococcus Aureus
3212,Streptococcus Pneumoniae
3213,Midazolam
3214,Willow Bark
3215,Sambucus Nigra Flower
3216,Pantothenate
3217,Phospholipids From Soya Beans
3218,Lecithin
3219,Bumetanide
3220,Colloidal Silicon Dioxide
3221,Melperone
3222,Morphine Hydrochloride Trihydrate
3223,Buserelin
3224,Tea Tree Oil
3225,Busulfan
3226,Clobetasol Propionate
3227,Butylscopolamine
3228,Liquid Extract Of Squilla Maritima Bulb
3229,Tincture Of Capsicum Oleoresin
3230,Butyl Glycidyl Ether
3231,Butylhydroxyanisole
3232,Butyl Parahydroxybenzoate
3233,Butylhydroxytoluene
3234,Liraglutide
3235,Remimazolam
3236,Odevixibat
3237,Ranibizumab
3238,Varenicline
3239,Ginkgo Dry Extract
3240,Calcium Lactate Gluconate
3241,Cabergoline
3242,Cabazitaxel
3243,Cabazitaxel 2-Propanol Solvate
3244,Caplacizumab
3245,Cabozantinib
3246,Cinis E Fructibus Avenae Sativae Cum Magnesio Phosphorico
3247,Cinis E Fructibus Avenae Sativae Cum Magnesio Phosphorico Trit. D2
3248,Nitroglycerinum Dil D5
3249,Kalium Carbonicum D5
3250,Spigelia Anthelmia D5
3251,Fluvastatin
3252,Calcium Trisodium Pentetate
3253,Sertaconazole
3254,Wild Thyme
3255,Rubi Fruticosi Folium
3256,Fennel Seed
3257,Rubi Idaei Folium
3258,Salviae Herba
3259,Fennel Fruit Sweet
3260,Sweet
3261,Lanthanum
3262,Liquefied Phenol
3263,Mixture Of Calendula Ex Herba Flor. Pressed Juice
3264,Cinacalcet
3265,Calcium Acetate
3266,Calcium Bromolactobionate
3267,Calcifediol
3268,Calcium Folinate Pentahydrate
3269,Calcium Glucoheptonate
3270,Calcium Lactate Pentahydrate
3271,Calcium Gluconate
3272,Calcium Laevulinate
3273,Calcium Levofolinate
3274,Calcium Levofolinate Pentahydrate
3275,Acetate
3276,Calcium Phosphate
3277,Tribasic
3278,Calcitonin (Salmon)
3279,Calcitonin
3280,Calcitonin Salmon
3281,Calcitriol
3282,Calcium Glubionate
3283,Calcium Lactobionate
3284,Calcium Saccharate Tetrahydrate
3285,Calcium Lactate Gluconate Anhydrate
3286,Calcium Glycerophosphate
3287,Calcium Dobesilate
3288,Sodium Calcium Edetate
3289,Calcium Fluoratum D200
3290,Acidum Silicicum D30
3291,Calcium Carbonicum Hahnemanni D30
3292,Calcium Fluoratum D12
3293,Calcium Gluconate For Injection
3294,Calcium Lactate
3295,Calcium Polystyrene Sulfonate
3296,Quercus Robur / Petraea E Cortice Cum Calcio Carbonico
3297,Hekla Lava E Lava
3298,Matricaria Recutita Trit. D4
3299,Calcium Carbonicum Hahnemanni D8
3300,Carbo Vegetabilis D12
3301,Deflazacort
3302,Calculi-Renales-Hominis-Nosode
3303,Epigaea Repens
3304,Benzoicum Acidum
3305,Calcium Undecylenate
3306,Calendula Officinalis Mother Tincture
3307,Smilax D1
3308,Clematis Vitalba D1
3309,Hamamelis Virginiana D2
3310,Calendula Officinalis D1
3311,Calendula Officinalis 2a Ø
3312,Calendula Mother Tincture
3313,Calcium Hypophosphorosum D6
3314,Mercurius Praecipitatus Ruber
3315,Valerian Dry Hydroalcoholic Extract
3316,Passion Flower Dry Extract
3317,Hawthorn Leaf And Flower Dry Extract
3318,Black Horehound Dry Extract
3319,Piketoprofen
3320,Diclofenac Epolamine
3321,Valeriana Officinalis L. Root Dry Extract
3322,Melissa Leaf Dry Extract
3323,Liquiritiae Extractum Fluidum
3324,Pramipexole Dihydrochloride
3325,Cocculus Trit. D4
3326,Cypripedium Pubescens Trit. D4
3327,Ignatia Trit. D6
3328,Lilium Tigrinum Trit. D6
3329,Passiflora Incarnata Trit. D3
3330,Platinum Metallicum Trit. D8
3331,Valeriana Trit. D2
3332,Zincum Valerianicum Trit. D3
3333,Cimicifuga Racemosa D3
3334,Cypripedium Pubescens D3
3335,Valeriana Officinalis
3336,Cocculus
3337,Strychnos Nux-Vomica D5
3338,Cimicifuga Trit. D3
3339,Cypripedium Parviflorum Var. Pubescens
3340,Cimicifuga D2
3341,Platinum
3342,Lilium Tigrinum
3343,Cocculus D4
3344,Valeriana Officinalis D2
3345,Iloprost
3346,Acalabrutinib
3347,Cupric Oxide
3348,Manganese Sulfate
3349,Rizatriptan Benzoate
3350,Ketamine
3351,Alfa-Terpineol
3352,Leuprorelin
3353,Lithium Carbonate
3354,Chamomilla Vulgaris 9ch
3355,Phytolacca Decandra 5ch
3356,Rheum 5ch
3357,Rheum
3358,Camellia Sinensis Leaf
3359,Adenosinum-3'
3360,5'-Cyclophosphoricum D30
3361,5'-Cyclophosphoricum D8
3362,Irinotecan Hydrochloride Trihydrate
3363,Mavacamten
3364,Caspofungin
3365,Candesartan
3366,Fluprednidene
3367,Nabilone
3368,Centaury
3369,Powder
3370,Lovage Root
3371,Rosemary Leaf
3372,Extract Of Rosemary Leaves
3373,Lovage Root And Centaury Herb
3374,Propylene Glycol
3375,Hymecromone
3376,Lysozyme
3377,Vesica Urinaria Bovis Gl
3378,Achillea Millefolium Ferm 33d
3379,Mercurius Solubilis Hahnemanni Dil D8
3380,Coconut Oil
3381,Distilled Coal Tar
3382,Sodium-L-Lactate
3383,Capecitabine
3384,Aminaphtone
3385,Ciclosporin
3386,Sabal Serrulata Extract
3387,Vandetanib
3388,Capreomycin
3389,Soft Extract From Capsicum
3390,Dry Extract Of Capsella Bursa-Pastoris Herb
3391,"Essential Oil Of Turpentine Kind ""Pinus Pinaster"""
3392,Noscapine Ujotit Ksh-4
3393,Noscapine
3394,Pneumococcal Polysaccharide Serotype 33f Conjugated To Crm197
3395,Pneumococcal Polysaccharide Serotype 22f Conjugated To Crm197
3396,Pneumococcal Polysaccharide Serotype 10a Conjugated To Crm197
3397,Pneumococcal Polysaccharide Serotype 9n Conjugated To Crm197
3398,Pneumococcal Polysaccharide Serotype 8 Conjugated To Crm197
3399,Pneumococcal Polysaccharide Serotype 11a Conjugated To Crm197
3400,Pneumococcal Polysaccharide Serotype 12f Conjugated To Crm197
3401,Pneumococcal Polysaccharide Serotype 20a Conjugated To Crm197
3402,Pneumococcal Polysaccharide Serotype 17f Conjugated To Crm197
3403,Pneumococcal Polysaccharide Serotype 15b De-O-Acetylated Conjugated To Crm197
3404,Pneumococcal Polysaccharide Serotype 15a Conjugated To Crm197
3405,Pneumococcal Polysaccharide Serotype 16f Conjugated To Crm197
3406,Pneumococcal Polysaccharide Serotype 23a Conjugated To Crm197
3407,Pneumococcal Polysaccharide Serotype 24f Conjugated To Crm197
3408,Pneumococcal Polysaccharide Serotype 23b Conjugated To Crm197
3409,Pneumococcal Polysaccharide Serotype 31 Conjugated To Crm197
3410,Pneumococcal Polysaccharide Serotype 35b Conjugated To Crm197
3411,Pneumococcal Polysaccharide Serotype 3 Conjugated To Crm197
3412,Pneumococcal Polysaccharide Serotype 6a Conjugated To Crm197
3413,Pneumococcal Polysaccharide Serotype 7f Conjugated To Crm197
3414,Pneumococcal Polysaccharide Serotype 19a Conjugated To Crm197
3415,Carbetocin
3416,"Levodopa, Anhydrous Carbidopa"
3417,Entacapone
3418,Carbimazole
3419,Melilotus Officinalis D8
3420,Carbo Vegetabilis D10
3421,Lachesis D10
3422,Coffee Charcoal
3423,Carbo Vegetabilis D200
3424,Hypophysis Suis
3425,Carboplatin
3426,Sevelamer Carbonate
3427,Carboprost
3428,Carboprost Trometamol
3429,Carbenoxolone
3430,Ferric Carboxymaltose
3431,Graphite
3432,Sodium Thiosulfate
3433,Nicardipine
3434,Tincture From Crataegus Inflorescence
3435,Convallaria Majalis Tincture
3436,Liquid Extract From Cola
3437,Kalium Carbonicum Trit. D4
3438,Spigelia Anthelmia D4
3439,Nitroglycerinum Trit. D5
3440,Dihydrocodeine Thiocyanate
3441,Pentetrazol
3442,Soft Extract From Hawthorn Leaf And Flower
3443,Isosorbide Dinitrate
3444,Copper Tetramibi Tetrafluoroborate
3445,Latrodectus Mactans D4
3446,Kalmia D2
3447,Strophanthus D4
3448,Magnesium Phosphoricum Acidum
3449,Onopordum Acanthium
3450,"Aqu. Digestio 1:3,1 Cum 1 % Hyoscyamus Ø"
3451,Primula Veris
3452,Rubidium Chloride Rb-82
3453,Strontium (82sr) Dichloride
3454,Strontium
3455,Cola Extract
3456,Crataegi Cum Valerianae Tinctura
3457,Convallariae Tinctura Titrata
3458,Procaine
3459,Xylitol
3460,Stannous
3461,Cysteine
3462,Technetium (99mtc) Sestamibi
3463,Dexrazoxane
3464,Imidapril
3465,Silybum Marianum Fruit
3466,Liquid Extract Of Hawthorn Berries
3467,Fel Tauri
3468,Chamomile Tincture
3469,Chelidonium Majus D4
3470,Silybum Marianum Mother Tincture
3471,Hepar Bovis Gl
3472,Dry Extract From Hyperici Herba
3473,Dry Extract Of Echinacea Root
3474,Agnus Castus Fruit
3475,Tanaceti Parthenii Herba
3476,Sodium Benzoate
3477,Papain
3478,Epoprostenol
3479,Moxisylyte
3480,Carmellose
3481,Diluted
3482,Isosorbide 5 Mononitrate
3483,Indigo Carmine
3484,Spike Lavender Oil
3485,Chinese Cinnamon Oil
3486,Salviae Oleum
3487,Nutmeg Oil
3488,Spanish Sage Oil
3489,Mentha Piperita Tincture
3490,Collinsonia Canadensis D3
3491,Lupulinum D2
3492,Artemisia Absinthium D3
3493,Taraxacum Officinale D2
3494,Testa Trit. D4
3495,Pyrus Malus
3496,Carpellum Trit. D4
3497,Milk Thistle Fruit Dry Extract
3498,Cartilago Articularis Bovis Gl
3499,Cartilago Suis D10
3500,Cartilago Suis D200
3501,Cartilago Suis D30
3502,Cartilago Suis D12
3503,Cartilago Suis D8
3504,Articulatio Interphalangea Bovis Gl
3505,Eingeengter Wässriger Auszug Aus Carvi Fructus Sicc
3506,"Droge-Auszug-Verhältnis: 1,8:1"
3507,Liquid Extract Of Angelica Archangelica Root
3508,Blessed Thistle And Peppermint Leaf
3509,Ciltacabtagene Autoleucel
3510,Methoxyphenamine
3511,Rhamnus Purshiana Dc. Bark
3512,Lactobacillus Acidophilus
3513,Sodium Sulfate
3514,Macrogol 4000
3515,Sodium Biphosphate
3516,Exagamglogene Autotemcel
3517,Agni Casti Fructus Extractum Siccum
3518,Aesculus Hippocastanum Bark
3519,Clobazam
3520,Castor Equi Mother Tincture
3521,Dropropizine
3522,Diclofenac Resinate
3523,Rumex Acetosa
3524,Artemisia
3525,Poa Sp
3526,Pirenoxine
3527,Fenofibrate
3528,Camellia Sinensis (Green Tea) Leaf Extract
3529,Dry Extract From Green Tea
3530,Arnica Trit. D2
3531,Cimicifuga Trit. D2
3532,Caulophyllum Thalictroides Trit. D3
3533,Causticum Hahnemanni
3534,Kalium Phosphoricum Trit. D5
3535,Causticum Hahnemanni Trit D5
3536,Atropa Bella-Donna Trit D11
3537,Causticum Hahnemanni D200
3538,Vinpocetine
3539,Cilazapril
3540,Undecylenic Acid
3541,Ceanothus Americanus D10
3542,Ceanothus Americanus D200
3543,Ceanothus Americanus D30
3544,Lomustine
3545,Simarouba Cedron Dil D2
3546,Citrullus Colocynthis Dil D5
3547,Liquid Extract Of Iceland Moss
3548,Saponaria Officinalis Root
3549,Pimpinella Root
3550,Fennel Bitter Fruit And 1 Part Of Star Anise
3551,Thymi Extractum Fluidum
3552,Ruscus Aculeatus (Dried Hydroalcoholic Extracts)
3553,Secale Cornutum Trit. D 4
3554,Barium Carbonicum D8
3555,Espeletia Schultzii / Espeletia Grandiflora E Foliis Et Floribus Sicc. Trit D3
3556,Turnera Diffusa Mother Tincture
3557,Eupatorium Perfoliatum D5
3558,Dry Extract From Cimicifugae Racemosae Rhizoma
3559,Crocus Sativus Trit. D 3
3560,Sepia Officinalis D3
3561,Juniperus Sabina D3
3562,Secale Cornutum D3
3563,Cefalexin
3564,Tanacetum Parthenium (L.) Schultz Bip
3565,Cefradine
3566,Cefalotin
3567,Helianthus Annuus
3568,Aethusa Cynapium D4
3569,Calotropis Gigantea D4
3570,Fucus Vesiculosus D2
3571,Melilotus Officinalis Ø
3572,Cyclamen Purpurascens Mother Tincture
3573,Iris Versicolor Mother Tincture
3574,Ignatia Trit. D4
3575,Dry Extract Of Agnus Castus Fruit
3576,Colchicinum D8
3577,Berberis Vulgaris D5
3578,Artemisia Abrotanum D1
3579,Colchicinum D6
3580,Sodium Selenite Pentahydrate
3581,Kalium Phosphoricum Trit. D 4
3582,Lachesis D6
3583,Kalium Phosphoricum D4
3584,Lachesis Mutus Dil D6
3585,Hydrargyrum Sulfuratum Rubrum D4
3586,Chininum Arsenicosum D12
3587,Mercurius Solubilis Hahnemanni D5
3588,Ferrum Phosphoricum D3
3589,Hydrargyrum Sulfuratum Rubrum Trit. D4
3590,Ammi Visnaga Mother Tincture
3591,Atropinum Sulfuricum D4
3592,Matricaria Recutita D1
3593,Podophyllum Peltatum D4
3594,Thyreoidinum E Gland. Thyreoid. Suis Trit. D4
3595,Euspongia Officinalis Mother Tincture
3596,Cefatrizine
3597,Ginkgo Biloba Trit. D4
3598,Crataegus Trit. D4
3599,Viscum Album Trit. D4
3600,Viscum Album Mother Tincture
3601,Ginkgo Biloba
3602,Cefepime Dihydrochloride
3603,Cefprozil
3604,Ceftizoxime
3605,Cefpodoxime Proxetil
3606,Cefotaxime Sodium Sterile
3607,Ceftriaxone Disodium Salt Hemiheptahydrate
3608,Ceftaroline Fosamil
3609,Ceftazidime Pentahydrate Sterile Buffered
3610,Ceftriaxone Sodium Sesquaterhydrate
3611,Pegfilgrastim
3612,Sugemalimab
3613,Celery Seed Extract
3614,Dry Extract From Celery Seed
3615,Mycophenolate Mofetil
3616,Vincristine
3617,Etoposide
3618,Suxamethonium
3619,Maraviroc
3620,Glutathione
3621,Lactobionic Acid
3622,Pramocaine
3623,Tincture From White Hellebore Rhizomes And Radices 1:10
3624,Isoniazid
3625,Sennoside B
3626,Centella Asiatica Triterpenoid Extract
3627,Dry Extract From Pelargonium Root
3628,Glandula Suprarenalis Suis D10
3629,Hypophysis Suis D10
3630,Hypothalamus Suis D10
3631,Quetiapine Hemifumarate
3632,Allii Cepae Extractum Fluidum
3633,Tincture Of Matricaria
3634,Human Protein C
3635,Brassica Nigra E Semine W 10%
3636,Bryonia Cretica Ferm 33b Ø
3637,Equisetum Arvense Ex Herba Ferm 35b Ø
3638,Beeswax
3639,Yellow
3640,Aesculus Hippocastanum E Semine Ferm 34c Ø
3641,Pyritinol
3642,Eliglustat
3643,Apatit
3644,Conchae Trit. D3
3645,Natrium Carbonicum
3646,Orchis E Tubere
3647,Espeletia Schultzii / Espeletia Grandiflora E Foliis Et Floribus Sicc. Dil D3
3648,Gelsemium Sempervirens D4
3649,Ruta Graveolens D4
3650,Acidum Phosphoricum D10
3651,Cerebrum Suis D8
3652,Cinchona Pubescens D4
3653,Conium Maculatum D4
3654,Embryo Totalis Suis D10
3655,Arnica Montana D28
3656,Ambra Grisea D10
3657,Hepar Suis D10
3658,Magnesium Phosphoricum D10
3659,Manganum Phosphoricum D8
3660,Placenta Totalis Suis D10
3661,Semecarpus Anacardium D6
3662,Selenium D10
3663,Strychnos Ignatii D8
3664,Sulfur D10
3665,Kalium Bichromicum D8
3666,Hyoscyamus Niger D6
3667,Aesculus Hippocastanum D4
3668,Cerebrum Suis D10
3669,Cerebrum Suis D200
3670,Cerebrum Suis D30
3671,Cerebrum Suis D12
3672,Cerebrum Totalis Suis D10
3673,Cerebrum Totalis Suis D200
3674,Cerebrum Totalis Suis D30
3675,Ambra Grisea
3676,Panax Ginseng Urt
3677,Vincetoxicum Hirundinaria D8
3678,Echinacea Purpurea Mother Tincture
3679,Sambucus Nigra Ø
3680,Imiglucerase
3681,Trospium
3682,Cocarboxylase Tetrahydrate
3683,Dry Extract Of Dried Crude Pollen From Secale Cereale
3684,Phleum Pratense And Zea Mays
3685,Soft Extract Of Dried Crude Pollen From Secale Cereale
3686,Second
3687,Flumetasone Pivalate ()
3688,Certoparin
3689,Daunorubicin
3690,Sweet Almond Oil
3691,Xylene
3692,Cerussit
3693,Human Papillomavirus Type 16 L1 Protein Adjuvanted By As04
3694,Trichoplusia Ni. Derived
3695,Human Papillomavirus Type 18 L1 Protein Adjuvanted By As04
3696,Dinoprostone
3697,Vinburnine
3698,Aldioxa
3699,Cetrimonium
3700,Cetirizine
3701,Macrogol Cetostearyl Ether 20-22
3702,Ornithine Oxoglutarate
3703,Fluocinolone
3704,Cetrorelix
3705,Eptacog Beta (Activated)
3706,Levetiracetam
3707,Matricaria Liquid Extract
3708,Kalium Aceticum Comp
3709,Malachit
3710,Chamomilla Recutita Cupro Culta
3711,Chamomilla Dil D1
3712,Chamomillae Extractum
3713,Sodium Edetate
3714,Berberis Vulgaris E Radice W 10%
3715,Chelidonium Majus Ex Herba Ferm 34b Ø
3716,Chelidonium Majus E Radice Ferm 34b Ø
3717,Citrullus Colocynthis E Fructibus Ferm 33a Ø
3718,Lini Oleum Virginale
3719,Cod-Liver Oil (Type A)
3720,Wheat-Germ Oil
3721,Cichorium Intybus E Planta Tota Ferm 33c Ø
3722,Chelidonium Ø
3723,Dryopteris Filix-Mas
3724,Polypodium Vulgare
3725,Salix Alba / Purpurea / Viminalis
3726,Phyllitis Scolopendrium
3727,Urtica Dioica Ø
3728,Chelidonium Majus Ex Herba Ferm 34b
3729,Chelidonium Majus E Radice Ferm 34b
3730,Rosa E Floribus Ferm Cum Ferro
3731,Ruta Graveolens Ex Herba Ferm 33c
3732,Chelidonium Ferro Cultum
3733,Chelidonium Ferro Cultum Rh
3734,Chelidonium Rh
3735,Citrullus Colocynthis E Fructibus Ferm 33a
3736,Chelidonium Majus D10
3737,Chenodeoxycholic Acid
3738,Norfloxacin
3739,Strychnos Nux Vomica
3740,Quinidine
3741,Quinine Dihydrochloride
3742,Prulifloxacin
3743,Euphorbia Cyparissias D4
3744,Propanol
3745,Soft Extract Of Schisandra Chinensis Fruit
3746,Soft Extract Of Eleutherococcus Senticosus Root
3747,Soft Extract Of Rhodiola Rosea Root
3748,Chlorhexidine Digluconate Solution
3749,Chloroacetamide
3750,Chloral
3751,Chlorambucil
3752,Chlorquinaldol
3753,Strontium (89sr)
3754,Chlorhexidine Digluconate (20% Solution)
3755,Sevelamer
3756,Heptaminol
3757,Chlorprothixene
3758,Methacholine
3759,Thallium (201tl)
3760,Indium (111in)
3761,Chloroxylenol
3762,Lycopodium Clavatum Dil D1
3763,Nux Vomica Dil D2
3764,Quassia Amara Dil D1
3765,Veronicastrum Virginicum Mother Tincture
3766,Eucalyptus Extract
3767,Frangula Extract
3768,Magnesium Salicylate
3769,Peppermint Extract
3770,Curcumin Wd Powder
3771,Cholesterolum Dil D2
3772,Solidago Virgaurea Urtinktur
3773,Cholesterolum D4
3774,Citrullus Colocynthis D4
3775,Berberis Vulgaris D3
3776,Silybum Marianum D2
3777,Choline Theophyllinate
3778,Chelidonium Majus Radix D3
3779,Curcuma Zanthorrhiza Rhizoma D1
3780,Curcuma Xanthorrhiza
3781,Rhizoma
3782,Colesevelam
3783,Colestyramine
3784,Lycopodium Clavatum Dil D 3
3785,Natrium Sulfuricum Dil D5
3786,Trepibutone
3787,Belladonna Tincture
3788,Turmeric Tincture
3789,Taraxaci Succus
3790,Artichoke Tincture
3791,Menthae Piperitae Tinctura
3792,Quassia Amara
3793,Taraxacum
3794,Chelidonium
3795,Juglans Cinerea
3796,Fluorocholine (18f)
3797,Dry Extract Of Artichoke Leaf
3798,Human Chorionic Gonadotropin
3799,Tizanidine
3800,Chrysanthemum Pollen
3801,Chrysolith
3802,Retina Et Chorioidea Bovis
3803,Cyamemazine
3804,Zuclopenthixol
3805,Zuclopenthixol Decanoate
3806,Abrocitinib
3807,Calendula Officinalis Fresh Plant
3808,Hypericum Perforatum Fresh Plant
3809,Achillea Millefolium Fresh Plant
3810,Ledum Palustre Mother Tincture
3811,Pulsatilla Mother Tincture
3812,Cichorium Intybus Var. Sativum Stanno Cultum
3813,Cichorium Stanno Cultum Rh
3814,Cicletanine
3815,Cyclophosphamide
3816,Cyclopentolate
3817,Cycloserine
3818,Macitentan
3819,Cidofovir
3820,Pilocarpine
3821,Troxerutin
3822,Domperidone
3823,Cimetidine
3824,Leonurus Cardiaca 3b
3825,Cimicifuga Rhizome Dry Extract
3826,Strontium Carbonicum
3827,Dry Extract From Cimicifugae Rhizoma
3828,Certolizumab Pegol
3829,Oxitriptan
3830,Cineraria Maritima
3831,Dry Extract Of Hedera Helix Folium
3832,Cloperastine Fendizoate
3833,Hydrargyrum Sulfuratum Rubrum Trit. D3
3834,Hydrastis Trit. D3
3835,Kalium Bichromicum Trit. D3
3836,Echinacea Trit. D1
3837,Hydrargyrum Sulfuratum Rubrum D3
3838,Hydrastis D3
3839,Echinacea D1
3840,Kalium Bichromicum D3
3841,Achillea Millefolium D10
3842,Achillea Millefolium D200
3843,Achillea Millefolium D30
3844,Achillea Millefolium D4
3845,Cinnamomum Verum D1
3846,Cinnamomum Verum D10
3847,Cinnamomum Verum D200
3848,Cinnamomum Verum D30
3849,Hamamelis Virginiana D10
3850,Hamamelis Virginiana D200
3851,Hamamelis Virginiana D3
3852,Hamamelis Virginiana D30
3853,Hydrargyrum Sulfuratum Rubrum
3854,Reslizumab
3855,Tolterodine L-Tartrate
3856,Minocycline
3857,Ciprofibrate
3858,Cyproheptadine
3859,Clove
3860,Myrobalan
3861,Potentilla Aurea
3862,Calcium Sulfate Hemihydrate
3863,Saussurea Costus Root
3864,Aegle Marmelos Fruit
3865,Aquilegia Vulgaris
3866,Pterocarpus Santalinus Wood
3867,Elettaria Cardamomum
3868,Antelaea Azadirachta Fructus
3869,Pimenta Dioica Fructus
3870,Kaempferia Galanga
3871,Lactuca Sativa Var. Capitata
3872,Lichen Islandicus Extractum
3873,Sida Cordifolia
3874,Calendula Officinalis
3875,Acidum Arsenicosum D10
3876,Acidum Arsenicosum D200
3877,Argentum Metallicum D10
3878,Argentum Metallicum D200
3879,Argentum Metallicum D30
3880,Barium Iodatum D10
3881,Barium Iodatum D200
3882,Barium Iodatum D30
3883,Calcium Carbonicum Hahnemanni D10
3884,Calcium Carbonicum Hahnemanni D200
3885,Nicotiana Tabacum D200
3886,Nicotiana Tabacum D30
3887,Solanum Nigrum D10
3888,Solanum Nigrum D200
3889,Solanum Nigrum D30
3890,Nicotiana Tabacum D10
3891,Secale Cornutum D10
3892,Secale Cornutum D200
3893,Secale Cornutum D30
3894,Secale Cornutum D6
3895,Cisatracurium
3896,Sodium Fluoride (18f)
3897,Cisplatin
3898,Cissus-Ossa
3899,Flavoxate
3900,Cystine
3901,Felypressin
3902,Thiamine Disulfide
3903,Sodium Phosphate
3904,Ganciclovir
3905,Citral
3906,Heavy Magnesium Carbonate
3907,Sodium Lactate (As 50% Solution)
3908,Yttrium (90y)
3909,Gallium (67ga)
3910,Erbium (Er169)
3911,"Sodium Citrate, Monosodium"
3912,Erbium (Er169) Citrate Colloidal
3913,Catalase
3914,Calcium Citrate
3915,Citronellol
3916,Citrus Medica Ssp. Limonum E Fructibus Ferm 33c
3917,Cydonia Oblonga E Fructibus Ferm 33b
3918,Limonis Aetheroleum 10%
3919,Diflucortolone Valerate
3920,Naftidrofuryl
3921,Heparan
3922,Clarithromycin Lactobionate
3923,Piribedil
3924,Raloxifene
3925,Clodronate Disodium
3926,Mandragora E Radice Spag. Peka D6
3927,Plumbum Aceticum
3928,Ruta Graveolens Spag. Peka
3929,Melilotus Officinalis Spag. Peka
3930,Aranea Diadema
3931,Ticarcillin
3932,Gliclazide
3933,Paracetamol Dc
3934,Clebopride Hydrogen
3935,"Sodium Dihydrogen Phosphate Dihydrate, Disodium"
3936,Clemastine
3937,Clenbuterol
3938,Iopamidol
3939,Sodium Sulphate
3940,Clevidipine
3941,Dydrogesterone
3942,Tincture From Hamamelis Leaf And Bark
3943,Tincture From Viburnum Bark
3944,Tincture From Melilot
3945,Tincture From Butcher's Broom
3946,Tincture From Horse-Chestnut
3947,Dry Extract From Black Cohosh Rhizome
3948,Dihydroergocristine
3949,Apis Mellifica C15
3950,Hypericum Perforatum C15
3951,Clindamycin Palmitate
3952,Olive Oil
3953,Magnesium Chloride
3954,Sodium Lauryl Sulfoacetate
3955,Isradipine
3956,Clobetasone Butyrate
3957,Clofarabine
3958,Levocloperastine Fendizoate
3959,Clomethiazole
3960,Clomethiazole Edisilate
3961,Clomifene
3962,Tosylchloramide
3963,Clonixin
3964,Dipotassium Clorazepate
3965,Dopamine
3966,Lithium Chloride
3967,Chlorzoxazone
3968,Tolfenamic Acid
3969,Cloxazolam
3970,Clotiazepam
3971,Allergen Extract From Phleum Pratense Pollen
3972,Glutaraldehyde-Modified
3973,Festuca Pratensis Pollen Allergoid
3974,Holcus Lanatus Pollen Allergoid
3975,Allergen Extract From Poa Pratensis Pollen
3976,Allergen Extract From Dactylis Glomerata Pollen
3977,Allergen Extract From Lolium Perenne Pollen
3978,Betula Pendula Pollen Polymerized Extract
3979,Secale Cereale Pollen Polymerized Extract
3980,Alnus Glutinosa Pollen Polymerized Extract
3981,Corylus Avellana Pollen Polymerized Extract
3982,Dermatophagoides Farinae Allergoid
3983,Dermatophagoides Pteronyssinus Allergoid
3984,Human Coagulation Factor Xiii
3985,Docusate
3986,Furosemide
3987,Cocaine
3988,Cocamidopropyl Betaine
3989,Strychnos Nux-Vomica C4
3990,Anamirta Cocculus C4
3991,Nicotiana Tabacum C4
3992,Petroleum Rectificatum C4
3993,Petroleum
3994,Nicotiana Tabacum
3995,Cocculus Indicus
3996,Petroleum Rectificatum D10
3997,Petroleum Rectificatum D200
3998,Petroleum Rectificatum D30
3999,Anamirta Cocculus D10
4000,Anamirta Cocculus D200
4001,Anamirta Cocculus D30
4002,Petroleum Rectificatum D6
4003,Coal Tar Solution
4004,Conium Maculatum D6
4005,Carbo Vegetabilis C5
4006,Cuprum Metallicum C5
4007,Citrullus Colocynthis C9
4008,"Codeine Phosphate Hemihydrate, Anhydrous Caffeine"
4009,Dihydrocodeine
4010,Dantron
4011,Poloxamer 188
4012,Aqueous Extract Of Dry Maltodextrin Erysimum
4013,Liquid Extract Of The Guarea Rusbyi Bark
4014,Saccharomyces Boulardii Lyophilised
4015,Codeine-Poly(Styrene-Divinylbenzene)-Sulfonate
4016,Phenyltoloxamine-Poly(Styrene-Divinylbenzene)-Sulfonate
4017,Acidum Alpha-Ketoglutaricum D8
4018,Acidum Ascorbicum D6
4019,Acidum Cis-Aconiticum D8
4020,Acidum Citricum D8
4021,Acidum Fumaricum D8
4022,Acidum Malicum D8
4023,Acidum Succinicum D8
4024,Acidum Thiocticum D6
4025,Cerium Oxalicum D8
4026,Cysteinum D6
4027,Beta Vulgaris Rubra D4
4028,Hepar Sulfuris D10
4029,Magnesium Oroticum Dihydricum D6
4030,Manganum Phosphoricum D6
4031,Natrium Diethyloxalaceticum D6
4032,Natrium Pyruvicum D8
4033,Natrium Riboflavinum Phosphoricum D6
4034,Nicotinamidum D6
4035,Thiaminum Hydrochloricum D6
4036,Pyridoxinum Hydrochloricum D6
4037,Magnesium Oroticum D6
4038,Beta Vulgaris Rubra D6
4039,"Ergotamine Tartrate, Anhydrous Caffeine"
4040,Ampicillin Trihydrate
4041,Flucloxacillin
4042,Pholcodine
4043,Anamirta Cocculus Trit. D6
4044,Conium Maculatum Trit. D6
4045,Zincum Phosphoricum Trit. D6
4046,Viscum Album Spag. Peka Ø
4047,Melilotus Officinalis Spag. Peka Ø
4048,Magnesium Chloratum Dil D6
4049,Sumbul
4050,Famciclovir
4051,Equisetum Arvense Flowering Top
4052,Rolitetracycline
4053,Colchicine
4054,Glandula Thyreoidea Bovis
4055,Vespa Crabro Ex Anim. Tot
4056,Chelidonium Majus E Floribus Ferm 34b Ø
4057,Colchicum Autumnale E Planta Tota Ferm 34c Ø
4058,Colchicum Autumnale E Planta Tota Ferm 34c
4059,Equisetum Arvense Urt
4060,Urtica Urens Ø
4061,Alchemilla Vulgaris Ø
4062,Ilex Aquifolium E Foliis Recens Mother Tincture
4063,Galium Aparine
4064,Colchicum
4065,Tuber Rh
4066,Standardised Meadow Saffron Dry Extract
4067,Dicycloverine
4068,Tiemonium Methylsulphate
4069,Opium
4070,Prepared
4071,Autumn Crocus Fresh Flower Fluid Extract
4072,Thuja Occidentalis Dil D1
4073,Docosanol
4074,Ephedrine Laevulinate
4075,Sodium Laevulinate
4076,Tocopheryl
4077,Terpin
4078,Colecalciferol Concentrate
4079,Lovastatin
4080,Rifaximin
4081,Smectite
4082,Escherichia Coli
4083,Nux Vomica
4084,Lycopodium Clavatum D 4
4085,Bryonia Cretica D4
4086,Tropicamide
4087,Methylthioninium Hydroxide
4088,Aluminium Oxydatum
4089,Citrullus Colocynthis D10
4090,Citrullus Colocynthis D200
4091,Citrullus Colocynthis D30
4092,Pseudognaphalium Obtusifolium D10
4093,Pseudognaphalium Obtusifolium D200
4094,Pseudognaphalium Obtusifolium D3
4095,Pseudognaphalium Obtusifolium D30
4096,Colocynthis D 30
4097,Colocynthis D2
4098,Colocynthis D10
4099,Colocynthis D200
4100,Pseudognaphalium Obtusifolium D1
4101,Gnaphalium Polycephalum D200
4102,Gnaphalium Polycephalum D30
4103,Gnaphalium Polycephalum D10
4104,Citrullus Colocynthis D2
4105,Colon Suis Gl
4106,Colon Suis D10
4107,Colon Suis D200
4108,Colon Suis D30
4109,Colophony
4110,P-Phenylenediamine
4111,Trimebutine
4112,Promestriene
4113,Medrogestone
4114,Glofitamab
4115,Pyrantel Embonate
4116,Neostigmine Methylsulfate
4117,Bretovameran
4118,Cemivameran
4119,5'-Capped Mrna Encoding Sars-Cov-2
4120,Pre-Fusion Stabilised (K981p And V982p)
4121,Scrophularia Nodosa D4
4122,Phytolacca D 8
4123,Lappa Major D4
4124,Acidum Nitricum D8
4125,Hydrargyrum Bichloratum D10
4126,Sulfur D4
4127,Echinacea Angustifolia D 4
4128,Melissa Leaf Soft Extract
4129,Benzoin
4130,Storax
4131,Aloe
4132,Dried Aluminium Hydroxide
4133,Podophyllum Resin
4134,Lincomycin
4135,Bazedoxifene
4136,Vitamin A
4137,All-Rac-Alpha-Tocopheryl
4138,Amanita Muscaria E Planta Tota Ferm 33b
4139,Argentum Metallicum Trit. D4
4140,Conchae Trit. D4
4141,Dermatan
4142,Podophyllotoxin
4143,Selenicereus Grandiflorus Ø
4144,Conium Maculatum D12
4145,Conium Maculatum D200
4146,Conium Maculatum D30
4147,Estrogens Conjugated
4148,Medroxyprogesterone
4149,Conjunctiva Bovis Gl
4150,Linaclotide
4151,Morphine Sulfate Pentahydrate
4152,Liquid Extract From Allium Cepa Bulb
4153,Methyl Parahydroxybenzoate
4154,Sorbic Acid
4155,Acidum Silicicum Trit. D3
4156,Hydrargyrum Sulfuratum Rubrum Trit. D6
4157,Kalium Chloratum Trit. D4
4158,Echinacea Trit D2
4159,Euspongia Officinalis Trit. D6
4160,Apis Mellifica Trit. D4
4161,Kalium Bichromicum Trit. D6
4162,Lachesis Trit. D10
4163,Atropinum Sulfuricum Trit. D4
4164,Teucrium Marum Trit. D4
4165,Verbascum Densiflorum Trit. D2
4166,Eupatorium Perfoliatum Mother Tincture
4167,Pralidoxime Metilsulfate
4168,Aloe Ferox
4169,Adonis Vernalis D2
4170,Arnica Montana C15
4171,Kalium Phosphoricum C15
4172,Cinchona Pubescens C9
4173,Sulfur Iodatum C9
4174,Ipecacuanha Liquid Extract
4175,Zinc Acexamate
4176,Copper (64cu) Oxodotreotide
4177,Grindelia Soft Hydroalcoholic Extract
4178,Gelsemium Soft Hydroalcoholic Extract
4179,Soft Extract From Grindelia
4180,Soft Extract From Gelsemium
4181,Crataegus D3
4182,Acidum Arsenicosum D5
4183,Strophantus Gratus D3
4184,Kalium Carbonicum D3
4185,Kalmia Latifolia D3
4186,Selenicereus Grandiflorus D2
4187,Cor Bovis Gl
4188,Apocynum
4189,Ranunculus Bulbosus
4190,Sarcolacticum Acidum D6
4191,Cor Suis D8
4192,Hepar Suis D8
4193,Ouabainum D8
4194,Cor Suis D10
4195,Cor Suis D200
4196,Cor Suis D30
4197,Cor Suis D12
4198,Strophantus Gratus
4199,Crataegus D1
4200,Digitalis Purpurea D6
4201,Strophanthus Gratus D6
4202,Levosimendan
4203,Nadolol
4204,Oxogluric Acid
4205,Histidine Monohydrochloride
4206,Scilla D4
4207,Fenoldopam
4208,Metyrapone
4209,Cornea Bovis Gl
4210,Corpus Vitreum Bovis Gl
4211,Lens Cristallina Bovis Gl
4212,Aviptadil
4213,Aether Sulfuricus D1
4214,Valeriana Officinalis Ø
4215,Lenalidomide
4216,Josamycin Propionate
4217,Cortisone
4218,Cortisonum Aceticum D12
4219,Cortisonum Aceticum D200
4220,Cortisonum Aceticum D30
4221,Methylprednisolone
4222,Molsidomine
4223,Aethylii Α-Bromisovaleras Stabilisatus
4224,Pine Needle Oil (Pinus Sylvestris)
4225,Ibutilide
4226,Arnica Ø
4227,Scilla
4228,Veratrum
4229,Menglytate
4230,Atropa Bella-Donna C3
4231,Allium Cepa C3
4232,Schoenocaulon Officinale C3
4233,Gelsemium Sempervirens C3
4234,Kalium Bichromicum C3
4235,Pulsatilla Pratensis C3
4236,Pulsatilla Vulgaris C3
4237,Secukinumab
4238,Dactinomycin
4239,Iron(Iii)-Hydroxide Dextran Complex
4240,Frangula Purshiana Bark
4241,Pancreas Powder From Porcine
4242,Cobimetinib
4243,"Sars-Cov-2 Virus, Strain Wuhan Hcov-19 / Italy / Inmi1-Isl / 2020"
4244,Cpg 1018
4245,Burdock Radix
4246,Parecoxib
4247,Coxsackie Virus A9 Nosode D15
4248,Coxsackie Virus A9 Nosode D200
4249,Coxsackie Virus A9 Nosode D30
4250,Poly(Styrene-Co Divinylbenzene) Sulfonic Acid
4251,Calcium Salt
4252,Crataegus Oxyacantha Tm
4253,Spigelia Anthelmia D2
4254,Spigelia Anthelmia D1
4255,Rhododendron
4256,Crataegus Extract From Blossoms
4257,Leaves And Fruits (6 Mg / G Oligomeric Proanthocyanidins)
4258,Liquid Extract From Hawthorn Berry And Hawthorn Leaf With Flower
4259,Fresh Hawthorn Berries Tincture
4260,Cactus Grandiflorus
4261,Nitroglycerinum D8
4262,Apocynum Cannabinum D8
4263,Acidum Arsenicosum Spag. Glückselig
4264,Leonurus Cardiaca Mother Tincture
4265,Nerium Oleander D4
4266,Cerit
4267,Crataegus Laevigata / Monogyna E Foliis Et Fructibus Ferm 33d Ø
4268,Crataegus D12
4269,Leaves And Fruits (3 Mg / G Oligomeric Proanthocyanidins)
4270,Crataegus Oxyacantha
4271,Extract From Fresh Hawthorn Inflorescence
4272,Pancrealipase
4273,Pancreas Powder
4274,Isavuconazonium
4275,Corticorelin Triflutate
4276,Acidum Hydrofluoricum
4277,Talpa Europaea
4278,Micronised
4279,Carbo Vegetabilis D8
4280,Hamamelis Virginiana D4
4281,Hydrargyrum Oxydatum Rubrum D8
4282,Lycopodium Clavatum D4
4283,Sodium Gluconate
4284,Burosumab
4285,Daptomycin
4286,Trientine Dihydrochloride
4287,Coumarin
4288,Centaurium Erythraea Ex Herba Rec
4289,Peumus Boldus
4290,Taraxacum Officinalis
4291,Picrasma Excelsa
4292,Penicillamine
4293,Trientine
4294,Renes Bovis Gl
4295,Cuprum Metallicum Praeparatum M
4296,Cuprum Oxydulatum Rubrum
4297,Cuprum Metallicum D12
4298,Cuprum Metallicum D200
4299,Cuprum Metallicum D30
4300,Triterpene Glycoside
4301,Zinc Histidine
4302,Sabalis Serulatae Extractum
4303,Serenoa Repens Fructus
4304,Extractum Spissum
4305,Curcuma Longa Rhizoma Dry Extract
4306,Poractant Alfa
4307,Potassium Hydrogen 2-Ketoglutarate
4308,Potassium Hydrogen-2-Oxoglutaraat
4309,Thuja D12
4310,Viola Tricolor D3
4311,Centella Asiatica D4
4312,Graphites D12
4313,Viola Tricolor Spag. Peka
4314,Echinacea Spag. Peka
4315,Funiculus Umbilicalis Suis
4316,Hepar Suis
4317,Ichthyolum
4318,Acidum Formicicum D198
4319,Arctium D6
4320,Calcium Fluoratum D13
4321,Cutis Suis D8
4322,Cortisonum Aceticum D28
4323,Natrium Diethyloxalaceticum D10
4324,Splen Suis D10
4325,Thallium Sulfuricum D13
4326,Cutis Suis D10
4327,Cutis Suis D200
4328,Cutis Suis D30
4329,Cortisone Aceticum
4330,Phosphoricum Acidum
4331,Selenium Trit. D10
4332,Calcium Fluoratum Trit. D13
4333,Mercurius Solubilis Hahnemanni Trit. D13
4334,Funiculus Umbilicalis Suis D10
4335,Bellis Perennis Spag. Peka
4336,Vinca Minor Spag. Peka
4337,Kreosotum
4338,Sempervivum Tectorum Var. Tectorum Spag. Peka
4339,Fumaria Officinalis Spag. Peka
4340,Daphne Mezereum Spag. Peka
4341,Norgestrel
4342,Cimicifuga
4343,Sanguinaria
4344,Cyclizine
4345,Dry Ruscus Extract Titrated In Sterolic Heterosides (Sh)
4346,Dry Extract Of Butcher's Broom
4347,Ruscus Aculeatus
4348,N-(Cyclohexylthio)Phthalimide
4349,Etamsylate
4350,Lymecycline
4351,Dimeticone 350
4352,Human Cytomegalovirus Immunoglobulin
4353,Soft Extract From Artichoke Herb
4354,Liquid Extract Of Dandelion Herb With Root
4355,Liquid Extract From Boldo Leaf
4356,Dry Extract From Artichoke Leaf
4357,Liothyronine
4358,Moxonidine
4359,Ramucirumab
4360,Mercaptamine
4361,Betula Pendula Roth
4362,Dry Extract From Bearberry Leaf
4363,Bearberry Extract
4364,Soft Extract From Solidaginis Virgaureae Herba
4365,Lytta Vesicatoria D5
4366,Equisetum Arvense Ex Herba Recente
4367,Eupatorium Purpureum D6
4368,Equisetum Hiemale D6
4369,Berberis Vulgaris D4
4370,Petroselinum Mother Tincture
4371,Bucco Mother Tincture
4372,Equisetum Arvense
4373,Populus Tremuloides Ø
4374,Serenoa Repens Ø
4375,Oleum Terebinthinae D6
4376,Cantharis
4377,Tincture From Purple Coneflower Herb
4378,Tincture From Bearberry Leaf
4379,Equisetum Hiemale
4380,Eupatorium Purpureum
4381,Tincture From Fresh Arctostaphylos Uva-Ursi Herb
4382,Tincture From Fresh Echinacea Purpurea Herb
4383,Dry Extract From Birch Leaf
4384,Dry Extract Of Cistus Incanus Herb
4385,Hexamidine
4386,Stearic Acid
4387,Glycerol (86 Percent)
4388,Delphinium Consolida Tincture
4389,Mephenoxalone
4390,Dabigatran
4391,Dacarbazine
4392,Decitabine
4393,Oxaliplatin
4394,Nifuratel
4395,Furazidine
4396,Concentrated Solution Of Sodium Hypochlorite
4397,Allergens
4398,Animal Fur & Epithelium
4399,House Dust & Mite
4400,Insect Venom
4401,Mould & Yeast Spore
4402,Extractum Allergeni Pollens
4403,Ferrum Metallicum
4404,Cobaltum Nitricum D12
4405,Manganum Sulfuricum D6
4406,Selenium Amorphum Dil D8
4407,Flurazepam Monohydrochloride
4408,Trandolapril
4409,Roflumilast
4410,Danaparoid
4411,Poloxamer 188 Usnf
4412,Hemiheptahydrate
4413,Benzylpenicilloyl-Octa-L-Lysine
4414,Sodium Benzylpenilloate
4415,Dapagliflozin Propanediol
4416,Dapivirine
4417,Dapoxetine
4418,Dapsone
4419,Pyrimethamine
4420,Rotigotine
4421,Darifenacin
4422,Anisi Fructus
4423,Fennel Fruit Bitter
4424,Coriandri Fructus
4425,"Propyphenazone, Anhydrous Caffeine"
4426,Darunavir
4427,Dasatinib
4428,Daratumumab
4429,Dobutamine
4430,Aconitum Napellus C6
4431,Atropa Bella-Donna C6
4432,Calendula Officinalis C6
4433,Chelidonium Majus C6
4434,Viburnum Opulus C6
4435,Valeriana Officinalis C4
4436,Datopotamab Deruxtecan
4437,Ioflupane (123i)
4438,Glasdegib
4439,Erythromycin Cyclocarbonate
4440,Pomalidomide
4441,Donidalorsen
4442,Trastuzumab
4443,Flupentixol
4444,Melitracen
4445,Ammi Visnaga Spag. Peka
4446,Cobaltum Nitricum
4447,Dolichosi Biflorum Seminis Extractum
4448,Medazepam
4449,Ammonium Molybdate
4450,Cobalt Gluconate
4451,Sodium Iodide
4452,Levamisole
4453,Perphenazine
4454,Sorbic Acid ()
4455,Cetostearyl Alcohol ()
4456,Zanamivir
4457,Ethyl Salicylate
4458,Racementhol
4459,Deferasirox
4460,Deferoxamine
4461,Defibrotide
4462,Degarelix
4463,Droperidol
4464,Secnidazole
4465,Lysine Monohydrochloride
4466,Dexketoprofen Trometamol
4467,Dexmedetomidine
4468,Dextran
4469,Choline Alfoscerate
4470,Inosine
4471,Dimepranol Acedoben
4472,Delorazepam
4473,Tiapride
4474,Doravirine
4475,Norvaline
4476,Ferrum Metallicum D8
4477,Phosphorus D8
4478,Sanguinaria Canadensis D7
4479,Delamanid
4480,Demeclocycline
4481,Methylergometrine
4482,Dengue Virus
4483,Serotype 2
4484,Live
4485,Attenuated
4486,Expressing Dengue Virus
4487,Serotype 1
4488,Surface Proteins
4489,Serotype 3
4490,Serotype 4
4491,Stibium Sulfuratum Aurantiacum Trit. D6
4492,Ipecacuanha Trit. D6
4493,Chamomilla Trit. D6
4494,Matricaria Recutita D20
4495,Plantago Major D4
4496,Matricaria Recutita D8
4497,Matricariae Extractum Spissum
4498,Matricaria Recutita Flower Tincture
4499,Sodium Lauryl Ether
4500,Sodium Lauryl Ether Sulpho-Succinate
4501,Liquid Extract From A Mixture Of: Matricaria Flower
4502,Oak Bark
4503,Arnica Herb
4504,Calamus Rhizome
4505,Peppermint Herb
4506,Thyme Herb
4507,Valpromide
4508,Etizolam
4509,Depigmented / Polymerized Extract
4510,Depigmented Polymerized Extract
4511,Betula Alba
4512,Depigmented Polymerized Pollen Extract
4513,Alnus Glutinosa Pollen
4514,Corylus Avellana Pollen
4515,Parietaria Judaica Pollen
4516,Glycyphagus Domesticus
4517,Festuca Elatior Pollen
4518,Dactylis Glomerata Pollen
4519,Poa Pratensis Pollen
4520,Lolium Perenne Pollen
4521,Secale Cereale Pollen
4522,Olea Europaea Pollen
4523,Platanus Acerifolia Pollen
4524,Plantago Lanceolata Pollen
4525,Euroglyphus Maynei
4526,Flupentixol Decanoate
4527,Hypericum Herb Dry Extract
4528,Selegiline
4529,Mianserin
4530,Malathion
4531,Tincture From Cardiospermum Halicacabum Flowering Top
4532,Acetylated Lanolin Alcohols
4533,Polysorbate 60
4534,Cetyl Alcohol
4535,Glyceryl Monostearate
4536,Cetyl Palmitate
4537,Isopropyl Palmitate
4538,Diammonium Hydrogen
4539,Glyceryl Monooleate
4540,Alpha-Tocopheryl Hydrogen
4541,Paraffin Hard
4542,Triglycerides
4543,Medium Chain
4544,Isopropyl Myristate
4545,Microcrystalline Wax
4546,Cardiospermum Mother Tincture
4547,Lysimachia Nummularia
4548,Glycerol. Extr. 1:2
4549,Cod-Liver Oil
4550,Crotalus Durissus Terrificus E Veneno Siccato D10
4551,Copper Sulfate Pentahydrate
4552,Sodium Fusidate
4553,Ammonium Dodecyl
4554,Tea-Dodecylbenzenesulfonate
4555,Carnitine
4556,Arginine Aspartate
4557,Orthophenylphenol
4558,Zinc Undecylenate
4559,Pangamate
4560,Desflurane
4561,Zonisamide
4562,Desmopressin Acetate Trihydrate
4563,Desoximetasone
4564,Urapidil
4565,Desvenlafaxine
4566,Desvenlafaxine Benzoate
4567,Propanocaine
4568,Rasagiline Hemitartrate
4569,Oxybutynin
4570,Micronized
4571,Flavonoids Extracted From Rutaceae (Aurentiae)
4572,Devils Claw Dry Extract
4573,Devil's Claw Extract
4574,Paraformaldehyde
4575,Dry Extract From Lime Flower
4576,Dexamethasone Dihydrogen Phosphate Disodium
4577,Dexamethasone Disodium
4578,Dexamethasone Sodium Metasulphobenzoate
4579,Dexamethasone Isonicotinate
4580,Tiliae Inflorescentiae Extractum
4581,Tincture From Bitter-Fennel Fruit
4582,Liquid Extract From Pinus Sylvestris Shoots
4583,Dexamethasone Valerate
4584,Lisdexamfetamine Diadipate
4585,Dexlansoprazole
4586,Ferric Hydroxide Polymaltose Complex
4587,Demoxytocin
4588,Human Anti-D Immunoglobulin
4589,13c-Urea
4590,Myrtillus
4591,Galega Officinalis
4592,Phaseolus Vulgaris
4593,Rose Fruit
4594,Agropyri Rhizoma
4595,Valeriana Ø
4596,Stiripentol
4597,Ferric Derisomaltose
4598,Dioscorea Nipponica Root
4599,Podophyllum Peltatum C9
4600,Acidum Arsenicosum C9
4601,Cinchona Pubescens C5
4602,Nifuroxazide
4603,Arsenicum Album D8
4604,Citrullus Colocynthis D6
4605,Argentum Nitricum D8
4606,Colchicum Autumnale D6
4607,Veratrum Album Trit. D 4
4608,Colchicum Autumnale Trit D6
4609,Liquid Extract Of Camomile Flower
4610,Apple Pectin
4611,Pectin
4612,Chamomile Flower Liquid Extract
4613,Diazolidinyl Urea
4614,Phenoxybenzamine
4615,"2,2'-Dibenzothiazyl Disulfide"
4616,Potassium Bromide
4617,Methyldibromo Glutaronitrile
4618,"1,3-Dibutyl-2-Thiourea"
4619,Pinaverium
4620,Dichlorophen
4621,Dicloxacillin
4622,Dipipanone
4623,Gramicidin
4624,Disopyramide
4625,Dihydroergotamine
4626,Diethanolamine
4627,Diethylstilbestrol
4628,Ibuprofen Arginine
4629,Ethylcellulose Microencapsulated
4630,Fidaxomicin
4631,Peumus Boldus Spag. Peka
4632,Magnesium Carbonicum
4633,Anthocyanosidic Extract Of Vaccinium Myrtillus
4634,A-Tocopherol Acetate Concentrate
4635,Pertussis
4636,Whole Cell
4637,Combinations With Toxoids
4638,Polypodium Leucotomos Root
4639,Tigecycline
4640,Cynarae Herbae Extractum Siccum
4641,Melissa Officinalis Leaf
4642,Nutmeg Seeds
4643,Cinnamon Bark
4644,Tincture From Fresh Peppermint Herb
4645,Carbo Vegetabilis D6
4646,Eichhornia
4647,Okoubaka Aubrevillei
4648,Okoubaka Aubrevillei D3
4649,Taraxacum Officinale D3
4650,Aspidium (Dryopteris) Filix-Mas Folium
4651,Polypodium Vulgare Folium
4652,Scolopendrium (Phyllitis) Folium
4653,Salix Alba Folium
4654,Salix Viminalis Folium
4655,Salix Vitellina Folium
4656,Liquid Extract From St. John’s Wort
4657,Chamomile Flower
4658,Rhubarb Root
4659,Fennel Fruit
4660,Coriander Fruit
4661,Plumbum Metallicum
4662,Digoxin Immune Fab (Ovine)
4663,Digitoxin
4664,Digoxin
4665,Ranunculus Bulbosus D4
4666,Unithiol
4667,Micronized Flavonoids
4668,Phenindione
4669,Vardenafil
4670,"Glucose, Disodium Hydrogen"
4671,Sodium Acid
4672,Rice Powder
4673,Dipentamethylenethiuram Disulfide
4674,Olsalazine
4675,Alanyl Glutamine
4676,Diphenylthiourea
4677,Piritramide
4678,Pipamperone
4679,Triamcinolone
4680,Discus Intervertebralis Thoracalis Suis
4681,Bambusa Arundinacea / Bambus Vulgaris E Nodo Sicc
4682,Formica Rufa D3
4683,Euphorbia Cyparissias D6
4684,Disci Intervertebrales Cervicales
4685,Thoracici Et Lumbales Bovis Gl
4686,Vivianit
4687,Gelsemium Sempervirens E Rhizoma Ferm 35b
4688,Leontopodium Alpinum E Planta Tota Ferm 36
4689,Stannum Metallicum Trit. D4
4690,Acidum Picrinicum D6
4691,Aesculus Hippocastanum D6
4692,Ammonium Chloratum D8
4693,Calcium Phosphoricum D10
4694,Cimicifuga Racemosa D4
4695,Coenzym A D10
4696,Cuprum Aceticum D6
4697,Hydrargyrum Oxydatum Rubrum D10
4698,Kalium Carbonicum D6
4699,Ledum Palustre D4
4700,Medorrhinum Nosode D18
4701,Medulla Ossis Suis D10
4702,Nadidum D6
4703,Sepia Officinalis D10
4704,Sulfur D28
4705,Zincum Metallicum D10
4706,Discus Intervertebralis Suis D8
4707,Asa Foetida D8
4708,Kalmia Latifolia D8
4709,Discus Intervertebralis Suis D10
4710,Discus Intervertebralis Suis D200
4711,Discus Intervertebralis Suis D30
4712,Discus Intervertebralis Suis D12
4713,Orphenadrine
4714,Pamidronate Disodium
4715,Poly(Vinyl Alcohol)
4716,Disperse Blue 3
4717,Disperse Yellow 3
4718,Disperse Yellow 9
4719,Disperse Orange 3
4720,Disperse Red 1
4721,Disperse Red 17
4722,Methocarbamol
4723,Hamemelis Water
4724,Distilled Hamamelis Water
4725,Sufentanil
4726,Ferrous Oxalate
4727,Bisulepin
4728,Metolazone
4729,Bearberry Leaves Dry Extract
4730,Xipamide
4731,Dry Extract From Rubus Idaeus
4732,Raspberry Leaf Dry Extract
4733,Iprazochrome
4734,Dimethylol Dimethyl Hydantoin
4735,Technetium (99mtc) Succimer
4736,Dimercaptosuccinic Acid
4737,Succimer
4738,Phenolphthalein
4739,Belladonna Extract
4740,Cascara
4741,Docetaxel Trihydrate
4742,Culture Lyophilisate Of Lactobacillus Gasseri
4743,Etodolac
4744,Methadone
4745,Dioscorea Villosa
4746,Metamizole Magnesium Hexahydrate
4747,Myrrh Tincture
4748,Hydromorphone
4749,"Fluocortolone Pivalate, Anhydrous Lidocaine"
4750,Fluocortolone Pivalate
4751,Harpagophyton
4752,Trockenextrakt Aus Teufelskrallenwurzel
4753,Ammonium Bromatum Trit. D 3
4754,Mentholum Trit D2
4755,Mercurius Cyanatus Trit D12
4756,Pinazepam
4757,Argentum Metallicum D19
4758,Chamomilla Vulgaris
4759,Decoctum D2
4760,Decoctum D4
4761,Atropa Bella-Donna D3
4762,Prothipendyl
4763,Niflumic Acid
4764,Ademetionine
4765,Cimicifuga Racemosa Root Dry Extract
4766,Fluorodopa (18f)
4767,Mexiletine
4768,Liquid Extract From Melissa Leaves
4769,Fluid Extract From Rosemary Leaves
4770,Liquid Extract From Valerian Root
4771,Fluid Extract From Whitethorn Fruit
4772,Liquid Extract From Hawthorn Berries
4773,Doxapram
4774,Avatrombopag
4775,Gold
4776,Indoramin
4777,Otilonium
4778,Humulus Lupulus Liquid Extract
4779,Valeriana Officinalis Liquid Extract
4780,Liquid Extract From Valerian Root (Equivalent To 160-270 Mg Of Valerian Root)
4781,Liquid Extract From Hop Strobile (Equivalent To 145-220 Mg Of Hop Strobile)
4782,Liquid Extract From Hop Strobile
4783,Hop Strobile Tincture
4784,Coffea Arabica D4
4785,Avena Sativa D1
4786,Passiflora Incarnata D2
4787,Humulus Lupulus D2
4788,Zincum Isovalerianicum D6
4789,Valeriana Officinalis Dry Extract
4790,Passiflora Incarnata Dry Extract
4791,Melissa Officinalis Dry Extract
4792,Zincum Metallicum
4793,Remifentanil
4794,Eschscholtzia Californica
4795,Loprazolam
4796,Dosulepin
4797,Rifamycin
4798,Dolutegravir
4799,Pretomanid
4800,Doxycycline (Anhydrous)
4801,Doxylamine
4802,Kelp
4803,Dry Extract From Turnera Diffusa Leaf
4804,Pumpkin Seed Extract
4805,Dry Extract Of Defatted Cucurbita Pepo Convar. Citrullina Var. Styriaca Seed
4806,Thick Extract From Saw Palmetto Fruit
4807,Symphytum Officinale D4
4808,Dry Extract Of Cimicifuga Rhizome
4809,Extract Of Potentilla Anserina
4810,Centaurii Herba
4811,Malvae Folium
4812,Spiraeae Flos
4813,Taraxaci Radix
4814,Equisetum Stem
4815,Calcium Iodatum D6
4816,Hydrargyrum Bichloratum D 12
4817,Cimicifuga D4
4818,Acidum Sulfuricum D4
4819,Rhododendron D4
4820,Rhus Toxicodendron D4
4821,Causticum Hahnemanni D6
4822,Baryta Muriatica D12
4823,Hamamelis D 4
4824,Collinsonia Canadensis D4
4825,Paeonia Officinalis D4
4826,Acidum Nitricum D6
4827,Sulfur D5
4828,Valeriana D4
4829,Eschscholtzia Californica D4
4830,Humulus Lupulus D4
4831,Iris Versicolor D6
4832,Cimicifuga Racemosa D6
4833,Sanguinaria Canadensis D6
4834,Spigelia Anthelmia D6
4835,Iris Versicolor D4
4836,Acidum Lacticum D4
4837,Natrium Selenosum D5
4838,Germanium Oxidatum D6
4839,Naja Naja D6
4840,Acidum Lacticum D6
4841,Scrofularia Nodosa D6
4842,Naja Naja D12
4843,Thyreoidinum E Gland. Thyreoid. Suis D12
4844,Pancreas Suis D12
4845,Testis Suis D12
4846,Hypophysis Suis D12
4847,Sus Scrofa Adrenal Gland D12
4848,Thymus Suis D12
4849,Sus Scrofa Ovary D12
4850,Grindelia Robusta D4
4851,Arsenicum Album D30
4852,Rhus Toxicodendron D30
4853,Chimaphila Umbellata D6
4854,Populus Tremuloides D6
4855,Chondrodendron D6
4856,Serenoa Repens D6
4857,Chimaphila Umbellata D4
4858,Chondrodendron D4
4859,Populus Tremuloides D4
4860,Serenoa Repens D4
4861,Conium Maculatum D5
4862,Ferrum Picrinicum D4
4863,Acidum Nitricum D12
4864,Acidum Phosphoricum D12
4865,Calcium Iodatum D12
4866,Ferrum Iodatum D12
4867,Sulfur Iodatum D12
4868,Smilax D4
4869,Smilax D6
4870,Crocus Sativus D4
4871,Hamamelis Virginiana D6
4872,Theridion Curassavicum D30
4873,Argentum Nitricum D30
4874,Kalmia Latifolia D6
4875,Selenicereus Grandiflorus D6
4876,Urginea Maritima D6
4877,Crataegus D6
4878,Arnica Montana Oleos D3
4879,Atropa Bella-Donna Oleos D3
4880,Solanum Dulcamara Oleos D3
4881,Calendula Officinalis Oleos D3
4882,Camphora Oleos D3
4883,Hamamelis Virginiana Oleos D3
4884,Hypericum Perforatum Oleos D3
4885,Echinacea Oleos D3
4886,Achillea Millefolium Oleos D3
4887,Strychnos Nux-Vomica Oleos D3
4888,Rhus Toxicodendron Oleos D3
4889,Cinchona Pubescens D6
4890,Ferrum Muriaticum D6
4891,Lycopodium Clavatum D12
4892,Veratrum Album D12
4893,Salvia Officinalis D30
4894,Lachesis D30
4895,Sepia Officinalis D30
4896,Pilocarpus D4
4897,Silicea D30
4898,Bufo Rana D200
4899,Atropa Bella-Donna D30
4900,Hekla Lava E Lava D12
4901,Delphinium Staphisagria D8
4902,Zincum Isovalerianicum D 8
4903,Amanita Muscaria D12
4904,Strychnos Ignatii D12
4905,Phosphorus D30
4906,Bryonia D30
4907,Apisinum D12
4908,Vespa Crabro
4909,Lycopodium Clavatum D30
4910,Palladium Metallicum D12
4911,Secale Cornutum D4
4912,Vitex Agnus-Castus D8
4913,Turnera Diffusa D6
4914,Silybum Marianum D12
4915,Vipera Berus D12
4916,Aesculus Hippocastanum D30
4917,Pulsatilla Pratensis D30
4918,Natrium Sulfuricum D200
4919,Eriodictyon Californicum D12
4920,Carbo Vegetabilis D30
4921,Kalium Phosphoricum D30
4922,Arum Maculatum D12
4923,Filipendula Ulmaria D12
4924,Natrium Sulfuricum D8
4925,Lithium Carbonicum D12
4926,Rhododendron D6
4927,Strychnos Nux-Vomica D30
4928,Natrium Sulfuricum D30
4929,Coffea Arabica D30
4930,Strychnos Ignatii D30
4931,Nitroglycerinum D12
4932,Solanum Dulcamara D30
4933,Mercurius Solubilis Hahnemanni D30
4934,Hydrargyrum Sulfuratum Rubrum D12
4935,Pulsatilla Pratensis D12
4936,Anacardium D6
4937,Matricaria Recutita D6
4938,Natrium Chloratum D30
4939,Strontium Carbonicum D12
4940,Phytolacca Americana D8
4941,Iodum D30
4942,Lapis Albus D12
4943,Lycopus Virginicus D12
4944,Apomorphinum Hydrochloricum
4945,Psychotria Ipecacuanha D8
4946,Petroleum Rectificatum D12
4947,Natrium Chloratum D200
4948,Bromum D12
4949,Juglans Regia D30
4950,Hepar Sulfuris D30
4951,Lycopodium D 30
4952,Calendula Officinalis D4
4953,Rhus Toxicodendron D6
4954,Ruta Graveolens D6
4955,Symphytum Officinale D12
4956,Calendula Officinalis D6
4957,Rhus Toxicodendron D12
4958,Artemisia Vulgaris D4
4959,Artemisia Cina D4
4960,Tanacetum Vulgare D4
4961,Hydrargyrum Bichloratum D6
4962,Graphites D30
4963,Artemisia Cina D6
4964,Artemisia Vulgaris D6
4965,Tanacetum Vulgare D6
4966,Teucrium Scorodonia D6
4967,Arsenum Iodatum D6
4968,Euspongia Officinalis D4
4969,Natrium Sulfuricum D4
4970,Fucus Vesiculosus D4
4971,Euspongia Officinalis D6
4972,Fucus Vesiculosus D6
4973,Camphora D4
4974,Eucalyptus Globulus D4
4975,Camphora D6
4976,Eucalyptus Globulus D6
4977,Baptisia Tinctoria D6
4978,Eupatorium Perfoliatum D6
4979,Fumaria Officinalis D6
4980,Rhus Toxicodendron D1
4981,Rhododendron Mother Tincture
4982,Nux Vomica Mother Tincture
4983,Solanum Dulcamara D1
4984,Arisaema Triphyllum D4
4985,Tabacum D6
4986,Plumbum Metallicum D12
4987,Chamaelirium Luteum D6
4988,Solidago Virgaurea D6
4989,Chamaelirium Luteum D4
4990,Kalium Arsenicosum D4
4991,Solidago Virgaurea D4
4992,Ammonium Carbonicum D4
4993,Hydrocyanicum Acidum D6
4994,Daphne Mezereum D4
4995,Citrullus Colocynthis D12
4996,Chelidonium Majus D6
4997,Silybum Marianum D6
4998,Cholesterolum D6
4999,Silybum Marianum D4
5000,Kalmia Latifolia D4
5001,Simarouba Cedron D4
5002,Gnaphalium Polycephalum D4
5003,Momordica Balsamina D4
5004,Acidum Sulfuricum D6
5005,Argentum Metallicum D12
5006,Causticum Hahnemanni D12
5007,Ledum Palustre D6
5008,Causticum Hahnemanni D30
5009,Sepia Officinalis D6
5010,Caulophyllum Thalictroides Dil D4
5011,Matricaria Recutita D30
5012,Cuprum Aceticum D4
5013,Ammi Visnaga D4
5014,Kalium Iodatum D4
5015,Mentholum D4
5016,Datura Stramonium D4
5017,Convallaria Majalis D4
5018,Natrium Chloratum D4
5019,Robinia Pseudoacacia D6
5020,Amanita Muscaria D5
5021,Euphrasia D4
5022,Hydrargyrum Biiodatum D8
5023,Corallium Rubrum D12
5024,Thymus Vulgaris D6
5025,Dactylopius Coccus D6
5026,Ammonium Causticum D6
5027,Ginkgo Biloba D4
5028,Aranea Diadema D4
5029,Cyclamen Purpurascens D4
5030,Sticta
5031,Phosphoric Acid D2
5032,Nux Vomica D3
5033,Cinnamomum Verum D2
5034,Hydrastis Canadensis D2
5035,Alfalfa D2
5036,China D2
5037,Avena Sativa D2
5038,Panax Ginseng D2
5039,Hydrargyrum Sulfuratum Rubrum D8
5040,Barium Chloratum D6
5041,Paeonia Officinalis D3
5042,Aesculus Hippocastanum D3
5043,Graphites D9
5044,Ammonium Bromatum D4
5045,Naja Naja D8
5046,Scrophularia Nodosa D3
5047,Lytta Vesicatoria D6
5048,Daphne Mezereum D6
5049,Plumbum Aceticum D12
5050,Calcium Fluoratum D30
5051,Daphne Mezereum D12
5052,Hypophysis Suis D30
5053,Bryonia D12
5054,Veratrum Album D30
5055,Sepia Officinalis D12
5056,Sepia Officinalis D8
5057,Gelsemium Sempervirens D12
5058,Calendula Officinalis D3
5059,Echinacea D4
5060,Eupatorium Perfoliatum D3
5061,Veratrum Album D6
5062,Potentilla Anserina D6
5063,Panax Ginseng D4
5064,Acidum Phosphoricum D4
5065,Anamirta Cocculus D5
5066,Chamaelirium Luteum D5
5067,Zincum Metallicum D6
5068,Anamirta Cocculus D6
5069,Panax Ginseng D6
5070,Mahonia Aquifolium D4
5071,Arnica Montana D15
5072,Mandragora Officinarum
5073,Oryctolagus Cuniculus Cartilago D8
5074,Betula Pubescens Leaf D4
5075,Formica Rufa D10
5076,Rhamnus Frangula Dry Hydroalcoholic Extract
5077,Cascara Dry Hydroalcoholic Extract
5078,Fucus Dry Aqueous Extract
5079,Ether
5080,Levocarnitine Propionate
5081,Dronedarone
5082,Opium Tincture
5083,Tincture From Opium
5084,Raw
5085,Lobelia Inflata D3
5086,Belladonna D3
5087,Ipeca D 4
5088,Dactylopius Coccus D3
5089,Veratrum Album D8
5090,Viola Odorata Mother Tincture
5091,Thymus Vulgaris D3
5092,Pulsatilla Pratensis D3
5093,Drosera D2
5094,Thymus Vulgaris
5095,Psychotria Ipecacuanha D1
5096,Drosera Rotundifolia
5097,Dactylopius Coccus D1
5098,Pulsatilla D3
5099,Thimus Vulgaris D3
5100,Drosera Rotundifolia D2
5101,Drosera Rotundifolia D10
5102,Drosera Rotundifolia D200
5103,Drosera Rotundifolia D30
5104,Cuprum Aceticum D10
5105,Cuprum Aceticum D200
5106,Cuprum Aceticum D30
5107,Arnica Montana C3
5108,Dactylopius Coccus C3
5109,Drosera C3
5110,Ferrum Phosphoricum C3
5111,Corallium Rubrum C3
5112,Solidago Virgaurea C1
5113,Artemisia Cina C3
5114,Cuprum Gluconicum C3
5115,Ipeca C3
5116,Corallium Rubrum C4
5117,Artemisia Cina C4
5118,Dactylopius Coccus C5
5119,Ferrum Phosphoricum C5
5120,Drosera C4
5121,Atropa Bella-Donna C4
5122,Psychotria Ipecacuanha C4
5123,Solidago Virgaurea D3
5124,Solidago Virga Aurea D3
5125,Psychotria Ipecacuanha C3
5126,Cuprum Metallicum C3
5127,Estetrol
5128,Liquid Sugar
5129,Inula Helenium
5130,Graphites D6
5131,Inactivated Bordetella Pertussis Suspension
5132,Pentetic Acid
5133,Technetium-99mtc-Dtpa
5134,Omega-3-Acid Ethyl Esters
5135,Ozenoxacin
5136,4-(4-Hydroxy-4-Methylpentyl)Cyclohex-3-Ene-1-Carbaldehyde
5137,Farnesol
5138,Vibrio Cholerae O1 Inaba
5139,Classical Biotype (Heat Inactivated)
5140,El Tor Biotype
5141,Vibrio Cholerae O1 Ogawa
5142,Classical Biotype
5143,Cholera Toxin B Subunit Recombinant(Rctb) (
5144,Capsicum
5145,Ethyl Nicotinate
5146,Solanum Dulcamara Dil D2
5147,Aranea Diadema D6
5148,Aranea Diadema D10
5149,Aranea Diadema D200
5150,Aranea Diadema D30
5151,Causticum D6
5152,Rhododendron Aureum D4
5153,Calcarea Phosphorica D12
5154,Sodium Picofosfate
5155,Carbinoxamine
5156,Fluvoxamine
5157,Semecarpus Anacardium Trit. D 4
5158,Lachesis Trit. D12
5159,Iodum D6
5160,Robinia Pseudoacacia D4
5161,Foscarbidopa
5162,Foslevodopa
5163,Fosinopril
5164,Phosphate
5165,Aluminium Hydroxide-Magnesium Carbonate Gel
5166,Liquid
5167,Dupilumab
5168,Atorvastatin L-Lysine
5169,Agrimoniae Herba
5170,Dried Ferrous
5171,Ferrous Ion
5172,Givinostat
5173,Triamterene
5174,Glutodine
5175,Fish Oil
5176,Citrulline Malate
5177,Dectaflur
5178,Olaflur
5179,Aluminium Formate
5180,Aesculus Hippocastanum E Sem. Tot. Rec
5181,Viburnum Opulus D3
5182,Caulophyllum
5183,Viburnum Opulus
5184,Coffea Arabica Trit. D6
5185,Veratrum Album Trit. D6
5186,Reserpinum Trit. D6
5187,Coffea D 6
5188,Reserpinum D8
5189,Reserpinum Vinos
5190,Coffea Arabica Vinos
5191,Veratrum Album Vinos
5192,Gelsemium Sempervirens Vinos
5193,Hypericum Perforatum L. Herba
5194,Wool Fat
5195,Vincetoxicum Hirundinaria D10
5196,Vincetoxicum Hirundinaria D30
5197,Vincetoxicum Hirundinaria D6
5198,Thymus Herb Liquid Extract
5199,Hydrogen Peroxide Solution (3 Per Cent)
5200,Hydrogen Peroxide Solution
5201,Eberconazole
5202,Mitoxantrone
5203,Lebrikizumab
5204,Oseltamivir
5205,Primycin
5206,Tabelecleucel
5207,Ethylenedicysteine
5208,Gingiva Bovis Gl
5209,Salvia Officinalis E Foliis La 20%
5210,Tonsillae Palatinae Bovis Gl
5211,Dried Pressed Juice From Fresh Flowering Purple Coneflower Herb
5212,Echinacea Angustifolia Rh
5213,Echinacea Purpurea Radix
5214,Echinacea Purpurea Root
5215,Echinacea Dry Extract
5216,Cortisonum Aceticum D13
5217,Staphylococcus Nosode D18
5218,Streptococcus Haemolyticus Nosode D18
5219,Grippeimpfstoff Nosode D13
5220,Pulsatilla Pratensis D8
5221,Pyrogenium Nosode D198
5222,Sulfur D8
5223,Thuja Occidentalis D8
5224,Echinacea D3
5225,Hepar Sulfuris Trit. D8
5226,Cortisonum Aceticum
5227,Bryonia Cretica D8
5228,Argentum Nitricum D10
5229,Euphorbium D8
5230,Aconitum Napellus D5
5231,Cortisonum Aceticum D15
5232,Phosphorus D10
5233,Pulsatilla Pratensis D10
5234,Staphylococcus Nosode D20
5235,Streptococcus Haemolyticus Nosode D20
5236,Thuja Occidentalis D10
5237,Gelsemium Sempervirens D8
5238,Grippeimpfstoff Nosode D15
5239,Pyrogenium Nosode D200
5240,Eupatorium Perfoliatum D8
5241,Pressed Juice From Flowering Purple Coneflower Herb [1.7-2.5 : 1]
5242,Press Juice Of Fresh And Flowering Echinacea Purpurea
5243,Echinaceae Purpureae Herba Succus Expressus
5244,Dry Pressed Juitce From Fresh Purple Coneflower Herb
5245,Lachesis Mutus Dil D9
5246,Liquid Extract From Pale Coneflower Root
5247,Echinacea Pallida E Radice Ferm 33d
5248,Echinacea Pallida E Radice Ferm 33d Ø
5249,Echinacea Purpurea Flowering Aerial Part Fresh Pressed Juice
5250,Dry Extract From Fresh Purple Coneflower Herb
5251,Dry Extract From Fresh Purple Coneflower Root
5252,Dry Extract From Purple Coneflower Herb
5253,Echinacea Purpurea Herba
5254,Liquid Extract From Fresh Purple Coneflower Root
5255,Liquid Extract From Fresh Purple Coneflower Herb
5256,Liquid Extract Of Fresh Echinacea Purpurea Herb
5257,Liquid Extract Of Fresh Echinacea Purpurea Root
5258,Tincture Extract From Fresh Purple Coneflower Herb
5259,Tincture From Fresh Purple Coneflower Root
5260,Aquous Extract Of Echinaceae Purpureae Radix
5261,Dry Extract Of Fresh Echinacea Purpurea Herb
5262,Dry Extract Of Fresh Echinacea Purpurea Root
5263,Tincture From Fresh Echinacea Purpurea Root
5264,Soft Extract From Fresh Purple Coneflower Herb
5265,Soft Extract From Fresh Purple Coneflower Root
5266,Tincture Extract From Fresh Sage Leaf
5267,Dry Extract From Fresh Sage Leaf
5268,Soft Extract From Purple Coneflower Herb
5269,Soft Extract Of Purple Coneflower Herb
5270,Echinaceae Purpureae Herbae Recentis Succus
5271,"Plantaginis Lanceolatae Folio,Grindeliae Herba"
5272,Rosae Fructu
5273,Echinaceae Purpurae Herbae Extractum Siccum
5274,Hydrastis Canadensis Trit. D4
5275,Calcium Carbonicum Hahnemanni D5
5276,Senega D4
5277,Acidum Silicicum D4
5278,Lachesis Mutus Trit. D8
5279,Crocus Sativus
5280,Myristica Fragrans
5281,Hypericum Perforatum Mother Tincture
5282,Thuja Occidentalis Trit D1
5283,Apis Mellifica Trit. D12
5284,Echinacea Purpurea Trit. D1
5285,Bryonia Trit. D2
5286,Shark-Liver Oil
5287,Econazole
5288,Lactobacillus Gasseri
5289,Refined And Standardized Dry Extract From Milk Thistle Fruit
5290,Azilsartan Medoxomil
5291,Ibuprofen Isobutanolammonium
5292,Ivy Leaves
5293,Dry Extract
5294,Reboxetine
5295,Reboxetine Methanesulfonate
5296,Potassium Hydrogen
5297,Rilpivirine
5298,Efavirenz
5299,Hydrate
5300,Hydrocortisone Aceponate
5301,Fluorometholone
5302,Influenza Virus B / Michigan / 01 / 2021
5303,Triclabendazole
5304,Interferon Alfa
5305,Olanzapine Dihydrochloride Trihydrate
5306,Sunitinib
5307,Marshmallow Leaf
5308,Oak Pollen
5309,Oakmoss Extract
5310,Quercus Cortex
5311,Rich In Omega-3-Acids
5312,Hop Strobile Dry Extract
5313,Ferrous Sulphate
5314,Echinacea Pallida Root
5315,Ustekinumab
5316,Sebetralstat
5317,Calcium Hypophosphorosum
5318,Bellis Perennis Mother Tincture
5319,Mahonia Aquifolium Mother Tincture
5320,Centella Asiatica Ø
5321,Viola Tricolor Ø
5322,Abaloparatide
5323,Mirvetuximab Soravtansine
5324,Idursulfase
5325,Liquid Extract From Fresh Symphyti Radix
5326,Vindesine
5327,Eletriptan
5328,Magnesium Acetate
5329,Potassium Pyrophosphate Trihydrate
5330,Dibasic
5331,Sodium (S)-Lactate
5332,Eleutherococcus Root Liquid Extract
5333,Eleutherococcus Senticosus Powder
5334,Calcium Hydrogen Phosphate (Anhydrous)
5335,Copper Sulphate
5336,Manganese Sulphate
5337,Pegunigalsidase Alfa
5338,Pimecrolimus
5339,Bifidobacterium Animalis Subsp. Lactis
5340,Dry Extract Of Ptychopetalum Olacoides Wood
5341,Citrus Sinensis
5342,Sodium Bromide
5343,Thyme Tincture
5344,Liquid Extract Of Thyme
5345,Solidago Gigantea
5346,Alfatradiol
5347,Dry Extract From Cranberry Fruit Juice
5348,Refined And Quantified Dry Extract From Vaccinium Macrocarpon Fruit Juice
5349,Refined Dry Extract Of Vaccinium Macrocarpon Fruit Juice
5350,Aminofluoride
5351,Efmoroctocog Alfa
5352,Corifollitropin Alfa
5353,Mefloquine
5354,Magnesiumbis(Hydrogen-Dl-Aspartate) Tetrahydrate
5355,Gabapentin
5356,Eltrombopag
5357,Elranatamab
5358,Eltrombopag Olamine
5359,Gadopiclenol
5360,Fampridine
5361,Levoleucovorin
5362,Tagraxofusp
5363,Emedastine
5364,Polygeline
5365,Rizatriptan
5366,Avibactam
5367,Embryo Totalis Suis D200
5368,Embryo Totalis Suis D30
5369,Tiratricol
5370,Granisetron
5371,Ethosuximide
5372,Galcanezumab
5373,Magnesium L-Aspartate Hydrochloride Trihydrate
5374,Pipethanate Ethobromide
5375,Elotuzumab
5376,Lactitol
5377,Natural Emser Salt
5378,Tenofovir
5379,Emulsifying Wax
5380,Enalaprilat
5381,Lercanidipine Hydrochloride Hemihydrate
5382,"Tick-Borne Encephalitis Virus (Inactivated), Strain K23"
5383,Erythrosine
5384,Hydrastis Canadensis D3
5385,Chamaelirium Luteum D3
5386,Chloroxine
5387,Lactobacillus Acidophilus P-18806
5388,Lactobacillus Delbrueckii P-18805
5389,Streptococcus Thermophilus P-18807
5390,Lutetium (177lu)
5391,Endometrium Bovis Gl
5392,Iloprost Trometamol
5393,Procyanidol Oligomer
5394,Sodium Phosphate Dibasic Heptahydrate
5395,Thick Extract From Whitethorn Fruit
5396,Dry Extract Of Turnera Diffusa Leaf
5397,Hepatitis B Surface Antigen (Rdna) [
5398,Enzalutamide
5399,Vincetoxicum Hirundinaria
5400,Vincetoxicum Hirundinaria Trit. D5
5401,Sulfur Trit. D4
5402,Vincetoxicum Hirundinaria D5
5403,Trastuzumab Deruxtecan
5404,Sutimlimab
5405,Primidone
5406,Recombinant L-Asparaginase
5407,Satralizumab
5408,Nerium Oleander D6
5409,Acidum Phosphoricum D3
5410,Colocynthis
5411,Strains Sin
5412,O / C
5413,N / R
5414,Polyantibiotic Resistant Spores
5415,Bemiparin
5416,Clotiapine
5417,Vedolizumab
5418,All-Rac-Phytomenadione
5419,Repaglinide
5420,"Wässriger Gesamtauszug Aus Enzianwurzel (0,3608 G)"
5421,"Ingwerwurzel (0,2215 G)"
5422,"Kalmuswurzel (0,0333 G)"
5423,"Pfefferfrüchten (0,0066 G)"
5424,"Wermutkraut (0,2775 G)"
5425,Eosine
5426,Eosine Disodium
5427,Maprotiline
5428,Pelargonium Sidoides Root Liquid Extract
5429,Sofosbuvir
5430,Velpatasvir
5431,Bitter Fennel Oil
5432,Thick Extract Of Thyme Herb
5433,Simeticone Emulsion
5434,Calendulae Flos
5435,Epilobium Parviflorum Whole
5436,Pressed Juice From Fresh Flowering Purple Coneflower Herb
5437,Tixocortol Pivalate
5438,Mercaptobenzothiazole
5439,Disperse Blue 106
5440,Gold Sodium Thiosulfate
5441,Parthenolide
5442,Imidurea
5443,Ethyl Parahydroxybenzoate E214
5444,Propyl Parahydroxybenzoate
5445,Cobalt(Ii)
5446,Wool Alcohols
5447,Caine Mix
5448,Paraben Mix
5449,Ethylenediamine Dihydrochloride
5450,Cinnamaldehyde
5451,Geraniol
5452,Hydroxycitronellal
5453,Cinnamyl Alcohol
5454,Isoeugenol
5455,Oak Moss
5456,Benzyl Parahydroxybenzoate
5457,Hot Mix Flavour
5458,Thiomersal
5459,Dibromodicyanobutane
5460,Carba Mix
5461,Mercapto Mix
5462,Thiuram Mix
5463,Methylchloroisothiazolinone
5464,P-Tert-Butylphenol Formaldehyde Resin
5465,Epoxy Resin
5466,Black Rubber Mix
5467,Quaternium-15
5468,Diphenylguanidine
5469,Zinc Diethyldithiocarbamate
5470,Zinc Dibutyldithiocarbamate
5471,"N-Isopropyl-N'-Phenyl-1,4-Phenylenediamine"
5472,"N-Cyclohexyl-N'-Phenyl-1,4-Phenylenediamine"
5473,"N,n'-Diphenyl-1,4-Phenylenediamine"
5474,N-Hydroxymethylsuccinimide
5475,Morpholinylmercaptobenzothiazole
5476,N-Cyclohexyl-2-Benzothiazolesulfenamide
5477,Thiram
5478,Tetramethylthiuram Monosulfide
5479,Difluprednate
5480,Evening Primrose Oil
5481,Epoetin Theta
5482,Alkanna Tinctoria Oily Extract
5483,Eprosartan
5484,Enterococcus Faecium
5485,Streptococcus Thermophilus
5486,Lactobacillus Delbrueckii
5487,Bifidobacterium
5488,Lactobacillus Plantarum
5489,Eptifibatide
5490,Equisetum Arvense Ex Herba W 5%
5491,Equisetum Arvense Silicea Cultum
5492,Equisetum Arvense Silicea Cultum Rh
5493,Equisetum Cum Sulfure Tostum
5494,Equisetum Cum Sulfure Tostum Trit. D1
5495,Lactobacillus Gasseri Dsm 14869
5496,Lactobacillus Rhamnosus Dsm 14870
5497,Cetuximab
5498,Anamirta Cocculus Trit. D 3
5499,Apomorphinum Hydrochloricum Trit. D3
5500,Arachis Hypogaea Extract
5501,Cannabinol
5502,Ergometrine
5503,Nicergoline
5504,Sepia Officinalis Trit. D5
5505,Eribulin
5506,Calcium Hypophosphite
5507,Sodium Hypophosphite
5508,Vismodegib
5509,Rose Hip Shell
5510,Turpentine Purified
5511,Echinacea Purpurea Fresh Flowering Herb Dried Pressed Juice
5512,Natrium Carbonicum D4
5513,Alder Pollen
5514,Erlotinib
5515,Ertapenem
5516,Recombinant Vesicular Stomatitis Virus - Zaire Ebolavirus Vaccine (Live)
5517,Crisantaspase
5518,Erythromycin Propionate
5519,"Ferrous Sulfate, Dried"
5520,Sulfur Trit. D1
5521,Fructose-1.6-Diphosphate Sodium Salt
5522,Extractum Siccum Compositum Ex Baptisiae Tinctoriae L. Radix
5523,Echinaceae Purpureae (L.) Moench Radix
5524,Echinaceae Pallidae Nutt. Radix
5525,Thujae Occidentalis L. Herba
5526,Pressed Juice From Flowering Purple Coneflower Herb
5527,Echinacea Purpurea
5528,Melilotus Indicus
5529,Esketamine
5530,Hippocastani Seminis Extractum Spissum
5531,Ash Pollen
5532,Fraxinus Excelsior
5533,Fraxinus Excelsior Pollen Extract
5534,Eschscholtzia Californica Mother Tincture
5535,Nilvadipine
5536,Estazolam
5537,Eszopiclone
5538,Turoctocog Alfa Pegol
5539,Crataegus Flower
5540,Phosphatidyl Choline
5541,Soybean Phospholipids
5542,Phospholipids
5543,De-Oiled Enriched Phospholipids From Soya-Beans
5544,Soya Phospholipids
5545,Alpha-Glycerophosphorylethanolamine
5546,Streptomycin
5547,Fluoroestradiol F-18
5548,Ethacizine
5549,Ethanolamine
5550,Oleic Acid
5551,Ethylenediamine
5552,Ethylene Glycol Dimethacrylate
5553,Etifoxine
5554,Ethionamide
5555,Naftazone
5556,Etomidate
5557,Ethenzamide
5558,Polygala Senega Extract
5559,Cocillana Extract
5560,Escherichia Coli Strain Nissle 1917
5561,Liquid Extract Of Ribwort Plantain Leaf
5562,Eucalypti Aetheroleum 10%
5563,Cuprum Sulfuricum
5564,Purified Sulphur
5565,Rhubarb Extract
5566,Rhubarb Root Extract
5567,Dry Extract From Rhubarb
5568,Diphenylpyraline
5569,Diazoxide
5570,Pine Needle Oil
5571,Gelatin
5572,Sorbitol Solution 70% (Non-Crystallising) ()
5573,Milchfett
5574,Erysimum
5575,Pinus Sibirica Essential Oil
5576,Pulsatilla Pratensis D2
5577,Euphorbium D3
5578,Hydrargyrum Biiodatum
5579,Euphorbia Resinifera D4
5580,Nitric Acid D4
5581,Mahonia Aquifolium D1
5582,Natrum Salicylicum D4
5583,Petroleum Rectificatum D4
5584,Mucosa Nasalis Suis D8
5585,Sinusitis Nosode D13
5586,Luffa Operculata D2
5587,Euphorbium D4
5588,Sinusitis D13
5589,Pulsatilla D2
5590,Euphrasia Ferm 33c
5591,Capsicum Annuum D4
5592,Euphrasia Officinalis D2
5593,Valeriana Officinalis Extract
5594,Ballota Nigra
5595,Piperaquine Tetraphosphate Tetrahydrate
5596,Artenimol
5597,Piretanide
5598,Hepatitis B Surface Antigen
5599,Dry Extract Of Lemon Balm Leaves
5600,Romosozumab
5601,Saw Palmetto Extract
5602,Evinacumab
5603,Cobicistat
5604,Norelgestromin
5605,Roxadustat
5606,Risdiplam
5607,Cibenzoline
5608,Enmetazobactam
5609,Almond Oil
5610,Depemokimab
5611,Vaseline
5612,Lynestrenol
5613,"Candida Parapsilosis E Volumine Cellulae (Lyophil., Steril.) D3"
5614,"Penicillium Roqueforti E Volumine Cellulae (Lyophil., Steril.) D3"
5615,"Candida Parapsilosis E Volumine Cellulae (Lyophil., Steril.) D5"
5616,"Penicillium Roquefortii E Volumine Cellulae (Lyophil., Steril.) D5"
5617,Eperisone
5618,Urea Hydrogen Peroxide
5619,Extractum Methanolicum Siccum
5620,Icodextrin
5621,Potassium Sulphate
5622,Mirdametinib
5623,Iptacopan
5624,Agalsidase Beta
5625,Distillate Of Fresh Leaves And Twigs Of Hamamelis Virginiana
5626,Hamamelis Leaves Fluid Extract
5627,Sulfadoxine
5628,Phenprocoumon
5629,Fenticonazole
5630,Natrium Tetraboracicum D4
5631,Anamirta Cocculus D8
5632,Nicotiana Tabacum D8
5633,Tincture From Sage Leaf
5634,Von Willebrand Factor
5635,Toremifene
5636,Soft Extract Of Tussilago Farfara Leaf
5637,Ambazone
5638,Vitamin D
5639,Benzylpenicillin Procaine
5640,Fucus Vesiculosus L. (Talos)
5641,Panobinostat
5642,Benralizumab
5643,Tinidazole
5644,Rasburicase
5645,Rhamnus Purshiana Dc. Dry Extract
5646,Rhamnus Frangula
5647,Fucus Vesiculosus Dry Extract
5648,Rhamnus Frangula Bark Extract
5649,Rhamnus Purshiana Dc. Bark Dry Extract
5650,Favipiravir
5651,Fenipentol
5652,China
5653,Kalium Iodatum D3
5654,Febuxostat Hemihydrate
5655,Fluoroethylcholine (18f)
5656,"Folic Acid, Dried Ferrous"
5657,Factor Viii Inhibitor Bypassing Fraction
5658,Felbinac
5659,Dry Extract Of Pinus Sylvestris Pollen
5660,Zea Mays Pollen
5661,Dactylis Glomerata Pollen And Zea Mays Pistil
5662,Dry Extract Of Yarrow
5663,Hepatitis B Surface Antigen (Rdna) Adjuvanted By As04c
5664,Sorafenib Tosilate
5665,Pheniramine
5666,Penciclovir
5667,Quifenadine
5668,Ipecacuanha
5669,Fenofibrate (Nanonised)
5670,Amidefrine
5671,Ferrous Sulfate
5672,Cinchona Pubescens Spag. Peka
5673,Ferrous Sulfate Heptahydrate
5674,Ferric Maltol
5675,Ferrous (Ii) Glycine Sulfate Complex
5676,Amylase
5677,Lipase
5678,Protease
5679,Ferriprotinate
5680,Sodium Ferric Gluconate Complex
5681,Iron Protein Succinylate
5682,Polysaccharide Iron Complex
5683,Ferric Sodium Gluconate Complex
5684,Ion (Fe3+)
5685,"Sodium Ascorbate, Dried Ferrous"
5686,"Ascorbic Acid, Dried Ferrous"
5687,"Folic Acid , Dried Ferrous"
5688,Ferrimanitol Ovalbumin
5689,Sodium Feredetate
5690,Iron Dextran
5691,Ferrum Metallicum Trit. D 2
5692,Chininum Arsenicosum Trit D5
5693,Manganum Aceticum Trit D5
5694,Pankreas Bovis
5695,Ferrum Sidereum Trit. D20
5696,Ferrum Sidereum Trit. D3
5697,Ferrum Sidereum D6
5698,Ferrum Sidereum D8
5699,Ferrum Sidereum D12
5700,Ferrum Oxydulatum Nigrum Trit. D4
5701,Nontronit Trit. D4
5702,Pimpinella Anisum E Fructibus
5703,Infusum Ø
5704,Ferrum Oxydulatum Nigrum
5705,Nontronit
5706,Infusum
5707,Ferrum Metallicum D200
5708,Ferrum Metallicum D30
5709,Ferrum Phosphoricum D200
5710,Ferrum Phosphoricum D30
5711,Ferrum Sesquichloratum Solutum D10
5712,Ferrum Sesquichloratum Solutum D200
5713,Ferrum Muriaticum D30
5714,Ferrum Muriaticum D4
5715,Ferrum Sulfuricum D10
5716,Ferrum Sulfuricum D200
5717,Ferrum Sulfuricum D30
5718,Ferrum Sulfuricum D6
5719,Filipendula Ulmaria D10
5720,Filipendula Ulmaria D2
5721,Filipendula Ulmaria D200
5722,Filipendula Ulmaria D30
5723,Ferrum Sulfuricum
5724,Ferrum Sesquichloratum Solutum
5725,Ferrum-Quarz Ursubstanz
5726,Luteinising Hormone (Human)
5727,Follicle-Stimulating Hormone
5728,Luteinising Hormone
5729,Cefiderocol
5730,Tanacetum Parthenium
5731,Insulin Aspart
5732,Testa Triticum Tricum
5733,Guar
5734,Gemfibrozil
5735,Sodium Tetradecyl
5736,Cardiospermum Halicacabum Ø
5737,Sodium Iodide (131i)
5738,Argentum Metallicum Praeparatum Trit. D19
5739,Papaver Somniferum
5740,Sparsentan
5741,Dry Extract Refined From Birch Bark
5742,Betulinic Acid
5743,Erythrodiol
5744,Lupeol And Oleanolic Acid
5745,Nicoboxil
5746,Thick Extract Of Cayenne Pepper
5747,Dabrafenib
5748,Zinc Sulphate Heptahydrate
5749,Fenfluramine
5750,Icatibant
5751,Aqueous Extract Of Triticum Aestivum
5752,Agropyri Rhizomate
5753,Allii Cepae Squama
5754,Betulae Folio
5755,Foenugraeci Semine
5756,Petroselini Radice
5757,Levistici Radice
5758,Serenoa Serrulata Fruit Extract
5759,Metronidazole Benzoate
5760,Cerium
5761,Cerium(Iii)
5762,Hexahydrate
5763,Sulfadiazine Silver Micronised
5764,Viscum Album Spag. Peka
5765,Matricaria Recutita D2
5766,Gentiana Lutea D3
5767,Juniperus Communis D3
5768,Dry Extract From Soya-Bean Seeds
5769,Propolis
5770,Caffeic Acid
5771,Chrysin
5772,Glycine Max L. (Soybean) Seed Extractum Siccum
5773,Standardized Dry Extract Of Soya-Bean
5774,Human Normal Immunoglobulin (Iv)
5775,Aesculus Seed Extract
5776,Sticta Ø
5777,Lichen Islandicus / Cladonia Rangiferina / Usnea Barbata
5778,Aqueous Extract
5779,Extractum Fluidum
5780,Extract From Symphytum Officinale
5781,Comfrey Root Liquid Extract
5782,Cyclobenzaprine
5783,Rhus Toxicodendron Mother Tincture
5784,Symphytum Officinale Ex Herba Mother Tincture
5785,Dry Extract From Devil's Claw Root Corresonding To 2.1-2.4 G Of Devil's Claw Root
5786,Tolperisone
5787,Preparation Of Symphytum X Uplandicum Herb
5788,Allium Cepa D10
5789,Allium Cepa D15
5790,Fumagillin
5791,Infliximab
5792,Psyllium
5793,Plantago Seed
5794,Morniflumate
5795,Formica Parva Ex Anim. Tot
5796,Triticum Vulgare
5797,Vespa Vulgaris Ex Anim. Tot
5798,Fluorothymidine F-18
5799,"B / Phuket / 3073 / 2013-Like Strain (B / Phuket / 3073 / 2013, Bvr-1b)"
5800,Influenza Virus A / Thailand / 8 / 2022 (H3n2) Ivr-237-Like Strain (A / Thailand / 8 / 2022)
5801,"B / Washington / 02 / 2019 - Like Virus (B / Washington / 02 / 2019, Wild Type)"
5802,"A / Victoria / 2570 / 2019 (H1n1)pdm09-Like Strain (A / Victoria / 2570 / 2019, Ivr-215)"
5803,"A / Cambodia / E0826360 / 2020 (H3n2) - Like Strain (A / Tasmania / 503 / 2020, Ivr-221)"
5804,"B / Austria / 1359417 / 2021-Like Strain (B / Singapore / Wuh4618 / 2021), A / Wisconsin / 67 / 2022 (H1n1)pdm09-Like Strain (A / Georgia / 12 / 2022 Cvr-167)"
5805,"Subtype H3n2, Strain A / District Of Columbia / 27 / 2023-Like Virus A / Victoria / 800 / 2024 Cvr-289, Live"
5806,Flucloxacillin Magnesium Octahydrate
5807,Fludeoxyglucose
5808,Fludroxycortide
5809,"Influenza Virus B / Austria / 1359417 / 2021 - Like Strain (B / Austria / 1359417 / 2021, Medi 355292)"
5810,"Influenza Virus A / Victoria / 4897 / 2022 (H1n1)pdm09 - Like Strain (A / Norway / 31694 / 2022, Medi 369815)"
5811,"Subtype H3n2, Strain A / Croatia / 10136rv / 2023-Like Strain (A / Perth / 722 / 2024, Medi 392611)"
5812,Flunarizine
5813,Mepiphylline
5814,Thiamphenicol Glycinate Acetylcysteine
5815,Polysorbate 20
5816,Meglumine Benzoate
5817,Flumetasone Pivalate
5818,Flunitrazepam
5819,Sodium Monofluorophosphate
5820,Fluoromethyl-(18f)-Dimethyl-2-Hydroxyethyl-Ammonium
5821,Calcium Fluoride
5822,Domiphen
5823,Flurazepam
5824,Valaciclovir
5825,Cloperastine
5826,Flutrimazole
5827,Flubendazole
5828,Parnaparin
5829,Influenza Virus Surface Antigens (Inactivated) Of Strain A / Vietnam / 1194 / 2004 (H5n1)
5830,Fomepizole
5831,"Potassium Citrate Monobasic, Monosodium Citrate (Anhydrous)"
5832,Oxiconazole
5833,Formaldehyde
5834,Formica Ø
5835,Naratriptan
5836,Fucus Vesiculosus
5837,"Penicillium Roqueforti E Volumine Cellulae (Lyophil., Steril.) D4"
5838,Deanol Aceglumate
5839,Buchu Dry Extract
5840,Fosaprepitant
5841,Fosaprepitant Dimeglumine
5842,Temoporfin
5843,Foscarnet Sodium Hexahydrate
5844,Foscarnet
5845,Fosfomycin Disodium
5846,Fosphenytoin
5847,Beclometasone Propionate
5848,Tivozanib
5849,Human Hepatitis B Immunoglobulin
5850,Dalteparin
5851,Juniperus Sabina
5852,Alchemilla
5853,Alchemillae Herba
5854,Aletris Farinosa
5855,Fraxinus Americana Dil. 2
5856,Lilium Lancifoliumdil. D 4 Vinos
5857,Strychnos Ignatii Vinos
5858,Caulophyllum Thalictroides
5859,Nadroparin
5860,Cysteine Hcl
5861,"1,3-Butylene Glycol"
5862,All-Rac-Alpha-Tocopheryl Acetate ()
5863,"Furosemide, Anhydrous Amiloride"
5864,Fruquintinib
5865,Tick-Borne Encephalitis Virus (Inactivated)
5866,Neudoerfl Strain
5867,Tick-Borne Encephalitis Virus Neudoerfl Strain
5868,Tegafur
5869,Fusidic Acid Hemihydrate
5870,"Betamethasone, Anhydrous Fusidic Acid"
5871,Fusidic Acid Pentahydrate
5872,"Hydrocortisone Acetate, Anhydrous Fusidic Acid"
5873,Calcium Acetate D2
5874,Alchemilla Vulgaris D2
5875,Antimonium Crudum D5
5876,Stibium Sulfuratum Nigrum D8
5877,Thyroid Extract D8
5878,Griseofulvin
5879,Ethyl Fumarate
5880,Ethyl Fumarate Zinc
5881,Ginseng Root Powder
5882,Ferrum Iodatum
5883,Sulfur Iodatum
5884,Micafungin
5885,Nitrofural
5886,Furagin Soluble
5887,Furazolidone
5888,Enfuvirtide
5889,Perampanel
5890,Origanum Vulgare
5891,Sodium Phytate
5892,Technetium (99mtc) Phytate
5893,Paromomycin
5894,Gabexate
5895,Tiagabine
5896,Gadobutrol
5897,Migalastat
5898,Secale Cornutum E Sklerotio Ferm 35b
5899,Gallium (68ga)
5900,Germanium (68ge)
5901,Thuja Occidentalis D3
5902,Urtica Urens D3
5903,Apis Mellifica D12
5904,Argentum Metallicum D8
5905,Calcium Fluoratum D8
5906,Caltha Palustris D3
5907,Clematis Recta D4
5908,Betula Pendula D2
5909,Galium Aparine D3
5910,Galium Mollugo D3
5911,Hedera Helix D4
5912,Ononis Spinosa D4
5913,Pyrogenium Nosode D6
5914,Saponaria Officinalis D4
5915,Sempervivum Tectorum Ssp. Tectorum D4
5916,Juniperus Communis D4
5917,Sedum Acre D3
5918,Echinacea D5
5919,Calcium Fluoratum Dil D8
5920,Ononis Spinosa
5921,Sedum Acre
5922,Sempervivum Tectorum Var. Tectorum
5923,Caltha Palustris
5924,Clematis Recta
5925,1-Naphthaleneacetic Acid
5926,Tolylmethylcarbinol Nicotinate
5927,Cholesterolum D3
5928,Berberis Vulgaris Dil D3
5929,Milk Thistle Fruit
5930,Liquid Extract Of Artichoke Leaf
5931,Turmeric Root
5932,Dandelion Herb With Root
5933,Ginger
5934,Yarrow Herb
5935,Matricaria Flower
5936,Bitter-Orange Epicarp And Mesocarp
5937,Blessed Thistle
5938,Bogbean Leaf
5939,Cardamom
5940,Wormwood
5941,Purified Extract Of Glechoma Hederacea
5942,Pentaerithrityl Tetranitrate
5943,Silybum Marianum D1
5944,Taraxacum Officinale D6
5945,Human Tetanus Immunoglobulin
5946,Gamma-Aminobutyric Acid
5947,Magnesium Glutamate
5948,Gamma-Amino-Beta-Hydroxybutyric Acid
5949,Alfa-Amino Glutamate Magnesium Hidrobromide
5950,Lofepramine
5951,Fat Hen Pollen
5952,Human Papillomavirus Type 11 L1 Protein
5953,Human Papillomavirus Type 16 L1 Protein
5954,Human Papillomavirus Type 18 L1 Protein
5955,Human Papillomavirus Type 6 L1 Protein
5956,Amorphous Aluminium Hydroxyphosphate
5957,Human Papillomavirus Type 31 L1 Protein
5958,Human Papillomavirus Type 33 L1 Protein
5959,Human Papillomavirus Type 45 L1 Protein
5960,Human Papillomavirus Type 52 L1 Protein
5961,Human Papillomavirus Type 58 L1 Protein
5962,Malachite Green
5963,Cisapride
5964,Aluminium Hydroxide-Magnesium Carbonate
5965,Tincture Of Peppermint Leaf
5966,Bitter Fennel And Chamomile Flower
5967,Stibium Sulfuratum Nigrum D6
5968,Citrullus Colocynthis D8
5969,Gentiana Lutea Ø
5970,Centaurium Erythraea E Planta Tota Recente Ø
5971,Aluminia D8 Dil
5972,Stibium Sulfuratum Nigrum Trit. D4
5973,Magnesium Carbonicum Trit. D2
5974,Artemisia Absinthium Trit. D4
5975,Resina Piceae Trit. D4
5976,Chamomile Flower Extract
5977,Angelica Root
5978,Cnicus Benedictus
5979,Psychotria Ipecacuanha Trit. D4
5980,Bismutum Subnitricum Trit. D4
5981,Magnesium Phosphoricum Trit. D3
5982,Resina Piceae C4
5983,Robinia Pseudoacacia C4
5984,Carbo Vegetabilis C4
5985,Hydrotalcite
5986,Distillate Of Caraway Oil
5987,Laurel Oil
5988,Fennel Oil
5989,Levomanthol
5990,Extract Of Angelica Root
5991,Liquid Extract Of Caraway Fruit
5992,Liquid Extract Of Peppermint Leaf
5993,Liquid Extract Of Milk Thistle Fruit
5994,Liquid Extract From Melissa Leaf
5995,Liquid Extract Of Gentian Root
5996,Marsdenia Cundurango
5997,Absinthium Tincture
5998,Melissa Leaf Dry Extract )
5999,Liquid Extract From: Artemisia Abrotanum Herb
6000,Centaurea Benedicta Herb
6001,Dandelion Root And Yarrow (35 / 15 / 8 / 3 / 3 / 3)
6002,Liquid Extract Of Oak Bark
6003,Salvia Officinalis Herb
6004,Artemisia Abrotanum Herb
6005,Yarrow
6006,Pirenzepine Dihydrochloride
6007,Symphytum X Uplandicum
6008,Alginic Acid
6009,Magnesium Alginate
6010,Obinutuzumab
6011,Glucuronamide
6012,Tartaric Acid
6013,Gefitinib
6014,Bovine Bile Extract
6015,Gelatine Polysuccinate
6016,Succinylated Gelatin
6017,Harpagophytum Procumbens
6018,Actaea Spicata
6019,Filipendula Ulmaria Mother Tincture
6020,Ruta
6021,Rhododendron D3
6022,Acidum Benzoicum E Resina D3
6023,Lithium Benzoicum D3
6024,Stellaria Media D2
6025,Benzoicum Acidum D8
6026,Harpagophytum Procumbens D6
6027,Sanguinaria Canadensis D3
6028,Gelsemium Sempervirens D3
6029,Iris Versicolor D2
6030,Myrtol Stand
6031,Distillate Of A Mixture Of Rectified Eucalyptus Oil
6032,Rectified Sweet Orange Oil
6033,Rectified Myrtle Oil And Rectified Lemon Oil In A Ratio Of 66:32:1:1
6034,Gelatin (Anhydrous)
6035,Monmectite
6036,Colocynthis D 4
6037,Gelsemium D5
6038,Daphne Mezereum D5
6039,Rhus Toxicodendron D8
6040,Acidum Arsenicosum D4
6041,Carbomer 980 Nf
6042,Aluminium Magnesium Silicate
6043,Ethanolamine Tenoate
6044,Methylrosanilinium
6045,Succus
6046,Cydonia Oblonga
6047,"Aqu. Extr. 1:2,1"
6048,Somatropin
6049,Insulin Human Biphasic
6050,Insulin Human Isophane (Rdna)
6051,Gentiana Lutea Rh
6052,Artemisia Absinthium Ex Herba
6053,Gentiana Lutea E Radice
6054,Strychnos Nux-Vomica E Semine Ferm 35b
6055,Taraxacum Officinale E Planta Tota Ferm 34c Ø
6056,Populus Tremuloides D1
6057,Kalium Iodatum D12
6058,Ferrum Picrinicum D12
6059,Petroleum Rectificatum
6060,Elvitegravir
6061,Ziprasidone
6062,Acidum Picrinicum Dil D2
6063,Suramin
6064,"Zinc Oxide, Anhydrous Lidocaine"
6065,Cinolazepam
6066,Barley Grain
6067,Sweet Orange Peel Essential Oil
6068,Myrtle Essential Oil
6069,Magnesium Stearate
6070,Nintedanib Esylate
6071,Somatorelin
6072,Macimorelin
6073,Angiotensin Ii
6074,Cefditoren Pivoxil
6075,Devil's Claw Root
6076,Ajmaline
6077,Standardised Ginkgo Biloba Extract
6078,Dry Extract Of Ginkgo Biloba Leaf
6079,Ginkgo Bilobae Extractum Siccum Normatum
6080,Gingiva Suis D10
6081,Gingiva Suis D200
6082,Gingiva Suis D30
6083,Ginkgo Biloba Leaf
6084,Refined And Quantified Ginkgo Dry Extract
6085,Ginkgo Biloba Trit. D2
6086,Refined And Quantified Dry Extract Of Ginkgo Biloba Dried Leaf
6087,Dry Extract From Ginkgo
6088,Ginkgolides
6089,Refined And Quantified Dry Extract Of Ginkgo Leaf
6090,Dry Extract Of Ginkgo Biloba Dried Leaf
6091,Ginkgo Bilobae Folium Tinctura
6092,G115 Panax Ginseng Extract
6093,Acidum L(+)-Lacticum D2
6094,Kreosotum D10
6095,Nadidum D10
6096,Panax Ginseng Tm
6097,Panax Ginseng Root
6098,Acidum Benzoicum Trit. D 3
6099,Ammonium Phosphoricum Trit. D 2
6100,Colchicum Autumnale Trit. D 4
6101,Lithium Carbonicum Trit. D3
6102,Givosiran
6103,Dapiprazole
6104,Glycyl-L-Glutamine
6105,N-Glycyl L-Tyrosine 2h2o
6106,Glandula Suprarenalis Dextra Bovis Gl
6107,Glandula Suprarenalis Sinistra Bovis Gl
6108,Mercurius Vivus
6109,Glandula Suprarenalis Suis D200
6110,Glandula Suprarenalis Suis D30
6111,Thymus Suis D10
6112,Thymus Suis D200
6113,Thymus Suis D30
6114,Glandula Thyreoidea Bovis Gl
6115,Glandula Thyreoidea Suis D10
6116,Glandula Thyreoidea Suis D200
6117,Glandula Thyreoidea Suis D30
6118,Fel Tauri Gl
6119,Glandulae Suprarenales Bovis Gl
6120,Lien Bovis Gl
6121,Ovarium Suis
6122,Thyreoidinum Suis
6123,Testis Suis
6124,Parietaria Judaica Pollen Extract
6125,Sodium Sulphate Decahydrate
6126,Glecaprevir
6127,Pibrentasvir
6128,Valerian Extract
6129,Aminolevulinic Acid
6130,Fluoroethyltyrosine F-18
6131,Glipizide
6132,Thiamphenicol Glycinate
6133,Lycopus Virginicus
6134,Meglumine Antimonate
6135,Glucose 1-Phosphate Disodium Tetrahydrate
6136,Gliquidone
6137,Glutaral
6138,Glyceryl Trinitrate Solution
6139,Glyceryl Monothioglycolate
6140,Tolbutamide
6141,Sodium Glycerophosphate Pentahydrate
6142,Syzygium Cumini Mother Tincture
6143,Glycopyrrolate
6144,Acriflavinium
6145,Glyoxal D10
6146,Methylglyoxal D10
6147,Glyoxal Trimer
6148,Tribenoside
6149,Onyx
6150,Gnaphalium Polycephalum Dil D1
6151,Phytolacca Dil D1
6152,Golimumab
6153,Vilobelimab
6154,Terpineol
6155,Eucalyptol Bpc
6156,Pyrethrum Extract
6157,Hamster Hair
6158,Solidago
6159,Convallaria Majalis Dil D1
6160,Gonadorelin
6161,Hyperici Extractum Siccum
6162,Rabbit
6163,Clofoctol
6164,Tofisopam
6165,Lenograstim
6166,Pumpkin Seed
6167,Pumpkin Seed Oil
6168,Crushed
6169,Dry Extract Of Saw Palmetto Fruit
6170,Dry Extract Of Rhus Aromatica Bark
6171,Soft Extract Of Pumpkin Seed
6172,Graphites Trit. D 3
6173,Causticum Hahnemanni Trit D3
6174,Agrostis Stolonifera Pollen
6175,Festuca Rubra Pollen
6176,Holcus Lanatus Pollen Extract
6177,Mixture Of Allergen Extracts From Alopecurus Pratensis
6178,Cynosurus Cristatus
6179,Agrostis Tenuis
6180,Bromus Spp
6181,Holcus Lanatus And Secale Cereale
6182,Selenious Acid
6183,Chromium Picolinate
6184,Potassium Iodate
6185,Sodium Ascorbate Sa99
6186,Ascorbic Acid C97
6187,Lachesis Mutus D12
6188,"Grifola Frondosa E Volumine Cellulae (Lyophil., Steril.) D4"
6189,"Grifola Frondosa E Volumine Cellulae (Lyophil., Steril.) D5"
6190,Ceanothus Americanus D2
6191,Cinchona Pubescens D3
6192,Phosphorus Trit. D5
6193,Bryonia Trit. D4
6194,Eupatorium Perfoliatum D2
6195,Lachesis D11
6196,Eupatorium Perfoliatum D12
6197,Grippeimpfstoff Nosode D10
6198,Grippeimpfstoff Nosode D200
6199,Grippeimpfstoff Nosode D30
6200,Kalium Bichromicum Trit. D4
6201,Acidum Arsenicosum Trit. D6
6202,Strychnos Nux-Vomica Trit. D3
6203,Phosphorus Trit. D6
6204,Sabadilla Trit. D3
6205,Aconitum Trit. D4
6206,Sanguinaria Trit. D7
6207,Sabadilla Mother Tincture
6208,Smilax Ø
6209,Gnaphalium Polycephalum Urt
6210,Guanfacine
6211,Posaconazole
6212,Tincture From Hawthorn Berries
6213,Tolvaptan
6214,Butoconazole
6215,Hexoprenaline
6216,Tioconazole
6217,Auszug Aus Keuschlammfrüchten
6218,Lyophilized
6219,Foeniculum Vulgare
6220,Glechoma Hederacea Spag. Peka
6221,Chlorocarvacrol
6222,Lycopodium Clavatum D5
6223,Krameria Triandra
6224,Aloe D4
6225,Crocus D3
6226,Acalypha Indica D2
6227,Trillium Pendulum D4
6228,Paeonia Officinalis
6229,Quinisocaine
6230,Hamamelis Bark Dry Extract
6231,Dry Extract Of Hamamelis Bark
6232,Cultivated Oat Pollen
6233,Halcinonide
6234,Triazolam
6235,Ranolazine
6236,Bencyclane
6237,Cardiospermum Halicacabum Tincture
6238,Stibium Metallicum Praeparatum Trit. D1
6239,Summitates Destillata Ø
6240,Hamamelis Leaf And Twigs Distillate
6241,Collinsonia Canadensis Dil D 3
6242,Mercaptopurine
6243,Aurum Chloratum Dil D1
6244,Kalmia Latifolia Mother Tincture
6245,Strophanthus Gratus Mother Tincture
6246,Veratrum Album Mother Tincture
6247,Spigelia Anthelmia Mother Tincture
6248,Aletris Farinosa Mother Tincture
6249,Chamaelirium Luteum
6250,Lilium Lancifolium Mother Tincture
6251,Carduus Marianus Trit D1
6252,Chelidonium Majus Trit D1
6253,Taraxacum Officinale Trit D1
6254,Citrullus Colocynthis D3
6255,Juniperus Communis Ø
6256,Uva Ursi Mother Tincture
6257,Cinchona Pubescens Trit. D2
6258,China Mother Tincture
6259,Thuja Occidentalis Mother Tincture
6260,Cetraria Islandica Mother Tincture
6261,Ipecacuanha Mother Tincture
6262,Lobelia Inflata Mother Tincture
6263,Urea-Formaldehyde Resin
6264,Dry Extract From Orthosiphon Leaf
6265,European Goldenrod Dry Extract
6266,Harpagophytum Procumbens Root
6267,Harpagophytum Procumbens Radix Dry Extract
6268,Harpagophytum Procumbens Root Extract
6269,Ledipasvir
6270,Corylus Americana Pollen
6271,Hazelnut Extract
6272,Thallium Aceticum Oxydulatum D12
6273,Fumaria Officinalis
6274,Juglans
6275,Sarsaparilla
6276,Arsenicum Album D9
6277,Sepia D9
6278,Silicea D9
6279,Sodium Silicate
6280,Lappa Major
6281,Summit. Rec
6282,Presssaft
6283,Hepatitis A Virus Antigen (Inactivated)
6284,Hepatitis A Virus (Inactivated)
6285,Hepatitis A Virus Hm175 Strain (Inactivated)
6286,Euphrasia Officinalis D 6
6287,Sodium Oxidronate
6288,Pelargonium Sidoides Root Liquid Extraction Preparation
6289,Hypericum
6290,Hamamelis Extractum Fluidum
6291,Chionanthus Virginicus
6292,Mandragora E Radice Siccata Spag. Peka
6293,Cynara Scolymus
6294,Taraxacum Officinale Spag. Peka
6295,Extract Of Hedera Helix Folium
6296,Soft Extract From Ivy Leaf
6297,Soft Extract Of Ivy Leaf
6298,Dry Extract Of Hedera Helix
6299,Hedera Helix (Ivy) Extract
6300,Liquid Extract Of Hedera Helix Leaf
6301,Hamamelis Virginiana Mother Tincture
6302,Vaccinium Myrtillus
6303,Bilberry Fruit
6304,Mercurialis Perennis 2b Ø
6305,Verbascum Thapsiforme D4
6306,Hekla Lava E Lava D200
6307,Hekla Lava E Lava D30
6308,Urea 14c
6309,Helicidine
6310,Nitrogen
6311,Hedera Helix L. Folium
6312,Liquid Extract From Fresh Fir Mistletoe Herb
6313,Helleborus Foetidus D12
6314,Helleborus Foetidus D20
6315,Helleborus Foetidus D3
6316,Helleborus Foetidus D30
6317,Helleborus Foetidus D4
6318,Helleborus Foetidus D5
6319,Helleborus Foetidus D6
6320,Helleborus Niger D12
6321,Helleborus Niger D20
6322,Helleborus Niger D3
6323,Helleborus Niger D30
6324,Helleborus Niger D4
6325,Helleborus Niger D5
6326,Helleborus Niger D6
6327,Pyrantel
6328,Etranacogene Dezaparvovec
6329,Emicizumab
6330,Cinnamic Acid
6331,Human Coagulation Factor Xi
6332,Achillea Millefolium L. Herba
6333,Cassia Senna L. Folium
6334,Coriandrum Sativum L. Fructus
6335,Yarrow Liquid Extract
6336,Aetheroleum Millefoli
6337,Soft Extract Of Erigeroni Canadensis Herb
6338,Belladonnae Radicis Extractum Spissum
6339,Cytisi Scoparii Herba
6340,Hippocastani Cortice
6341,Tormentillae Rhizomate
6342,Hexachlorophene
6343,Suleparoid
6344,Ornithine Aspartate
6345,Trockenextrakt Aus Frischen Artischockenblättern 15-30:1
6346,Timonacic
6347,Chelidonium Majus D8
6348,Cinchona Officinalis D6
6349,Myrica Cerifera
6350,Cynara Cardunculus Leaf Extract
6351,Peumus Boldus Molina
6352,Silybum Marianum Extract
6353,Veronicastrum Virginicum D4
6354,Stannum Metallicum D10
6355,Cynara Scolymus D6
6356,Acidum Oroticum Monohydricum D6
6357,Cyanocobalaminum D4
6358,Histaminum D10
6359,Vesica Fellea Suis D10
6360,Pancreas Suis D10
6361,Duodenum Suis D10
6362,Calcium Carbonicum D28
6363,Cinchona Succirubra D4
6364,Chelidonium Majus D5
6365,Avena Sativa D6
6366,Silybum Marianum D3
6367,Taraxacum Officinale D4
6368,Sulfur D13
6369,Calcium Carbonicum Hahnemanni D28
6370,Fel Tauri D8
6371,Cholesterolum D10
6372,Leptandra Virginica
6373,Veronica Virginica
6374,Hepar Suis D200
6375,Hepar Suis D30
6376,Tunica Mucosa Sinuum Paranasalium Bovis Gl
6377,Hepar Sulfuris Trit D5
6378,Calcium Hypophosphorosum Trit D2
6379,Apis Mellifica Trit D5
6380,Acidum Silicicum Trit D5
6381,Taraxacum Officinale Urt
6382,Yucca Filamentosa
6383,"Arginine Hydrochloride, Disodium"
6384,Chelidonium Majus Trit. D6
6385,Silybum Marianum Trit. D2
6386,Veronicastrum Virginicum Trit. D3
6387,Taraxacum Officinale Trit. D3
6388,"Heparin Sodium, Disodium Phosphate Dodecahydrate"
6389,"Citric Acid Monohydrate , Disodium Phosphate Dodecahydrate"
6390,Hepar Bovis - Magnesium Hydroxydatum
6391,Heparinoid
6392,Dry Extract From Milk Thistle Fruit:
6393,Hepar Bovis - Stannum Hydroxydatum
6394,Vitis Vinifera
6395,Bulevirtide
6396,Cinchona Succirubra D3
6397,Myristica Fragrans D4
6398,Lycopodium Clavatum Trit. D 3
6399,Citrullus Colocynthis D5
6400,Lycopodium Clavatum D2
6401,Althaea Officinalis
6402,Marrubium Vulgare
6403,Thymus Vulgaris L. Herba
6404,Essential Oil Of Peppermint
6405,Foeniculi Amari Fructus Aetheroleum
6406,Ginseng Root Fluid Extract
6407,Compound Rhubarb Tincture
6408,Uva Ursi Dry Extract
6409,Citrullus Colocynthis Trit. D 4
6410,Veronicastrum Virginicum D2
6411,Tincture Of Primula Root
6412,Foeniculi Tinctura
6413,Pini Extractum Fluidum
6414,Dry Extract Of Iceland Moss
6415,Corresponds To 90 Mg To 120 Mg Of Iceland Moss
6416,Dry Extract From Iceland Moss
6417,Liquid Extract From Centaurea Benedicta Herb
6418,Liquid Extract From Matricaria Recutita Flower
6419,Liquid Extract From Glycyrrhiza Glabra Root
6420,Liquid Extract From Potentilla Anserina Herb
6421,Liquid Extract From Angelica Archangelica Root
6422,Liquid Extract From Artemisia Absinthium Herb
6423,Herring
6424,Herpes Simplex Nosode D12
6425,Herpes Simplex Nosode D200
6426,Herpes Simplex Nosode D30
6427,Herpes Zoster Nosode D12
6428,Herpes Zoster Nosode D200
6429,Herpes Zoster Nosode D30
6430,Croton Tiglium
6431,Euspongia Officinalis D3
6432,Apocynum Cannabinum D7
6433,Convallaria Majalis D3
6434,Digitalis Purpurea D5
6435,Cytisus Scoparius D3
6436,Tasimelteon
6437,Serplulimab
6438,"Trockenextrakt Aus Eibischwurzel (Althaeae Radix, Dev 7-9:1"
6439,Galphimia Glauca Trit. D3
6440,Cardiospermum Trit. D3
6441,Luffa Operculata Trit. D4
6442,Sinapis Nigra Ø
6443,Ethiodized Oil
6444,Ethyl Esters Of Iodised Fatty Acids From Poppyseed Oil
6445,Lophophytum Leandri
6446,Zincum Valerianicum D4
6447,Passiflora Incarnata D1
6448,Digitalis Purpurea D4
6449,Urginea Maritima D2
6450,Apocynum Cannabinum D4
6451,Luffa Operculata Trit. D3
6452,Allium Cepa Trit. D2
6453,Ioxaglate Meglumine
6454,Ioxaglate
6455,Haemophilus Influenzae Type B Polysaccharide (Polyribosylribitol Phosphate)
6456,Biclotymol
6457,Quinine Benzoate
6458,Altretamine
6459,Inositol Nicotinate
6460,Hexaminolevulinate
6461,Hydroquinidine
6462,Hydroquinone
6463,Ampicillin Benzathine
6464,Hypericum Perforatum (Dry Hydroalcoholic Extract)
6465,Hippocastani Semen
6466,Sodium Iodohippurate (131i)
6467,Capsella Bursa-Pastoris
6468,Hamamelis Virginiana E Cortice Ferm 33e
6469,Hirudo Medicinalis Ex Animale Toto Gl
6470,Paeonia Officinalis E Radice Ferm 33c
6471,Chondroitin Polysulfate
6472,Mucopolysaccharide Polysulfuric Acid Ester
6473,Mucopolysaccharides
6474,Histaminum D12
6475,Histaminum D200
6476,Histaminum D30
6477,Aesculus Hippocastanum Ø
6478,Turnera Diffusa D3
6479,Arsenum Iodatum
6480,Lycopus Virginicus D3
6481,Ex Vivo Expanded Autologous Human Corneal Epithelial Cells
6482,Ifosfamide
6483,Ethereal Oil
6484,Elder Pollen
6485,Natrium Tetraboracicum C5
6486,Kalium Bichromicum C5
6487,Acidum Sulfuricum C5
6488,Raphanus Sativus Niger D7
6489,Rhamnus Frangula D7
6490,Passiflora Incarnata D3
6491,Hyoscyamus Niger C5
6492,Myristica Fragrans C4
6493,Datura Stramonium C5
6494,Bryonia Dioica
6495,Bromine
6496,Arisaema Triphyllum C3
6497,Mercurius Solubilis
6498,Spongia Tosta
6499,Mercurius Solubilis Hahnemanni C3
6500,Bryonia C3
6501,Bromum C3
6502,Phytolacca Americana C3
6503,Euspongia Officinalis C3
6504,Influenzinum C9
6505,Valeriana Officinalis D6
6506,Crataegus D8
6507,Cactus (=Selenicereus Grandiflorus) Trit. D1
6508,Nitroglycerinum Trit. D4
6509,Rauwolfia Trit. D2
6510,Viscum Albumtrit. D1
6511,Phytolacca Decandra Mother Tincture
6512,Benzoin Siam Mother Tincture
6513,Bryonia Mother Tincture
6514,Magnesium Carbonicum C5
6515,Euphrasia Officinalis D3
6516,Silicea C5
6517,Calcium Fluoratum C5
6518,Kalium Chloratum C5
6519,Cineraria Maritima C5
6520,Verbascum Thapsus D7
6521,Mentha Piperita D5
6522,Viola Odorata D6
6523,Pulsatilla Vulgaris D6
6524,Kalium Bichromicum C6
6525,Aconitum Napellus C3
6526,Ferrum Phosphoricum C6
6527,Hepar Sulfuris C6
6528,Mercurius Solubilis Hahnemanni C6
6529,Populus Candicans C6
6530,Euspongia Officinalis C6
6531,Ledum Palustre Trit. D2
6532,Guajacum Ø
6533,Scilla Maritima D1
6534,Adonis Vernalis D1
6535,Dioscorea Villosa Trit. D2
6536,Taraxacum Officinale Trit. D2
6537,Magnesium Sulfuricum Trit. D1
6538,Acidum Picrinicum Trit. D3
6539,Calcium Phosphoricum Trit. D2
6540,Calcium Carbonicum Hahnemanni Trit. D3
6541,Kalium Phosphoricum Trit. D2
6542,Kalium Bromatum Trit. D4
6543,Populus Tremuloides Trit. D1
6544,Rauwolfia Serpentina D3
6545,Reserpinum D3
6546,Viscum Album D2
6547,Conyza Canadensis
6548,Origanum Majorana
6549,Conyza Canadensis D3
6550,Myristica Fragrans D6
6551,Silberhornerz
6552,Thick Extract Of Saw Palmetto Fruit
6553,Horsetail Herb Powdered
6554,Equisetum Dry Extract
6555,Lupuli Strobuli Extractum Siccum
6556,Crotalus Horridus
6557,Dry Extract Of Nettle Leave
6558,Chicken Protein Allergen Extract
6559,Insulin Lispro
6560,Human Hemin
6561,Human Hepatitis B Immunoglobulin (Iv)
6562,Human Varicella Immunoglobulin
6563,Oxomemazine
6564,Insulin Human (Rdna)
6565,Lobster
6566,Dog Epithelium Extract
6567,Canis Lupus Familiaris Hair
6568,Bermuda Grass Pollen
6569,Stibium Sulfuratum Aurantiacum D12
6570,Polygala Senega D8
6571,Plantago Lanceolatae Folium Dry Extract
6572,Althaea Officinalis Root
6573,Thymi Herba
6574,Aqueous Decoctum From Solanum Dulcamara
6575,Stipites Sicc.: Marrubium Vulgare
6576,Liquid Extract From A Mixture Of Solanum Dulcamara Stem
6577,Marrubium Vulgare Leaf
6578,Aniseed
6579,Wild Thyme And Thyme
6580,Liquid Extract From Ipecacuanha Root
6581,Liquid Extract From Fresh Drosera Rotundifolia
6582,Liquid Extract From Fresh Pulsatilla Vulgaris
6583,Plantago Lanceolata Herb Fluid Extract
6584,Liquid Extract Of Ribwort Plantain
6585,Hyaluronic Acid
6586,Hyaluronidase
6587,Topotecan
6588,Hydrazine
6589,Ethyl Linoleate
6590,Dihydroabietyl Alcohol
6591,Kalium Nitricum D4
6592,Hydroflumethiazide
6593,Hydrogen Peroxide Solution (6 Per Cent)
6594,Hydrogen Peroxide Solution (35 Per Cent)
6595,Hydrogen Peroxide Solution (30 Per Cent)
6596,Sirolimus
6597,Lactobacillus Helveticus Dsm 4183 Aqueous Substrate Of Metabolic Products
6598,Lactobacillus Acidophilus Dsm 4149
6599,Aquaeous Substrate Of Metabolic Products
6600,Enterococcus Faecalis Dsm 4086
6601,Aqueous Substrate Of The Metabolites
6602,Escherichia Coli Dsm 4087 Germ-Free
6603,Aquaeous Substrate Of The Metabolic Products
6604,Enterococcus Faecalis
6605,Carbomer 981
6606,Marstacimab
6607,Hypericum Perforatum Tincture
6608,Calendula Officinalis Tincture
6609,Glonoinum
6610,Hypericum Perforatum Vinos
6611,St. John´s Wort Dry Extract
6612,Hypericum Auro Cultum Rh
6613,Hypericum Auro Cultum
6614,Hypericum Perforatum D6
6615,Hypericum Perforatum D12
6616,Ol. Sesami Extr. 1:2
6617,Dry Extract From St. John's Wort
6618,Rilmenidine Dihydrogen
6619,Dry Extract From Fresh St. John's Wort
6620,Hypophysis Suis D200
6621,Hypophysis Suis D8
6622,Hypothalamus Suis D200
6623,Hypothalamus Suis D30
6624,Potassium Phosphate
6625,Nerium Oleander D3
6626,Insulin Porcine
6627,Hyaluronidase (Human Recombinant)
6628,Naja Naja
6629,Bitter Candytuft Fresh Plant Extract
6630,Melissae Folii Dry Aqueous Extract
6631,Glycyrrhiza Glabra Root
6632,Carvi Extractum Fluidum
6633,Angelica Archangelica Extract
6634,Extract Of Iberis Amara
6635,Liquid Extract From Liquorice Root
6636,Palbociclib
6637,Indobufen
6638,Ammonium Bituminosulfonate Concentrate
6639,Ammonium Bituminosulfonate Light
6640,Sodium Bituminosulfonate Dry Substance
6641,Aluminium Potassium
6642,Calcium Oxide
6643,Sodium Perborate
6644,Ponatinib
6645,Idarubicin
6646,Imlifidase
6647,Albutrepenonacog Alfa
6648,Bifidobacterium Longum
6649,Aluminium Oxydatum C5
6650,Myristica Fragrans C5
6651,Buffered Phosphate Solution
6652,Mertiatide
6653,Aminoacridine
6654,Nicorandil
6655,Canakinumab
6656,Gozetotide
6657,Atorvastatin Hemicalcium 1.5 H2o
6658,Tildrakizumab
6659,Brompheniramine
6660,Nipocalimab
6661,Fluspirilene
6662,Echinacea D6
6663,Ibrutinib
6664,Setmelanotide
6665,Iomeprol
6666,Durvalumab
6667,Imipenem Anhydrate
6668,Imipramine
6669,Tremelimumab
6670,Talimogene Laherparepvec
6671,Rivastigmine Hydrogen
6672,Leucocyti Dialysatum Cryodesiccatum
6673,Haemophilus Influenzae Type B (Hib)
6674,Klebsiella Ozaenae
6675,Klebsiella Pneumoniae
6676,Neisseria Catarrhalis
6677,Streptococcus Pyogenes
6678,Streptococcus Viridans
6679,Immunocyanine
6680,Live Attenuated Connaught Strain
6681,Recombinant Human Interferon Gamma 1b
6682,Aegle Marmelos
6683,Dry Extract Of Ginseng Root
6684,Dry Extract From Pale Coneflower Root
6685,Dried Pressed Juice From Purple Coneflower Herb
6686,Aroniae Fructus Succus
6687,Bardanae Radicis Recentis Succus
6688,Chamomillae Extractum Fluidum
6689,Urticae Herbae Recentis Succus
6690,Poliovirus Type 1 (Inactivated)
6691,Poliovirus Type 2 (Inactivated)
6692,Poliovirus Type 3 (Inactivated)
6693,Miltefosine
6694,Pirlindole
6695,Bromperidol
6696,Bromperidol Decanoate
6697,Sargramostim
6698,Marshmallow Root Powdered
6699,Oak Bark Powdered
6700,Dandelion Herb Powdered
6701,Walnut Leaves Powdered
6702,Transfer Factor
6703,Porcine
6704,Extract From Marshmallow Root
6705,Camomile Flowers
6706,Dandelion Herb
6707,Horsetail Herb
6708,Yarrow Herb And Walnut Leaves
6709,Modified Vaccinia Ankara – Bavarian Nordic Live Virus
6710,Cedazuridine
6711,Ginkgo Bilobae Folii Extractum Siccum
6712,Influenza Virus A / Turkey / Turkey / 1 / 2005 (H5n1) Nibrg-23 Strain
6713,Ha And Na Surface Antigen
6714,Mecasermin
6715,Indapamide Hemihydrate
6716,Indium (111in) Pentetate
6717,Indium (111in) Oxine
6718,Ispaghula
6719,Oxyquinoline
6720,Dibotermin Alfa
6721,Pralidoxime
6722,Avizafone
6723,Haemophilus Type B Polysaccharide Conjugated To Tetanus Toxoid
6724,Halometasone
6725,Lactobacillus Rhamnosus Gg
6726,Sage Leaves Extract
6727,Erythromycin Estolate
6728,Ammonium Iodatum
6729,Bifidobacterium Spp
6730,Ipecacuanha Trit. D3
6731,Eupatorium Perfoliatum Trit. D1
6732,Gelsemium D3
6733,Aconitum D3
6734,Eupatorium Perfoliatum D1
6735,Bryonia D2
6736,Eucalyptus Globulus Leaf D2
6737,Schoenocaulon Officinale Seed D3
6738,Eucalyptus Globulus D2
6739,Eucalyptus Globulus D3
6740,Lachesis D8 Dil
6741,Indocyanine Green
6742,Nasturtium Officinale
6743,Lachesis Muta
6744,Ginger Root Powder
6745,Pini Aetheroleum
6746,Hydroquinine
6747,Trimecaine
6748,Atropa Bella-Donna D10
6749,Imlunestrant
6750,Tinzaparin
6751,Ferrous Succinate
6752,Karaya Gum
6753,Sterculia
6754,Sterculia Gum
6755,Titanium Dioxide
6756,Hamamelis Liquid Extract
6757,Rufinamide
6758,Fedratinib
6759,Urtica Urens D8
6760,Olodaterol
6761,Etravirine
6762,Bismuth Subsalicylate
6763,Liquid Extract From Horse-Chestnut Fruit
6764,Extract Of St. John's Wort
6765,Extract From Fresh Lemon Balm Herb
6766,Extract From Fresh Mistletoe Herb
6767,Glycerol Dihydrogen Phosphate Mixture Of Disodium Salts 5h2o
6768,Potassium L Hydrogen Glutamate 1h2o
6769,Ovolecithin
6770,Purified Egg Phospholipids
6771,Beclomethasone Dipropionate
6772,Lactic Acid Bacteria: 25% Lactobacillus Fermentum 57a
6773,Lactobacillus Plantarum 57b
6774,Lactobacillus Gasseri 57c
6775,Dry Extract Of Kola Seed
6776,Canagliflozin
6777,Alcoholic Iodine Solution
6778,3-Iodo-2-Propynylbutylcarbamate
6779,Sodium Iodide (123 I)
6780,Mepartricin
6781,Ipidacrine
6782,Lanreotide
6783,Elafibranor
6784,Sodium Perchlorate
6785,Irinotecan
6786,Nervus Oculomotorius Suis Gl
6787,Nervus Ophthalmicus Suis Gl
6788,Euphrasia
6789,Aconitum D7
6790,Phosphorus Vinos
6791,Pulsatilla Pratensis Vinos
6792,Ferric Ammonium
6793,Manganese Glycerophosphate
6794,Potassium Glycerophosphate
6795,Ferrous Sulphate Heptahydrate
6796,"Riboflavin, Dried Ferrous"
6797,Collagenase Clostridium Histolyticum
6798,Viscum Album M
6799,Ferm. Aqu. Extr. 1:5
6800,Viscum Album Subsp. Album
6801,Viscum Album M C Arg
6802,Viscum Album M C Cu
6803,Viscum Album M C Hg
6804,Viscum Album P
6805,Ferm Aqu. Extr. 1:5
6806,Viscum Album Subsp. Austriacum
6807,Viscum Album P C Hg
6808,Viscum Album Qu
6809,Viscum Album Qu C Arg
6810,Viscum Album Qu C Cu
6811,Viscum Album Qu C Hg
6812,Viscum Album U C Hg
6813,Viscum Album (Abietis) E Planta Tota K Dil. Stärke H
6814,Viscum Album (Mali) E Planta Tota K Dil. Stärke H
6815,Viscum Album (Pini) E Planta Tota K Dil. Stärke H
6816,Viscum Album (Populi) E Planta Tota K Dil. Stärke H
6817,Viscum Album (Tiliae) E Planta Tota K Dil. Stärke H
6818,Raltegravir
6819,Streptococcus Oralis
6820,Isocarboxazid
6821,Ceftibuten
6822,Isophorone Diamine
6823,Isotonised
6824,Oxacillin
6825,Osilodrostat
6826,Juglans Regia Spag. Peka
6827,Scrophularia Nodosa
6828,Helianthemum Canadense
6829,Inavolisib
6830,Yttrium-90
6831,Ivacaftor
6832,Zolpidem Hemitartrate
6833,Phenothrin
6834,"Chikungunya Virus, Strain Chikv Lr2006-Opy1, Live Attenuated"
6835,Japanese Encephalitis Virus Strain Sa14-14-2 (Inactivated)
6836,Trofosfamide
6837,Pilocarpus Dil D3
6838,Acidum Sulfuricum Dil D5
6839,Salvia Officinalis Mother Tincture
6840,Ruxolitinib
6841,Jalapa
6842,Menthae Arvensis L. Var. Piperascens Malinv. Ex Holmes
6843,Aetheroleum
6844,Jasmine Extract
6845,Vinflunine
6846,Pirtobrutinib
6847,Dostarlimab
6848,Aprocitentan
6849,Damoctocog Alfa Pegol
6850,Ionone
6851,St. John's Wort Powder
6852,Sigesbeckia Orientalis L. Subsp. Pubescens Aerial Parts
6853,Josamycin
6854,Lercanidipine Hydrochloride Amorphous
6855,Dry Extract From Hamamelis Virginiana Leaf
6856,Dry Extract From Viburnum Prunifolium Bark
6857,Liquid Extract Of Hamamelis Leaf
6858,Efinaconazole
6859,Dry Extract Of Devil's Claw Root
6860,Kalium Bromatum
6861,Pini Pumilionis Aetheroleum
6862,Rhus Toxicodendron Trit. D6
6863,Drosera Rotundifolia D4
6864,Filgotinib
6865,Cod Fish Extract
6866,Trastuzumab Emtansine
6867,Butizide
6868,Elexacaftor
6869,Soft Extract From Iceland Moss
6870,Calendula Tincture
6871,Lopinavir
6872,Ritonavir
6873,Kalium Phosphoricum D3
6874,Ferrum Phosphoricum D10
6875,Potassium Permanganate
6876,Chrome Alum
6877,Dichromium Trisulfate
6878,Mercurius Praecipitatus Ruber D10
6879,Dry Extract From Rhodiola Rosea Root
6880,Lupuli Flos Pulverata
6881,Dry Extract From Valeriana Officinalis
6882,Dry Extract From Gentiana Lutea
6883,Dry Extract From Valerian Root
6884,Dry Extract From Valerian Root (Equivalent To 1540 Mg – 1925 Mg Of Valerian Root)
6885,Dry Extract Of Pelargonium Root
6886,Liquid Extract From Pelargonium Sidoides Root
6887,Dry Extract From Pelargonium Sidoides Root
6888,Extract Of Matricaria Flower And Yarrow
6889,Macrogolglycerol Hydroxystearate
6890,Extract Of Matricaria Flower
6891,Liquid Extract Of Chamomile Flower
6892,Chamomile Oil
6893,Dry Extract Of Chamomile Flowers
6894,Extract Of Chamomile Flowers (Chamomilla Recutita (L.) Rauschert)
6895,Liquid Extract From A Mixture Of Matricaria Capitula And Ray Florets
6896,Sodium Ascorbate And Sodium Hydroxide
6897,Soft Extract Of Matricaria Recutita
6898,Chamomile Flowers
6899,Ölauszug Aus Hypericum Perforatum
6900,Dry Extract From Andrographis Paniculata
6901,Dry Extract From Eleutherococcus Senticosus
6902,Extract Of Echinacea Purpurea Root
6903,Soft Extract Of Justicia Adhatoda Leaf
6904,Kanamycin Monosulphate
6905,Kanamycin
6906,Sebelipase Alfa
6907,Heavy Kaolin
6908,Difelikefalin
6909,Kava-Kava Rhizoma
6910,Cheese Mixture
6911,Viola Tricolor Trit. D3
6912,Sulfur Trit. D 6
6913,Thuja Occidentalis D12
6914,Adonis Vernalis D4
6915,Chamomilla Recutita Trit D2
6916,Aconitum D6
6917,Eupatorium Perfoliatum Trit. D4
6918,Gelsemium Trit. D6
6919,Cat Fur
6920,Piper Methysticum
6921,Sipavibart
6922,Crataegi Folii Cum Flore Extractum Fluidum
6923,Convallariae Extractum Fluidum
6924,Dicobalt Edetate
6925,Hyoscyamus Leaves
6926,Hyoscyamus Oil
6927,Cangrelor Tetrasodium
6928,Finerenone
6929,Ofatumumab
6930,Keto-Isoleucine
6931,Keto-Leucine
6932,Keto-Valine
6933,Hydroxi-Methionine
6934,Alpha-Ketophenylalanine
6935,Lysine Monoacetate
6936,Propolis Liquid Extract
6937,Choline
6938,Sarilumab
6939,Pembrolizumab
6940,Ammonium Molybdate Tetrahydrate
6941,Magnesium Lactate
6942,Selenium Dioxide
6943,Cobalt Dichloride Hexahydrate
6944,Siliceous Earth
6945,Acidum Silicicum Trit. D4
6946,Vigabatrin
6947,Phloroglucinol
6948,Tebentafusp
6949,Magnesium Chloratum D6
6950,Lac Defloratum D6
6951,Bryonia Cretica D3
6952,Stibium Sulfuratum Aurantiacum D6
6953,Drosera Rotundifolia D3
6954,Moxastine Teoclate
6955,Anakinra
6956,Spectinomycin
6957,Lenvatinib
6958,Ribociclib
6959,Donanemab
6960,Sunitinib Cyclamate
6961,Strychnos Ignatii Trit. D 4
6962,Stannum Metallicum Trit. D12
6963,Sanguinaria Canadensis Trit. D3
6964,Simarouba Cedron Trit. D4
6965,Dry Extract From Cimicifuga Racemosa (L.) Nutt
6966,Rhizoma (Black Cohosh)
6967,Sepia Officinalis D4
6968,Stannum Metallicum D12
6969,Strychnos Ignatii D4
6970,Sepia D2
6971,Strychnos Ignatii D3
6972,Cimicifuga Racemosa Trit D2
6973,Sepia Officinalis Trit D2
6974,Sanguinaria Canadensis Trit. D2
6975,Ignatia Trit. D3
6976,Sanguinaria Trit. D6
6977,Sepia Trit. D2
6978,Tirbanibulin
6979,Fluid Extract From Ribwort Herbal
6980,Justicia Adhatoda
6981,Justicia Adhatoda Trit. D2
6982,Trockenextrakt Aus Passionsblumenkraut 5-7:1
6983,Sorbitol
6984,Liquid (Crystallising)
6985,Öliger Auszug Aus Arnikablüten )
6986,Salicylamide
6987,Cocamide Diethanolamine
6988,Coffea Arabica D10
6989,Cuprum Sulfuricum D3
6990,Delphinium Staphisagria D4
6991,Chamomilla
6992,Cuprum Arsenicosum
6993,Ammonium Carbonicum D2
6994,Nicotiana Tabacum D6
6995,Colocynth Fruit Extract
6996,Carbon
6997,Saxagliptin
6998,Carbaldrate
6999,"Glycerol, Disodium"
7000,Paris Quadrifolia D2
7001,Kalium Carbonicum D12
7002,Iris Versicolor D15
7003,Nikethamide
7004,Dry Extract From Red Ginseng
7005,Catumaxomab
7006,Hawthorn Berries Liquid Extract
7007,Camphora D2
7008,Extract From Calendula Flower
7009,Gelsemium Sempervirens Trit. D2
7010,Iris Versicolor Trit. D2
7011,Spigelia Anthelmia Trit. D2
7012,Selumetinib
7013,Zapomeran
7014,Matricaria Recutita L. Flos
7015,Aloin
7016,Adagrasib
7017,Viscum Album D6
7018,Naja Naja D10
7019,Camphora D10
7020,Stannum Metallicum D8
7021,Silicea D8
7022,Kreosotum D3
7023,Chelidonium Majus D3
7024,Peppermint Tincture
7025,Hyperici Herbae Tinctura
7026,Tinctura Amara
7027,Tincture From Peppermint Leaf 1:20
7028,Tincture From Peppermint Leaves
7029,Crataegi Folii Cum Flore Tinctura
7030,Valerianae Radice
7031,Angelicae Radice
7032,Lupuli Flore
7033,Lavandulae Flore
7034,Hyperici Intractum
7035,"Tincture Of Gentian Root,Bogbean Leaf"
7036,Tincture Of St. John's Wort
7037,Tinture Of Gentian Root
7038,Bogbean Leaf And Bitter-Orange Epicarp And Mesocarp
7039,Nilotinib
7040,Krypton (81mkr)
7041,Milk
7042,Cow Milk Extract
7043,Carum Carvi
7044,Tincture From Wormwood Herb 1:5
7045,Quillaia Extract
7046,Crataegi Inflorescentia
7047,Semaglutide
7048,Tisagenlecleucel
7049,Brodalumab
7050,Dry Extract From Allium Sativum Bulb
7051,Carfilzomib
7052,Gelsemium D 6
7053,Polygala D4
7054,China Rubra D 4
7055,Eucalyptus Globulus D1
7056,Arsenicum Album D6
7057,Matricaria Recutita D9
7058,Chamaemelum Nobile D9
7059,Peumus Boldus D1
7060,Veronicastrum Virginicum D6
7061,Mucuna Pruriens D6
7062,Chelidonium Majus D2
7063,Hydrastis Canadensis D4
7064,Adrenalinum D6
7065,Cinchona Pubescens D5
7066,Calcarea Hypophosphorosa D3
7067,Aloe D3
7068,Packera Aurea D10
7069,Gossypium D6
7070,Chamomilla D2
7071,Magnesium Chloratum D3
7072,Cuprum Sulfuricum D5
7073,Trillium Pendulum D6
7074,Vinca Minor D3
7075,Carduus Marianus Ø
7076,Senega D2
7077,Ignatia Amara D 6
7078,Corydalis Formosa D3
7079,Cicuta Virosa D8
7080,Gaultheriae Aetheroleum D4
7081,Sumbulus Moschatus D3
7082,Staphisagria D4
7083,Asa Foetida D3
7084,Sumbul D6
7085,Avena Sativa Tm
7086,Cicuta Virosa D6
7087,Hyoscyamus Niger D1
7088,Asa Foetida D6
7089,Ignatia Amara D3
7090,Lytta Vesicatoria C15
7091,Daphne Mezereum C15
7092,Mercurialis Perennis Ferm 34c
7093,Selenicereus Grandiflorus D3
7094,Lachesis D20
7095,Lactobacillus Helveticus
7096,Lactic Acid Bacteria: Lactobacillus Rhamnosus + Lactobacillus Helveticus
7097,Carbomer 980
7098,Methylcellulose
7099,Tilactase
7100,Fermented Culture Medium (Neutralized)
7101,Lactobacillus Lb Inactivated
7102,Lactobacillus Acidophilus (Inactivated)
7103,Lactobacillus Lb
7104,Gaxilose
7105,Lactobacillus Rhamnosus 573 Rods
7106,Lactulose Crystalline
7107,Heptane
7108,Scotchpak 1022
7109,Pigmented Scotchpack 9733 (Pet / Eva)
7110,Bio-Psa 7-4301 Silicone Adhesive
7111,Cotran 9716 Membrane
7112,Molnupiravir
7113,Silymarin
7114,Hypericum Extract
7115,Dried Yeast From Saccharomyces Cerevisiae
7116,Opium Extracts
7117,Fasciculus Opticus Bovis
7118,Lamina Quadrigemina Bovis
7119,Nifurtimox
7120,Clofazimine
7121,Velmanase Alfa
7122,Plantaginis Lanceolatae Folium Extractum Fluidum
7123,Landiolol
7124,Metildigoxin
7125,Group A
7126,Antigenic Extract
7127,Moraxella Catarrhalis
7128,Pneumococcal Polysaccharide Serotype 3
7129,Tioguanine
7130,Lapatinib Ditosilate
7131,Ribonucleic Acid
7132,Nervus Laryngeus Recurrens Bovis Gl
7133,Nervus Laryngeus Superior Bovis Gl
7134,Nervus Vagus Bovis Gl
7135,Arnica Montana D30
7136,"Bacillus Cereus E Volumine Cellulae (Lyophil., Steril.) D6"
7137,Lavandulae Aetheroleum 10%
7138,Lavandula Angustifolia P. Mill
7139,Lavandulae Aetheroleum
7140,Dry Extract Of Senna Pods
7141,Ethinylestradiol Betadex Clathrate
7142,Lazertinib
7143,Veronicastrum Virginicum
7144,Quassia Amara D4
7145,Distillate From Peppermint Leaf
7146,Lavender Flower
7147,Bitter Fennel Fruit
7148,Elecampane Rhizome
7149,Magnesium Sulphate
7150,Chlormethine
7151,Rhododendron Ferrugineum
7152,Bärlauchblätter-Pulver
7153,Mistelkraut-Pulver
7154,Weißdornblätter-Pulver
7155,Weißdornblüten-Pulver
7156,Dry Extract From Milk Thistle
7157,Silibinin
7158,Silibinin Dihemisuccinate Disodium
7159,Dry Extract Of Cascara
7160,Liquid Extract Of Cascara
7161,Linseed
7162,Prednisolone Sesquihydrate
7163,Hydroxyquinoline
7164,Lemon Grass Oil
7165,Syrup
7166,Lemon Oil Terpeneless
7167,Alemtuzumab
7168,Lenacapavir
7169,Aluminium Diacetate Hydroxide
7170,Orthosiphon Stamineus
7171,Podophyllum Peltatum
7172,Niccolum Metallicum
7173,Tropatepine
7174,Lecanemab
7175,Inclisiran
7176,Arundo Donax D2
7177,Histamine D6
7178,Insulin Detemir
7179,Levico
7180,Levico Forte
7181,Prunus Spinosa E Floribus Et Summitatibus Ferm Cum Ferro
7182,Levisticum Officinale E Radice W 5%
7183,Benserazide
7184,Levobupivacaine
7185,Levocetirizine
7186,Hydrochloric Acid 1n
7187,Levoleucovorin Disodium
7188,Levomepromazine
7189,Propantheline
7190,Lipidosterolic Extract Of Serenoa Repens
7191,Prenoxdiazin
7192,Atidarsagene Autotemcel
7193,Acidum Picrinicum Trit. D6
7194,Strychninum Phosphoricum Trit. D4
7195,Yohimbinum Hydrochloricum Trit. D4
7196,Turnera Diffusa Trit. D2
7197,Strychninum Phosphoricum
7198,Acidum Picrinicum
7199,Turnera Diffusa
7200,Yohimbinum Hydrochloricum
7201,Cemiplimab
7202,Sulfametrole
7203,Norepinephrine
7204,Mesenchym Bovis Gl
7205,Hederae Helicis Folium
7206,Lithium Citrate Tetrahydrate
7207,Palladium D12
7208,Aurum Iodatum D12
7209,Platinum Metallicum D12
7210,Vespa Crabro D4
7211,Alizapride
7212,Arnica Extract
7213,Bornyl
7214,Alpha Pinene
7215,Bifidobacterium Infantis
7216,Bifidobacterium Animalis
7217,"Subsp. Lactis, Strain Bb-12, Live"
7218,Perú Balsam
7219,Soluble Fraction
7220,Linum Usitatissimum L. Semen
7221,Unsaturated Fatty Acids (C18 : 2)
7222,Levomenol
7223,Dodecyl-Omega-Hydroxypoly(Oxyethylene)-2
7224,"Alpha (Dodecyl, Tetradecyl)-Omega- Hydroxypoly (Oxyethylene)-4,5-Poly(Oxypropylene)-5"
7225,Hexadecyl Octadecyl 2-Ethyl Hexanoate-Isopropyl-Myristate
7226,Lini Oleum Virginale 3:1
7227,Rhamnus Frangula Cortex
7228,Meglumine Indometacin
7229,Passiflora Herb Fluid Extract
7230,Passionflower Dry Extract
7231,Omega-3-Acid Triglycerides
7232,Silybi Mariani Fructus Extractum
7233,Cynarae Herbae Extractum
7234,Medium Chain Triglycerides
7235,Saturated
7236,Hypothalamic Phospholipids
7237,Dexamethasone Palmitate
7238,Egg Phospholipids
7239,Natrium Bromatum Dil D1
7240,Sumbulus Moschatus Mother Tincture
7241,Mentha × Piperita L. Folium
7242,Salvia Officinalis L. Folium
7243,Lisdexamfetamine Dibesilate
7244,Metergoline
7245,Carbocysteine Lysine Salt
7246,Ritlecitinib
7247,Lithium Gluconate
7248,Lithium Sulfate
7249,Lithium Sulphate
7250,Lithium Citrate
7251,Natrium Carbonicum Trit. D4
7252,Mandur Bhasma
7253,Capparis Spinosa Cortex
7254,Solanum Nigrum Herb
7255,Terminalia Arjuna Cortex
7256,Achillea Millefolium Seed
7257,Senna Occidentalis Seed
7258,Tamarix Gallica Herb
7259,Chicory Root
7260,Maralixibat
7261,Maribavir
7262,Sophora Flower-Bud
7263,Pegzilarginase
7264,Plumbum Metallicum Praeparatum
7265,Veronica Officinalis
7266,Lomitapide
7267,Sodium Zirconium Cyclosilicate
7268,Zingiber Officinale (Ginger) Root
7269,Rumex Crispus
7270,Diphenoxylate
7271,Lipegfilgrastim
7272,Trifluridine
7273,Tipiracil
7274,Turnera Diffusa D4
7275,Toripalimab
7276,Desloratadine Hemisulfate
7277,Lornoxicam
7278,Lorlatinib
7279,Loteprednol Etabonate
7280,Baptisia Mother Tincture
7281,Dandelion Pollen
7282,Tafluprost
7283,Levothyroxine Sodium Pentahydrate
7284,Lutetium (177lu) Zadavotide Guraxetan
7285,Sulfamethizole
7286,Arsenum Iodatum D8
7287,Aralia Racemosa D1
7288,Lobelia Inflata D6
7289,Lobaria Pulmonaria D2
7290,Thryallis Glauca D30
7291,Luffa Operculata D30
7292,Sulfur D200
7293,Thryallis Glauca
7294,Methylthioninium
7295,Perflutren
7296,Sotorasib
7297,Zincum Isovalerianicum D4
7298,Mosunetuzumab
7299,Voclosporin
7300,Luffa Operculata D5
7301,Lutetium Lu-177
7302,Lutetium (177lu) Oxodotreotide
7303,Nomegestrol
7304,Gonadorelin Diacetate
7305,Dry Extract From Ivy Leaf
7306,Marjoram Oil
7307,Lutropin Alfa
7308,Canrenone
7309,Methyl Aminolevulinate
7310,Voretigene Neparvovec
7311,Lycopodium Clavatum E Planta Tota Ferm 33e
7312,Mercurius Dulcis Trit. D4
7313,Silybum Marianum E Fructibus Ferm 36 Ø
7314,Mercurius Dulcis
7315,Lycopodium Clavatum D8
7316,Lycopodium Clavatum D1000
7317,Lycopodium Clavatum D200
7318,Gefapixant
7319,Arsenum Iodatum Trit. D4
7320,Conium
7321,Hydrargyrum Biiodatum D5
7322,Stibium Sulfuratum Nigrum D2
7323,Conium Maculatum D2
7324,Sanguinaria Canadensis D8
7325,Phytolacca Americana D2
7326,Marsdenia Cundurango D2
7327,Hydrastis Canadensis Mother Tincture
7328,Echinacea Trit. D3
7329,Mercurius Bijodatus Trit. D12
7330,Mercurius Bijodatus Trit. D5
7331,Stibium Sulfuratum Nigrum Trit. D2
7332,Echinacea Purpurea Dil D3
7333,Aranea Diadema Trit. D6
7334,Teucrium Scorodonia Trit. D3
7335,Pinus Sylvestris Trit. D4
7336,Gentiana Lutea Trit. D5
7337,Equisetum Hiemale Trit. D4
7338,Smilax Trit. D6
7339,Calcium Phosphoricum Trit. D12
7340,Fumaria Officinalis Trit. D4
7341,Geranium Robertianum Trit. D4
7342,Nasturtium Officinale Trit. D4
7343,Ferrum Iodatum Trit. D12
7344,Levothyroxinum D12
7345,Myosotis Arvensis D3
7346,Natrium Sulfuricum Trit. D4
7347,Veronica Officinalis D3
7348,Equisetum Hiemale D4
7349,Fumaria Officinalis D4
7350,Geranium Robertianum D4
7351,Nasturtium Officinale D4
7352,Pinus Sylvestris D4
7353,Teucrium Scorodonia D3
7354,Gentiana Lutea D5
7355,Juglans Regia Ssp. Regia D3
7356,Smilax Utilis D6
7357,Geranium Robertianum
7358,Pinus Sylvestris
7359,Elinzanetant
7360,Linvoseltamab
7361,Olaparib
7362,Prazepam
7363,Mitotane
7364,Bevacizumab Gamma
7365,Futibatinib
7366,Seladelpar
7367,Macrosalb (99mtc)
7368,Autologous Cartilage-Derived Articular Chondrocytes
7369,In-Vitro Expanded
7370,Human Albumin As Macroaggregates
7371,Liquid (Non-Crystallising)
7372,Nordazepam
7373,Betiatide
7374,Extract From Wormwood
7375,Ocimum Basilicum
7376,Cochlearia Officinalis Ø
7377,Menyanthidis Trifoliatae Folium
7378,Carbo Animalis D9
7379,Potentilla Anserina D5
7380,Absinthii Herba
7381,Dry Extract Of Peppermint Leaf
7382,Distillate From Bitter Fennel Fruit
7383,Peppermint Leaves
7384,Blessed Thistle Herb
7385,Magnesium Citrate Dibasic
7386,Magnesium Gluconate
7387,Magnesium Orotate
7388,Magnesium Citrate Tetradecahydrate
7389,Magnesit
7390,Mamma Bovis Gl
7391,Magnesium Hydroxide Paste Concentrated
7392,Magnesium L-Glutamate Tetrahydrate
7393,Magnesium Citrate Nonahydrate
7394,Magnesium Phosphoricum Trit D2
7395,Citrullus Colocynthis Trit D3
7396,Potentilla Anserina Mother Tincture
7397,Aesculus Hippocastanum Trit D1
7398,Vespa Crabro Ex Animale Toto Gl
7399,Magnesium L-Aspartate
7400,Magnesium Phosphoricum D200
7401,Manganum Phosphoricum D12
7402,Manganum Phosphoricum D30
7403,Gadopentetate Dimeglumine
7404,Magnesium Bromide
7405,Magnesium Fluoride
7406,Zea Mays
7407,Argentum Colloidale
7408,Calendula Officinalis Ex Herba Ferm 33c Ø
7409,Echinacea Pallida E Planta Tota Ferm 33c Ø
7410,Lilium Lancifolium Ex Herba Ferm 33c
7411,Origanum Majorana Ex Herba Ferm 33c Ø
7412,Salvia Officinalis Aetheroleum
7413,Majorana
7414,Melissae Folium
7415,Malva Arborea E Floribus W 5%
7416,Sambucus Nigra Ex Umbella W 5%
7417,Tilia Platyphyllos / Cordata E Floribus W 5%
7418,Prunus Spinosa E Floribus W 5%
7419,Geranium Essential Oil
7420,Sulfur Jodatum Trit D12
7421,Cina D 6
7422,Croton Tiglium D6
7423,Okoubaka Aubrevillei D4
7424,Calcium Sulfuricum Trit. D8
7425,Meniscus Genus Bovis
7426,Manidipine
7427,Mannitol ()
7428,Acidum Phosphoricum Trit. D2
7429,Ambra Trit. D3
7430,Damiana Ø
7431,Tuaminoheptane
7432,Leucanthemum Vulgare
7433,Carduus Fruit Dry Extract
7434,Soft Extract From Milk Thistle Fruit
7435,Milk Thistle Fruit Powdered
7436,Marmor
7437,Marmor Trit. D6
7438,Stibium Metallicum Praeparatum Trit. D6
7439,Liquid Extract Of White Horehound Herb
7440,Iproniazid
7441,Peloid Aqueous Extract
7442,Ammonium Sulfate
7443,Majoranae Herba
7444,Majoranae Herbae Extractum
7445,Calendulae Anthodium Extractum
7446,Tormentillae Extractum Fluidum
7447,Propolis Extract
7448,Tincture From Motherwort Herb 1:5
7449,Lycopodium Clavatum Trit. D 4
7450,Zincum Metallicum Trit. D10
7451,Coenzyme A Trit. D10
7452,Cuprum Sulfuricum Trit. D6
7453,Funiculus Umbilicalis Suis Trit. D10
7454,Mouse Hair
7455,Alexandrian
7456,Dry Extract From St. John's Wort Herb
7457,Siponimod
7458,Kathon Cg
7459,Medronic Acid
7460,Meclocycline Sulfosalicylate
7461,Mifepristone
7462,Tincture Of Calendula Flower
7463,Aminoacridine Hydrochloride 1968
7464,Tetrafluoroborate
7465,Aconitinum D5
7466,Atropinum Sulfuricum
7467,Folate
7468,Medorrhinum Nosode D30
7469,Medorrhinum Nosode D200
7470,Medorrhinum Nosode D12
7471,Medulla Oblongata Suis D10
7472,Medulla Oblongata Suis D200
7473,Medulla Oblongata Suis D30
7474,Medulla Ossis Suis D200
7475,Medulla Ossis Suis D30
7476,Medulla Ossium Rubra Bovis Gl
7477,Medulla Spinalis Suis D10
7478,Medulla Spinalis Suis D200
7479,Medulla Spinalis Suis D30
7480,Medulla Spinalis Suis D12
7481,Medulla Spinalis Suis D8
7482,Guinea Pig Epithelium Extract
7483,Guinea Pig Hair
7484,Almasilate
7485,Trametinib
7486,Binimetinib
7487,Methoxsalen
7488,Melamine Formaldehyde Resin
7489,Orache Pollen
7490,Meldonium
7491,Crataegus D30
7492,Crataegus D10
7493,Crataegus D200
7494,Melilotus Officinalis D1
7495,Melilotus Officinalis D10
7496,Melilotus Officinalis D200
7497,Melilotus Officinalis D30
7498,Melilotus Officinalis D4
7499,Extractum Fluidum Compositum Ex : Melissae Folio
7500,Archangelicae Radice
7501,Essential Oil From Melissa Officinalis Leaf
7502,Inula Helenium Root
7503,Zingiber Officinale Root
7504,Syzygium Aromaticum Flower
7505,Alpinia Officinarum Root
7506,Piper Nigrum Fruit
7507,Gentiana Lutea Root
7508,Myristica Fragrans Seed
7509,Citrus Aurantium Peel
7510,Cinnamomum Verum Bark
7511,Cinnamomum Cassia Flower And Elettaria Cardamomum Seed
7512,Melissa Officinalis Cupro Culta
7513,Melissa Officinalis Ex Herba Ferm 33c
7514,Liquid Extract From Lemon Balm
7515,Hawthorn Leaf And Flower
7516,"Lime Flower And Matricaria Flower (2 / 2 / 2 / 1,5)"
7517,Syzygium Aromaticum Flos
7518,Galangal Rhizome
7519,Gentiana Root
7520,Cinnamon Blossom
7521,Cardamomi Fructus
7522,Distillate From A Mixture : Melissa Officinalis Leaf (536 Mg)
7523,Inula Helenium Root (714 Mg)
7524,Angelica Archangelica Root (714 Mg)
7525,Zingiber Officinale Root (714 Mg)
7526,Syzygium Aromaticum Flower (285 Mg)
7527,Alpinia Officinarum Root (285 Mg)
7528,Piper Nigrum Fruit (71 Mg)
7529,Gentiana Lutea Root (714 Mg)
7530,Myristica Fragrans Seed (71 Mg)
7531,Citrus Aurantium Peel (714 Mg)
7532,Cinnamomum Cassia Bark (321 Mg)
7533,Cinnamomum Verum Flower (36 Mg) And Elettaria Cardamomum Seed (10 Mg)
7534,Ginger Oil
7535,Cardamom Oil
7536,Elecampane Root
7537,Juniper Berry Oil
7538,Angelica Essential Oil
7539,Bitter Orange Oil
7540,Distillate Of Lemon Balm Leaves
7541,Sage Leaves
7542,Rosemary Leaves
7543,Thyme Leaves
7544,Cinnamon
7545,Cloves And Lemon
7546,Pepper Essential Oil
7547,Alpinia Officinarum Oil
7548,Destillate Of Melissa Leaf
7549,Nutmeg Flower
7550,Nutmeg Seed
7551,Chinese Cinnamon
7552,Spearmint Leaf
7553,Melissa Officinalis Ex Herba W 5%
7554,Origanum Majorana Ex Herba W 5%
7555,Aniracetam
7556,Conium Maculatum D3
7557,Ambra Grisea D6
7558,Petroleum Rectificatum D8
7559,Levoglutamide
7560,Phosphoserine
7561,Menadiol
7562,N. Meningitidis Group C Polysaccharide (De-O-Acetylated) Conjugated To Tetanus Toxoid
7563,N. Meningitidis Group C Oligosaccharide Conjugated To Corynebacterium Diphtheriae Crm197
7564,Cimicifuga Racemosa Ø
7565,Menotrophin
7566,Neisseria Meningitidis
7567,Serogroup C
7568,Polysaccharide
7569,Conjugated To Tetanus Toxoid
7570,Neisseria Meningitidis Group A Polysaccharide Conjugated To Tetanus Toxoid Carrier Protein
7571,Neisseria Meningitidis Group W-135 Polysaccharide Conjugated To Tetanus Toxoid Carrier Protein
7572,Neisseria Meningitidis Group Y Polysaccharide Conjugated To Tetanus Toxoid Carrier Protein
7573,Meningococcal Group Y Oligosaccharide Conjugated To Corynebacterium Diphtheriae Crm197 Protein
7574,"N. Meningitidis Group C Polysaccharide Conjugated Crm197, N. Meningitidis Group A Oligosaccharide Conjugated Crm197"
7575,N. Meningitidis Group W135 Oligosaccharide Conjugated Crm197
7576,Mifamurtide
7577,Methylprednisolone Hydrogen
7578,Vestronidase Alfa
7579,Meptazinol
7580,Merbromin
7581,Natrium Tetrachloroauratum D8
7582,Natrium Nitricum D3
7583,Mercurius Solubilis Hahnemanni D8
7584,Allium Cepa Ferm 34a Ø
7585,Mercurialis Perennis Ferm 34c Ø
7586,Stibium Metallicum Trit. D3
7587,Potassium Iodide D8
7588,Sodium Nitrate D6
7589,Sodium Sulfate Anhydrous D4
7590,Dipotassium Phosphate D6
7591,Mercurius Solubilis Hahnemanni D1000
7592,Mercurius Solubilis Hahnemanni D200
7593,Mercurius Vivus Naturalis Trit. D6
7594,Ailanthus Altissima D3
7595,Mercurius Solubilis Hahnemanni D10
7596,Pulmo Bovis Gl
7597,Mesna
7598,Carbaethopendecinium
7599,Pyrogenium Nosode
7600,Tuberculinum Pristinum
7601,Vaccinotoxinum Nosode
7602,Medorrhinum Nosode
7603,Magnesium Thiosulfuricum
7604,Metadoxine
7605,Cinchona Pubescens Ø
7606,Eichhornia Crassipes
7607,Harungana Madagascariensis Mother Tincture
7608,Fel Tauri Depuratum
7609,Quassia Amara Dil. 2
7610,Iobenguane Sulfate I-123
7611,Iobenguane Sulfate I 131
7612,Iobenguane (131i)
7613,Mandragora E Radice Siccata
7614,Piper Methysticum E Radice Siccata
7615,Piper Methysticum D6
7616,Mandragora E Radice Siccata D6
7617,Argentum Nitricum D5
7618,Sumbulus Moschatus D2
7619,Thiosinaminum D2
7620,Tenecteplase
7621,Cyanocobalaminum
7622,Agrimonia Eupatoria Ex Herba Rec
7623,Artemisia Absinthium D1
7624,Acid Yellow 36
7625,Titanium Salicylate
7626,Ocimum Basilicum Ex Herba D1
7627,Metaraminol
7628,Bambusa E Summitatibus Rec
7629,Calcium Silicofluoratum
7630,Hydrargyrum Sulfuratum Rubrum D6
7631,Verbascum Densiflorum Mother Tincture
7632,Anguilla Anguilla D6
7633,Lespedeza Capitata D4
7634,Solidago Virgaurea D2
7635,Lespedeza Capitata Ex Herba Recente
7636,Anguilla Anguilla E Serum Rec
7637,Thuja
7638,Manganese Glycerophosphate Nfx
7639,Acidum L(+)-Lacticum
7640,Influencinum Nosode
7641,Methionine ([11c]Methyl)
7642,Methoxyflurane
7643,Mecobalamin
7644,Methylene-Bis(Methyloxazolidine)
7645,Methylmethacrylate
7646,Daphne Mezereum Dil D2
7647,Dithranol
7648,Sodium Alkylsulphoacetate
7649,Sorbitol Solution 70% (Crystallising) ()
7650,Isometheptene Mucate
7651,Holcus Lanatus Pollen
7652,Miglustat
7653,Buclizine
7654,Hypericum Perforatum L. Dry Methanolic Extract
7655,Dry Standardised Extract From Milk Thistle Fruit
7656,Conyza Canadensis D1
7657,Milnacipran
7658,"Hydrochlorothiazide, Anhydrous Amiloride"
7659,Ceanothus Americanus
7660,Rauwolfia Serpentina D4
7661,Dimeticone 1000
7662,Hydroxyethylcellulose
7663,Tafasitamab
7664,Acetylcholine
7665,Thiamine-Diphosphate
7666,Carbachol
7667,Pramipexole
7668,Eucalyptus Tincture
7669,Sage Tincture
7670,Methoxy Polyethylene Glycol-Epoetin Beta
7671,Dragosantol
7672,D Alpha Tocoferil
7673,Dry Hydroalcoholic Extract Of Vaccinium Myrtillus
7674,Mistletoe Extract
7675,Viscum Album Herba
7676,Dry Extract From Viscum Album
7677,Mistletoe Herb Extract
7678,Dermatan Sulphate Sodium Salt
7679,Mitomycin
7680,Mivacurium
7681,Thymus Vulgaris Herba
7682,Ipecacuanha Tincture
7683,Mizolastine
7684,Rubella Virus Wistar Ra 27 / 3 Strain
7685,Mumps Virus Jeryl Lynn (Level B) Strain
7686,Measles Virus Edmonston-Enders Strain
7687,Mrna Encoding Sars-Cov 2
7688,Variant Xbb.1.5
7689,Spike Glycoprotein
7690,N-Terminal Domain And Receptor-Binding Domain
7691,Suprarenal Extract
7692,Flufenamic Acid
7693,Glycosaminoglycan Polysulfate
7694,Trifluoperazine
7695,Senna Alcoholic Dry Extract
7696,Sennoside A+b
7697,Fluphenazine
7698,Benzathine Benzylpenicillin Tetrahydrate
7699,Pyrvinium Embonate
7700,Glucuronyl Glycosaminoglycan
7701,Gratiola Officinalis 3b D4
7702,Momordica Balsamina D3
7703,Carbo Vegetabilis D9
7704,Iodum D8
7705,Mandragora E Radice Siccata D8
7706,Momordica Balsamina D6
7707,Dactylopius Coccus Mother Tincture
7708,Cinchona Pubescens Mother Tincture
7709,Hedera Helix Mother Tincture
7710,Esculin
7711,Soft Extract Of Digitalis Leaf
7712,Monobenzone
7713,Rufloxacin
7714,Sodium Molybdate (99mo)
7715,Pertechnetate (99mtc)
7716,Zaleplon
7717,Musk
7718,Pizotifen
7719,"Rts,S Antigen"
7720,Tetrabenazine
7721,Tirzepatide
7722,Naloxegol
7723,Rrr-Alpha-Tocopherol From Vegetable Oil Distillate
7724,Plerixafor
7725,Single-Stranded 5' Capped Mrna Encoding The Respiratory Syncytial Virus Glycoprotein F Stabilized In The Prefusion Conformation
7726,Cascara Bark Dry Extract
7727,Boldo Leaf Powder
7728,Green Anise Fruit Powder
7729,Ammonium Chloratum D3
7730,Natrium Chloratum D8
7731,Matricariae Aetheroleum
7732,Soft Extract Of Matricaria Flower
7733,Calendula Flower
7734,Tussilago Farfara Leaf
7735,Sobrerol
7736,"Mucor Racemosus E Volumine Cellulae (Lyophil., Steril.) D3"
7737,"Mucor Racemosus E Volumine Cellulae (Lyophil., Steril.) D5"
7738,"Mucor Racemosus E Volumine Cellulae (Lyophil., Steril.) D4"
7739,Plantaginis Lanceolatae Folium Cum Herba Extractum Fluidum
7740,"Mucor Mucedo E Volumine Cellulae (Lyophil., Steril.) D4"
7741,"Mucor Mucedo E Volumine Cellulae (Lyophil., Steril.) D5"
7742,Colibacillinum Nosode D28
7743,Mandragora E Radice Siccata D10
7744,Marsdenia Cundurango D6
7745,Mucosa Coli Suis D8
7746,Mucosa Ductus Choledochi Suis D8
7747,Mucosa Duodeni Suis D8
7748,Mucosa Ilei Suis D8
7749,Mucosa Jejuni Suis D8
7750,Mucosa Oculi Suis D8
7751,Mucosa Oesophagi Suis D8
7752,Mucosa Oris Suis D8
7753,Mucosa Pulmonis Suis D8
7754,Mucosa Pylori Suis D8
7755,Mucosa Recti Suis D8
7756,Mucosa Vesicae Felleae Suis D8
7757,Mucosa Vesicae Urinariae Suis D8
7758,Strychnos Nux-Vomica D13
7759,Oxalis Acetosella D6
7760,Ventriculus Suis D8
7761,Lachesis Mutus D 10
7762,Kreosotum D12
7763,Hydrastis Canadensis D6
7764,Mucosa Nasalis Suis D10
7765,Mucosa Nasalis Suis D200
7766,Mucosa Nasalis Suis D30
7767,"N,s-Diacetyl Methyl Cysteinate"
7768,Ambra Grisea Trit. D 4
7769,Hypericum Perforatum Trit. D3
7770,Sepia Officinalis Trit. D8
7771,Urtica Urens Trit. D3
7772,Vitex Agnus-Castus Trit. D3
7773,Cimicifuga Racemosa Trit. D4
7774,Calcium Carbonicum D8
7775,Agnus Castus D3
7776,Ambra Grisea D4
7777,Kalium Carbonicum D4
7778,Vitex Agnus Castus D3
7779,Lexidronam
7780,Samarium Chloride Sm-153
7781,Plumbum Metallicum D10
7782,Gadobenate Dimeglumine
7783,Calcium Phospholactate
7784,Barium Chloratum
7785,Barium Chloratum D5
7786,Guajacum D4
7787,Rosae Aetheroleum
7788,Fotemustine
7789,Capsicum Extract
7790,Rhus Toxicodendron 6x
7791,Musculus Suis D200
7792,Musculus Suis D30
7793,Musculus Suis D10
7794,Musculus Suis D12
7795,Musculus Suis D8
7796,"Modified Vaccinia Ankara - Bavarian Nordic Virus Encoding The Ebola Virus Zaire Mayinga Strain Glycoprotein, The Ebola Virus Sudan Strain Glycoprotein, The Marburg Virus Musoke Strain Glycoprotein And The Taï Forest Virus Nucleoprotein"
7797,Metreleptin
7798,Aminobenzoate
7799,Mazipredone
7800,Pridinol
7801,Stramonium
7802,Aranea Avicularis
7803,Sulconazole
7804,Gemtuzumab Ozogamicin
7805,Bethanechol
7806,Tetrofosmin
7807,Alglucosidase Alfa
7808,Aficamten
7809,Myristica Sebifera
7810,Succus E Cortice
7811,Dry Extract From Chamomile Flower
7812,Ambenonium
7813,Dimethyl-4-Toluidine
7814,Sodium Isospaglumate
7815,Spaglumate
7816,Spaglumic Acid
7817,Nadifloxacin
7818,Naftidrofuryl Hydrogen
7819,Calendula Officinalis Flower
7820,Galsulfase
7821,Anisi Stellati Fructus
7822,Carlinae Radix
7823,Verbascum Flower
7824,Cimicifugae Rhizoma
7825,Angelica
7826,Ginger Root
7827,Glycyrrhiza Glabra
7828,Ocimum Basilicum Flowering Top
7829,Centaurea Benedicta Flowering Top
7830,Litsea Cubeba Fruit
7831,Oregano
7832,Lesser Galangal Root
7833,Cardamom Seeds
7834,Ash
7835,Theriak
7836,Zedoariae Rhizoma
7837,Sulprostone
7838,Nalbuphine
7839,Succinum
7840,Nalmefene
7841,Fenoprofen
7842,Tilidine
7843,Rhenium Sulfide
7844,Nanocolloidal Human Albumin
7845,3-Hydroxy-2-Naphthanilide
7846,Thuja Occidentale
7847,Daphne Mezereum Trit. D 6
7848,Kreosotum Trit. D 6
7849,Selenium Trit. D 6
7850,Thuja Occidentale Trit. D 12
7851,Toxicodendron Quercifolium Trit. D 12
7852,Veronica Virginica Trit. D 3
7853,Euphrasia Officinalis Trit. D 2
7854,Pulsatilla Pratensis Trit. D 6
7855,Hirudo Medicinalis Ex Animale Toto Gl Ø
7856,Polygonatum Odoratum E Radice Ferm 33d
7857,Phenelzine
7858,Ropivacaine
7859,Cajeputi Aetheroleum
7860,Aqueous Colloidal Silicium Dioxide Solution Compounded With Citric Acid
7861,Psyllium Seed
7862,Kalium Bichromicum D5
7863,Lemna Minor D3
7864,Arum Maculatum D4
7865,Potassium Tartrate
7866,Parathyroid Hormone
7867,Natrium Pyruvicum D30
7868,Natrium Pyruvicum D200
7869,Natrium Pyruvicum D10
7870,Sodium Metabisulfite
7871,Natrium Nitricum
7872,Sodium Nitrite
7873,Sodium Thiosulfate Pentahydrate
7874,Sodium Aurotiosulfate
7875,Procarbazine
7876,Dry Extract Of Urticae Folium
7877,Dry Extract Of Urticae Radix
7878,Dry Extract From Harpagophyti Radix
7879,Pressed Juice From Fresh Marrubium Herb
7880,Pressed Juice From Fresh Artichoke Flower Buds (Hydrolysed)
7881,Pressed Juice From Fresh Valerianae Radix
7882,Pressed Juice From Fresh Birch Leaves
7883,Pressed Juice From Fresh Stinging Nettle Herb
7884,Pressed Juice From Fresh Oat Herb
7885,Pressed Juice From Fresh Flowering St. John's Wort Herb
7886,Pressed Juice From Fresh Dandelion Herb And Root
7887,Pressed Juice From Fresh Lemon Balm Herb
7888,Pressed Juice From Fresh Mistletoe Herb
7889,Pressed Juice From Fresh Passion Flower Herb
7890,Pressed Juice From Fresh Rosemary Herb
7891,Pressed Juice From Fresh Sage Herb
7892,Pressed Juice From Fresh Millefolii Herba
7893,Pressed Juice From Fresh Radish
7894,Pressed Juice From Fresh Flowering Echinacea Purpurea Herb
7895,Pressed Juice From Fresh Ribwort Plantain Herb
7896,Pressed Juice From Fresh Thyme Herb
7897,Pressed Juice From Fresh Hawthorn Leaves And Flowers
7898,Pressed Juice From Fresh Wormwood Herb
7899,Pressed Juice From Fresh Equisetum Herb
7900,Pressed Juice From Fresh Potato Tubers
7901,Diphenhydramine Di(Acefyllinate)
7902,Ivy Leaf
7903,Tincture From Goldenrod Herb
7904,Ammi Visnage Fruit
7905,Bean Pericarp
7906,Temocillin
7907,N. Meningitidis Group C Polysaccharide (De-O-Acetylated)
7908,Periciazine
7909,Soft Extract Of Artichoke Leaf
7910,Ambra Grisea D3
7911,Packera Aurea D4
7912,Avena Sativa 3dh
7913,Zincum Metallicum D8
7914,Cola D2
7915,Caffeine D3
7916,Panax Ginseng D3
7917,Veratrum Album Dil D3
7918,Castoreum D3
7919,Nemolizumab
7920,Thyme Herb Pulveratum
7921,Soft Extract Of Hawthorn Leaf And Flower
7922,Codeine Camsilate
7923,Prajmalium
7924,Benzethonium
7925,Arginine L-2 Pyrrolidone-5-Carboxylate
7926,Euphrasia Ø
7927,Benzensulfonchloramide
7928,Passiflora Incarnata L. Herba
7929,Epoetin Beta
7930,Clorofene
7931,Liquid Extract From Hawthorn Fruit And Valerian Root
7932,Liquid Extract From Hawthorn Fruit
7933,Valerian Root
7934,Hop Strobile And Passionflower Herb
7935,Neostigmine
7936,Phosphocreatine
7937,Tormentil Tincture
7938,Dihydralazine
7939,Turnera Diffusa Trit. D4
7940,Causticum Hahnemanni D10
7941,Colchicum Autumnale D10
7942,Colchicum Autumnale D200
7943,Ferrum Metallicum D10
7944,Colchicum Autumnale D30
7945,Lithium Benzoicum D10
7946,Lithium Benzoicum D30
7947,Pseudognaphalium Obtusifolium D6
7948,Rhus Toxicodendron D10
7949,Neridronate
7950,Neratinib
7951,Lupuli Flos Dry Alcoholic Extract
7952,Crataegus D4
7953,Distillate From Lavender Flower
7954,Lemongrass Herb
7955,Valerian Root And Melissa Leaf
7956,Kalium Bromatum D4
7957,Ignatia Amara D 4
7958,Zincum Isovalerianicum Trit. D4
7959,Silica D5
7960,Corallium Rubrum D7
7961,Magnesium Phosphoricum D3
7962,Atropinum Sulfuricum D6
7963,Agaricus
7964,Hypericum Perforatum Trit. D 1
7965,Valeriana Officinalis L. Radix
7966,Asa Foetida D4
7967,Convallaria Majalis D6
7968,Melissa Herb
7969,Hop Strobile
7970,Nervus Opticus Suis D10
7971,Nervus Opticus Suis D200
7972,Nervus Opticus Suis D30
7973,Nervus Trigeminus Bovis Gl
7974,Nettle Pollen
7975,Dry Extract From Nettle Leaf
7976,Nettle Leaf Dry Extract
7977,Benzoyl Oxymethyl Thiamine
7978,Florbetaben (18f)
7979,Cedron
7980,Mezereum
7981,Simarouba Cedron
7982,Causticum D10
7983,Causticum D200
7984,Causticum D30
7985,Dry Extract Of Passion Flower Herb
7986,Coffea Cruda D 12
7987,Hydrocortisone Butyrate Propionate
7988,Ferrum Sulfuricum-Acidum Silicicum D2
7989,Panax Ginseng Mother Tincture D1
7990,Avena Sativa D10
7991,Avena Sativa D30
7992,Platinum Metallicum D10
7993,Platinum Metallicum D30
7994,Valeriana Officinalis D10
7995,Valeriana Officinalis D30
7996,Bicisate Dihydrochloride
7997,Liquid Extract From Valerian Root / Angelica Root / Melissa Leaf / Hop Strobile / Lavender Flower
7998,Momordica Balsamina
7999,Nepafenac
8000,Nevirapine
8001,Formica Rufa D8
8002,Gnaphalium Leontopodium D4
8003,Bambusa D6
8004,Sorafenib
8005,Concentrate Of Proteolytic Enzymes Enriched In Bromelain
8006,Selinexor
8007,Avalglucosidase Alfa
8008,Extractum Lyophilisatum Nr. 43
8009,Somatrogon
8010,Acetyl L-Carnitine
8011,Acetylcarnitine
8012,Nickel Sulfate Hexahydrate
8013,Nicotine Polacrilex
8014,Nicotiana Tabacum D5
8015,Strychnos Nux-Vomica D9
8016,Passiflora Incarnata D5
8017,Vitex Agnus-Castus D5
8018,Auszug Aus Betula (Folium)
8019,Juniperi Pseudo-Fructus
8020,"Aspergillus Niger E Volumine Cellulae (Lyophil., Steril.) D3"
8021,"Aspergillus Niger E Volumine Cellulae (Lyophil., Steril.) D5"
8022,"Aspergillus Niger E Volumine Cellulae (Lyophil., Steril.) D4"
8023,Silodosin
8024,Bempedoic Acid
8025,Norethandrolone
8026,Teduglutide
8027,Nitroxoline
8028,Nimesulide Betadex
8029,N. Meningitidis Group C Polysaccharide
8030,N. Meningitidis Group Y Polysaccharide
8031,Neisseria Meningitidis Group A Polysaccharide
8032,Neisseria Meningitidis Group W135 Polysaccharide
8033,Extract Of Thyme
8034,Nimorazole
8035,Ixazomib
8036,Pentostatin
8037,Sodium Nitroprusside
8038,Oxaprozin
8039,Nitisinone
8040,Pure Nitroglycerin
8041,Pentaerythrityl Tetranitrate
8042,Nizatidine
8043,Oxetorone
8044,4-Amino-3-Phenylbutyric Acid
8045,Nortriptyline
8046,Iodine Norcholesterol (131i)
8047,Mestranol
8048,Norethisterone Enantate
8049,Reserpine
8050,Temazepam
8051,Coltura Liofilizzata Di Ceppo Selezionato Di Bacillo Di Döderlein (Lactobacillus Rhamnosus)
8052,Standardised Dry Extract Of Frangula Bark
8053,Sambucus Nigra Fruit
8054,Extract Of Saw Palmetto Berries
8055,Quinagolide
8056,Sulfathiazole
8057,Rizolipase
8058,"Penicillium Chrysogenum E Volumine Cellulae (Lyophil., Steril.) D3"
8059,"Penicillium Chrysogenum E Volumine Cellulae (Lyophil., Steril.) D5"
8060,"Penicillium Chrysogenum E Volumine Cellulae (Lyophil., Steril.) D4"
8061,Diethylcarbamazine
8062,Chamomilla Recutita D12
8063,Dimenthyl Phthalate
8064,Liquid Extract From Mullein Flower
8065,Beta-Acetyldigoxin
8066,Turoctocog Alfa
8067,Mucor Mucedo
8068,Alternaria Tenuis
8069,Cochliobolus Lunatus
8070,Neurospora Sitophila
8071,Fusarium Spp
8072,Animal Tissue Extracts
8073,Passion Flower
8074,Lemon Balm Top And Elder Flower
8075,Passiflora Extract
8076,Eptacog Alfa (Activated)
8077,Catridecacog
8078,Romiplostim
8079,Panax Ginseng D1
8080,Hyoscyamus Niger D30
8081,Barium Carbonicum D6
8082,Barium Iodatum D4
8083,Aurum Metallicum D12
8084,Strophanthus Gratus D4
8085,Gelsemium Sempervirens D30
8086,Veratrum Album D3
8087,Auri Solutio Colloidalis D4
8088,Sepia D6
8089,Juglans Regia D2
8090,Symphytum Officinale D8
8091,Ruta Graveolens D2
8092,Hydrargyrum Biiodatum D4
8093,Chimaphila Umbellata D1
8094,Serenoa Repens D1
8095,Ammonium Bromatum D3
8096,Psychotria Ipecacuanha D2
8097,Rumex Crispus D4
8098,Ledum Palustre D2
8099,Ruta Graveolens D3
8100,Hydrargyrum Biiodatum D3
8101,Calcium Carbonicum Hahnemanni D15
8102,Prunus Laurocerasus D4
8103,Plantago Major D1
8104,Zincum Metallicum D30
8105,Petroselinum Crispum Convar. Crispum D1
8106,Viburnum Opulus D1
8107,Caulophyllum Thalictroides D4
8108,Iris Versicolor D3
8109,Myristica Fragrans D3
8110,Iberis Amara Dil D2
8111,Selenicereus Grandiflorus D1
8112,Zincum Isovalerianicum D30
8113,Echinacea Angustifolia D2
8114,Colchicum Autumnale D4
8115,Toxicodendron Quercifolium D4
8116,Ferrum Metallicum D12
8117,Aluminium-Kalium-Sulfuricum D4
8118,Vincetoxicum D6
8119,Sulfur Iodatum D3
8120,Thenyldiamine
8121,Darolutamide
8122,Mepolizumab
8123,Uridine
8124,Cytidine 5' Monophosphate Disodium
8125,Fosdenopterin
8126,Belatacept
8127,Sodium Bicarbonate
8128,Benzoin Tincture Bpc 1973
8129,Kalium Sulfuricum D4
8130,Hepar Sulfuris D5
8131,Manganum Sulfuricum D3
8132,Calcarea Carbonica Ostrearum D3
8133,Schoenocaulon Officinale D3
8134,Calcium Fluoratum D3
8135,Thuja Occidentalis D2
8136,Nut Mixture
8137,Ferrous Chloride
8138,Manganese Chloride
8139,Chromium Trichloride
8140,Sars-Cov-2
8141,Matrix M
8142,Variant Omicron Jn.1
8143,Mivalsecovatein
8144,Simoctocog Alfa
8145,Bryonia D10
8146,Bryonia D1000
8147,Bryonia D15
8148,Bryonia D200
8149,Lycopodium Clavatum D10
8150,Strychnos Nux-Vomica D10
8151,Strychnos Nux-Vomica D1000
8152,Strychnos Nux-Vomica D15
8153,Strychnos Nux-Vomica D200
8154,Robinia Pseudoacacia D5
8155,Robinia Pseudoacacia D3
8156,Strychnos Nux-Vomica D3
8157,Leonurus Cardiaca Trit. D1
8158,Centaurium Erythraea E Planta Tota Recente Trit D1
8159,Bryonia Cretica D10
8160,Bryonia Cretica D1000
8161,Bryonia Cretica D15
8162,Bryonia Cretica D200
8163,Bryonia Cretica D30
8164,Strychnos Nux-Vomica D2
8165,Bismutum Subnitricum Trit. D 3
8166,Ferrum Metallicum Trit. D 3
8167,Natrium Chloratum Trit. D3
8168,Lycopodium Clavatum Dil D 11
8169,Mormordica Balsamina
8170,Magnesium Phosphoricum D7
8171,Apocynum Cannabinum
8172,O-(ß-Hydroxyethyl)Rutosides
8173,Vibegron
8174,Susoctocog Alfa
8175,Allogeneic Bone Marrow-Derived Mesenchymal Stromal Cells
8176,Ex-Vivo Expanded
8177,Obeticholic Acid
8178,Ocrelizumab
8179,Phenoxyethanol ()
8180,Octreotide
8181,Pentetreotide
8182,Indium In-111 Pentetreotide
8183,Octyl Gallate
8184,Octhilinone
8185,Povidone K25
8186,Pilocarpus Jaborandi D5
8187,Cochlearia Officinalis D5
8188,Euphrasia D5
8189,Pilocarpus D5
8190,Oculus Totalis Suis D10
8191,Oculus Totalis Suis D200
8192,Oculus Totalis Suis D30
8193,Oculus Totalis Suis D12
8194,Oculus Totalis Suis D8
8195,Fumitory
8196,Sonidegib
8197,Kalium Sulfuricum
8198,Oenanthe Crocata D4
8199,Datura Stramonium D3
8200,Hyoscyamus D 4
8201,Oxytocin
8202,Cytochrome C
8203,Nirogacestat
8204,Yellow Soft
8205,Okoubaka Aubrevillei Trit. D2
8206,Myrrha D6
8207,Olibanum D12
8208,Aurum Metallicum D30
8209,Olanzapine Micronized
8210,Dementholised
8211,Acipimox
8212,Cinnamomum Camphora Bark Oil
8213,Colecalciferol Concentrate (Sds)
8214,Citronellae Aetheroleum
8215,Rosmarini Aetheroleum
8216,Oleum Strophanthi Kombe
8217,Myrrha
8218,Dry Extract Of Hawthorn Berries
8219,Dry Extract Of Mistletoe
8220,Dry Extract Of Olive Leaf
8221,Colloidal Gold
8222,Zinc Gluconate Trihydrate
8223,Chrome Chloryde Hexahydrate
8224,Bismuth Gluconate
8225,Nickel Gluconate
8226,Silver Gluconate
8227,Potassium Gluconate
8228,Sodium Phosphate Dodecahydrate
8229,Cobalt Gluconate 2h2o
8230,Silver Colloidal
8231,Gold Powder
8232,Aganirsen
8233,Olea Europaea Pollen Extract
8234,Olmesartan
8235,Baricitinib
8236,Iron Protein Acetyl Aspartate
8237,Omega-3 Fatty Acids
8238,Highly Refined Fish Oil
8239,Purified Egg Phosphatide
8240,Pelargonium Roots Tincture
8241,Ketorolac
8242,Momelotinib
8243,Omalizumab
8244,Testosterone Decanoate
8245,Testosterone Isocaproate
8246,Testosterone Phenylpropionate
8247,Testosterone Propionate
8248,Gadodiamide
8249,Mirikizumab
8250,Schoenocaulon Officinale D1
8251,Bryonia D1
8252,Aconitum Napellus D1
8253,Pegaspargase
8254,Disodium Folinate
8255,Bacillus Calmette-Guérin (Bcg)
8256,Tice
8257,Mefenidramium Metilsulfate
8258,Andexanet Alfa
8259,Opicapone
8260,Patisiran
8261,Procaterol
8262,Cenobamate
8263,Nivolumab
8264,Relatlimab
8265,Benzododecinium
8266,Esculin Sesquihydrate
8267,Squill Liquid Extract
8268,Bellis Perennis Spag. Peka D1
8269,Glechoma Hederacea Spag. Peka Ø
8270,Gratiola Officinalis
8271,Butalbital
8272,Epinastine
8273,Ornithine L-Form Aspartate
8274,Ioversol
8275,Phenoxymethylpenicillin Benzathine Lecithinated
8276,"Glucose Monohydrate, Disodium Hydrogen"
8277,"Glucose Monohydrate, Disodium Citrate Sesquihydrate"
8278,"Glucose Monohydrate , Disodium Hydrogen Citrate 1.5 H2o"
8279,Ambrosia Artemisiifolia Pollen Extract
8280,Artemisia Vulgaris Pollen Extract
8281,Betula Pendula Pollen Extract
8282,Alnus Glutinosa Pollen Extract
8283,Corylus Avellana Pollen Extract
8284,Dermatophagoides Farinae Extract
8285,Dermatophagoides Pteronyssinus Extract
8286,Mixture Of Allergen Extacts From Holcus Lanatus
8287,Poa Pratensis And Festuca Pratensis
8288,Mixture Of Allergen Extracts From Ambrosia Artemisiifolia And Artemisia Vulgaris
8289,Mixture Of Allergen Extracts From Betula Pendula
8290,Alnus Glutinosa And Corylus Avellana
8291,Mixture Of Allergen Extracts From Dermatophagoides Pteronyssinus And Dermatophagoides Farinae
8292,Phleum Pratense Pollen Extract
8293,Festuca Pratensis Pollen Extract
8294,Lolium Perenne Pollen Extract
8295,Poa Pratensis Pollen Extract
8296,Dactylis Glomerata Pollen Extract
8297,Secale Cereale Pollen Extract
8298,Pimozide
8299,Odronextamab
8300,Abatacept
8301,Taka-Diastase
8302,Crocus Sativus D3
8303,Relugolix
8304,Acorus Calamus Rhizome
8305,Artemisia Absinthium L. Herba
8306,Curcuma Zedoaria
8307,Commiphora Myrrha
8308,Cinnamomum Verum
8309,Potentilla Erecta Ø
8310,Precipitated
8311,Soft Extract Of Thyme
8312,Lumacaftor
8313,Berotralstat
8314,Eflornithine
8315,Cholic Acid
8316,Elacestrant
8317,Safinamide
8318,Putamen Ovi
8319,Os Suis D10
8320,Os Suis D200
8321,Os Suis D30
8322,Calcium Carbonicum Hahnemanni C8
8323,Magnesium Phosphoricum C6
8324,Ferrum Phosphoricum C8
8325,Magnesium Phosphoricum Dil. C6
8326,Calcium Carbonicum Hahnemanni Dil. C8
8327,Ferrum Phosphoricum Dil. C8
8328,Anas Barbariae Hepatis Et Cordis Extractum K200
8329,Sultiame
8330,Ossein Hydroxyapatite Compound
8331,Galipea Officinalis Spag. Peka D4
8332,Equisetum Arvense Ø
8333,Bellis Perennis Spag.Peka
8334,Ruta Graveolens Spag.Peka
8335,Asa Foetida Trit. D 4
8336,Stillingia Sylvatica Trit. D4
8337,Hekla Lava E Lava Trit. D6
8338,Hydrargyrum Oxydatum Rubrum D9
8339,Calcarea Carbonica Ostrearum
8340,Calcarea Fluorica
8341,Calcarea Phosphorica
8342,Calcarea Phosphorica D3
8343,Sulfur Iodatum C4
8344,Calcium Carbonicum Hahnemanni D3
8345,Etidronate Disodium Tetrahydrate
8346,Calcium Pidolate
8347,Chamomilla D3
8348,Butylene Glycol
8349,Paradichlorobenzene
8350,Turpentine Flavour
8351,Capsicum Annuum
8352,Acidum Boricum
8353,Aurum Metallicum Trit. D 4
8354,Graphites Trit. D 4
8355,Phytolacca Americana Trit D 3
8356,Thuja Occidentale Trit. D 3
8357,Viola Odorata Trit. D 3
8358,Hepar Sulfuris Trit. D3
8359,Iodum
8360,Sanguinaria Canadensis Ø
8361,Polymyxin
8362,Follitropin Alfa (Genetical Recombination)
8363,Calvatia Gigantea D6
8364,Cypripedium Parviflorum Var. Pubescens D6
8365,Aquilegia Vulgaris D4
8366,Hypophysis Suis D13
8367,Kreosotum D8
8368,Lilium Lancifolium D4
8369,Pulsatilla Pratensis D18
8370,Tuba Uterina Suis D10
8371,Ovarium Suis D8
8372,Uterus Suis D10
8373,Ovarium Suis D10
8374,Ovarium Suis D200
8375,Ovarium Suis D30
8376,Treosulfan
8377,Choriogonadotropin Alfa
8378,Liquid Extract From Hawthorn Leaf And Flower
8379,Leonurus Cardiaca Extract
8380,Dry Extract Of Motherwort Herb
8381,Dry Extract Of Mixture Of Hawthorn Leaf With Flower And Hawthorn Berries
8382,Oxalis Acetosella E Planta Tota La 20%
8383,Oxalis
8384,Oxalis Acetosella E Planta Tota W 10%
8385,Oxycodone Hydrochloride Trihydrate
8386,Etofylline
8387,Voxelotor
8388,Cenegermin
8389,Lumasiran
8390,Chlorite Ion
8391,Chlorate Ion
8392,Tetrachlorodecaoxide
8393,Oxolamine
8394,Potassium Chlorate
8395,Sodium Percarbonate
8396,Sodium Peroxide
8397,Sulfuric Acid
8398,Pitolisant
8399,Enfortumab Vedotin
8400,Plantago Lanceolata L
8401,Polygonum Aviculare L. Herba
8402,Terminalia Chebula Fruit
8403,Cardamom Fruit
8404,Azadirachta Indica Fruit
8405,Valeriana Officinalis Radix
8406,Syzygium Aromaticum
8407,Hamamelis Virginiana Trit. D 3
8408,Bisbutylcarboethylene
8409,Defatted Powder Of Arachis Hypogaea L
8410,Pegvaliase
8411,Pamidronate
8412,Pamidronic Acid
8413,Acidum Sulfuricum D8
8414,Viscum Album D8
8415,Potassium Aspartate
8416,Pancreas Suis D30
8417,"A / Vietnam / 1203 / 2004 (H5n1) Strain (A / Vietnam / 1203 / 2004, Medi 0141000136)"
8418,A / California / 7 / 2009 (H1n1) V Reass. X - 179 A
8419,A / California / 7 / 2009(H1n1)-Like Strain (Nymc X-179a)
8420,Pancreas Suis D200
8421,Pancreas Suis D8
8422,Pantethine
8423,Keratin
8424,4-Aminobenzencarboxi Acid
8425,Calcium D-Pantothenate
8426,Panthenol
8427,Hemicellulase
8428,P-Benzochinonum D12
8429,P-Benzochinonum D200
8430,P-Benzochinonum D30
8431,P-Benzochinonum D8
8432,Eupatorium Perfoliatum C4
8433,Gelsemium Sempervirens C4
8434,Sulfur C5
8435,Tuba Uterina Bovis Gl
8436,Parametrium Bovis Gl
8437,Psyllium Husk
8438,Glandulae Parathyreoideae Bovis Gl
8439,Phenyl Salicylate
8440,Mentha Canadensis Oil
8441,Oxerutins
8442,Etelcalcetide
8443,Acidum Formicicum D2
8444,Alumen Chromicum D1
8445,Gelsemium Sempervirens D2
8446,Alumen Chromicum Trit. D1
8447,Acidum Formicicum Trit. D2
8448,Gelsemium Trit. D2
8449,Ononis Spinosa Mother Tincture
8450,Aletris Farinosa D3
8451,Vitex Agnus-Castus D2
8452,Caulophyllum Thalictroides D2
8453,Packera Aurea D5
8454,Fraxinus Americana D3
8455,Lilium Lancifolium D3
8456,Viburnum Prunifolium
8457,Packera Aurea Trit. D5
8458,Cimicifuga Trit. D6
8459,Vitex Agnus-Castus Trit. D2
8460,Aletris Farinosa Trit. D3
8461,Pulsatilla Trit. D4
8462,Chamaelirium Luteum Trit. D3
8463,Lilium Lancifolium Trit. D3
8464,Caulophyllum Thalictroides Trit. D2
8465,Packera Aurea
8466,Dry Extract Of The Passionflower Herb
8467,Baptisia Trit. D4
8468,Bryonia Trit. D1
8469,Thuja Trit. D4
8470,Baptisia Tinctoria Mother Tincture
8471,Ambra
8472,Lycosa D5
8473,Tarantula
8474,Equisetum Hiemale Mother Tincture
8475,Helleborus
8476,Sarsaparilla Mother Tincture
8477,Balsamum Copaivae
8478,Hydrangea Arborescens
8479,Achillea Millefolium Dil D 2
8480,Passiflora Incarnata Flowering Top
8481,Aminosalicylate
8482,Avena Sativa Ferm 33c Ø
8483,Humulus Lupulus Ex Herba Et Fructibus Ferm 34d Ø
8484,Valeriana Officinalis E Radice Ferm 33c Ø
8485,Passiflora Caerulea Ex Herba Ferm 33c Ø
8486,Salix Alba Ssp. Vitellina E Cortice Et Foliis Ferm 33d
8487,Passiflora Caerulea Ex Herba Ferm 33c
8488,Lupulus
8489,Atropa Bella-Donna D5
8490,Eschscholtzia Californica Ex Herba Flor. Rec. Ø
8491,Dry Extract From Passionflower Herb (Equivalent To 2125-2975 Mg Of Passion Flower)
8492,Liquid Extract From Passiflora Incarnata Herb
8493,Peloid Mass
8494,Potato Starch
8495,Aconitum Napellus C5
8496,Atropa Bella-Donna C5
8497,Drosera C5
8498,Psychotria Ipecacuanha C5
8499,Extract Of Fresh Opium Poppy
8500,Oxeladin
8501,Nirmatrelvir
8502,Eicosapentanoic Acid / Docosahexaenoic Acid
8503,Pazopanib
8504,Macrogol Glycerol Hydroxystearate
8505,Crataegus Trit. D3
8506,Cactus Trit. D7
8507,Spigelia Trit. D5
8508,Magnesium Phosphoricum Trit. D7
8509,Lichene Islandico
8510,Hyssopi Herba
8511,Saponariae Radice
8512,Pinus Sylvestris Ø
8513,Acetyl Sulfafurazole
8514,Permethrin Bpc Cis:Trans / 25:75
8515,"Candida Parapsilosis E Volumine Cellulae (Lyophil., Steril.) D6"
8516,"Candida Parapsilosis E Volumine Cellulae (Lyophil., Steril.) D4"
8517,Peginterferon Alfa-2a
8518,Plantago Major Spag. Peka
8519,Pulsatilla Pratensis Spag. Peka
8520,Delphinium Staphisagria Spag. Peka
8521,Pelargonium Root Liquid Extract
8522,Pelargonium Sidoides
8523,Pemigatinib
8524,Pemetrexed Disodium
8525,Pemetrexed Disodium Hemipentahydrate
8526,Pemetrexed Disodium Heptahydrate
8527,Pivmecillinam
8528,Sulfamethylthiazole
8529,Pentamidine Isetionate
8530,Immunoglobulin A
8531,Immunoglobulin G
8532,Immunoglobulin M
8533,Pentazocine
8534,Thiopental
8535,Melphalan Flufenamide
8536,Guaiazulene
8537,Pepsin
8538,Perphenazine Decanoate
8539,Perazine Dimaleate
8540,Perazine Dimalonate
8541,Crataegi Folium Cum Flore Extractum Siccum
8542,Enoximone
8543,Perindopril
8544,Melissa Cupro Culta D3
8545,Viburnum Opulus D6
8546,Mandibula Feti Bovis Gl
8547,Maxilla Feti Bovis Gl
8548,Periodontium Bovis Gl
8549,Lysine Amidotrizoate
8550,Pertuzumab
8551,Serenoa Repens (Bartram) Small
8552,Agrostis Alba
8553,Apera Spica Venti
8554,Drosera D1
8555,Dactylopius Coccus D8
8556,Mephitis Putorius D8
8557,Coccus Cacti
8558,Mephitis Putorius
8559,Sodium (Lactate)
8560,Petasites Hybridus
8561,Petasites Hybridus E Radice Ferm 33c
8562,Abies Alba E Summitatibus Ferm 33d
8563,Protionamide
8564,Mesuximide
8565,Horse Epithelium Extract
8566,Horse Hair
8567,Dactylopius Coccus Urt
8568,Kalium Stibyltartaricum Dil D 12
8569,Adonis Vernalis Trit D 3
8570,Apocynum Cannabium Trit D 3
8571,Convallaria Majalis Trit. D 3
8572,Digitalis Purpurea Trit. D 4
8573,Kalmia Latifolia Trit. D 3
8574,Naja Naja Trit. D 10
8575,Urginea Maritima Trit D 3
8576,Acidum Hydrochloricum
8577,Carbo Animalis
8578,Aluminium Oxydatum Trit. D 3
8579,Collinsonia Canadensis Trit. D 2
8580,Anamirta Cocculus Dil D 15
8581,Apisinum Trit. D 10
8582,Apocynum Cannabium Trit D 2
8583,Crataegus Trit. D 2
8584,Liatris Spicata Trit. D 2
8585,Prunus Spinosa Trit. D 2
8586,Strophantus Gratus Trit. D 4
8587,Bellis Perennis Trit: D 2
8588,Calcium Sulfuricum Trit. D 3
8589,Hepar Sulfuris Trit. D 3
8590,Myristica Sebifera D3
8591,Bismutum Subnitricum Dil. 10
8592,Bryonia Trit. D 5
8593,Chamomilla Recutita Trit. D 3
8594,Euphrasia Trit. D 3
8595,Ferrum Phosphoricum Trit. D 4
8596,Hydrargyrum Bichloratum Trit. D8
8597,Lytta Vesicatoria Trit. D 4
8598,Ptelea Trifoliata Trit. D 3
8599,Silybum Marianum Trit. D 3
8600,Yucca Filamentosa Trit. D3
8601,Natrium Tetrachloroauratum
8602,Actaea Spicata Trit. D 3
8603,Alsine Media Trit. D 3
8604,Ammonium Benzoicum Trit. D 3
8605,Bellis Perennis Trit. D 3
8606,Guajacum Trit. D 3
8607,Manganum Aceticum Trit. D 4
8608,Aesculus Hippocastanum Trit. D 2
8609,Paeonia Officinalis Trit. D 2
8610,Balsamum Peruvianum
8611,Rauwolfia Serpentina Trit. D 4
8612,Zincum Metallicum Trit. D 4
8613,Stillingia Sylvatica
8614,Raphanus Sativus Var. Niger
8615,Anisum Stellatum
8616,Ammonium Jodatum Trit D 4
8617,Drosera Trit. D 3
8618,Eucalyptus Globulus Trit. D 3
8619,Euspongia Officinalis Trit. D 4
8620,Rumex Crispus Trit. D 3
8621,Stibium Sulfuratum Aurantiacum Trit. D3
8622,Fraxinus Americana Trit D 2
8623,Calcium Fluoratum Trit. D 3
8624,Euspongia Officinalis Trit. D 3
8625,Lapis Albus Trit. D 4
8626,Spongilla Lacustris Trit. D 3
8627,Fucus Vesiculosus D3
8628,Mahonia Aquifolium Trit. D 6
8629,Cuprum Aceticum Trit D 3
8630,Datura Stramonium Trit. D 6
8631,Gratiola Officinalis Trit. D 3
8632,Magnesium Chloratum Trit. D 3
8633,Populus Balsamifera
8634,Calcium Fluoratum Trit. D 4
8635,Hekla Lava E Lava Trit. D4
8636,Tilia Europaea
8637,Carbo Vegetabilis Trit. D 4
8638,Kalium Sulfuricum Trit. D 3
8639,Quebracho Trit. D 3
8640,Zingiber Officinalis Trit. D 3
8641,Anisum Stellatum Trit. D 2
8642,Acidum Nitricum Trit. D 6
8643,Aluminium Oxydatum Trit. D 8
8644,Graphites Trit. D 5
8645,Kalium Bichromicum Trit. D 4
8646,Pulsatilla Pratensis Trit. D 4
8647,Gelsemium Sempervirens Trit D 6
8648,Lathyrus Sativus Trit. D 3
8649,Toxicodendron Quercifolium Trit. D 4
8650,Calcium Carbonicum Hahnemanni Trit. D 4
8651,Kalium Nitricum Trit. D 4
8652,Lemna Minor Trit. D 2
8653,Teucrium Marum Trit. D5
8654,Dactylopius Coccus Trit. D 2
8655,Solidago Virgaurea Trit. D 2
8656,Erechthites Hieracifolia
8657,Resina Piceae
8658,Robinia Pseudoacacia
8659,Petroleum Rectifictum Dil D 12
8660,Serenoa Repens Trit. D 2
8661,Chondrodendron Trit. D3
8662,Cuprum Metallicum Trit. D 4
8663,Dactylopius Coccus Trit. D 1
8664,Narcissus Pseudonarcissus Trit. D 3
8665,Filipendula Ulmaria Trit. D 2
8666,Guajacum Trit. D 2
8667,Rhododendron Trit. D 3
8668,Acidum Salicylicum Trit. D 4
8669,Gaultheria Procumbens Trit D 4
8670,Iris Vesicolor Trit D 3
8671,Toxicodendron Quercifolium Trit. D 8
8672,Verbascum Densiflorum Trit. D 3
8673,Zincum Picrinicum
8674,Senecio Bicolor
8675,Vipera Berus D10
8676,Linum Usitatissimum Dil D 2
8677,Sinapis Nigra
8678,Solanumlycopersicum
8679,Sulfur Jodatum Trit. D 6
8680,Toxicodendron Quercifolium Trit. D 6
8681,Chionanthus Virginicus D4
8682,Syzygium Cumini D2
8683,Arctostaphylos Uva-Ursi Trit. D 2
8684,Solanum Dulcamara Trit. D 3
8685,Melilotus Officinalis D2
8686,Cyclamen Purpurascens D6
8687,Myristalkonium
8688,Chloride
8689,Methylphenobarbital
8690,Sodium Sulfosalicylate Samarate
8691,Trimethylphloroglucinol
8692,Bismuth Sub-Succinate
8693,Arnica Montana E Floribus Sicc. Glückselig
8694,Bolus Alba Spag. Glückselig Ø
8695,Digitalis Purpurea Glückselig
8696,Dryopteris Filix-Mas Ex Herba Rec. Glückselig
8697,Euspongia Officinalis Glückselig Ø
8698,Filipendula Ulmaria Ex Herba Rec. Glückselig Ø
8699,Hydrargyrum Bichloratum Spag. Glückselig
8700,Hypericum Perforatum Ex Herba Glückselig Ø
8701,Juniperus Communis E Fructibus Sicc. Glückselig Ø
8702,Kalium Nitricum
8703,Orthosiphon Stamineus E Foliis Sicc. Glückselig Ø
8704,Solidago Virgaurea Ex Herba Rec. Glückselig Ø
8705,Tartarus Depuratus Spag. Glückselig Ø
8706,Urtica Urens Ex Herba Rec. Glückselig
8707,Cuprum Sulfuricum Et Sulfur Et Tartarus Depuratus Spag. Glückselig Ø
8708,Chelidonium Majus Ex Herba Rec. Spag. Glückselig
8709,Valeriana Officinalis Glückselig Ø
8710,Ferrum Chloratum Solutum
8711,Rosmarinus Officinalis Glückselig Ø
8712,Echinacea Angustifolia E Planta Tota Rec. Spag. Glückselig
8713,Jodum
8714,Verbena Officinalis Ex Herba Sicc. Glückselig Ø
8715,Asparagus Officinalis
8716,Aesculus Hippocastanum E Semine Sicc. Glückselig Ø
8717,Atropa Bella-Donna E Foliis Rec. Glückselig
8718,Crataegus E Foliis Cum Flores Rec. Glückselig Ø
8719,Paeonia Officinalis E Floribus Sicc. Glückselig Ø
8720,Phosphoric Acid
8721,Calcium Bis(Dihydrogenphosphate)
8722,Aluminium Chlorhydroxide-Complex
8723,Argentum Nitricum D200
8724,Phosphorus D200
8725,Paris Quadrifolia D10
8726,Paris Quadrifolia D200
8727,Paris Quadrifolia D30
8728,Paris Quadrifolia D6
8729,Porfimer
8730,Metacycline
8731,Primulae Radix
8732,Extract From Goldenrod
8733,Potentilla Anserina Herb And Equisetum Stem
8734,Fraxini Cortex
8735,Populi Cortex Et Folium
8736,European Goldenrod Extract
8737,Tolu Balm
8738,Tincture From Ipecacuanha Root
8739,Hedera Helix D1
8740,Hyoscyamus Niger D3
8741,Fenpipramide Bromomethylate
8742,Avocado Oil Unsaponifiables
8743,Soybean Oil Unsaponifiables
8744,Avocado Oil
8745,Crovalimab
8746,Poliovirus Type 1
8747,"Inactivated, Strain Brunhilde"
8748,Pygeum Africanum Bark
8749,Thymus Extract
8750,Mushroom
8751,Natamycin
8752,Pindolol
8753,Pipemidic Acid Trihydrate
8754,Pipotiazine
8755,Pipotiazine Palmitate
8756,Alpelisib
8757,Pyrazinamide
8758,Pizotifen Malate
8759,Solanum Nigrum
8760,Barium Carbonicum Trit. D13
8761,Embryo Totalis Suis D8
8762,Plumbum Jodatum D18
8763,Vena Suis D8
8764,Sarcolacticum Acidum D4
8765,Barium Carbonicum D13
8766,Cuprum Sulfuricum D6
8767,Solanum Nigrum D6
8768,Melilotus Officinalis D6
8769,Placenta Totalis Suis D200
8770,Placenta Totalis Suis D12
8771,Placenta Totalis Suis D8
8772,Polydeoxyribonucleotide
8773,Lorazepam Pivalate
8774,Picotamide
8775,Teicoplanin
8776,Drosera E Planta Tota Ferm 33c
8777,"Liquid Extract With Sugar From 0,3 G Picea Abies Herb"
8778,"Liquid Extract With Sugar From 0,7 G Ribwort Plantain"
8779,Plantaginis Extractum Fluidum
8780,Melilot
8781,Succinated
8782,Plane Pollen
8783,Platanus Spp. Pollen Extract
8784,Platinum Chloratum
8785,Peginterferon Beta-1a
8786,Calcium Amidotrizoate
8787,Aconite Tincture
8788,Sweet Orange Tincture
8789,Saponin
8790,Dry Extract Of Horse Chestnut Seeds
8791,Plumbum Aceticum Spag. Glückselig
8792,Plumbum Metallicum Praeparatum Trit. D6
8793,Lutetium (177lu) Vipivotide Tetraxetan
8794,Pneumococcal Polysaccharide Serotype 4
8795,Pneumococcal Polysaccharide Serotype 6b
8796,Pneumococcal Polysaccharide Serotype 9v
8797,Pneumococcal Polysaccharide Serotype 14
8798,Pneumococcal Polysaccharide Serotype 18c
8799,Pneumococcal Polysaccharide Serotype 19f
8800,Pneumococcal Polysaccharide Serotype 23f
8801,Pneumococcal Polysaccharide Serotype 33f
8802,Pneumococcal Polysaccharide Serotype 8
8803,Pneumococcal Polysaccharide Serotype 22f
8804,Pneumococcal Polysaccharide Serotype 20
8805,Pneumococcal Polysaccharide Serotype 19a
8806,Pneumococcal Polysaccharide Serotype 17f
8807,Pneumococcal Polysaccharide Serotype 15b
8808,Pneumococcal Polysaccharide Serotype 12f
8809,Pneumococcal Polysaccharide Serotype 11a
8810,Pneumococcal Polysaccharide Serotype 9n
8811,Pneumococcal Polysaccharide Serotype 7f
8812,Pneumococcal Polysaccharide Serotype 5
8813,Pneumococcal Polysaccharide Serotype 2
8814,Pneumococcal Polysaccharide Serotype 1
8815,Pneumococcal Polysaccharide Serotype 10a
8816,Soft Extract From Pygeum Africanum Bark
8817,Erysimum (Hydroalcoolic Dried Extract )
8818,Chlormidazole
8819,Insulin Human Isophane
8820,"Poliovirus Type 1, Strain Lsc, 2ab"
8821,"Poliovirus Type 3, Strain Leon 12a, 1b"
8822,"Poliovirus Type 2, Strain P 712, Ch"
8823,Polatuzumab Vedotin
8824,Anthoxanthum Odoratum Pollen
8825,Arrhenatherum Elatius Pollen
8826,Bent Pollen
8827,Brome Pollen
8828,Festuca Pratensis Pollen
8829,Meadow Foxtail Pollen
8830,Meadow Grass Pollen
8831,Rye Grass Pollen
8832,Tree Pollen Alergoids Mixture: Alnus Sp
8833,Betula Sp
8834,Grass Pollen Allergen Extract From Agrostis Tenuis
8835,Bromus Inermis
8836,13 Grass Pollen Mixture
8837,Mixture Of Allergen Extracts From Betula Spp
8838,Alnus Spp. And Corylus Spp
8839,Glutaraldehyde Modified
8840,Larrea Mexicana Trit. D2
8841,Cardiospermum Halicacabum
8842,Soft Extract Of Crude Pollen Of Secale Cereale
8843,Dry Extract Of Crude Pollen Of Secale Cereale
8844,"Grass Pollen Thick Extract (Rye : Timothy Grass : Maize, 30:1.5:1)"
8845,Pollen Extract Residue Dry Extract
8846,Sodium Diethylenetriaminepentaacetate
8847,Macrogol 400
8848,Macrogol
8849,Azoximer
8850,Staphylococcus Aureus Inactivated Bacteria
8851,Staphylococcus Epidermidis Inactivated Bacteria
8852,Streptococcus Salivarius Inactivated Bacteria
8853,Streptococcus Pneumoniae Inactivated Bacteria
8854,Streptococcus Pyogenes Inactivated Bacteria
8855,Haemophilus Influenzae Inactivated Bacteria
8856,Corynebacterium Pseudodiphtheriticum Inactivated Bacteria
8857,Moraxella Catarrhalis Inactivated Bacteria
8858,Cipaglucosidase Alfa
8859,Pivampicillin
8860,Ponesimod
8861,Standardised Bacterial Culture Suspension
8862,Potassium Malate
8863,Potassium Succinate
8864,Mogamulizumab
8865,Dry Extract Of Ginseng
8866,Alirocumab
8867,Pramiracetam
8868,Pranoprofen
8869,Idarucizumab
8870,Promazine
8871,Prednisolone Metasulfobenzoate
8872,Prednisone Micronised
8873,Prednisolone Pivalate
8874,5-Methyltetrahydrofolate Di Calcium Pentahydrate
8875,Echinaceae Angustifoliae Tinctura
8876,Cavia Cobaya Lung Histamine C15
8877,Pollen C15
8878,Ritodrine
8879,Yeast Extract
8880,Saccharomyces Cerevisiae Extract
8881,Fel Tauri D4
8882,China Officinalis D4
8883,Ferrum Arsenicosum
8884,Ambra Grisea D2
8885,Acidum Phosphoricum Trit. D 3
8886,Zincum Phosphoricum Trit. D4
8887,Zincum Aceticum Trit. D4
8888,Cobaltum Metallicum
8889,Silicea D8 Dil
8890,Spongilla Lacustris Ø
8891,Magnesium Chloratum D10
8892,Manganum Sulfuricum D10
8893,Semecarpus Anacardium D8
8894,Manganum Aceticum D6
8895,Sulfur Iodatum D6
8896,Hydrargyrum Sulfuratum Rubrum D10
8897,Undecylenic Acid Monoethanolamide
8898,Echinacea C3
8899,Vincetoxicum Hirundinaria C5
8900,Haemophilus Influenzae C9
8901,Pneumococcal Polysaccharide Serotype 1 Conjugated To Crm197
8902,Pneumococcal Polysaccharide Serotype 5 Conjugated To Crm197
8903,Pneumococcal Polysaccharide Serotype 18c Conjugated To Crm197
8904,Pneumococcal Polysaccharide Serotype 4 Conjugated To Crm197
8905,Pneumococcal Polysaccharide Serotype 14 Conjugated To Crm197
8906,Pneumococcal Polysaccharide Serotype 9v Conjugated To Crm197
8907,Pneumococcal Polysaccharide Serotype 6b Conjugated To Crm197
8908,Pneumococcal Polysaccharide Serotype 23f Conjugated To Crm197
8909,Pneumococcal Polysaccharide Serotype 19f Conjugated To Crm197
8910,Pneumococcal Polysaccharide Serotype 15b Conjugated To Crm197
8911,Fluindione
8912,Letermovir
8913,Ziconotide
8914,Acarus Siro Extract
8915,Betula Alba Pollen Extract
8916,Blomia Tropicalis Extract
8917,Chortoglyphus Arcuatus Extract
8918,Egg White Extract
8919,Chenopodium Album Pollen Extract
8920,Hordeum Vulgare Pollen Extract
8921,Avena Sativa Pollen Extract
8922,Triticum Aestivum Pollen Extract
8923,Parietaria Pollen Extract
8924,Glycyphagus Domesticus Extract
8925,Timothy Grass Pollen Extract
8926,Festuca Elatior Pollen Extract
8927,Rabbit Epithelium Extract
8928,Cat Epithelium Extract
8929,Lepidoglyphus Destructor Extract
8930,Parietaria Sp. Pollen
8931,Anthoxanthum Odoratum Pollen Extract
8932,Plantago Lanceolata Pollen Extract
8933,Plantain Pollen Extract
8934,Tyrophagus Putrescentiae Extract
8935,Anguilla Anguilla
8936,Acer
8937,Robinia
8938,Ananas Comosus
8939,Citrus Aurantium
8940,Ulmus
8941,Willow Pollen
8942,Oak
8943,Brassica Oleracea Var. Botrytrisso
8944,Citrus Nobilis
8945,Duck Meat
8946,Beef
8947,Mutton Meat
8948,Goose Meat
8949,Turkey Meat
8950,Trout
8951,Hordei Farina
8952,Grapefruit
8953,Hornbeam
8954,Halibut
8955,Cynodon Dactylon
8956,Chamomile
8957,Cow Milk
8958,Salmon
8959,Tilia Cordata
8960,Corn Flour
8961,Bertholletia Excelsa
8962,Pullularia Pullulans
8963,Cow Epithelia
8964,Sus Scrofa Thymus
8965,Sole
8966,Apium Graveolens Var. Dulce Root
8967,Spinacia Oleracea
8968,Grape
8969,Mequitazine
8970,Primaquine
8971,Chlorcyclizine
8972,Metenolone Enantate
8973,Gadoxetic Acid
8974,Hyoscyamus Niger Ex Herba Ferm 33d Ø
8975,Myocardium Bovis Gl
8976,Primula Veris E Floribus W 5%
8977,Onopordum Acanthium E Floribus Ferm 33c
8978,Primula Veris E Floribus Ferm 33c
8979,Convallaria Majalis E Planta Tota Ferm 33c
8980,Urginea Maritima Var. Rubra E Bulbo Ferm 33b
8981,Measles Virus Edmonston-Schwarz Strain
8982,Mumps Virus Rit 4385 Strain Derived From From The Jeryl Lynn
8983,Measles Virus Schwarz Strain
8984,"Mumps Virus Rit 4385 Strain, Derived From Jeryl Lynn Strain"
8985,Varicella Virus Oka Strain
8986,Mesoglycan
8987,Euphrasia Spag. Peka
8988,Probenecid
8989,Petroleum Rectificatum Dil D6
8990,"Tribenoside, Anhydrous Lidocaine"
8991,Ketocaine
8992,Tannin
8993,Amlintide
8994,Triamcinolone Diacetate
8995,Proflavine Hemisulfate
8996,Gadoteridol
8997,Aldesleukin
8998,Trimeperidine
8999,"Diphenhydramine Hydrochloride , Anhydrous Caffeine"
9000,"Paracetamol , Anhydrous Caffeine"
9001,Propiomazine
9002,Propylthiouracil
9003,Propolis D6
9004,Propranolol Hydrochloride ()
9005,Varicella Virus Oka / Merck Strain
9006,Dry Extract Of Dry Raw Pollen From Secale Cereale
9007,Soft Extract Of Dry Raw Pollen From Secale Cereale
9008,Extract From Saw Palmetto Fruit
9009,Chondrodendron Ø
9010,Soft Extract From Saw Palmetto Fruit
9011,Urtica Root Dry Extract
9012,Nettle Root Dry Extract
9013,"1-[4-[[(2s)-4-Carboxy-2-[(2s)-4-Carboxy-2-(6-[18f] Fluoropyridin-3-Amido)Butanamido]Butanamido]Methyl]Phenyl]-3-[(Naphthalen-2-Yl)Methyl]-1,4,12-Trioxo-2,5,11,13-Tetraazahexadecane-10,14,16-Tricarboxylic Acid"
9014,Dry Extract From Aspen Leaves
9015,Dry Extract From Cucurbita Pepo Seeds Deffatted
9016,Soft Extract Of Saw Palmetto
9017,Serenoa Repens Fruits Hydroalcoholic Extract
9018,St. John's Wort
9019,Goldenrod Herb
9020,Agrimony Herb
9021,Arnica Flower
9022,Prostata Suis D10
9023,Prostata Suis D200
9024,Prostata Suis D30
9025,Prostata Suis D12
9026,Prostata Suis D8
9027,Ferrum Picrinicum D6
9028,Dry Extract From Saw Palmetto Fruit
9029,Dry Extract From Nettle Root
9030,Dry Extract From European Goldenrod
9031,Sabal Fructus Oleoresinum Ethanolicum
9032,Protamine
9033,Extract Of Hawthorn Leaf And Flower
9034,Mistletoe
9035,Trimetazidine
9036,Delphinum Staphisagria
9037,Piper Cubeba E Fruct. Immat. Rec
9038,Prothrombin
9039,Factor X
9040,Mesterolone
9041,Cetyl Trimethylammonium Naproxenate
9042,Pseudomonas Aeruginosa Immunotype 1 Antigens
9043,Pseudomonas Aeruginosa Immunotype 2 Antigens
9044,Pseudomonas Aeruginosa Immunotype 3 Antigens
9045,Pseudomonas Aeruginosa Immunotype 4 Antigens
9046,Pseudomonas Aeruginosa Immunotype 5 Antigens
9047,Pseudomonas Aeruginosa Immunotype 6 Antigens
9048,Pseudomonas Aeruginosa Immunotype 7 Antigens
9049,"Pseudomonas Aeruginosa Immunotype 3,7 Antigens"
9050,Avena Sativa Spag. Peka
9051,Strychnos Ignatii Spag. Peka
9052,"2,5-Diaminotoluene"
9053,Corallium Rubrum
9054,Verbascum Thapsiforme Trit. D1
9055,Eriodictyon Californicum Trit. D1
9056,Grindelia
9057,Teucrium Scorodonia
9058,Sticta Pulmonaria
9059,Naphthalinum D6
9060,Kalium Iodatum Trit. D3
9061,Euspongia Officinalis Trit. D4
9062,Lobaria Pulmonaria Trit. D3
9063,Naphthalinum Trit. D6
9064,Pulmo Suis D10
9065,Pulmo Suis D200
9066,Pulmo Suis D30
9067,Tartarus Stibiatus
9068,Stannum Jodatum D8
9069,Urticae Herba
9070,Conifers Oil
9071,Dornase Alfa
9072,Pulpa Dentis Suis D10
9073,Pulpa Dentis Suis D200
9074,Pulpa Dentis Suis D30
9075,Cortisonum Aceticum D18
9076,Bismutum Subnitricum Trit. D5
9077,Chamomilla Trit. D3
9078,Antimonit Trit. D3
9079,Digitalis Purpurea D12
9080,Convallaria Majalis D12
9081,Follitropin Beta
9082,Sennosides
9083,Piflufolastat (18f)
9084,Tripotassium Dicitratobismuthate
9085,Bismuth Subcitrate
9086,Pyolysin-Culture Filtrate
9087,Pristinamycin
9088,Rhubarb
9089,Dry Extract From Rhubarb Root And Rheum Australe Root
9090,Pyronaridine
9091,Zinnober Trit. D20
9092,Pyrogallol
9093,Pyromorphit
9094,Sodium Pyrophosphate
9095,Liquid Extract Of Tussilago Farfara Leaf
9096,Elder Flower
9097,Lime Flower
9098,Mitapivat
9099,Tofersen
9100,Dinutuximab Beta
9101,Ripretinib
9102,Phentermine
9103,Samarium Sm-153 Lexidronam Pentasodium
9104,Vinblastine
9105,Mercuric
9106,Ammoniated
9107,"Penicillium Glabrum E Volumine Cellulae (Lyophil., Steril.) D3"
9108,"Penicillium Glabrum E Volumine Cellulae (Lyophil., Steril.) D4"
9109,"Penicillium Glabrum E Volumine Cellulae (Lyophil., Steril.) D5"
9110,Borago Officinalis E Foliis Ferm 34b Ø
9111,Hamamelis Virginiana E Foliis Ferm 33d Ø
9112,Decoctum Ø (Eingeengt Auf 20 Mg)
9113,2-Propanol () 70%
9114,Hyoscyamus Niger C9
9115,Stramonium C9
9116,Gelsemium Sempervirens C9
9117,Kalium Bromatum C9
9118,Quillaia Tincture
9119,Quinidine Gluconate
9120,Cinchonidine
9121,Cinchonine
9122,Quinine Gluconate
9123,Quinine Bisulfate
9124,Quinine Bisulphate
9125,Potassium Hydroxyquinoline
9126,Delafloxacin
9127,Daridorexant
9128,Rabies Virus (Inactivated) Strain Flury Lep
9129,Ceforanide
9130,Ammonium Salicylate
9131,Menthol Liquid Flavour
9132,Rhei Radix Pulveratum
9133,Rhubarb Root Dry Extract
9134,Liquid Extract From Rhubarb
9135,Frangula Bark
9136,Ragweed Pollen
9137,Tincture From Valerian Root / Motherwort Herb / Hop Strobile / Peppermint Leaf
9138,Acidum Silicicum Trit. D 2
9139,Calcium Phosphoricum Trit. D 1
9140,Calcium Carbonicum Hahnemanni Trit D 1
9141,Syrup Simple
9142,Ranunculus Bulbosus Dil D3
9143,Acidum Arsenicosum Dil D11
9144,Dry Extract Of Raphanus Sativus Root
9145,Soft Extract Of Artichoke Herb
9146,Helichrysi Inflorescentia
9147,Matricariae Flore
9148,Coriandri Fructu
9149,Sambuci Fructu
9150,Taraxaci Intractum
9151,Regadenoson
9152,Brassica Rapa Var. Rapa Pollen
9153,Aliskiren
9154,Dry Extract Of Raspberry Leaf
9155,Ratanhiae Radix Extr. Fluid. 1:1
9156,Fluorit
9157,Kieserit
9158,Rat Hair
9159,Aurum Iodatum
9160,Rauwolfia Serpentina
9161,Ren Suis D10
9162,Glycerol Phenylbutyrate
9163,Lasmiditan
9164,Rhenium Sulfide Colloid (186re)
9165,Cariprazine
9166,Luspatercept
9167,Manganum Aceticum D12
9168,Hyoscyamus Niger D12
9169,Relebactam
9170,"Bacillus Firmus E Volumine Ex Muris Cellulae (Lyophil., Steril.) D4"
9171,"Bacillus Firmus E Volumine Cellulae (Lyophil., Steril.) D6"
9172,"Bacillus Firmus E Volumine Ex Muris Cellulae (Lyophil., Steril.) D6"
9173,Magnesium Phosphoricum D15
9174,Cuprum Metallicum D8
9175,Prunus Spinosa D5
9176,Aqua Maris D3
9177,Petroselinum Crispum Root
9178,Moroctocog Alfa
9179,Nonacog Beta Pegol
9180,Amezinium Metilsulfate
9181,Drosera Rotundifolia D12
9182,Drosera Rotundifolia D6
9183,Drosera D12
9184,Colchicum Autumnale D3
9185,Artemisia Abrotanum D3
9186,Cyclobarbital
9187,Scutellaria Lateriflora Extract
9188,Ambra Grisea Trit. D6
9189,Myristica Fragrans D12
9190,Scutellaria Lateriflora D6
9191,Cypripedium Parviflorum Var. Pubescens Trit.D12
9192,Dry Hydroalcoholic Extract Of Valerian (Valeriana Officinalis L. Radix)
9193,Methylnaltrexone
9194,Rimantadine
9195,Arnica Montana C12
9196,Arnica Montana C30
9197,Arnica Montana C200
9198,Sorbitan Sesquioleate
9199,Decyl Oleate
9200,Glycerol Monostearate 40-55
9201,Wax
9202,Pentaerythritol Dicocoate Fatty Acid Esters
9203,"1,2-Distearyl"
9204,Macrogol 200
9205,Dibutyl Adipate
9206,Aluminium Distearate
9207,Stannum Iodatum D6
9208,Euphorbia Cyparissias D12
9209,Scutellaria Lateriflora
9210,Cimicifuga Racemosa D1
9211,Pilocarpus D6
9212,Liquid Extract From Cimicifugae Rhizoma
9213,Treprostinil
9214,Ren Suis D200
9215,Ren Suis D30
9216,Ren Suis D12
9217,Ren Suis D8
9218,Causticum Hahnemanni D4
9219,Chondrodendron D3
9220,Serenoa Repens D2
9221,Plumbum Aceticum D6
9222,Berberis Vulgaris Trit. D2
9223,Causticum Hahnemanni Trit. D4
9224,Lytta Vesicatoria Trit. D5
9225,Aluminium Oxydatum Trit. D12
9226,Plumbum Aceticum Trit. D6
9227,Capsella Bursa-Pastoris Spag. Peka Ø
9228,Berberis Vulgaris Spag. Peka
9229,Dactylopius Coccus Spag. Peka Ø
9230,Scutellaria Lateriflora D12
9231,Ductus Thoracicus Bovis Gl
9232,Textus Connectivus Bovis Gl
9233,Veratrum Album E Radice Ferm 33c
9234,Lapis Cancri - Flintstein Trit. D15
9235,Manganum Aceticum
9236,Etacrynate
9237,Etacrynic Acid
9238,Aescin
9239,Beta-Aescin
9240,Evolocumab
9241,Iris Versicolor Trit. D4
9242,Spigelia Trit. D4
9243,Agalsidase Alfa
9244,Hamamelis Ø
9245,Secale Cornutum Mother Tincture
9246,Chloroseptyl
9247,Ferucarbotran
9248,Cimicifuga Racemosa D2
9249,Cyclamen Purpurascens D3
9250,Formica Rufa D4
9251,Formica Rufa D6
9252,Smilax D2
9253,Rhus Toxicodendron Trit. D4
9254,Epoetin Zeta
9255,Retina Suis D10
9256,Retina Suis D200
9257,Retina Suis D30
9258,Selpercatinib
9259,Harpagophyti Radice
9260,Echinaceae Purpureae Herba
9261,Ulmariae Flore
9262,Thallium Metallicum
9263,Calcarea Phosphorica D4
9264,Natrium Phosphoricum D4
9265,Magnesium Phosphoricum D4
9266,Calcium Iodatum D8
9267,Juglans Pulvis D6
9268,Rubia Tinctorum D6
9269,Ferrum Phosphoricum D4
9270,Natrium Sulfuricum D3
9271,Juglans Regia D4
9272,Natrum Phosphoricum D2
9273,Ferrum Phosphoricum D2
9274,Rubia Tinctorum D3
9275,Calcarea Carbonica Ostrearum D2
9276,Calcarea Iodata D4
9277,Calcarea Phosphorica D2
9278,Magnesium Phosphoricum D2
9279,Silicea D3
9280,Rubia Tinctorum D10
9281,Resmetirom
9282,Belumosudil
9283,Rezafungin
9284,Rhenium [186re] Sulphide
9285,Gaultheria Procumbens
9286,Pseudognaphalium Obtusifolium D4
9287,Acidum Benzoicum E Resina Dil D1
9288,Alsine Media Mother Tincture
9289,Colchicum Autumnale Mother Tincture
9290,Ruta Graveolens Mother Tincture
9291,Arnica Montana D8
9292,Filipendula Ulmaria D6
9293,Rhododendron Trit. D2
9294,Colchicum D5
9295,Ledum D3
9296,Filipendula Ulmaria D1
9297,Cayenne Pepper Extract
9298,Liquid Extract From Arnica Flower
9299,Dulcamara Trit. D3
9300,Ledum Trit. D3
9301,Ulmus Campestris
9302,Viscum Album D3
9303,Kebuzone
9304,Salamidacetic Acid
9305,Histaminum Muriaticum 9ch
9306,Allium Cepa C5
9307,Ambrosia Artemisiaefolia C5
9308,Euphrasia C5
9309,Schoenocaulon Officinale C5
9310,Solidago Virgaurea C5
9311,Solanum Dulcamara D8
9312,Sambucus Nigra D4
9313,Dry Extract From Rhodiola Rosea Root With Rhizome
9314,Spiraea Ulmaria
9315,Rhododendron Aureum D6
9316,Netarsudil
9317,Dry Extract Of Rhubarb
9318,Ledum
9319,Toxicodendron Pubescens
9320,Symphytum Ad Usum Externum
9321,Toxicodendron Quercifolium E Foliis Ferm 33d Ø
9322,Urtica Dil D1
9323,Leonurus Cardiaca D4
9324,Cytisus Scoparius D4
9325,Ribavirin
9326,Ribes Nigrum Bud Glycerol Macerate D1
9327,Equine Polyclonal Immunoglobulin F(Ab')2 Fragments Against Ricin
9328,Sanicula Europea
9329,Glutathione (Reduced)
9330,Enterovirus B
9331,Echovirus 7
9332,Rociverine
9333,Rilmenidine
9334,Phenylpropanolamine
9335,Upadacitinib
9336,Risedronic Acid
9337,Sodium Salt
9338,Ethacridine
9339,Nonacog Gamma
9340,Naldemedine
9341,Robinia Pseudoacacia E Cortice Ferm 33e
9342,Acacia Pollen
9343,Cactus D2
9344,Liquid Extract Of Horse Chestnut Seeds
9345,Boehmite
9346,Valoctocogene Roxaparvovec
9347,Natrium Chloratum D3
9348,Aurum Chloratum D8
9349,Camphora D5
9350,Rye Grain
9351,Vimseltinib
9352,Rosa Damascena / Centifolia E Floribus W 10%
9353,Rosae Aetheroleum 10%
9354,Rosmarini Aetheroleum 10%
9355,Anus Bovis Gl
9356,Cutis Feti Feminini Bovis Gl
9357,Pars Fetalis
9358,Pudendum Femininum Bovis Gl
9359,Human Rotavirus Rix4414 Strain (Live Attenuated) Produced On Vero Cells
9360,Rotavirus Serotype G1 Human-Bovine Rotavirus Reassortants (Live) Produced On Vero Cells
9361,Rotavirus Serotype P1[8] Human-Bovine Rotavirus Reassortants (Live) Produced On Vero Cells
9362,Rotavirus Serotype G4 Human-Bovine Rotavirus Reassortants (Live) Produced On Vero Cells
9363,Rotavirus Serotype G2 Human-Bovine Rotavirus Reassortants (Live) Produced On Vero Cells
9364,Rotavirus Serotype G3 Human-Bovine Rotavirus Reassortants (Live) Produced On Vero Cells
9365,Dry Extract From Red (Steam Treated) Ginseng Root
9366,Harpagophyti Extractum Siccum
9367,Etifenin
9368,Leavo
9369,Beta Pinene
9370,Alpha And Beta Pinene
9371,Anethole
9372,Fenchone
9373,Entrectinib
9374,Cedar Wood Oil
9375,Cedar Oil
9376,Colchicinum
9377,"Aspergillus Ruber E Volumine Cellulae (Lyophil., Steril.) D5"
9378,Rubidium
9379,Macerate Of Marshmallow Root
9380,Rucaparib
9381,Conestat Alfa
9382,Aralia Racemosa D6
9383,Iodum D12
9384,Cadmium Sulfuricum
9385,Carduus Benedictus
9386,Ammonium Phosphoricum
9387,Fostemsavir
9388,Extract From Matricaria Flower
9389,Brexpiprazole
9390,Amivantamab
9391,Midostaurin
9392,Hydrargyrum Chloratum D6
9393,Sambucus Nigra D6
9394,Rozanolixizumab
9395,Imetelstat
9396,Apocynum Cannabinum Mother Tincture
9397,Cytisus Scoparius Mother Tincture
9398,Veratrum Viride
9399,Cheiranthus Cheiri Mother Tincture
9400,Apocynum Mother Tincture
9401,Efbemalenograstim Alfa
9402,Insulin Degludec
9403,Hepar Sulfuris D15
9404,Hepar Sulfuris D200
9405,Serenoa Repens D10
9406,Serenoa Repens D30
9407,Valsartan Disodium
9408,Safinamide Methanesulfonate
9409,Sage Leaf Extract
9410,Sage Shoot
9411,Cut
9412,Furosemide Xantinol
9413,Salix Purpurea E Cortice Et Foliis Ferm 33d
9414,Salix Viminalis E Cortice Et Foliis Ferm 33d
9415,Fish Oil (Omega-3 Polyunsaturated Fatty Acids): Epa
9416,Dha
9417,Dpa
9418,Juice From Purple Coneflower Herb
9419,Thick Extract Of Purple Coneflower Herb
9420,"Chamomillae Anth.-18,7: Salviae Fol.-18,7: Millefolii Herba-18,7: Menthae Pip. Herba-18,7: Thymi Herba-9,35: Foeniculi Fr.-9,35"
9421,Liquid Extract From Fresh Sage Leaf
9422,Sage Leaves Dry Extract
9423,Sambucus Nigra E Medulla Ferm 35a
9424,Sambucus Nigra Ex Umbella Ferm 33c
9425,Sandalwood Oil
9426,Quassia
9427,Squill Extract
9428,Potassium Bicarbonate
9429,Galeopsis Ochroleuca Tm
9430,Ephedra Vulgaris D4
9431,Yerba Santa D3
9432,Stramonium D4
9433,Petroselinum D3
9434,Chelidonium Majus Trit. D4
9435,Cholesterolum Trit. D4
9436,"Brucella Melitensis Extractum Cellulae (Lyophil., Steril.) D6"
9437,"Candida Albicans Extractum Cellulae (Lyophil., Steril.) D6"
9438,"Escherichia Coli Extractum Cellulae (Lyophil., Steril.) D6"
9439,"Pseudomonas Aeruginosa Extractum Cellulae (Lyophil., Steril.) D6"
9440,"Klebsiella Pneumoniae Extractum Cellulae (Lyophil., Steril.) D6"
9441,"Mycobacterium Bovis (Bcg) Extractum Cellulae (Lyophil., Steril.) D6"
9442,"Staphylococcus Aureus Extractum Cellulae (Lyophil., Steril.) D6"
9443,"Streptococcus Pyogenes Extractum Cellulae (Lyophil., Steril.) D6"
9444,Acidum L(+)-Lacticum D200
9445,Sarcolacticum Acidum D30
9446,Anifrolumab
9447,Extractum Siccum
9448,Sapropterin
9449,Isatuximab
9450,Cytisus Scoparius Ex Herba Ferm 33c
9451,Tincture From Calendula Flower
9452,Asciminib
9453,Afamelanotide
9454,Avena Sativa D12
9455,Pulsatilla Pratensis D15
9456,Sticta D2
9457,Guajacum D12
9458,Guajacum D3
9459,Guajacum D6
9460,Luffa Operculata D15
9461,Chocolate
9462,Plaice
9463,Calcium Phosphoricum Trit. D4
9464,Kalium Sulfuricum Trit. D4
9465,Magnesium Phosphoricum Trit. D4
9466,Primula Veris D2
9467,Nitroglycerinum D4
9468,Aurum Metallicum D9
9469,Selenicereus Urtinktur
9470,Chininum Arsenicosum D6
9471,Hydrargyrum Biiodatum D6
9472,Euphorbium D12
9473,Besilesomab
9474,Plumbum Mellitum Trit. D12
9475,Liquid Extract From A Mixture Of Thyme
9476,Ribwort Plantain
9477,Arteria Poplitea Bovis Gl
9478,Dihydroergotoxine
9479,Secretin
9480,Secretin Pentahydrochloride
9481,Secretin Human
9482,Melissa Officinalis Leaf Dry Extract
9483,Humulus Lupulus Extractum Siccum
9484,Coffea Arabica D6
9485,Matricaria Recutita C9
9486,Extract Of Melissa Leaf
9487,Gelsemium Dil D4
9488,Abrus Precatorius C6
9489,Abrus Precatorius
9490,Dry Extract Of The Aerial Parts Of Passiflora Incarnata
9491,Dry Extract Passion Flower
9492,Dry Extract From Passionflower Herb (Corresponding To 700 Mg – 1000 Mg Of Passionflower Herb)
9493,Humuli Lupuli Extractum Fluidum
9494,Avenae Herbae Recentis Intractum
9495,Rosae Fructus Tinctura
9496,Mellisae Herbae Recentis Intractum
9497,Crataegus Oxyacantha Dry Extract
9498,Dry Extract From Lavender Flower
9499,Dodeclonium
9500,Mexazolam
9501,Ertugliflozin
9502,Tauroselcholic Acid
9503,Tauroselcholic Acid Se-75
9504,Selexipag
9505,Mecillinam
9506,Cassia Angustifolia
9507,Sennosides Calcium Salts
9508,Senecio Jacobaea Ex Herba Ferm 33d
9509,Spinacia Oleracea E Radice Ferm 34f
9510,Olivenit Trit. D5
9511,Olivenit
9512,Sennae Folium Cum Fructus
9513,Clocinizine
9514,Dandelion Root Bhp
9515,Senna Leaf
9516,Aloes Powdered
9517,Senna Alexandrina Fruit Dry Extraxt
9518,Ospemifene
9519,Smilax Officinalis D8
9520,Helianthemum Canadense D4
9521,Alpha-Bisabolol
9522,Bisabolol
9523,Clematis Recta Ø
9524,Teucrium Scorodonia Spag. Peka
9525,Sepiapterin
9526,Sulfadimidine
9527,Polyhexanide Solution 20% (Sw / Dac)
9528,Sertindole
9529,Serotonin D10
9530,Serotonin D200
9531,Serotonin D30
9532,Serenoa Repens Sterol Lipid Extract
9533,Alantolactone
9534,Costunolide
9535,Dehydrocostus Lactone
9536,Caladium Seguinum C5
9537,Lobelia Inflata C5
9538,Strychnos Nux-Vomica C15
9539,Delphinium Staphisagria C15
9540,Sevoflurane
9541,Recombinant Varicella Zoster Virus Glycoprotein E
9542,Pasireotide
9543,Rdesat-6
9544,Rcfp-10
9545,Potassium Nitrate
9546,Argentum Metallicum D4
9547,Manganum Peroxydatum D3
9548,Stibium Sulfuratum Nigrum D4
9549,Calcium Fluoratum D4
9550,Calcium Fluoratum Trit D5
9551,Alfalfa D6
9552,Lac Caninum D10
9553,Urtica Urens D6
9554,Matricaria Recutita D10
9555,Mercurius Solubilis Hahnemanni D15
9556,Yellow Soft Paraffin
9557,Basiliximab
9558,Piroxicam Cinnamate
9559,Mercurius Solubilis Hahnemanni Trit D6
9560,Destillat Aus Einer Mischung Von Rektifiziertem Eucalyptusöl Und Rektifiziertem Süßorangenöl
9561,Mercurius Solubilis Hahnemani
9562,Stibium Sulfuratum Aurantiacum D8
9563,Euphorbium Mother Tincture
9564,Dry Extract Of Gentian Root
9565,Primula Flowers
9566,Sorrel Herb
9567,Elder Flowers
9568,Vervaine Herb
9569,Extract Of Gentian Root Cut
9570,Verbena Herb Cut
9571,Common Sorrel Herb Cut
9572,Elder Flower Rubbed
9573,Primula Flower With Calyx Cut:
9574,Extract From Gentian Root
9575,Verbena Herb
9576,Common Sorrel Herb
9577,Primula Flower With Calyx
9578,Liquid Extract From Gentian Root
9579,Kalmia Latifolia D2
9580,Calcium Sulfuricum D4 Dil
9581,Cinnabaris D8 Dil
9582,Hydrargyrum Biiodatum Trit. D9
9583,Silicea Trit. D2
9584,Sinusitis Nosode D10
9585,Sinusitis Nosode D200
9586,Sinusitis Nosode D30
9587,Thuya Occidentalis D4
9588,Hydrastis Canadensis D8
9589,Calcium Fluoride D6
9590,Leonurus Cardiaca Tincture
9591,Liquid Extract From Hawthorn Berries 1:1
9592,Tincture From Hawthorn Berries 1:10
9593,Melevodopa
9594,Bedaquiline
9595,Liquid Extract From Greater Celandine
9596,Fennel Seeds Tincture
9597,Sitagliptin Tartrate Hemihydrate
9598,Sitagliptin Malate
9599,Tedizolid
9600,Risankizumab
9601,Lonapegsomatropin
9602,Dry Extract From Bladderwrack Thallus
9603,Disodium Edetate
9604,Sodium Pyridine-2-Thiol-N-Oxide
9605,"Sodium Chloride , Anhydrous Glucose"
9606,Gallium (68ga) Edotreotide
9607,Somapacitan
9608,"Retinol Acetate, Dried Yeast From Saccharomyces Cerevisiae"
9609,Helleborus D4
9610,Helleborus Niger D1
9611,Berberis Vulgaris D1
9612,Terebinthinae Aetheroleum Rectificatum D6
9613,Barosma Betulinum D8
9614,Acidum Arsenicosum D28
9615,Capsicum Annuum D6
9616,Colibacillinum Nosode D13
9617,Coxsackie Virus A9 Nosode D8
9618,Orthosiphon Aristatus D6
9619,Terebinthina Laricina D6
9620,Ureter Suis D10
9621,Urethra Suis D10
9622,Vesica Urinaria Suis D8
9623,Pyelon Suis D10
9624,Sarsaparilla Officinalis D4
9625,Terebinthina Laricina D4
9626,Barosma D4
9627,Equisetum Hiemale D3
9628,Lytta Vesicatoria D8
9629,Solidago Virgaurea D12
9630,Solidago Virgaurea D200
9631,Solidago Virgaurea D30
9632,Acidum Formicicum Trit. D3
9633,Aralia Racemosa Trit. D2
9634,Cuprum Aceticum Trit. D4
9635,Triclocarban
9636,Solum Uliginosum
9637,Equisetum Arvense Ex Herba La 20%
9638,Wässriger Extrakt (Moorextrakt) (Droge Zu Extraktionsmittel = 1:5)
9639,Gadus Morhua
9640,Parietaria Judaica
9641,Solutio Ferri Comp
9642,Triamcinolone Acetonide Dipotassium
9643,Ononis Spinosa Hydroalcoholic Extract
9644,Fumaria Officinalis Hydroalcoholic Extract
9645,Piscidia Fluid Extract
9646,Dry Extract Of Common Horse Chestnut
9647,Edotreotide
9648,Sodium Chloride Solution
9649,Pegvisomant
9650,Eschscholtzia Californica D12
9651,Coffea Tosta D20
9652,Stramonium 12dh
9653,Valeriana Officinalis 3dh
9654,Perflubutane
9655,Hypericum Perforatum D4
9656,Fagopyrum Esculentum D6
9657,Sulfur Hexafluoride
9658,Capsicum Fruit Soft Extract
9659,Bornaprine
9660,Deucravacitinib
9661,Bamipine
9662,Adonis Vernalis Dil D1
9663,Cuprum Sulfuricum D4
9664,Atropinum D8
9665,Agaricus Muscarius D3
9666,Magnesium Sulfate Trihydrate
9667,"1,3,5 - Trimethoxybenzene"
9668,Caroverine
9669,Belladonna Leaf Dry Extract
9670,Lupuli Strobilus
9671,Iris Versicolor Dil D3
9672,Asparaginase
9673,Avanafil
9674,Oleum Jecoris Negaprionis
9675,Saccharomycetis Viv
9676,Spesolimab
9677,Spheroids Of Human Autologous Matrix-Associated Chondrocytes
9678,Melilotus Officinalis D3
9679,Natrium Carbonicum D3
9680,Acidum Silicicum Trit. D12
9681,Atropa Bella-Donna Trit D3
9682,Gelsemium Sempervirens Trit D3
9683,Melilotus Officinalis Trit D3
9684,Spigelia Anthelmia Trit D3
9685,Sars-Cov-2 Jn.1 Mrna
9686,Nusinersen
9687,Micronised Spironolactone
9688,Leptospira Icterohaemorrhagiae Inactivated
9689,Formic Acid
9690,Extract From Ribwort Plantain Leaf
9691,Fluid Extract Of Ribwort Plantain Leaf
9692,Splen Suis D200
9693,Splen Suis D30
9694,Ledum Palustre D3
9695,Saccharum Candidum Trit. D5
9696,Testa Ovorum Trit. D5
9697,Saccharum Candidum
9698,Testa Ovorum
9699,Sarcolacticum Acidum C3
9700,Zincum Oxydatum C3
9701,Technetium (99mtc) Exametazime
9702,Phagi Particulae Contra Staphylococcus Polyvalens
9703,Metformin Embonate
9704,Goat Epithelia
9705,Sheep Wool
9706,Corylus Pollen Extract
9707,Pollen & Plant Extract
9708,Yellow Fever Virus Strain 17d-204
9709,Trimipramine
9710,Stannum Metallicum Trit. D1
9711,Stannum Metallicum Praeparatum
9712,Stannum Metallicum Praeparatum Trit. D8
9713,Tin
9714,Staphylococcus-Nosode
9715,Aristolochia Clematitis D12
9716,Salvia Officinalis D10
9717,Alchemilla Vulgaris
9718,Ilex Aquifolium
9719,Acorus Calamus
9720,Pseudognaphalium Obtusifolium Ex Herba Recent. D1
9721,Sulfur Jodatum D6
9722,Graphites D8
9723,Chloramine
9724,Mecetronium Etilsulfate
9725,Rumex Crispus Dil D1
9726,Euspongia Officinalis Dil D2
9727,Wild Pansy
9728,Viola Arvensis
9729,Viola Tricolor
9730,Corticorelin
9731,Regorafenib
9732,Luffa Operculata D8
9733,Pulsatilla Vulgaris C6
9734,Rumex Crispus C6
9735,Lobaria Pulmonaria C3
9736,Kalium Stibyltartaricum C6
9737,Drosera Rotundifolia Mother Tincture
9738,Myocardium C6
9739,Pulsatilla Pratensis C6
9740,Dactylopius Coccus C4
9741,Euspongia Officinalis C4
9742,Drosera Tincture
9743,Tolu Balsam Syrup
9744,Polygala Syrup
9745,Tolu Syrup
9746,Calamus
9747,Thymus Serpyllum Fluid Extract
9748,Strychnos Nux-Vomica C9
9749,Ferrum Phosphoricum C9
9750,Solanum Dulcamara C5
9751,Hydrastis Canadensis C9
9752,Kalium Bichromicum C9
9753,Chlorophyllin Copper Complex
9754,Datura Stramonium Trit D5
9755,Strychnos Ignatii Trit D5
9756,Zincum Isovalerianicum Trit D5
9757,Asfotase Alfa
9758,Sulfanilamide
9759,Streptococcus Haemolyticus Nosode D12
9760,Streptococcus Haemolyticus Nosode D200
9761,Streptococcus Haemolyticus Nosode D30
9762,Streptozocin
9763,Tincture Of Motherwort
9764,Lavandula Angustifolia Flower
9765,Ignatia Amara 15dh
9766,Autologous Cd34+ Enriched Cell Fraction That Contains Cd34+ Cells Transduced With Retroviral Vector That Encodes For The Human Ada Cdna Sequence
9767,Saw Palmetto Soft Extract
9768,Strontium Ranelate
9769,Purified Structured Triglyceride
9770,Calcium Iodatum D3
9771,Euspongia Officinalis D2
9772,Sunitinib Malate
9773,Juice From Dandelion Root
9774,Liquid Extract From Nettle Herb
9775,Sulfafurazole
9776,Anethole Trithione
9777,Capsicum Annuum Trit. D4
9778,Caladium Seguinum D4
9779,Pix Liquida D6
9780,Magnesium Sulfuricum D3
9781,Sulfur D3
9782,Lixisenatide
9783,Equine Collagen
9784,Healing Iodine-Bromine Bocheńska Salt
9785,Solriamfetol
9786,Influenza A Virus Subtype H1n1 Haemagglutinin
9787,Influenza B Virus Victoria Lineage Haemagglutinin
9788,Influenza A Virus Subtype H3n2 Haemagglutinin
9789,Influenza B Virus Yamagata Lineage Haemagglutinin
9790,Beractant
9791,Herba Euphrasiae
9792,Asenapine
9793,Sylimarin-Phospholipid Complex
9794,Siltuximab
9795,Enterococcus Faecalis Dsm 16440
9796,Eschscholtzia Extract
9797,Dry Extract From Eschscholzia Californica Flowering Top
9798,Bellis Perennis
9799,Calendula Officinalis 2a
9800,Tetracosactide
9801,Tetracosactide Hexaacetate
9802,Palivizumab
9803,Nafarelin
9804,Pneumococcal Polysaccharide Serotype 1 Conjugated To Protein D (Derived From Non-Typeable Haemophilus Influenzae) Carrier Protein
9805,Pneumococcal Polysaccharide Serotype 7f Conjugated To Protein D (Derived From Non-Typeable Haemophilus Influenzae) Carrier Protein
9806,Pneumococcal Polysaccharide Serotype 9v Conjugated To Protein D (Derived From Non-Typeable Haemophilus Influenzae) Carrier Protein
9807,Pneumococcal Polysaccharide Serotype 14 Conjugated To Protein D (Derived From Non-Typeable Haemophilus Influenzae) Carrier Protein
9808,Pneumococcal Polysaccharide Serotype 6b Conjugated To Protein D (Derived From Non-Typeable Haemophilus Influenzae) Carrier Protein
9809,Pneumococcal Polysaccharide Serotype 18c Conjugated To Tetanus Toxoid Carrier Protein
9810,Pneumococcal Polysaccharide Serotype 4 Conjugated To Protein D (Derived From Non-Typeable Haemophilus Influenzae) Carrier Protein
9811,Pneumococcal Polysaccharide Serotype 19f Conjugated To Diphtheria Toxoid Carrier Protein
9812,Pneumococcal Polysaccharide Serotype 5 Conjugated To Protein D (Derived From Non-Typeable Haemophilus Influenzae) Carrier Protein
9813,Pneumococcal Polysaccharide Serotype 23f Conjugated To Protein D (Derived From Non-Typeable Haemophilus Influenzae) Carrier Protein
9814,Holmium Chloride Precursor
9815,Flunisolide Hemihydrate
9816,Cloprednol
9817,Veratrol
9818,Macerate From Marshmallow Root
9819,Anisi Tinctura
9820,Soft Extract Of Purple Coneflower
9821,Liquid Extract Of Allium Cepa Bulb
9822,Mullein Extract
9823,Liquid Extract Of Mullein Flower
9824,Pine Shoot Liquid Extract
9825,Chlorphenoxamine
9826,Sodium Feredetate Trihydrate
9827,Syzygium Cumini
9828,Extract From Sage Leaf (Salvia Officinalis)
9829,Isothiazolinone
9830,Tabacum Cupro Cultum Rh
9831,Dry Extract Of Convallaria Majalis
9832,Dandelion Root With Caraway Fruit Powder
9833,Peppermint Leaf Powder
9834,Frangula Bark Powder
9835,Leonurus Cardiaca L. Herba
9836,Capmatinib
9837,White Beeswax
9838,Pygeum Africanum Extract
9839,Tafamidis Meglumine
9840,Osimertinib
9841,Lanadelumab
9842,Thalidomide
9843,Felbamate
9844,Ixekizumab
9845,Talquetamab
9846,Talazoparib
9847,Cassia Fistula
9848,Tamarind Extract
9849,Cassia Pulp Extract
9850,Coriander Fruit Powder
9851,Iodoform
9852,Gelatin Tannate
9853,Tanninum Albuminatum
9854,Phenol-Methanal-Urea-Polycondensate
9855,Sulfonated
9856,Sodium Salt (Synthetic Tannin)
9857,Dimethylol Urea / Phenol Sodium Phenolsulfonate Copolymer
9858,Taraxacum Stanno Cultum
9859,Taraxacum Stanno Cultum Rh
9860,Cefamandole Nafate
9861,Quarz Trit. D12
9862,Tartarus Stibiatus Trit. D6
9863,Tartarus Stibiatus Trit. D3
9864,Blatta Orientalis D6
9865,Illicium Verum D3
9866,Aspidosperma Quebracho-Blanco D5
9867,Ephedra Distachya D3
9868,Hepatica Nobilis D3
9869,Medorrhinum Nosode D8
9870,Stachys Officinalis D2
9871,Tolcapone
9872,Gelsemium Sempervirens Trit. D5
9873,Anamirta Cocculus Trit. D4
9874,Tauroursodeoxycholic Acid
9875,Taurolidine
9876,Flortaucipir (18f)
9877,Fostamatinib Disodium Hexahydrate
9878,Avacopan
9879,Halogenated Phenols
9880,Prunus Arborea
9881,Brexucabtagene Autoleucel
9882,Atezolizumab
9883,"3,3-Diphosphono-1,2-Propanedicarboxylic Acid"
9884,Tetrasodium Salt (Dpd)
9885,Stannous Oxide
9886,Lidofenin
9887,Technetium (99mtc) Pertechnetate
9888,Tecovirimat
9889,Teclistamab
9890,Inotersen
9891,Teplizumab
9892,"Ethylenediamine-N,n'-Diacetic Acid"
9893,"Hynic-[d-Phe1,tyr3-Octreotide]*Tfa"
9894,Ioxitalamate
9895,Ioxitalamate Meglumine
9896,Triacetonamine Tosilate
9897,Temsirolimus
9898,Vaginae Synoviales Tendinum Bovis Gl
9899,Oritavancin
9900,Thiotepa
9901,Teprotumumab
9902,Epcoritamab
9903,Tepotinib
9904,Ternidazole
9905,Terizidone
9906,Terpinene
9907,Tert-Butylhydroquinone
9908,Testosterone Cipionate
9909,Conium Maculatum D28
9910,Caladium Seguinum D6
9911,Diencephalon Suis D10
9912,Glandula Suprarenalis Suis D13
9913,Kalium Picrinicum D6
9914,Lycopodium Clavatum D28
9915,Testis Suis D4
9916,Turnera Diffusa D8
9917,Vitex Agnus-Castus D6
9918,Testis Suis D10
9919,Testis Suis D200
9920,Testis Suis D30
9921,Sodium Hydrogen Carbonate Solution (0.2 M)
9922,Tetrofosmin (Bis)Tetrafluoroborate
9923,Tislelizumab
9924,Gimeracil
9925,Oteracil
9926,Tezepelumab
9927,Thymostimulin
9928,Corpus Pineale Suis D8
9929,Thalamus Opticus Suis D8
9930,Viscum Album D10
9931,"Felbinac-1,1'-Iminobis(2-Propanol)"
9932,Azidamfenicol
9933,Lipoic Acid Trometamol Salt
9934,Tiopronin
9935,Thiopental Sodium And Sodium Carbonate
9936,Thioridazine
9937,Argentum Metallicum Trit. D3
9938,Mercurius Vivus Trit. D6
9939,Thuja Occidentalis Argento Culta Rh
9940,Althaea Extract
9941,Thymi Aetheroleum 5%
9942,Jodum D15
9943,Ephedra Distachya
9944,Chalkosin
9945,Calcium Fluoratum D10
9946,Euspongia Officinalis D8
9947,Galium Aparine D4
9948,Glandula Thyreoidea Suis D8
9949,Sempervivum Tectorum Ssp. Tectorum D6
9950,Sedum Acre D6
9951,Adenosinum Triphosphoricum D8
9952,Spongilla Lacustris Vinos
9953,Lycopus Europaeus Mother Tincture
9954,Lycopus Virginicus Mother Tincture
9955,Euspongia Officinalis Trit. D12
9956,Fucus Vesiculosus Trit. D12
9957,Thyrotropin Alfa
9958,Tidiacic Arginine
9959,Ornidazole
9960,Ivosidenib
9961,Nedocromil
9962,Tilia Tomentosa Bud
9963,Glycerol Macerate
9964,Tilidine Hydrochloride Hemihydrate
9965,Crataegi Inflorescentia Tinctura
9966,Tincture From Ginkgo Leaf
9967,Tincture From Sage Leaf (Salvia Officinalis)
9968,Sage Leaf Tincture
9969,Oxatomide
9970,Shale Oil
9971,Senna Dry Extract
9972,Factor Xiii
9973,Human Clottable Protein
9974,Carrageenan
9975,Tisotumab Vedotin
9976,Tixocortol
9977,Tofacitinib
9978,Tocopherol
9979,Tolu Balsam
9980,4-Toluenesulfonamide-Formaldehyde Resin
9981,Raltitrexed
9982,Avena Sativa Trit. D 1
9983,Panax Ginseng Trit. D 3
9984,Thuja Occidentale Trit. D 4
9985,Lupulinum
9986,Hydrocyanicum Acidum D12
9987,Deanol
9988,P-Aminobenzoate Hemimagnesium
9989,Deanol Pyroglutamate
9990,Dexfosfoserine
9991,Threonine O-Phosphate
9992,Barium Carbonicum D28
9993,Embryo Totalis Suis D13
9994,Galium Aparine D6
9995,Gentiana Lutea D6
9996,Kalium Stibyltartaricum D6
9997,Levothyroxinum D13
9998,Nodus Lymphaticus Suis D8
9999,Mercurius Solubilis Hahnemanni D13
10000,Tonsilla Suis D28
10001,Geranium Robertianum D6
10002,Tonsilla Suis D10
10003,Tonsilla Suis D200
10004,Tonsilla Suis D30
10005,Tonsillitis Nosode D10
10006,Tonsillitis Nosode D200
10007,Tonsillitis Nosode D30
10008,Kalium Chloratum D2
10009,Baptisia Tinctoria D1
10010,Apisinum D6
10011,Ammonium Bromatum Trit. D4
10012,Baptisia Trit. D1
10013,Mercurius Cyanatus Trit. D8
10014,Kalium Chloratum Trit. D2
10015,Apisinum Trit. D6
10016,Atropinum Sulfuricum Trit. D5
10017,Hydrargyrum Biiodatum Trit. D8
10018,Silicea D2
10019,Hepar Sulfuris D3
10020,Capsicum Annuum Dil D3
10021,Padeliporfin
10022,Thiethylperazine
10023,Thiethylperazine Dimaleate
10024,Tormentillae Rhizoma Extractum Fluidum
10025,Sanguisorba Minor Root
10026,Cochlearia Officinalis Ex Herba Ferm 33b
10027,Potentilla Erecta E Radice Ferm 34d
10028,Dry Extract From Tormentil Rhizome
10029,"Thymus Vulgaris L. Liquid Hydroalcoholic Extract [1:1,1-1:1,3]"
10030,Desfesoterodine
10031,Metacresol
10032,Hepar Sulfuris D8
10033,Eupatorium Perfoliatum D4 Vinos
10034,Bryonia D4 Vinos
10035,Aconitum Napellus D4 Vinos
10036,Cephaelis Ipecacuanha D4 Vinos
10037,Psychotria Ipecacuanha D4 Vinos
10038,Lachesis Trit. D5
10039,Obidoxime
10040,Trabectedin
10041,Ferrous Chloride Tetrahydrate
10042,Chromium Trichloride Hexahydrate
10043,Ginger Powder
10044,Cod-Liver Oil (Type B)
10045,Crataegus Extract
10046,Diclofenac Deanol
10047,Symphytum X Uplandicum Fresh Herb Preparation
10048,Atropa Bella-Donna D1
10049,Hamamelis Virginiana Trit. D 2
10050,Symphytum Officinale Trit. D8
10051,Achillea Millefolium Trit. D3
10052,Echinacea Purpurea Trit. D2
10053,Calendula Officinalis Trit. D2
10054,Hypericum Perforatum Trit. D2
10055,Cocculus Trit. D6
10056,Ibopamine
10057,Tincture From Black Poplar Bud
10058,Flower
10059,Bay Laurel Leaf
10060,Dill Fruit
10061,Allspice
10062,Birch Leaf
10063,Meadowsweet
10064,Hyssop
10065,Tormentil
10066,Rowan Fruit
10067,"Dog Rose (10,5 / 0,3 / 5 / 2 / 2 / 5 / 2 / 2 / 2 / 2 / 2 / 2 / 2 / 2 / 3 / 6 / 6 / 6 / 6 / 6 / 6 / 6 / 6 / 6 / 6 / 12 / 12)"
10068,Guselkumab
10069,Protirelin
10070,Dry Extract From Tribulus Terrestris Herba
10071,"Trometamol, Disodium"
10072,Phospholipid From Cerebral Cortex
10073,Tritolyl
10074,Triethylene Glycol Dimethacrylate
10075,Fenugreek
10076,Lactobacillales
10077,Trillium Pendulum D2
10078,"1,6-Diamino-2,4,4-Trimethylhexane"
10079,Soya Bean Oil Refined
10080,Glycylglutamine
10081,Selenium Yeast
10082,Triticum Aestivum E Fructibus Germinatis Ferm 33d
10083,"Paracetamol Dc 90 %, Anhydrous Caffeine"
10084,Sacituzumab Govitecan
10085,Clostebol
10086,Methylisothiazolinone
10087,Lactobacillus Rhamnosus Doderleini
10088,Quinoline Mix
10089,Dulaglutide
10090,Neisseria Meningitidis Group B Fhbp Protein Subfamily A
10091,Neisseria Meningitidis Group B Fhbp Protein Subfamily B
10092,Capivasertib
10093,Olezarsen
10094,Tuberculin Ppd Rt 23
10095,Tuberculin Purified Protein Derivative
10096,Tucatinib
10097,Juglans Regia E Foliis Et Pericarpiis
10098,Juglans Regia E Foliis Et Pericarpiis Trit. D 2
10099,Benproperine
10100,Thyme Liquid Extract
10101,Extractum Fluidum Senegae
10102,Extractum Aurantii Amari Fluidum
10103,Liquorice Root Powder
10104,Drosera Trit D2
10105,Rosmarinus Officinalis
10106,Spergularia Rubra Aerial Part
10107,Sideritis Angustifolia Flowering Top
10108,Melissa Officinalis L
10109,Opuntia Ficus-Indica
10110,Salmonella Typhi Bacteria (Inactivated)
10111,Glycerol (850 G / Kg)
10112,Vi Polysaccharide Of Salmonella Typhi
10113,"Salmonella Typhi, Strain Ty21a"
10114,Natalizumab
10115,Senecio Cineraria D6
10116,Acidum Acetylsalicylicum D10
10117,Anthrachinonum D10
10118,Magnesium Gluconicum D10
10119,Naphthochinonum D10
10120,P-Benzochinonum D10
10121,Trichinoylum D10
10122,Ubidecarenonum D10
10123,Hydrochinonum D8
10124,Vaccinium Myrtillus D4
10125,Ubidecarenonum D12
10126,Ubidecarenonum D200
10127,Ubidecarenonum D30
10128,Ubidecarenonum D8
10129,Distigmine
10130,Chelidonium Majus L. Herba
10131,Enzymes Nos
10132,Carbo Animalis D8
10133,Elm Pollen
10134,Ravulizumab
10135,Technetium (99mtc)
10136,Fluocortolone Caproate
10137,Iopromide
10138,Zinc-Bis(Hydrogen-Dl-Aspartate)
10139,Inebilizumab
10140,Eladocagene Exuparvovec
10141,Potassium Sodium Hydrogen
10142,Betula Alba Tm
10143,Bryonia Alba D8
10144,Aqua Silicata D4
10145,Natrium Salicylicum D8
10146,Kalium Iodatum D8
10147,Colchicum Autumnale D1
10148,Natrum Salicylicum D3
10149,Methylprednisolone Sodium Hemisuccinate
10150,Blueberry Leaf
10151,Triticum Repens Urtinktur
10152,Oleum Terebinthinae
10153,Herniaria Glabra L
10154,Acetohydroxamic Acid
10155,Chimaphila Umbellata Trit. D2
10156,Populus Tremuloides Trit. D2
10157,Sabal Serrulatum Trit. D2
10158,Vitis Idaeae Folium
10159,Sarsaparilla D3 Trit
10160,Cantharis D4 Trit
10161,Scilla D4 Trit
10162,"Phaseoli Pericarpio 1,00 Cz"
10163,Chamomillae Herbae Extractum Siccum
10164,Vitis Idaeae Folii Extractum Siccum
10165,Dry Extract From Matricaria Herb
10166,Dry Extract From Vaccinium Vitis-Idaea Leaf
10167,E. Coli Extract (Lysate)
10168,E.Coli Extract
10169,E.Coli Polysaccharide
10170,Escherichia Coli Lyophilised Lysate
10171,Lysatum Escherichiae Coli
10172,Freeze-Dried Immunoactive Fractions Of Selected Escherichia Coli Strains
10173,Immunoactive Fractions Of 18 Strains Of Escherichia Coli
10174,Dry Extract From Urticae Folium
10175,Calcium Carbonicum Hahnemanni Trit. D2
10176,Urtica Dioica Ferro Culta
10177,Urtica Trit D2
10178,Solanum Dulcamara Trit D2
10179,Apis Mellifica Trit D2
10180,Urtica Urens D12
10181,Urtica Urens D200
10182,Urtica Urens D30
10183,Urticae Radix
10184,"Mycobacterium Phlei E Volumine Cellulae (Lyophil., Steril.) D6"
10185,"Mycobacterium Phlei E Volumine Ex Muris Cellulae (Lyophil., Steril.) D6"
10186,"Bacillus Subtilis E Volumine Ex Muris Cellulae (Lyophil., Steril.) D4"
10187,"Bacillus Subtilis E Volumine Cellulae (Lyophil., Steril.) D6"
10188,"Bacillus Subtilis E Volumine Ex Muris Cellulae (Lyophil., Steril.) D6"
10189,Dactylopius Coccus D2
10190,Pulsatilla Pratensis D5
10191,Arctostaphylos Uva-Ursi D1
10192,Bearberry Leaves Extract
10193,Xysmalobium Undulatum Root Dry Extract
10194,Vaborbactam
10195,Faricimab
10196,"A / California / 7 / 2009(H1n1)-Like Strain (Nymc X-179a), A / Perth / 16 / 2009 (H3n2) - Like Strain (A / Victoria / 210 / 2009 Reass. Nymc X-187), B / Brisbane / 60 / 2008 - Derived Strain Used Nymc Bx-35"
10197,Rabies Virus (Inactivated) Strain Wistar (Pm / Wi 38-1503-3m)
10198,Genetically Detoxified Pertussis Toxin
10199,Filamentous Haemagglutinin
10200,Tetanus Toxoid Adsorbed
10201,Vadadustat
10202,Methanthelinium
10203,Propinoxato
10204,Melissa Hydroalcoholic Dry Extract
10205,Hawthorn Hydroalcoholic Dry Extract
10206,Magnesium Thiosulfate
10207,Liquid Extract Of Valerian Root
10208,Valerian Dry Root Extract - Valerianae Radix
10209,Valeriana Officinalis Root
10210,Hypericum Perforatum D1
10211,Acidum Picrinicum D5
10212,Ammonium Bromatum D1
10213,Natrium Bromatum D1
10214,Kalium Bromatum D1
10215,Melissa Officinalis Mother Tincture
10216,Mixture Of Menthol And Menthyl Isovalerate
10217,Validolum
10218,Ethyl 2-Bromoisovalerate
10219,Bromopride
10220,Octatropine Methylbromide
10221,Isopropamide
10222,Valeriana Officinalis L
10223,Humulus Lupulus L
10224,Passiflorae Herbae Tincture
10225,Hop Strobiles Tincture
10226,Valerian Radix Intract
10227,Passiflorae Herbae Extractum Siccum
10228,Valeriana Officinalis Radix Dry Extract
10229,Quizartinib
10230,Vanillin
10231,Aluminium Hydroxyphosphate
10232,Hepatitis A Virus (Inactivated) Produced On Human Diploid (Mrc–5) Fibroblast Cells
10233,Vardenafil Hydrochloride Trihydrate
10234,Argipressin Monoacetate
10235,Croton Tiglium C9
10236,Cholestyramine
10237,Vaucheria
10238,"Vibrio Cholerae, Strain Cvd 103-Hgr, Live"
10239,Haemophilus Influenzae Type B Polyribosylribitol Phosphate Conjugated To Meningococcal Protein
10240,Bordetella Pertussis Toxoid
10241,Bordetella Pertussis Filamentous Haemagglutinin
10242,Bordetella Pertussis Pertactin
10243,Bordetella Pertussis Fimbriae Type 2 And 3
10244,Influenza Virus A / Darwin / 9 / 2021 Ivr-228 (H3n2)
10245,"B / Brisbane / 60 / 2008-Like Strain (B / Brisbane / 60 / 2008, Wild Type)"
10246,"A / Michigan / 45 / 2015 (H1n1)pdm09-Like Strain (A / Michigan / 45 / 2015, Nymc X-275)"
10247,"A / Hong Kong / 4801 / 2014 (H3n2)-Like Strain (A / Hong Kong / 4801 / 2014, Nymc X-263b)"
10248,"Influenza Virus A / California / 122 / 2022 San-022 (H3n2) Strain (Split, Inactivated)"
10249,Pneumococcal Oligosaccharide Serotype 18c Conjugated To Crm197
10250,Panitumumab
10251,Tincture Of Grindelia
10252,Dry Extract From Horse Chestnut
10253,Remdesivir
10254,Sucroferric Oxyhydroxide
10255,Etrasimod
10256,Patiromer
10257,Iron Oxide Red (E172)
10258,Vena Suis D10
10259,Vena Suis D200
10260,Vena Suis D30
10261,Dry Extract From Fresh Horse Chestnut Seeds
10262,Venetoclax
10263,Dry Extract Of Ruscus Aculeatus Root
10264,Calcium Fluoratum D9
10265,Normatum 50 Mg Triterpen Glycosides
10266,Hippocastani Fructus Intractum Recentis
10267,Visci Herbae Intractum
10268,Arnicae Herbae Tinctura
10269,Ruta Graveolens Trit. D1
10270,Achillea Millefolium Trit. D1
10271,Hamamelis Virginiana Trit. D1
10272,Arnica Montana Trit. D3
10273,Hidrosmin
10274,Bee Venom
10275,Standard
10276,Standardized Dry Extract Of Aesculus Hippocastanum Seed
10277,Anacardium Mother Tincture
10278,Lycopodium Clavatum Mother Tincture
10279,Fezolinetant
10280,Potentilla Erecta
10281,Rheum Ø
10282,Pipobroman
10283,Quassia Amara Trit. D2
10284,Yucca Filamentosa Trit. D2
10285,Taraxaci Herba
10286,Sinecatechins
10287,Albendazol Micronized
10288,Vericiguat
10289,Stibium Sulfuratum Nigrum C9
10290,Acidum Nitricum C9
10291,Thuja Occidentalis C9
10292,Sodium Nicotinate
10293,Conium Maculatum Trit. D3
10294,Nicotiana Tabacum Trit. D4
10295,Petroleum Rectificatum Trit. D8
10296,Anamirta Cocculus D3
10297,Ambra Grisea D5
10298,Petroleum Rectificatum D7
10299,Oenanthe Crocata
10300,Abemaciclib
10301,Vesica Fellea Bovis Gl
10302,Vesica Urinaria Suis D200
10303,Vesica Urinaria Suis D30
10304,Vesica Urinaria Suis D10
10305,Vonicog Alfa
10306,Vinca Minor D4
10307,Aqueous Extract Of Dry Lime Sapwood
10308,Plantago Major D3
10309,Siberian Fir Oil
10310,Ethyl Loflazepate
10311,Tincture From Wormwood Herb
10312,Tincture From Belladonna Leaves
10313,A-Tocopheryl Hydrogen
10314,Elosulfase Alfa
10315,"Chikungunya Virus, Strain Senegal 37997"
10316,Protein C Complexed With Protein E1 And Protein E2
10317,Echinacea Purpurea D5
10318,Apis Mellifica D7
10319,Salvia Officinalis D3
10320,Equine European Viper Aspis Venom Immunoglobulin
10321,Equine European Viper Berus Venom Immunoglobulin
10322,Equine European Viper Ammodytes Venom Immunoglobulin
10323,Viperae Beri Venenum
10324,Extr. Echinacea Pall. E Rad. Sicc
10325,Vitex Agnus-Castus D4
10326,Aminophenazone
10327,Silbiol
10328,Heavy Fraction
10329,Drosera Trit. D1
10330,Tromantadine
10331,Viscum Album Abietis Ex Herba Recente Col. D10
10332,Viscum Album Abietis Ex Herba Recente Col. D20
10333,Viscum Album Abietis Ex Herba Recente Col. D6
10334,Viscum Album Aceris Ex Herba Recente Col. D10
10335,Viscum Album Aceris Ex Herba Recente Col. D20
10336,Viscum Album Aceris Ex Herba Recente Col. D30
10337,Viscum Album Aceris Ex Herba Recente Col. D6
10338,Viscum Album Amygdali Ex Herba Recente Col. D10
10339,Viscum Album Amygdali Ex Herba Recente Col. D20
10340,Viscum Album Amygdali Ex Herba Recente Col. D30
10341,Viscum Album Amygdali Ex Herba Recente Col. D6
10342,Viscum Album Betulae Ex Herba Recente Col. D10
10343,Viscum Album Betulae Ex Herba Recente Col. D20
10344,Viscum Album Betulae Ex Herba Recente Col. D30
10345,Viscum Album Betulae Ex Herba Recente Col. D6
10346,Viscum Album Crataegi Ex Herba Recente Col. D10
10347,Viscum Album Crataegi Ex Herba Recente Col. D20
10348,Viscum Album Crataegi Ex Herba Recente Col. D30
10349,Viscum Album Crataegi Ex Herba Recente Col. D6
10350,Viscum Album Fraxini Ex Herba Recente Col. D6
10351,Viscum Album Mali Ex Herba Recente Col. D10
10352,Viscum Album Mali Ex Herba Recente Col. D20
10353,Viscum Album Mali Ex Herba Recente Col. D30
10354,Viscum Album Mali Ex Herba Recente Col. D6
10355,Viscum Album Pini Ex Herba Recente Col. D10
10356,Viscum Album Pini Ex Herba Recente Col. D20
10357,Viscum Album Pini Ex Herba Recente Col. D30
10358,Viscum Album Pini Ex Herba Recente Col. D6
10359,Viscum Album Quercus Ex Herba Recente Col. D10
10360,Viscum Album Quercus Ex Herba Recente Col. D20
10361,Viscum Album Quercus Ex Herba Recente Col. D30
10362,Viscum Album (Populi) E Planta Tota Ferm 33f
10363,Extract Of Fresh Apple Mistletoe Herb
10364,Viscum Album (Tiliae) E Planta Tota Ferm 33f
10365,Calendula Officinalis Flor. C. Cal. Paraffinum Liquidum
10366,Echinacea Rh Ø
10367,Euphrasia Rh Ø
10368,Iodixanol
10369,Verteporfin
10370,Lecithin Soya
10371,Strychnos Ignatii D5
10372,Picloxydine Dihydrochloride
10373,Vaccinium Macrocarpos Aiton
10374,Syn. Oxycoccus Macrocarpos (Aiton) Pers
10375,Poly (0 2 Hydroxyethyl) Starch
10376,Trockenextrakt Aus Weißdornfrüchten
10377,Dry Extract Of Rosemary Leaf
10378,Natrium Riboflavinum Phosphoricum D10
10379,Natrium Riboflavinum Phosphoricum D200
10380,Natrium Riboflavinum Phosphoricum D30
10381,Pyridoxinum Hydrochloricum D10
10382,Pyridoxinum Hydrochloricum D200
10383,Pyridoxinum Hydrochloricum D30
10384,Vitamin B12
10385,Cobalamin
10386,Cyanocobalaminum D10
10387,Cyanocobalaminum D200
10388,Cyanocobalaminum D30
10389,Acidum Ascorbicum D10
10390,Acidum Ascorbicum D200
10391,Acidum Ascorbicum D30
10392,Colecalciferol Concentrate (Cws)
10393,Synthetic Vitamin A Concentrate
10394,Glutamine
10395,Cyproheptadine Pyridoxalphosphate
10396,Zinc Aspartate
10397,Calcarea Formicica Trit. D2
10398,Stibium Metallicum Praeparatum Trit. D5
10399,Larotrectinib
10400,Flutemetamol (18f)
10401,Dacomitinib
10402,Alchemilla Alpina
10403,Hydroxyethyl Starch 130 / 0.4
10404,Aethusa Cynapium Trit. D 4
10405,Curcurbita Pepo Trit. D 1
10406,Gossypium Herbaceum Trit. D 3
10407,Kalium Stibyltartaricum Trit. D 8
10408,Symphoricarpus Albus E Fructibus Rec. Trit. D 2
10409,Apomorphinum Hydrochloricum Trit D4
10410,Apomorphinum Hydrochloricum D6
10411,Vorasidenib
10412,Glucarpidase
10413,Vortioxetine Hydrobromide Benzyl Alcohol Hemi-Solvate
10414,Voxilaprevir
10415,Aconitum Napellus Trit. D6
10416,Chamomilla Recutita Trit. D1
10417,Iodum Trit. D4
10418,Natrium Tetraboracicum Trit. D4
10419,Sambucus Nigra Trit. D1
10420,Carbo Vegetabilis D4
10421,Olibanum D6
10422,Sisymbrium Officinale D4
10423,Pimpinella Anisum D4
10424,Manganum Peroxydatum D8
10425,Arisaema Triphyllum D6
10426,Manganum Peroxydatum D4
10427,Pimpinella Anisum D2
10428,Sisymbrium Officinale D2
10429,Carbo Vegetabilis D2
10430,Vosoritide
10431,Danicopan
10432,Velaglucerase Alfa
10433,Denotivir
10434,Diroximel
10435,Rimegepant
10436,Eptinezumab
10437,Beremagene Geperpavec
10438,Zolbetuximab
10439,Tafamidis
10440,Efgartigimod Alfa
10441,Eplontersen
10442,Warfarin Sodium Clathrate
10443,Etuvetidigene Autotemcel
10444,Volanesorsen
10445,Rilzabrutinib
10446,Lilium Lancifolium D10
10447,Plantago
10448,Crataegi Folium Cum Flore Pulverata
10449,Crataegus Laevigata Fruit
10450,Dry Extract Of Hawthorn Leave And Flower
10451,Extract Of Hawthorn Leaf And Flower And Hawthorn Berries
10452,White Cabbage
10453,Triticum Aestivum Pollen
10454,Wheat Grain
10455,Foeniculi Dulcis Fructus Aetheroleum
10456,Spruce Needle Oil
10457,Belzutifan
10458,Levo
10459,Aconitum Napellus D10
10460,Causticum Hahnemanni D15
10461,Clascoterone
10462,Sotatercept
10463,Dry Extract From Ginseng
10464,Chymotrypsin
10465,Wool Alcohols Ointment
10466,Terpeneless Dill Seed Oil
10467,Crizotinib
10468,Apple Juice Concentrate
10469,Cassia Extract
10470,Methenamine Mandelate
10471,Iobitridol
10472,Lefamulin
10473,Dry Extract From Tinnevelly Senna Pods
10474,Xenon
10475,Olipudase Alfa
10476,Eravacycline
10477,Telotristat Ethyl
10478,Paeonia Lactiflora Root
10479,Angelica Sinensis Root
10480,Bupleurum Chinense Root
10481,Atractylodes Macrocephala Root
10482,Ferric Citrate
10483,Radium Ra 223 Dichloride
10484,Baloxavir Marboxil
10485,Gilteritinib
10486,"Epinephrine, Anhydrous Lidocaine"
10487,"Naphazoline Nitrate, Anhydrous Lidocaine"
10488,"Epinephrine Bitartrate, Anhydrous Lidocaine"
10489,Sorbitol Solution
10490,Atractylodes Lancea Rhizome
10491,Poria
10492,Pinellia Ternata Root
10493,Tangerine
10494,Jujube Fruit
10495,Licorice And Ginger
10496,"Salicylamide, Anhydrous Caffeine"
10497,Ipilimumab
10498,Axicabtagene Ciloleucel
10499,Cananga Odorata (I+Ii) Oil
10500,Yohimbine
10501,Niclosamide
10502,Palopegteriparatide
10503,Lactobacillus Delbrueckii Subsp. Bulgaricus
10504,Lactobacillus Paracasei
10505,Paris Quadrifolia D4
10506,Linzagolix
10507,Adenovirus Serotype 26 Viral Vector Carrying A Gene Encoding The Ebola Zaire Envelope Glycoprotein
10508,Thymalfasin
10509,Podophyllum Peltatum D12
10510,Cartilago Suis D2
10511,Coenzym A D6
10512,Embryo Totalis Suis D2
10513,Funiculus Umbilicalis Suis D2
10514,Placenta Totalis Suis D2
10515,Sanguinaria Canadensis D2
10516,Solanum Dulcamara D2
10517,Cartilago Suis D4
10518,Embryo Totalis Suis D4
10519,Funiculus Umbilicalis Suis D4
10520,Placenta Totalis Suis D4
10521,Rhus Toxicodendron Dil D2
10522,Acidum Thiocticum
10523,Cartilago Suis
10524,Coenzyme A
10525,Nadidum
10526,Natrum Oxalaceticum
10527,Placenta Totalis Suis
10528,Embryo Suis
10529,Gelsemium Sempervirens C15
10530,Acidum Phosphoricum C15
10531,Vemurafenib
10532,Convallaria Tincture
10533,Dorocubicel
10534,Allogeneic Umbilical Cord-Derived Cd34- Cells
10535,Non-Expanded
10536,Strychnos Ignatii C9
10537,Standardised Dry Extract From Cascara Sagrada
10538,Elbasvir
10539,Grazoprevir
10540,Ozanimod
10541,Ceftolozane
10542,Sodium Hydrogen
10543,Ibritumomab Tiuxetan
10544,Dextropropoxyphene
10545,Goat Hair
10546,Zanidatamab
10547,Zilucoplan
10548,Zinc Hydroaspartate
10549,Purified Talc
10550,Phosphorus Trit. D12
10551,Platinum Metallicum Trit. D12
10552,Zincum Metallicum Trit. D12
10553,Bis(L-Histidinato)Zink 2 H2o
10554,Zinc Dibenzyldithiocarbamate
10555,Zinc Orotate
10556,Zinc Trisodium Pentetate
10557,Zinnober Trit. D5
10558,Apisinum Trit. D5
10559,Bezlotoxumab
10560,Rhizoma Zingiberae
10561,Solidaginis Virgaureae Herba
10562,Populi Folium
10563,Menyanthes Trifoliata L. Folium
10564,Helichrysum Arenarium L. Moench Flos
10565,Acidum Citricum
10566,Manganum Phosphoricum D200
10567,Natrium Diethyloxalaceticum D200
10568,Natrium Diethyloxalaceticum D30
10569,Lonafarnib
10570,Hyperici Herba Extractum
10571,Zotepine
10572,Potassium Carbonate
10573,Onasemnogene Abeparvovec
10574,Liposomal
10575,Echinacea Angustifolia D 3
10576,Acidum Silicicum D7
10577,Influenza A / Astrakhan / 3212 / 2020 (H5n8)-Like Strain (Cber-Rg8a) (Clade 2.3.4.4b)
10578,Pantothenol
10579,Starlac (Lactose Monohydrate And Maize Starch)
10580,Pyrithione Zinc
10581,Ganaxolone
10582,Zuranolone
10583,Idelalisib
10584,Ceritinib
10585,Loncastuximab Tesirine
10586,Retifanlimab
10587,Olanzapine Pamoate
10588,"Ademetionine 1,4-Butanedisulfonate"
10589,Allergen Extracts – Industrial Dust
10590,Tree Pollen Allergen Extract
10591,Allergen Extracts – Textiles
10592,Grass Pollen Allergen Extract
10593,Allergen Extracts – Food
10594,Allergen Extract Mixtures
10595,Antibodies To Human Interferon Gamma
10596,2-Naphthol
10597,Belladonnae Radix Extractum Liquidum
10598,As Total Alkaloids Of Hyoscyamaine
10599,Primulae Extractum Fluidum
10600,Standardized Lyophylisate Of Bacterial Lysates
10601,4-Fluoro-N-[2-[4-(2-Methoxyphenyl)Piperazin-1-Yl]Ethyl]-N-Pyridin-2-Ylbenzamide
10602,Dry Extract From Green Tea Leaves
10603,Bismuth Tribromophenate
10604,Cade Oil
10605,Aethusa Cynapium D2
10606,Apomorphinum Hydrochloricum D4
10607,Medulla Ossis D10
10608,Solanum Dulcamara D10
10609,Solanum Dulcamara D200
10610,Aqueous Extract Of Marshmallow Root
10611,Grapes (Dry Seed) Standardized Procyanidolic Oligomers
10612,Purple Coneflower Herb Fresh Juice
10613,Allergen Extracts – Animals
10614,Dry Extract Of Ivy Leaf
10615,Oleandomycin
10616,Luffa Operculata D 4
10617,Spirit Of Melissa
10618,Dried Extract Of Milk Thistle Fruit
10619,Ammonium Carbonicum D3
10620,Calcium Phosphoricum D200
10621,Calcium Phosphoricum D30
10622,Glandula Parathyreoidea Suis D10
10623,Glandula Parathyreoidea Suis D200
10624,Glandula Parathyreoidea Suis D30
10625,Calcitonin D6
10626,Tuberculin Purified Protein Derivative For Human Use
10627,Diphtheria Antitoxin
10628,Vipera Ammodytes Venom Antiserum
10629,Tetanus Immunoglobulins
10630,Dry Extract Of Passionflower Herb (Equivalent To 2000 Mg – 3000 Mg Of Passion Flower)
10631,Crataegus Leaf And Flower Dry Extract
10632,Tetrazepam
10633,Alpha-Lipoic Acid Meglumine
10634,Dry Extract From Tribulus Terrestris Herb
10635,Ribwort Plantain Leaf Fluidextract
10636,Dextran 40
10637,Origanum Majorana D4
10638,Ginkgo Biloba Ø
10639,Ananassa Sativa D3
10640,Interleukin 2 C5
10641,Vasa Lymphatica Suis C4
10642,Interleukin 2 C7
10643,Medulla Ossis Suis C4
10644,Granulocyte Colony-Stimulating Factor C9
10645,Interleukin-1 Beta C5
10646,Interleukin 6 C9
10647,Granulocyte Colony-Stimulating Factor C30
10648,Interleukin 4 C4
10649,Granulocyte Colony-Stimulating Factor C4
10650,Glandula Thymi Suis C4
10651,Interleukin 6 C7
10652,Interleukin 6 C15
10653,Interferon Gamma C4
10654,Granulocyte Colony-Stimulating Factor C15
10655,Vaccinium Vitis D3
10656,Polygala Senega D6
10657,Strophantus Gratus D12
10658,Argentum Nitricum D15
10659,Petroleum Rectificatum D15
10660,Anamirta Cocculus D15
10661,Hyoscyamus Niger D15
10662,Distillate From Eucalyptus Leaf And Thyme
10663,"1,2-Benzisothiazolin-3-One 1,1-Dioxide Sodium Salt"
10664,Tris(N-Hydroxyethyl) Hexahydrotriazine
10665,"1,4-Bis(2,3-Epoxypropoxy)Butane"
10666,"1,6-Hexanediol Diglycidyl Ether (Technical Grade)"
10667,Allium Sativum D3
10668,131i-Meta-Iodobenzyl-Guanidine
10669,2-(2-Aminoethoxy)Ethanol
10670,Oxybenzone
10671,2-Hydroxyethyl Methacrylate
10672,Interleukin-1
10673,Interleukin-2
10674,Specific Nucleic Acid Sna-Hla I
10675,Specific Nucleic Acid Sna-Hla Ii
10676,Specific Nucleic Acid Sna-Arth
10677,Tumor Necrosis Factor-Alpha
10678,Binetrakin
10679,Molgramostim
10680,Epidermal Growth Factor
10681,Deoxyribonucleic Acid
10682,Interferon Gamma
10683,Specific Nucleic Acid Sna-C1a
10684,Specific Nucleic Acid Sna-C1b
10685,Transforming Growth Factor Beta 1
10686,Interleukin-6
10687,Interleukin-7
10688,Specific Nucleic Acid Sna-C2
10689,Specific Nucleic Acid Sna-Chla
10690,Specific Nucleic Acid Sna-Cl1a
10691,Specific Nucleic Acid Sna-Cl1b
10692,Specific Nucleic Acid Sna-Cl2
10693,Specific Nucleic Acid Sna-Clma
10694,Specific Nucleic Acid Sna-Clmb
10695,Specific Nucleic Acid Sna-Cmv
10696,Interleukin-5
10697,Specific Nucleic Acid Sna-Eai
10698,Specific Nucleic Acid Sna-Ebv
10699,Specific Nucleic Acid Sna-Eid
10700,Specific Nucleic Acid Sna-Ha
10701,Specific Nucleic Acid Sna-Hc
10702,Specific Nucleic Acid Sna-Hcx
10703,Specific Nucleic Acid Sna-Her1
10704,Specific Nucleic Acid Sna-Her2
10705,Erythropoietin
10706,Interleukin-3
10707,Specific Nucleic Acid Sna-Kaha
10708,Specific Nucleic Acid Sna-Kahb
10709,Specific Nucleic Acid Sna-Mireg
10710,Specific Nucleic Acid Sna-Misen
10711,Ciclosporin A
10712,Specific Nucleic Acid Sna-Papi
10713,Specific Nucleic Acid Sna-S1
10714,Specific Nucleic Acid Sna-S2
10715,Specific Nucleic Acid Sna-Toxo
10716,Specific Nucleic Acid Sna-Veru
10717,Specific Nucleic Acid Sna-Xfsa
10718,Specific Nucleic Acid Sna-Xfsb
10719,Specific Nucleic Acid Sna-Xfsc
10720,Ribonucleic Acid K10
10721,Ribonucleic Acid K30
10722,Specific Nucleic Acid Sna-Zona
10723,3-Aminophenol
10724,"4,4'-Dihydroxybiphenyl"
10725,"4,4-Methylenedianiline"
10726,4-Aminophenol
10727,4-Dimethylaminophenol
10728,4-Tert-Butylcatechol
10729,4-Tert-Butylphenol
10730,7-Ethylbicyclooxazolidine
